fecha,dia_semana,mes,anio,es_fin_semana,es_feriado,franja_horaria,hora_inicio,hora_fin,producto,categoria,cantidad_vendida,precio_unitario,total_venta,canal_venta,promocion_activa,tipo_promocion,descuento_pct,clima,temperatura,lluvia,personal_disponible,tiempo_preparacion_min,stock_disponible,porcentaje_delivery
2024-01-01,Lunes,1,2024,0,1,Desayuno,7,11,Jugo Natural,Bebidas,14,6.0,71.4,Presencial,Sí,Combo,15,Soleado,23,0,5,3,57,16
2024-01-01,Lunes,1,2024,0,1,Desayuno,7,11,Sándwich de Pollo,Sándwiches,8,11.0,88.0,Presencial,No,Ninguna,0,Soleado,23,0,5,8,17,10
2024-01-01,Lunes,1,2024,0,1,Desayuno,7,11,Gaseosa,Bebidas,16,4.0,64.0,Presencial,No,Ninguna,0,Soleado,23,0,5,4,69,20
2024-01-01,Lunes,1,2024,0,1,Desayuno,7,11,Pollo Broaster,Pollos,22,18.0,396.0,Presencial,No,Ninguna,0,Soleado,23,0,5,18,29,11
2024-01-01,Lunes,1,2024,0,1,Desayuno,7,11,Salchipapa Clásica,Salchipapas,11,10.0,110.0,Presencial,No,Ninguna,0,Soleado,23,0,5,11,40,21
2024-01-01,Lunes,1,2024,0,1,Almuerzo,12,16,Pollo Broaster,Pollos,45,18.0,810.0,Delivery,No,Ninguna,0,Soleado,23,0,6,13,69,31
2024-01-01,Lunes,1,2024,0,1,Almuerzo,12,16,Salchipapa Especial,Salchipapas,26,15.0,390.0,Delivery,No,Ninguna,0,Soleado,23,0,6,11,52,42
2024-01-01,Lunes,1,2024,0,1,Almuerzo,12,16,Hamburguesa Clásica,Hamburguesas,24,12.0,288.0,Presencial,No,Ninguna,0,Soleado,23,0,6,10,31,26
2024-01-01,Lunes,1,2024,0,1,Almuerzo,12,16,Salchipapa Clásica,Salchipapas,21,10.0,210.0,Web,No,Ninguna,0,Soleado,23,0,6,14,54,43
2024-01-01,Lunes,1,2024,0,1,Cena,18,22,Salchipapa Especial,Salchipapas,18,15.0,270.0,Delivery,No,Ninguna,0,Soleado,23,0,9,14,42,44
2024-01-01,Lunes,1,2024,0,1,Cena,18,22,Pollo Broaster,Pollos,47,18.0,634.5,Web,Sí,Combo,25,Soleado,23,0,9,20,76,60
2024-01-01,Lunes,1,2024,0,1,Cena,18,22,Hamburguesa BBQ,Hamburguesas,19,16.0,304.0,Delivery,No,Ninguna,0,Soleado,23,0,9,8,54,60
2024-01-01,Lunes,1,2024,0,1,Cena,18,22,Hamburguesa Clásica,Hamburguesas,27,12.0,324.0,Delivery,No,Ninguna,0,Soleado,23,0,9,8,59,63
2024-01-01,Lunes,1,2024,0,1,Cena,18,22,Alitas BBQ,Pollos,19,20.0,380.0,Delivery,No,Ninguna,0,Soleado,23,0,9,14,41,60
2024-01-01,Lunes,1,2024,0,1,Cena,18,22,Pizza Personal,Pizzas,19,13.0,247.0,Web,No,Ninguna,0,Soleado,23,0,9,16,53,56
2024-01-02,Martes,1,2024,0,0,Desayuno,7,11,Sándwich de Pollo,Sándwiches,8,11.0,88.0,Presencial,No,Ninguna,0,Soleado,27,0,2,8,29,14
2024-01-02,Martes,1,2024,0,0,Desayuno,7,11,Cheeseburger,Hamburguesas,10,14.0,140.0,Web,No,Ninguna,0,Soleado,27,0,2,11,36,23
2024-01-02,Martes,1,2024,0,0,Desayuno,7,11,Jugo Natural,Bebidas,9,6.0,54.0,Delivery,No,Ninguna,0,Soleado,27,0,2,2,45,24
2024-01-02,Martes,1,2024,0,0,Desayuno,7,11,Hamburguesa BBQ,Hamburguesas,9,16.0,122.4,Presencial,Sí,2x1,15,Soleado,27,0,2,12,21,12
2024-01-02,Martes,1,2024,0,0,Almuerzo,12,16,Gaseosa,Bebidas,33,4.0,132.0,Delivery,No,Ninguna,0,Soleado,27,0,7,5,70,40
2024-01-02,Martes,1,2024,0,0,Almuerzo,12,16,Salchipapa Clásica,Salchipapas,24,10.0,240.0,Web,No,Ninguna,0,Soleado,27,0,7,13,54,39
2024-01-02,Martes,1,2024,0,0,Almuerzo,12,16,Alitas BBQ,Pollos,23,20.0,460.0,Presencial,No,Ninguna,0,Soleado,27,0,7,14,36,32
2024-01-02,Martes,1,2024,0,0,Almuerzo,12,16,Sándwich de Pollo,Sándwiches,25,11.0,275.0,Presencial,No,Ninguna,0,Soleado,27,0,7,6,50,27
2024-01-02,Martes,1,2024,0,0,Cena,18,22,Cheeseburger,Hamburguesas,13,14.0,182.0,Presencial,No,Ninguna,0,Soleado,27,0,5,14,43,41
2024-01-02,Martes,1,2024,0,0,Cena,18,22,Jugo Natural,Bebidas,27,6.0,162.0,Delivery,No,Ninguna,0,Soleado,27,0,5,5,51,53
2024-01-02,Martes,1,2024,0,0,Cena,18,22,Salchipapa Clásica,Salchipapas,21,10.0,210.0,Web,No,Ninguna,0,Soleado,27,0,5,13,27,46
2024-01-02,Martes,1,2024,0,0,Cena,18,22,Hamburguesa Clásica,Hamburguesas,24,12.0,244.8,Presencial,Sí,2x1,15,Soleado,27,0,5,13,56,47
2024-01-02,Martes,1,2024,0,0,Cena,18,22,Hamburguesa BBQ,Hamburguesas,20,16.0,320.0,Web,No,Ninguna,0,Soleado,27,0,5,8,44,43
2024-01-02,Martes,1,2024,0,0,Cena,18,22,Alitas BBQ,Pollos,24,20.0,384.0,Delivery,Sí,2x1,20,Soleado,27,0,5,14,50,51
2024-01-03,Miércoles,1,2024,0,0,Desayuno,7,11,Hamburguesa Clásica,Hamburguesas,17,12.0,163.2,Delivery,Sí,Combo,20,Soleado,30,0,2,9,36,18
2024-01-03,Miércoles,1,2024,0,0,Desayuno,7,11,Sándwich de Pollo,Sándwiches,7,11.0,77.0,Presencial,No,Ninguna,0,Soleado,30,0,2,7,20,19
2024-01-03,Miércoles,1,2024,0,0,Desayuno,7,11,Gaseosa,Bebidas,14,4.0,56.0,Presencial,No,Ninguna,0,Soleado,30,0,2,3,74,13
2024-01-03,Miércoles,1,2024,0,0,Desayuno,7,11,Pizza Familiar,Pizzas,6,32.0,192.0,Presencial,No,Ninguna,0,Soleado,30,0,2,19,16,18
2024-01-03,Miércoles,1,2024,0,0,Almuerzo,12,16,Salchipapa Clásica,Salchipapas,21,10.0,210.0,Delivery,No,Ninguna,0,Soleado,30,0,5,12,37,36
2024-01-03,Miércoles,1,2024,0,0,Almuerzo,12,16,Gaseosa,Bebidas,34,4.0,136.0,Web,No,Ninguna,0,Soleado,30,0,5,2,71,26
2024-01-03,Miércoles,1,2024,0,0,Almuerzo,12,16,Pollo Broaster,Pollos,32,18.0,576.0,Web,No,Ninguna,0,Soleado,30,0,5,14,65,38
2024-01-03,Miércoles,1,2024,0,0,Almuerzo,12,16,Hamburguesa Clásica,Hamburguesas,33,12.0,396.0,Delivery,No,Ninguna,0,Soleado,30,0,5,14,60,30
2024-01-03,Miércoles,1,2024,0,0,Almuerzo,12,16,Jugo Natural,Bebidas,13,6.0,78.0,Delivery,No,Ninguna,0,Soleado,30,0,5,5,50,26
2024-01-03,Miércoles,1,2024,0,0,Cena,18,22,Pizza Personal,Pizzas,14,13.0,182.0,Web,No,Ninguna,0,Soleado,30,0,6,21,40,42
2024-01-03,Miércoles,1,2024,0,0,Cena,18,22,Hamburguesa BBQ,Hamburguesas,16,16.0,256.0,Delivery,No,Ninguna,0,Soleado,30,0,6,10,22,57
2024-01-03,Miércoles,1,2024,0,0,Cena,18,22,Pizza Familiar,Pizzas,16,32.0,409.6,Web,Sí,Combo,20,Soleado,30,0,6,23,42,59
2024-01-03,Miércoles,1,2024,0,0,Cena,18,22,Alitas BBQ,Pollos,18,20.0,360.0,Delivery,No,Ninguna,0,Soleado,30,0,6,17,42,63
2024-01-04,Jueves,1,2024,0,0,Desayuno,7,11,Jugo Natural,Bebidas,14,6.0,84.0,Presencial,No,Ninguna,0,Soleado,24,0,2,4,54,22
2024-01-04,Jueves,1,2024,0,0,Desayuno,7,11,Sándwich de Pollo,Sándwiches,5,11.0,55.0,Presencial,No,Ninguna,0,Soleado,24,0,2,10,30,10
2024-01-04,Jueves,1,2024,0,0,Desayuno,7,11,Cheeseburger,Hamburguesas,8,14.0,112.0,Presencial,No,Ninguna,0,Soleado,24,0,2,14,36,24
2024-01-04,Jueves,1,2024,0,0,Desayuno,7,11,Hamburguesa Clásica,Hamburguesas,15,12.0,180.0,Presencial,No,Ninguna,0,Soleado,24,0,2,8,46,12
2024-01-04,Jueves,1,2024,0,0,Desayuno,7,11,Gaseosa,Bebidas,15,4.0,60.0,Presencial,No,Ninguna,0,Soleado,24,0,2,2,32,17
2024-01-04,Jueves,1,2024,0,0,Almuerzo,12,16,Gaseosa,Bebidas,32,4.0,128.0,Presencial,No,Ninguna,0,Soleado,24,0,5,2,53,37
2024-01-04,Jueves,1,2024,0,0,Almuerzo,12,16,Pizza Personal,Pizzas,27,13.0,351.0,Presencial,No,Ninguna,0,Soleado,24,0,5,15,49,32
2024-01-04,Jueves,1,2024,0,0,Almuerzo,12,16,Pollo Broaster,Pollos,48,18.0,864.0,Presencial,No,Ninguna,0,Soleado,24,0,5,20,72,28
2024-01-04,Jueves,1,2024,0,0,Almuerzo,12,16,Salchipapa Clásica,Salchipapas,29,10.0,290.0,Delivery,No,Ninguna,0,Soleado,24,0,5,15,62,39
2024-01-04,Jueves,1,2024,0,0,Cena,18,22,Cheeseburger,Hamburguesas,17,14.0,238.0,Delivery,No,Ninguna,0,Soleado,24,0,6,13,31,56
2024-01-04,Jueves,1,2024,0,0,Cena,18,22,Alitas BBQ,Pollos,23,20.0,460.0,Presencial,No,Ninguna,0,Soleado,24,0,6,15,40,50
2024-01-04,Jueves,1,2024,0,0,Cena,18,22,Hamburguesa Clásica,Hamburguesas,26,12.0,312.0,Presencial,No,Ninguna,0,Soleado,24,0,6,11,44,62
2024-01-04,Jueves,1,2024,0,0,Cena,18,22,Pizza Personal,Pizzas,21,13.0,204.75,Web,Sí,Descuento,25,Soleado,24,0,6,20,35,70
2024-01-05,Viernes,1,2024,0,0,Desayuno,7,11,Salchipapa Clásica,Salchipapas,15,10.0,150.0,Presencial,No,Ninguna,0,Nublado,24,0,3,10,46,10
2024-01-05,Viernes,1,2024,0,0,Desayuno,7,11,Gaseosa,Bebidas,21,4.0,84.0,Web,No,Ninguna,0,Nublado,24,0,3,2,41,14
2024-01-05,Viernes,1,2024,0,0,Desayuno,7,11,Hamburguesa Clásica,Hamburguesas,12,12.0,144.0,Presencial,No,Ninguna,0,Nublado,24,0,3,10,23,14
2024-01-05,Viernes,1,2024,0,0,Desayuno,7,11,Cheeseburger,Hamburguesas,9,14.0,126.0,Presencial,No,Ninguna,0,Nublado,24,0,3,14,27,20
2024-01-05,Viernes,1,2024,0,0,Desayuno,7,11,Alitas BBQ,Pollos,13,20.0,260.0,Presencial,No,Ninguna,0,Nublado,24,0,3,17,25,12
2024-01-05,Viernes,1,2024,0,0,Desayuno,7,11,Jugo Natural,Bebidas,8,6.0,48.0,Presencial,No,Ninguna,0,Nublado,24,0,3,3,52,11
2024-01-05,Viernes,1,2024,0,0,Almuerzo,12,16,Alitas BBQ,Pollos,37,20.0,740.0,Presencial,No,Ninguna,0,Nublado,24,0,5,18,54,28
2024-01-05,Viernes,1,2024,0,0,Almuerzo,12,16,Hamburguesa Clásica,Hamburguesas,39,12.0,468.0,Presencial,No,Ninguna,0,Nublado,24,0,5,8,66,31
2024-01-05,Viernes,1,2024,0,0,Almuerzo,12,16,Hamburguesa BBQ,Hamburguesas,32,16.0,512.0,Delivery,No,Ninguna,0,Nublado,24,0,5,8,48,44
2024-01-05,Viernes,1,2024,0,0,Almuerzo,12,16,Cheeseburger,Hamburguesas,23,14.0,322.0,Presencial,No,Ninguna,0,Nublado,24,0,5,11,58,36
2024-01-05,Viernes,1,2024,0,0,Almuerzo,12,16,Pollo Broaster,Pollos,38,18.0,684.0,Delivery,No,Ninguna,0,Nublado,24,0,5,16,62,39
2024-01-05,Viernes,1,2024,0,0,Cena,18,22,Gaseosa,Bebidas,37,4.0,148.0,Presencial,No,Ninguna,0,Nublado,24,0,5,5,73,42
2024-01-05,Viernes,1,2024,0,0,Cena,18,22,Alitas BBQ,Pollos,25,20.0,425.0,Delivery,Sí,Descuento,15,Nublado,24,0,5,16,47,58
2024-01-05,Viernes,1,2024,0,0,Cena,18,22,Salchipapa Especial,Salchipapas,35,15.0,472.5,Delivery,Sí,Descuento,10,Nublado,24,0,5,15,60,54
2024-01-05,Viernes,1,2024,0,0,Cena,18,22,Pizza Personal,Pizzas,17,13.0,221.0,Web,No,Ninguna,0,Nublado,24,0,5,18,31,54
2024-01-05,Viernes,1,2024,0,0,Cena,18,22,Hamburguesa BBQ,Hamburguesas,23,16.0,368.0,Delivery,No,Ninguna,0,Nublado,24,0,5,13,45,51
2024-01-06,Sábado,1,2024,1,0,Desayuno,7,11,Jugo Natural,Bebidas,18,6.0,108.0,Delivery,No,Ninguna,0,Soleado,30,0,4,4,39,31
2024-01-06,Sábado,1,2024,1,0,Desayuno,7,11,Sándwich de Pollo,Sándwiches,10,11.0,110.0,Presencial,No,Ninguna,0,Soleado,30,0,4,7,23,24
2024-01-06,Sábado,1,2024,1,0,Desayuno,7,11,Gaseosa,Bebidas,23,4.0,73.6,Delivery,Sí,Combo,20,Soleado,30,0,4,4,49,31
2024-01-06,Sábado,1,2024,1,0,Desayuno,7,11,Cheeseburger,Hamburguesas,14,14.0,196.0,Presencial,No,Ninguna,0,Soleado,30,0,4,8,37,28
2024-01-06,Sábado,1,2024,1,0,Almuerzo,12,16,Pollo Broaster,Pollos,29,18.0,522.0,Delivery,No,Ninguna,0,Soleado,30,0,5,16,61,49
2024-01-06,Sábado,1,2024,1,0,Almuerzo,12,16,Salchipapa Especial,Salchipapas,42,15.0,630.0,Delivery,No,Ninguna,0,Soleado,30,0,5,9,52,44
2024-01-06,Sábado,1,2024,1,0,Almuerzo,12,16,Hamburguesa BBQ,Hamburguesas,28,16.0,448.0,Presencial,No,Ninguna,0,Soleado,30,0,5,11,42,46
2024-01-06,Sábado,1,2024,1,0,Almuerzo,12,16,Gaseosa,Bebidas,41,4.0,131.2,Presencial,Sí,Combo,20,Soleado,30,0,5,3,83,50
2024-01-06,Sábado,1,2024,1,0,Almuerzo,12,16,Pizza Familiar,Pizzas,22,32.0,598.4,Presencial,Sí,Combo,15,Soleado,30,0,5,24,56,46
2024-01-06,Sábado,1,2024,1,0,Cena,18,22,Hamburguesa BBQ,Hamburguesas,32,16.0,512.0,Web,No,Ninguna,0,Soleado,30,0,9,8,39,63
2024-01-06,Sábado,1,2024,1,0,Cena,18,22,Hamburguesa Clásica,Hamburguesas,44,12.0,475.2,Delivery,Sí,2x1,10,Soleado,30,0,9,10,54,81
2024-01-06,Sábado,1,2024,1,0,Cena,18,22,Pizza Personal,Pizzas,30,13.0,390.0,Web,No,Ninguna,0,Soleado,30,0,9,21,45,62
2024-01-06,Sábado,1,2024,1,0,Cena,18,22,Jugo Natural,Bebidas,27,6.0,162.0,Presencial,No,Ninguna,0,Soleado,30,0,9,5,77,53
2024-01-07,Domingo,1,2024,1,0,Desayuno,7,11,Jugo Natural,Bebidas,16,6.0,96.0,Presencial,No,Ninguna,0,Soleado,24,0,3,2,44,24
2024-01-07,Domingo,1,2024,1,0,Desayuno,7,11,Pizza Personal,Pizzas,11,13.0,143.0,Presencial,No,Ninguna,0,Soleado,24,0,3,25,35,20
2024-01-07,Domingo,1,2024,1,0,Desayuno,7,11,Gaseosa,Bebidas,21,4.0,84.0,Presencial,No,Ninguna,0,Soleado,24,0,3,2,65,21
2024-01-07,Domingo,1,2024,1,0,Desayuno,7,11,Cheeseburger,Hamburguesas,9,14.0,126.0,Delivery,No,Ninguna,0,Soleado,24,0,3,11,40,21
2024-01-07,Domingo,1,2024,1,0,Almuerzo,12,16,Gaseosa,Bebidas,50,4.0,200.0,Web,No,Ninguna,0,Soleado,24,0,5,4,84,44
2024-01-07,Domingo,1,2024,1,0,Almuerzo,12,16,Salchipapa Clásica,Salchipapas,24,10.0,240.0,Delivery,No,Ninguna,0,Soleado,24,0,5,13,39,52
2024-01-07,Domingo,1,2024,1,0,Almuerzo,12,16,Pollo Broaster,Pollos,42,18.0,756.0,Delivery,No,Ninguna,0,Soleado,24,0,5,15,65,49
2024-01-07,Domingo,1,2024,1,0,Almuerzo,12,16,Hamburguesa Clásica,Hamburguesas,33,12.0,396.0,Presencial,No,Ninguna,0,Soleado,24,0,5,11,50,42
2024-01-07,Domingo,1,2024,1,0,Cena,18,22,Pizza Personal,Pizzas,20,13.0,260.0,Delivery,No,Ninguna,0,Soleado,24,0,6,21,52,58
2024-01-07,Domingo,1,2024,1,0,Cena,18,22,Gaseosa,Bebidas,52,4.0,208.0,Delivery,No,Ninguna,0,Soleado,24,0,6,5,108,48
2024-01-07,Domingo,1,2024,1,0,Cena,18,22,Hamburguesa BBQ,Hamburguesas,29,16.0,348.0,Web,Sí,Combo,25,Soleado,24,0,6,12,36,66
2024-01-07,Domingo,1,2024,1,0,Cena,18,22,Sándwich de Pollo,Sándwiches,26,11.0,286.0,Web,No,Ninguna,0,Soleado,24,0,6,6,55,67
2024-01-07,Domingo,1,2024,1,0,Cena,18,22,Pizza Familiar,Pizzas,17,32.0,544.0,Presencial,No,Ninguna,0,Soleado,24,0,6,20,33,50
2024-01-07,Domingo,1,2024,1,0,Cena,18,22,Jugo Natural,Bebidas,29,6.0,174.0,Delivery,No,Ninguna,0,Soleado,24,0,6,3,49,55
2024-01-08,Lunes,1,2024,0,0,Desayuno,7,11,Sándwich de Pollo,Sándwiches,8,11.0,88.0,Delivery,No,Ninguna,0,Soleado,29,0,3,9,43,24
2024-01-08,Lunes,1,2024,0,0,Desayuno,7,11,Alitas BBQ,Pollos,9,20.0,180.0,Presencial,No,Ninguna,0,Soleado,29,0,3,16,20,19
2024-01-08,Lunes,1,2024,0,0,Desayuno,7,11,Jugo Natural,Bebidas,9,6.0,54.0,Presencial,No,Ninguna,0,Soleado,29,0,3,4,68,25
2024-01-08,Lunes,1,2024,0,0,Desayuno,7,11,Cheeseburger,Hamburguesas,8,14.0,112.0,Presencial,No,Ninguna,0,Soleado,29,0,3,13,14,22
2024-01-08,Lunes,1,2024,0,0,Desayuno,7,11,Gaseosa,Bebidas,8,4.0,32.0,Delivery,No,Ninguna,0,Soleado,29,0,3,3,63,25
2024-01-08,Lunes,1,2024,0,0,Almuerzo,12,16,Hamburguesa Clásica,Hamburguesas,23,12.0,276.0,Delivery,No,Ninguna,0,Soleado,29,0,5,12,39,45
2024-01-08,Lunes,1,2024,0,0,Almuerzo,12,16,Alitas BBQ,Pollos,20,20.0,400.0,Web,No,Ninguna,0,Soleado,29,0,5,15,29,27
2024-01-08,Lunes,1,2024,0,0,Almuerzo,12,16,Cheeseburger,Hamburguesas,11,14.0,154.0,Presencial,No,Ninguna,0,Soleado,29,0,5,11,46,36
2024-01-08,Lunes,1,2024,0,0,Almuerzo,12,16,Hamburguesa BBQ,Hamburguesas,20,16.0,320.0,Delivery,No,Ninguna,0,Soleado,29,0,5,14,55,35
2024-01-08,Lunes,1,2024,0,0,Cena,18,22,Hamburguesa Clásica,Hamburguesas,21,12.0,252.0,Delivery,No,Ninguna,0,Soleado,29,0,8,10,47,65
2024-01-08,Lunes,1,2024,0,0,Cena,18,22,Gaseosa,Bebidas,26,4.0,104.0,Delivery,No,Ninguna,0,Soleado,29,0,8,2,80,48
2024-01-08,Lunes,1,2024,0,0,Cena,18,22,Pollo Broaster,Pollos,30,18.0,540.0,Delivery,No,Ninguna,0,Soleado,29,0,8,19,64,57
2024-01-08,Lunes,1,2024,0,0,Cena,18,22,Salchipapa Clásica,Salchipapas,17,10.0,170.0,Delivery,No,Ninguna,0,Soleado,29,0,8,9,29,60
2024-01-09,Martes,1,2024,0,0,Desayuno,7,11,Jugo Natural,Bebidas,12,6.0,72.0,Delivery,No,Ninguna,0,Nublado,19,0,4,5,44,14
2024-01-09,Martes,1,2024,0,0,Desayuno,7,11,Salchipapa Especial,Salchipapas,21,15.0,236.25,Delivery,Sí,Combo,25,Nublado,19,0,4,13,27,27
2024-01-09,Martes,1,2024,0,0,Desayuno,7,11,Hamburguesa Clásica,Hamburguesas,9,12.0,108.0,Delivery,No,Ninguna,0,Nublado,19,0,4,13,33,16
2024-01-09,Martes,1,2024,0,0,Desayuno,7,11,Gaseosa,Bebidas,14,4.0,56.0,Presencial,No,Ninguna,0,Nublado,19,0,4,3,33,11
2024-01-09,Martes,1,2024,0,0,Almuerzo,12,16,Salchipapa Clásica,Salchipapas,24,10.0,240.0,Web,No,Ninguna,0,Nublado,19,0,4,9,50,29
2024-01-09,Martes,1,2024,0,0,Almuerzo,12,16,Hamburguesa BBQ,Hamburguesas,23,16.0,368.0,Presencial,No,Ninguna,0,Nublado,19,0,4,10,28,29
2024-01-09,Martes,1,2024,0,0,Almuerzo,12,16,Pizza Personal,Pizzas,17,13.0,221.0,Presencial,No,Ninguna,0,Nublado,19,0,4,16,37,26
2024-01-09,Martes,1,2024,0,0,Almuerzo,12,16,Hamburguesa Clásica,Hamburguesas,20,12.0,240.0,Presencial,No,Ninguna,0,Nublado,19,0,4,12,26,36
2024-01-09,Martes,1,2024,0,0,Almuerzo,12,16,Alitas BBQ,Pollos,23,20.0,460.0,Presencial,No,Ninguna,0,Nublado,19,0,4,19,55,41
2024-01-09,Martes,1,2024,0,0,Cena,18,22,Hamburguesa Clásica,Hamburguesas,19,12.0,228.0,Presencial,No,Ninguna,0,Nublado,19,0,4,12,46,44
2024-01-09,Martes,1,2024,0,0,Cena,18,22,Salchipapa Especial,Salchipapas,22,15.0,330.0,Delivery,No,Ninguna,0,Nublado,19,0,4,9,52,59
2024-01-09,Martes,1,2024,0,0,Cena,18,22,Salchipapa Clásica,Salchipapas,25,10.0,250.0,Delivery,No,Ninguna,0,Nublado,19,0,4,11,43,60
2024-01-09,Martes,1,2024,0,0,Cena,18,22,Pizza Familiar,Pizzas,15,32.0,480.0,Delivery,No,Ninguna,0,Nublado,19,0,4,16,30,47
2024-01-10,Miércoles,1,2024,0,0,Desayuno,7,11,Sándwich de Pollo,Sándwiches,9,11.0,99.0,Delivery,No,Ninguna,0,Soleado,27,0,2,10,31,21
2024-01-10,Miércoles,1,2024,0,0,Desayuno,7,11,Alitas BBQ,Pollos,7,20.0,140.0,Presencial,No,Ninguna,0,Soleado,27,0,2,12,42,13
2024-01-10,Miércoles,1,2024,0,0,Desayuno,7,11,Jugo Natural,Bebidas,11,6.0,66.0,Presencial,No,Ninguna,0,Soleado,27,0,2,5,40,19
2024-01-10,Miércoles,1,2024,0,0,Desayuno,7,11,Hamburguesa BBQ,Hamburguesas,8,16.0,128.0,Delivery,No,Ninguna,0,Soleado,27,0,2,12,20,21
2024-01-10,Miércoles,1,2024,0,0,Almuerzo,12,16,Pizza Personal,Pizzas,14,13.0,182.0,Presencial,No,Ninguna,0,Soleado,27,0,4,20,30,33
2024-01-10,Miércoles,1,2024,0,0,Almuerzo,12,16,Pizza Familiar,Pizzas,19,32.0,456.0,Delivery,Sí,Descuento,25,Soleado,27,0,4,22,34,30
2024-01-10,Miércoles,1,2024,0,0,Almuerzo,12,16,Cheeseburger,Hamburguesas,25,14.0,350.0,Delivery,No,Ninguna,0,Soleado,27,0,4,8,58,34
2024-01-10,Miércoles,1,2024,0,0,Almuerzo,12,16,Gaseosa,Bebidas,43,4.0,154.8,Presencial,Sí,Combo,10,Soleado,27,0,4,5,75,31
2024-01-10,Miércoles,1,2024,0,0,Almuerzo,12,16,Salchipapa Clásica,Salchipapas,24,10.0,240.0,Presencial,No,Ninguna,0,Soleado,27,0,4,15,45,41
2024-01-10,Miércoles,1,2024,0,0,Cena,18,22,Pizza Familiar,Pizzas,15,32.0,480.0,Delivery,No,Ninguna,0,Soleado,27,0,5,21,37,64
2024-01-10,Miércoles,1,2024,0,0,Cena,18,22,Salchipapa Especial,Salchipapas,27,15.0,405.0,Delivery,No,Ninguna,0,Soleado,27,0,5,14,59,56
2024-01-10,Miércoles,1,2024,0,0,Cena,18,22,Hamburguesa Clásica,Hamburguesas,27,12.0,324.0,Presencial,No,Ninguna,0,Soleado,27,0,5,13,52,53
2024-01-10,Miércoles,1,2024,0,0,Cena,18,22,Hamburguesa BBQ,Hamburguesas,25,16.0,400.0,Delivery,No,Ninguna,0,Soleado,27,0,5,13,59,43
2024-01-10,Miércoles,1,2024,0,0,Cena,18,22,Alitas BBQ,Pollos,17,20.0,340.0,Web,No,Ninguna,0,Soleado,27,0,5,20,24,53
2024-01-11,Jueves,1,2024,0,0,Desayuno,7,11,Sándwich de Pollo,Sándwiches,8,11.0,88.0,Presencial,No,Ninguna,0,Soleado,27,0,2,7,37,21
2024-01-11,Jueves,1,2024,0,0,Desayuno,7,11,Salchipapa Clásica,Salchipapas,13,10.0,130.0,Presencial,No,Ninguna,0,Soleado,27,0,2,15,39,12
2024-01-11,Jueves,1,2024,0,0,Desayuno,7,11,Jugo Natural,Bebidas,11,6.0,66.0,Delivery,No,Ninguna,0,Soleado,27,0,2,2,56,20
2024-01-11,Jueves,1,2024,0,0,Desayuno,7,11,Hamburguesa Clásica,Hamburguesas,13,12.0,156.0,Presencial,No,Ninguna,0,Soleado,27,0,2,8,27,19
2024-01-11,Jueves,1,2024,0,0,Desayuno,7,11,Cheeseburger,Hamburguesas,10,14.0,140.0,Presencial,No,Ninguna,0,Soleado,27,0,2,11,33,11
2024-01-11,Jueves,1,2024,0,0,Almuerzo,12,16,Alitas BBQ,Pollos,30,20.0,600.0,Presencial,No,Ninguna,0,Soleado,27,0,6,13,51,41
2024-01-11,Jueves,1,2024,0,0,Almuerzo,12,16,Sándwich de Pollo,Sándwiches,21,11.0,231.0,Presencial,No,Ninguna,0,Soleado,27,0,6,10,45,26
2024-01-11,Jueves,1,2024,0,0,Almuerzo,12,16,Gaseosa,Bebidas,35,4.0,140.0,Web,No,Ninguna,0,Soleado,27,0,6,2,90,36
2024-01-11,Jueves,1,2024,0,0,Almuerzo,12,16,Cheeseburger,Hamburguesas,23,14.0,322.0,Presencial,No,Ninguna,0,Soleado,27,0,6,10,51,27
2024-01-11,Jueves,1,2024,0,0,Almuerzo,12,16,Salchipapa Clásica,Salchipapas,22,10.0,220.0,Web,No,Ninguna,0,Soleado,27,0,6,10,56,44
2024-01-11,Jueves,1,2024,0,0,Cena,18,22,Jugo Natural,Bebidas,21,6.0,126.0,Delivery,No,Ninguna,0,Soleado,27,0,4,2,77,52
2024-01-11,Jueves,1,2024,0,0,Cena,18,22,Hamburguesa Clásica,Hamburguesas,25,12.0,300.0,Delivery,No,Ninguna,0,Soleado,27,0,4,9,40,56
2024-01-11,Jueves,1,2024,0,0,Cena,18,22,Alitas BBQ,Pollos,16,20.0,320.0,Presencial,No,Ninguna,0,Soleado,27,0,4,20,45,55
2024-01-11,Jueves,1,2024,0,0,Cena,18,22,Gaseosa,Bebidas,28,4.0,112.0,Web,No,Ninguna,0,Soleado,27,0,4,3,81,63
2024-01-12,Viernes,1,2024,0,0,Desayuno,7,11,Cheeseburger,Hamburguesas,12,14.0,168.0,Delivery,No,Ninguna,0,Soleado,25,0,2,14,31,17
2024-01-12,Viernes,1,2024,0,0,Desayuno,7,11,Gaseosa,Bebidas,23,4.0,92.0,Presencial,No,Ninguna,0,Soleado,25,0,2,3,61,17
2024-01-12,Viernes,1,2024,0,0,Desayuno,7,11,Alitas BBQ,Pollos,11,20.0,220.0,Presencial,No,Ninguna,0,Soleado,25,0,2,20,29,24
2024-01-12,Viernes,1,2024,0,0,Desayuno,7,11,Hamburguesa Clásica,Hamburguesas,13,12.0,156.0,Presencial,No,Ninguna,0,Soleado,25,0,2,13,33,16
2024-01-12,Viernes,1,2024,0,0,Almuerzo,12,16,Salchipapa Clásica,Salchipapas,19,10.0,190.0,Presencial,No,Ninguna,0,Soleado,25,0,6,11,50,41
2024-01-12,Viernes,1,2024,0,0,Almuerzo,12,16,Pollo Broaster,Pollos,41,18.0,738.0,Web,No,Ninguna,0,Soleado,25,0,6,17,53,36
2024-01-12,Viernes,1,2024,0,0,Almuerzo,12,16,Sándwich de Pollo,Sándwiches,33,11.0,363.0,Presencial,No,Ninguna,0,Soleado,25,0,6,12,42,27
2024-01-12,Viernes,1,2024,0,0,Almuerzo,12,16,Pizza Personal,Pizzas,22,13.0,286.0,Web,No,Ninguna,0,Soleado,25,0,6,22,41,34
2024-01-12,Viernes,1,2024,0,0,Almuerzo,12,16,Salchipapa Especial,Salchipapas,32,15.0,480.0,Presencial,No,Ninguna,0,Soleado,25,0,6,14,40,27
2024-01-12,Viernes,1,2024,0,0,Almuerzo,12,16,Alitas BBQ,Pollos,22,20.0,440.0,Presencial,No,Ninguna,0,Soleado,25,0,6,19,29,32
2024-01-12,Viernes,1,2024,0,0,Cena,18,22,Salchipapa Clásica,Salchipapas,24,10.0,240.0,Presencial,No,Ninguna,0,Soleado,25,0,8,11,47,62
2024-01-12,Viernes,1,2024,0,0,Cena,18,22,Gaseosa,Bebidas,42,4.0,168.0,Delivery,No,Ninguna,0,Soleado,25,0,8,2,81,61
2024-01-12,Viernes,1,2024,0,0,Cena,18,22,Pizza Familiar,Pizzas,14,32.0,448.0,Delivery,No,Ninguna,0,Soleado,25,0,8,25,22,41
2024-01-13,Sábado,1,2024,1,0,Desayuno,7,11,Sándwich de Pollo,Sándwiches,7,11.0,77.0,Presencial,No,Ninguna,0,Nublado,23,0,5,9,13,34
2024-01-13,Sábado,1,2024,1,0,Desayuno,7,11,Gaseosa,Bebidas,31,4.0,124.0,Presencial,No,Ninguna,0,Nublado,23,0,5,5,62,21
2024-01-13,Sábado,1,2024,1,0,Desayuno,7,11,Jugo Natural,Bebidas,19,6.0,91.2,Presencial,Sí,2x1,20,Nublado,23,0,5,4,61,39
2024-01-13,Sábado,1,2024,1,0,Desayuno,7,11,Salchipapa Clásica,Salchipapas,9,10.0,90.0,Presencial,No,Ninguna,0,Nublado,23,0,5,13,43,31
2024-01-13,Sábado,1,2024,1,0,Desayuno,7,11,Salchipapa Especial,Salchipapas,15,15.0,225.0,Presencial,No,Ninguna,0,Nublado,23,0,5,10,37,28
2024-01-13,Sábado,1,2024,1,0,Almuerzo,12,16,Pollo Broaster,Pollos,55,18.0,990.0,Presencial,No,Ninguna,0,Nublado,23,0,7,18,68,43
2024-01-13,Sábado,1,2024,1,0,Almuerzo,12,16,Gaseosa,Bebidas,48,4.0,192.0,Delivery,No,Ninguna,0,Nublado,23,0,7,3,64,30
2024-01-13,Sábado,1,2024,1,0,Almuerzo,12,16,Salchipapa Especial,Salchipapas,53,15.0,596.25,Presencial,Sí,2x1,25,Nublado,23,0,7,8,77,33
2024-01-13,Sábado,1,2024,1,0,Almuerzo,12,16,Hamburguesa BBQ,Hamburguesas,29,16.0,371.2,Presencial,Sí,Combo,20,Nublado,23,0,7,10,54,51
2024-01-13,Sábado,1,2024,1,0,Cena,18,22,Jugo Natural,Bebidas,35,6.0,210.0,Delivery,No,Ninguna,0,Nublado,23,0,8,2,58,57
2024-01-13,Sábado,1,2024,1,0,Cena,18,22,Pizza Familiar,Pizzas,18,32.0,576.0,Web,No,Ninguna,0,Nublado,23,0,8,25,53,59
2024-01-13,Sábado,1,2024,1,0,Cena,18,22,Pollo Broaster,Pollos,29,18.0,522.0,Delivery,No,Ninguna,0,Nublado,23,0,8,16,61,59
2024-01-13,Sábado,1,2024,1,0,Cena,18,22,Gaseosa,Bebidas,43,4.0,146.2,Delivery,Sí,Descuento,15,Nublado,23,0,8,4,93,77
2024-01-14,Domingo,1,2024,1,0,Desayuno,7,11,Gaseosa,Bebidas,17,4.0,68.0,Presencial,No,Ninguna,0,Soleado,30,0,5,2,60,33
2024-01-14,Domingo,1,2024,1,0,Desayuno,7,11,Cheeseburger,Hamburguesas,14,14.0,196.0,Delivery,No,Ninguna,0,Soleado,30,0,5,9,43,26
2024-01-14,Domingo,1,2024,1,0,Desayuno,7,11,Sándwich de Pollo,Sándwiches,10,11.0,110.0,Delivery,No,Ninguna,0,Soleado,30,0,5,8,44,31
2024-01-14,Domingo,1,2024,1,0,Desayuno,7,11,Jugo Natural,Bebidas,15,6.0,90.0,Delivery,No,Ninguna,0,Soleado,30,0,5,4,38,29
2024-01-14,Domingo,1,2024,1,0,Desayuno,7,11,Pizza Familiar,Pizzas,9,32.0,288.0,Presencial,No,Ninguna,0,Soleado,30,0,5,17,35,20
2024-01-14,Domingo,1,2024,1,0,Almuerzo,12,16,Sándwich de Pollo,Sándwiches,30,11.0,330.0,Delivery,No,Ninguna,0,Soleado,30,0,4,11,35,49
2024-01-14,Domingo,1,2024,1,0,Almuerzo,12,16,Salchipapa Especial,Salchipapas,47,15.0,705.0,Presencial,No,Ninguna,0,Soleado,30,0,4,14,61,53
2024-01-14,Domingo,1,2024,1,0,Almuerzo,12,16,Jugo Natural,Bebidas,31,6.0,186.0,Presencial,No,Ninguna,0,Soleado,30,0,4,3,66,31
2024-01-14,Domingo,1,2024,1,0,Almuerzo,12,16,Pollo Broaster,Pollos,41,18.0,738.0,Web,No,Ninguna,0,Soleado,30,0,4,17,62,44
2024-01-14,Domingo,1,2024,1,0,Almuerzo,12,16,Pizza Personal,Pizzas,22,13.0,286.0,Presencial,No,Ninguna,0,Soleado,30,0,4,16,28,40
2024-01-14,Domingo,1,2024,1,0,Cena,18,22,Alitas BBQ,Pollos,25,20.0,500.0,Presencial,No,Ninguna,0,Soleado,30,0,6,19,30,69
2024-01-14,Domingo,1,2024,1,0,Cena,18,22,Gaseosa,Bebidas,37,4.0,111.0,Delivery,Sí,Combo,25,Soleado,30,0,6,5,70,58
2024-01-14,Domingo,1,2024,1,0,Cena,18,22,Hamburguesa BBQ,Hamburguesas,22,16.0,352.0,Presencial,No,Ninguna,0,Soleado,30,0,6,11,38,50
2024-01-14,Domingo,1,2024,1,0,Cena,18,22,Salchipapa Clásica,Salchipapas,32,10.0,272.0,Presencial,Sí,Combo,15,Soleado,30,0,6,12,63,63
2024-01-15,Lunes,1,2024,0,0,Desayuno,7,11,Sándwich de Pollo,Sándwiches,8,11.0,88.0,Presencial,No,Ninguna,0,Lluvioso,21,1,3,7,35,35
2024-01-15,Lunes,1,2024,0,0,Desayuno,7,11,Jugo Natural,Bebidas,10,6.0,60.0,Delivery,No,Ninguna,0,Lluvioso,21,1,3,4,64,43
2024-01-15,Lunes,1,2024,0,0,Desayuno,7,11,Cheeseburger,Hamburguesas,7,14.0,98.0,Delivery,No,Ninguna,0,Lluvioso,21,1,3,14,28,41
2024-01-15,Lunes,1,2024,0,0,Desayuno,7,11,Pizza Familiar,Pizzas,6,32.0,192.0,Delivery,No,Ninguna,0,Lluvioso,21,1,3,21,29,36
2024-01-15,Lunes,1,2024,0,0,Desayuno,7,11,Hamburguesa Clásica,Hamburguesas,14,12.0,168.0,Presencial,No,Ninguna,0,Lluvioso,21,1,3,13,20,29
2024-01-15,Lunes,1,2024,0,0,Almuerzo,12,16,Hamburguesa Clásica,Hamburguesas,20,12.0,216.0,Delivery,Sí,Descuento,10,Lluvioso,21,1,5,11,41,46
2024-01-15,Lunes,1,2024,0,0,Almuerzo,12,16,Hamburguesa BBQ,Hamburguesas,21,16.0,336.0,Delivery,No,Ninguna,0,Lluvioso,21,1,5,13,41,50
2024-01-15,Lunes,1,2024,0,0,Almuerzo,12,16,Cheeseburger,Hamburguesas,20,14.0,280.0,Delivery,No,Ninguna,0,Lluvioso,21,1,5,13,49,47
2024-01-15,Lunes,1,2024,0,0,Almuerzo,12,16,Sándwich de Pollo,Sándwiches,17,11.0,187.0,Delivery,No,Ninguna,0,Lluvioso,21,1,5,10,31,59
2024-01-15,Lunes,1,2024,0,0,Almuerzo,12,16,Pollo Broaster,Pollos,37,18.0,666.0,Delivery,No,Ninguna,0,Lluvioso,21,1,5,19,53,48
2024-01-15,Lunes,1,2024,0,0,Cena,18,22,Salchipapa Clásica,Salchipapas,15,10.0,150.0,Delivery,No,Ninguna,0,Lluvioso,21,1,7,13,49,76
2024-01-15,Lunes,1,2024,0,0,Cena,18,22,Hamburguesa Clásica,Hamburguesas,27,12.0,324.0,Delivery,No,Ninguna,0,Lluvioso,21,1,7,12,54,65
2024-01-15,Lunes,1,2024,0,0,Cena,18,22,Pollo Broaster,Pollos,34,18.0,612.0,Delivery,No,Ninguna,0,Lluvioso,21,1,7,15,40,62
2024-01-15,Lunes,1,2024,0,0,Cena,18,22,Gaseosa,Bebidas,26,4.0,78.0,Delivery,Sí,Combo,25,Lluvioso,21,1,7,5,71,71
2024-01-15,Lunes,1,2024,0,0,Cena,18,22,Salchipapa Especial,Salchipapas,35,15.0,525.0,Delivery,No,Ninguna,0,Lluvioso,21,1,7,9,60,78
2024-01-16,Martes,1,2024,0,0,Desayuno,7,11,Salchipapa Clásica,Salchipapas,6,10.0,60.0,Presencial,No,Ninguna,0,Soleado,31,0,2,12,39,22
2024-01-16,Martes,1,2024,0,0,Desayuno,7,11,Sándwich de Pollo,Sándwiches,11,11.0,108.9,Presencial,Sí,Combo,10,Soleado,31,0,2,7,43,24
2024-01-16,Martes,1,2024,0,0,Desayuno,7,11,Salchipapa Especial,Salchipapas,10,15.0,150.0,Presencial,No,Ninguna,0,Soleado,31,0,2,15,35,18
2024-01-16,Martes,1,2024,0,0,Desayuno,7,11,Gaseosa,Bebidas,14,4.0,56.0,Presencial,No,Ninguna,0,Soleado,31,0,2,3,40,15
2024-01-16,Martes,1,2024,0,0,Desayuno,7,11,Hamburguesa BBQ,Hamburguesas,9,16.0,144.0,Delivery,No,Ninguna,0,Soleado,31,0,2,13,17,22
2024-01-16,Martes,1,2024,0,0,Almuerzo,12,16,Pollo Broaster,Pollos,26,18.0,468.0,Web,No,Ninguna,0,Soleado,31,0,5,12,39,33
2024-01-16,Martes,1,2024,0,0,Almuerzo,12,16,Gaseosa,Bebidas,31,4.0,124.0,Presencial,No,Ninguna,0,Soleado,31,0,5,5,89,32
2024-01-16,Martes,1,2024,0,0,Almuerzo,12,16,Salchipapa Especial,Salchipapas,26,15.0,390.0,Delivery,No,Ninguna,0,Soleado,31,0,5,10,46,34
2024-01-16,Martes,1,2024,0,0,Almuerzo,12,16,Salchipapa Clásica,Salchipapas,32,10.0,320.0,Presencial,No,Ninguna,0,Soleado,31,0,5,11,61,44
2024-01-16,Martes,1,2024,0,0,Cena,18,22,Pizza Personal,Pizzas,21,13.0,245.7,Presencial,Sí,2x1,10,Soleado,31,0,6,23,40,63
2024-01-16,Martes,1,2024,0,0,Cena,18,22,Cheeseburger,Hamburguesas,19,14.0,199.5,Delivery,Sí,Combo,25,Soleado,31,0,6,12,38,48
2024-01-16,Martes,1,2024,0,0,Cena,18,22,Pizza Familiar,Pizzas,11,32.0,352.0,Delivery,No,Ninguna,0,Soleado,31,0,6,18,34,49
2024-01-16,Martes,1,2024,0,0,Cena,18,22,Salchipapa Especial,Salchipapas,21,15.0,283.5,Web,Sí,Combo,10,Soleado,31,0,6,10,50,59
2024-01-17,Miércoles,1,2024,0,0,Desayuno,7,11,Hamburguesa BBQ,Hamburguesas,9,16.0,144.0,Presencial,No,Ninguna,0,Soleado,29,0,2,12,26,14
2024-01-17,Miércoles,1,2024,0,0,Desayuno,7,11,Jugo Natural,Bebidas,10,6.0,60.0,Presencial,No,Ninguna,0,Soleado,29,0,2,5,59,17
2024-01-17,Miércoles,1,2024,0,0,Desayuno,7,11,Alitas BBQ,Pollos,10,20.0,200.0,Presencial,No,Ninguna,0,Soleado,29,0,2,13,16,17
2024-01-17,Miércoles,1,2024,0,0,Desayuno,7,11,Gaseosa,Bebidas,15,4.0,60.0,Presencial,No,Ninguna,0,Soleado,29,0,2,2,58,23
2024-01-17,Miércoles,1,2024,0,0,Almuerzo,12,16,Cheeseburger,Hamburguesas,27,14.0,378.0,Presencial,No,Ninguna,0,Soleado,29,0,5,12,51,26
2024-01-17,Miércoles,1,2024,0,0,Almuerzo,12,16,Pollo Broaster,Pollos,36,18.0,648.0,Presencial,No,Ninguna,0,Soleado,29,0,5,16,42,35
2024-01-17,Miércoles,1,2024,0,0,Almuerzo,12,16,Alitas BBQ,Pollos,33,20.0,660.0,Web,No,Ninguna,0,Soleado,29,0,5,18,55,43
2024-01-17,Miércoles,1,2024,0,0,Almuerzo,12,16,Gaseosa,Bebidas,49,4.0,196.0,Web,No,Ninguna,0,Soleado,29,0,5,4,108,36
2024-01-17,Miércoles,1,2024,0,0,Almuerzo,12,16,Salchipapa Especial,Salchipapas,23,15.0,345.0,Presencial,No,Ninguna,0,Soleado,29,0,5,11,55,29
2024-01-17,Miércoles,1,2024,0,0,Cena,18,22,Cheeseburger,Hamburguesas,18,14.0,252.0,Delivery,No,Ninguna,0,Soleado,29,0,7,10,43,57
2024-01-17,Miércoles,1,2024,0,0,Cena,18,22,Hamburguesa BBQ,Hamburguesas,20,16.0,256.0,Delivery,Sí,Combo,20,Soleado,29,0,7,13,44,48
2024-01-17,Miércoles,1,2024,0,0,Cena,18,22,Salchipapa Especial,Salchipapas,33,15.0,495.0,Presencial,No,Ninguna,0,Soleado,29,0,7,11,53,42
2024-01-17,Miércoles,1,2024,0,0,Cena,18,22,Pizza Familiar,Pizzas,16,32.0,512.0,Presencial,No,Ninguna,0,Soleado,29,0,7,18,51,50
2024-01-18,Jueves,1,2024,0,0,Desayuno,7,11,Gaseosa,Bebidas,10,4.0,40.0,Presencial,No,Ninguna,0,Nublado,23,0,3,5,31,21
2024-01-18,Jueves,1,2024,0,0,Desayuno,7,11,Sándwich de Pollo,Sándwiches,8,11.0,88.0,Presencial,No,Ninguna,0,Nublado,23,0,3,8,26,25
2024-01-18,Jueves,1,2024,0,0,Desayuno,7,11,Hamburguesa Clásica,Hamburguesas,16,12.0,163.2,Presencial,Sí,Descuento,15,Nublado,23,0,3,10,25,14
2024-01-18,Jueves,1,2024,0,0,Desayuno,7,11,Jugo Natural,Bebidas,12,6.0,72.0,Presencial,No,Ninguna,0,Nublado,23,0,3,4,43,17
2024-01-18,Jueves,1,2024,0,0,Desayuno,7,11,Salchipapa Especial,Salchipapas,13,15.0,195.0,Web,No,Ninguna,0,Nublado,23,0,3,10,41,25
2024-01-18,Jueves,1,2024,0,0,Desayuno,7,11,Salchipapa Clásica,Salchipapas,11,10.0,110.0,Presencial,No,Ninguna,0,Nublado,23,0,3,8,32,15
2024-01-18,Jueves,1,2024,0,0,Almuerzo,12,16,Pizza Personal,Pizzas,20,13.0,260.0,Presencial,No,Ninguna,0,Nublado,23,0,4,24,45,45
2024-01-18,Jueves,1,2024,0,0,Almuerzo,12,16,Jugo Natural,Bebidas,25,6.0,150.0,Web,No,Ninguna,0,Nublado,23,0,4,2,73,44
2024-01-18,Jueves,1,2024,0,0,Almuerzo,12,16,Hamburguesa BBQ,Hamburguesas,29,16.0,464.0,Web,No,Ninguna,0,Nublado,23,0,4,9,37,42
2024-01-18,Jueves,1,2024,0,0,Cena,18,22,Salchipapa Especial,Salchipapas,19,15.0,285.0,Delivery,No,Ninguna,0,Nublado,23,0,4,12,45,52
2024-01-18,Jueves,1,2024,0,0,Cena,18,22,Hamburguesa BBQ,Hamburguesas,16,16.0,256.0,Delivery,No,Ninguna,0,Nublado,23,0,4,12,36,42
2024-01-18,Jueves,1,2024,0,0,Cena,18,22,Hamburguesa Clásica,Hamburguesas,32,12.0,326.4,Web,Sí,Combo,15,Nublado,23,0,4,14,40,47
2024-01-18,Jueves,1,2024,0,0,Cena,18,22,Pollo Broaster,Pollos,32,18.0,576.0,Presencial,No,Ninguna,0,Nublado,23,0,4,13,58,41
2024-01-18,Jueves,1,2024,0,0,Cena,18,22,Alitas BBQ,Pollos,24,20.0,480.0,Delivery,No,Ninguna,0,Nublado,23,0,4,18,58,57
2024-01-18,Jueves,1,2024,0,0,Cena,18,22,Salchipapa Clásica,Salchipapas,28,10.0,238.0,Web,Sí,Combo,15,Nublado,23,0,4,14,57,66
2024-01-19,Viernes,1,2024,0,0,Desayuno,7,11,Cheeseburger,Hamburguesas,9,14.0,126.0,Web,No,Ninguna,0,Nublado,24,0,3,14,28,22
2024-01-19,Viernes,1,2024,0,0,Desayuno,7,11,Jugo Natural,Bebidas,11,6.0,66.0,Presencial,No,Ninguna,0,Nublado,24,0,3,5,31,21
2024-01-19,Viernes,1,2024,0,0,Desayuno,7,11,Pizza Personal,Pizzas,10,13.0,130.0,Presencial,No,Ninguna,0,Nublado,24,0,3,17,27,19
2024-01-19,Viernes,1,2024,0,0,Desayuno,7,11,Sándwich de Pollo,Sándwiches,10,11.0,110.0,Presencial,No,Ninguna,0,Nublado,24,0,3,6,45,14
2024-01-19,Viernes,1,2024,0,0,Desayuno,7,11,Hamburguesa Clásica,Hamburguesas,14,12.0,168.0,Presencial,No,Ninguna,0,Nublado,24,0,3,12,32,21
2024-01-19,Viernes,1,2024,0,0,Desayuno,7,11,Alitas BBQ,Pollos,13,20.0,234.0,Presencial,Sí,Combo,10,Nublado,24,0,3,13,41,28
2024-01-19,Viernes,1,2024,0,0,Almuerzo,12,16,Sándwich de Pollo,Sándwiches,24,11.0,264.0,Presencial,No,Ninguna,0,Nublado,24,0,6,9,54,29
2024-01-19,Viernes,1,2024,0,0,Almuerzo,12,16,Pizza Familiar,Pizzas,20,32.0,544.0,Delivery,Sí,Combo,15,Nublado,24,0,6,19,25,50
2024-01-19,Viernes,1,2024,0,0,Almuerzo,12,16,Salchipapa Clásica,Salchipapas,21,10.0,210.0,Delivery,No,Ninguna,0,Nublado,24,0,6,15,36,35
2024-01-19,Viernes,1,2024,0,0,Almuerzo,12,16,Pollo Broaster,Pollos,35,18.0,630.0,Web,No,Ninguna,0,Nublado,24,0,6,15,55,45
2024-01-19,Viernes,1,2024,0,0,Almuerzo,12,16,Gaseosa,Bebidas,36,4.0,144.0,Web,No,Ninguna,0,Nublado,24,0,6,5,87,37
2024-01-19,Viernes,1,2024,0,0,Almuerzo,12,16,Hamburguesa Clásica,Hamburguesas,39,12.0,468.0,Presencial,No,Ninguna,0,Nublado,24,0,6,8,73,35
2024-01-19,Viernes,1,2024,0,0,Cena,18,22,Gaseosa,Bebidas,31,4.0,124.0,Delivery,No,Ninguna,0,Nublado,24,0,7,5,89,46
2024-01-19,Viernes,1,2024,0,0,Cena,18,22,Salchipapa Especial,Salchipapas,27,15.0,405.0,Delivery,No,Ninguna,0,Nublado,24,0,7,14,57,60
2024-01-19,Viernes,1,2024,0,0,Cena,18,22,Pizza Personal,Pizzas,20,13.0,260.0,Web,No,Ninguna,0,Nublado,24,0,7,23,54,54
2024-01-19,Viernes,1,2024,0,0,Cena,18,22,Alitas BBQ,Pollos,33,20.0,660.0,Delivery,No,Ninguna,0,Nublado,24,0,7,13,41,62
2024-01-19,Viernes,1,2024,0,0,Cena,18,22,Jugo Natural,Bebidas,18,6.0,108.0,Delivery,No,Ninguna,0,Nublado,24,0,7,5,54,61
2024-01-20,Sábado,1,2024,1,0,Desayuno,7,11,Sándwich de Pollo,Sándwiches,13,11.0,143.0,Delivery,No,Ninguna,0,Lluvioso,19,1,4,6,33,49
2024-01-20,Sábado,1,2024,1,0,Desayuno,7,11,Jugo Natural,Bebidas,20,6.0,108.0,Presencial,Sí,Combo,10,Lluvioso,19,1,4,4,65,35
2024-01-20,Sábado,1,2024,1,0,Desayuno,7,11,Salchipapa Clásica,Salchipapas,19,10.0,142.5,Delivery,Sí,Descuento,25,Lluvioso,19,1,4,10,53,39
2024-01-20,Sábado,1,2024,1,0,Almuerzo,12,16,Hamburguesa Clásica,Hamburguesas,48,12.0,432.0,Delivery,Sí,2x1,25,Lluvioso,19,1,7,9,61,54
2024-01-20,Sábado,1,2024,1,0,Almuerzo,12,16,Salchipapa Especial,Salchipapas,42,15.0,630.0,Delivery,No,Ninguna,0,Lluvioso,19,1,7,11,61,50
2024-01-20,Sábado,1,2024,1,0,Almuerzo,12,16,Pollo Broaster,Pollos,64,18.0,864.0,Delivery,Sí,2x1,25,Lluvioso,19,1,7,17,96,73
2024-01-20,Sábado,1,2024,1,0,Almuerzo,12,16,Cheeseburger,Hamburguesas,39,14.0,546.0,Delivery,No,Ninguna,0,Lluvioso,19,1,7,13,48,59
2024-01-20,Sábado,1,2024,1,0,Almuerzo,12,16,Pizza Familiar,Pizzas,26,32.0,832.0,Presencial,No,Ninguna,0,Lluvioso,19,1,7,21,50,50
2024-01-20,Sábado,1,2024,1,0,Almuerzo,12,16,Gaseosa,Bebidas,56,4.0,190.4,Web,Sí,Combo,15,Lluvioso,19,1,7,3,91,75
2024-01-20,Sábado,1,2024,1,0,Cena,18,22,Gaseosa,Bebidas,48,4.0,192.0,Web,No,Ninguna,0,Lluvioso,19,1,8,2,77,80
2024-01-20,Sábado,1,2024,1,0,Cena,18,22,Cheeseburger,Hamburguesas,31,14.0,434.0,Delivery,No,Ninguna,0,Lluvioso,19,1,8,14,60,69
2024-01-20,Sábado,1,2024,1,0,Cena,18,22,Jugo Natural,Bebidas,23,6.0,138.0,Delivery,No,Ninguna,0,Lluvioso,19,1,8,2,66,75
2024-01-20,Sábado,1,2024,1,0,Cena,18,22,Alitas BBQ,Pollos,33,20.0,660.0,Web,No,Ninguna,0,Lluvioso,19,1,8,12,52,73
2024-01-20,Sábado,1,2024,1,0,Cena,18,22,Hamburguesa BBQ,Hamburguesas,31,16.0,496.0,Web,No,Ninguna,0,Lluvioso,19,1,8,14,59,69
2024-01-21,Domingo,1,2024,1,0,Desayuno,7,11,Gaseosa,Bebidas,18,4.0,72.0,Web,No,Ninguna,0,Soleado,28,0,5,2,41,21
2024-01-21,Domingo,1,2024,1,0,Desayuno,7,11,Jugo Natural,Bebidas,15,6.0,90.0,Web,No,Ninguna,0,Soleado,28,0,5,3,45,27
2024-01-21,Domingo,1,2024,1,0,Desayuno,7,11,Hamburguesa Clásica,Hamburguesas,16,12.0,163.2,Presencial,Sí,Combo,15,Soleado,28,0,5,11,23,32
2024-01-21,Domingo,1,2024,1,0,Desayuno,7,11,Hamburguesa BBQ,Hamburguesas,16,16.0,256.0,Presencial,No,Ninguna,0,Soleado,28,0,5,13,35,19
2024-01-21,Domingo,1,2024,1,0,Desayuno,7,11,Pollo Broaster,Pollos,19,18.0,342.0,Presencial,No,Ninguna,0,Soleado,28,0,5,18,50,31
2024-01-21,Domingo,1,2024,1,0,Desayuno,7,11,Salchipapa Clásica,Salchipapas,11,10.0,110.0,Delivery,No,Ninguna,0,Soleado,28,0,5,15,41,24
2024-01-21,Domingo,1,2024,1,0,Almuerzo,12,16,Cheeseburger,Hamburguesas,33,14.0,346.5,Presencial,Sí,Descuento,25,Soleado,28,0,7,13,47,48
2024-01-21,Domingo,1,2024,1,0,Almuerzo,12,16,Pollo Broaster,Pollos,31,18.0,446.4,Presencial,Sí,Descuento,20,Soleado,28,0,7,14,37,40
2024-01-21,Domingo,1,2024,1,0,Almuerzo,12,16,Hamburguesa Clásica,Hamburguesas,28,12.0,336.0,Delivery,No,Ninguna,0,Soleado,28,0,7,13,36,43
2024-01-21,Domingo,1,2024,1,0,Almuerzo,12,16,Pizza Personal,Pizzas,31,13.0,342.55,Delivery,Sí,2x1,15,Soleado,28,0,7,16,43,54
2024-01-21,Domingo,1,2024,1,0,Cena,18,22,Hamburguesa Clásica,Hamburguesas,32,12.0,384.0,Presencial,No,Ninguna,0,Soleado,28,0,6,13,42,74
2024-01-21,Domingo,1,2024,1,0,Cena,18,22,Pizza Familiar,Pizzas,15,32.0,480.0,Delivery,No,Ninguna,0,Soleado,28,0,6,25,34,68
2024-01-21,Domingo,1,2024,1,0,Cena,18,22,Alitas BBQ,Pollos,25,20.0,500.0,Presencial,No,Ninguna,0,Soleado,28,0,6,14,37,46
2024-01-21,Domingo,1,2024,1,0,Cena,18,22,Salchipapa Clásica,Salchipapas,29,10.0,290.0,Delivery,No,Ninguna,0,Soleado,28,0,6,8,61,47
2024-01-22,Lunes,1,2024,0,0,Desayuno,7,11,Gaseosa,Bebidas,15,4.0,60.0,Presencial,No,Ninguna,0,Nublado,20,0,2,2,53,13
2024-01-22,Lunes,1,2024,0,0,Desayuno,7,11,Sándwich de Pollo,Sándwiches,9,11.0,99.0,Presencial,No,Ninguna,0,Nublado,20,0,2,10,35,14
2024-01-22,Lunes,1,2024,0,0,Desayuno,7,11,Cheeseburger,Hamburguesas,6,14.0,84.0,Delivery,No,Ninguna,0,Nublado,20,0,2,8,40,25
2024-01-22,Lunes,1,2024,0,0,Desayuno,7,11,Salchipapa Clásica,Salchipapas,7,10.0,56.0,Presencial,Sí,Descuento,20,Nublado,20,0,2,10,20,28
2024-01-22,Lunes,1,2024,0,0,Almuerzo,12,16,Pollo Broaster,Pollos,38,18.0,684.0,Delivery,No,Ninguna,0,Nublado,20,0,5,13,52,37
2024-01-22,Lunes,1,2024,0,0,Almuerzo,12,16,Jugo Natural,Bebidas,16,6.0,96.0,Presencial,No,Ninguna,0,Nublado,20,0,5,5,70,32
2024-01-22,Lunes,1,2024,0,0,Almuerzo,12,16,Pizza Familiar,Pizzas,15,32.0,480.0,Delivery,No,Ninguna,0,Nublado,20,0,5,15,42,34
2024-01-22,Lunes,1,2024,0,0,Cena,18,22,Pizza Familiar,Pizzas,10,32.0,320.0,Delivery,No,Ninguna,0,Nublado,20,0,8,19,38,63
2024-01-22,Lunes,1,2024,0,0,Cena,18,22,Gaseosa,Bebidas,27,4.0,108.0,Web,No,Ninguna,0,Nublado,20,0,8,2,58,64
2024-01-22,Lunes,1,2024,0,0,Cena,18,22,Alitas BBQ,Pollos,18,20.0,360.0,Delivery,No,Ninguna,0,Nublado,20,0,8,12,38,58
2024-01-23,Martes,1,2024,0,0,Desayuno,7,11,Jugo Natural,Bebidas,11,6.0,66.0,Presencial,No,Ninguna,0,Nublado,19,0,2,5,49,10
2024-01-23,Martes,1,2024,0,0,Desayuno,7,11,Sándwich de Pollo,Sándwiches,11,11.0,121.0,Presencial,No,Ninguna,0,Nublado,19,0,2,11,29,14
2024-01-23,Martes,1,2024,0,0,Desayuno,7,11,Hamburguesa Clásica,Hamburguesas,12,12.0,144.0,Presencial,No,Ninguna,0,Nublado,19,0,2,8,35,17
2024-01-23,Martes,1,2024,0,0,Desayuno,7,11,Hamburguesa BBQ,Hamburguesas,9,16.0,144.0,Presencial,No,Ninguna,0,Nublado,19,0,2,14,23,11
2024-01-23,Martes,1,2024,0,0,Almuerzo,12,16,Salchipapa Clásica,Salchipapas,23,10.0,230.0,Presencial,No,Ninguna,0,Nublado,19,0,6,11,51,32
2024-01-23,Martes,1,2024,0,0,Almuerzo,12,16,Pollo Broaster,Pollos,34,18.0,612.0,Presencial,No,Ninguna,0,Nublado,19,0,6,12,69,32
2024-01-23,Martes,1,2024,0,0,Almuerzo,12,16,Salchipapa Especial,Salchipapas,29,15.0,435.0,Delivery,No,Ninguna,0,Nublado,19,0,6,11,47,37
2024-01-23,Martes,1,2024,0,0,Almuerzo,12,16,Cheeseburger,Hamburguesas,16,14.0,224.0,Web,No,Ninguna,0,Nublado,19,0,6,8,50,26
2024-01-23,Martes,1,2024,0,0,Cena,18,22,Cheeseburger,Hamburguesas,17,14.0,238.0,Presencial,No,Ninguna,0,Nublado,19,0,4,9,29,56
2024-01-23,Martes,1,2024,0,0,Cena,18,22,Alitas BBQ,Pollos,15,20.0,300.0,Web,No,Ninguna,0,Nublado,19,0,4,17,30,50
2024-01-23,Martes,1,2024,0,0,Cena,18,22,Salchipapa Clásica,Salchipapas,11,10.0,110.0,Presencial,No,Ninguna,0,Nublado,19,0,4,9,20,47
2024-01-23,Martes,1,2024,0,0,Cena,18,22,Salchipapa Especial,Salchipapas,25,15.0,300.0,Delivery,Sí,Combo,20,Nublado,19,0,4,9,32,55
2024-01-24,Miércoles,1,2024,0,0,Desayuno,7,11,Cheeseburger,Hamburguesas,9,14.0,126.0,Presencial,No,Ninguna,0,Soleado,27,0,2,9,14,22
2024-01-24,Miércoles,1,2024,0,0,Desayuno,7,11,Sándwich de Pollo,Sándwiches,9,11.0,99.0,Presencial,No,Ninguna,0,Soleado,27,0,2,6,39,24
2024-01-24,Miércoles,1,2024,0,0,Desayuno,7,11,Hamburguesa BBQ,Hamburguesas,9,16.0,144.0,Presencial,No,Ninguna,0,Soleado,27,0,2,13,16,13
2024-01-24,Miércoles,1,2024,0,0,Desayuno,7,11,Jugo Natural,Bebidas,8,6.0,48.0,Delivery,No,Ninguna,0,Soleado,27,0,2,3,28,18
2024-01-24,Miércoles,1,2024,0,0,Desayuno,7,11,Gaseosa,Bebidas,20,4.0,80.0,Presencial,No,Ninguna,0,Soleado,27,0,2,5,66,20
2024-01-24,Miércoles,1,2024,0,0,Almuerzo,12,16,Cheeseburger,Hamburguesas,19,14.0,266.0,Web,No,Ninguna,0,Soleado,27,0,5,11,52,39
2024-01-24,Miércoles,1,2024,0,0,Almuerzo,12,16,Hamburguesa Clásica,Hamburguesas,27,12.0,324.0,Presencial,No,Ninguna,0,Soleado,27,0,5,13,60,26
2024-01-24,Miércoles,1,2024,0,0,Almuerzo,12,16,Salchipapa Especial,Salchipapas,26,15.0,390.0,Delivery,No,Ninguna,0,Soleado,27,0,5,15,42,32
2024-01-24,Miércoles,1,2024,0,0,Cena,18,22,Salchipapa Especial,Salchipapas,31,15.0,372.0,Web,Sí,Descuento,20,Soleado,27,0,6,8,60,70
2024-01-24,Miércoles,1,2024,0,0,Cena,18,22,Alitas BBQ,Pollos,26,20.0,520.0,Delivery,No,Ninguna,0,Soleado,27,0,6,14,36,47
2024-01-24,Miércoles,1,2024,0,0,Cena,18,22,Hamburguesa BBQ,Hamburguesas,26,16.0,416.0,Web,No,Ninguna,0,Soleado,27,0,6,12,61,50
2024-01-24,Miércoles,1,2024,0,0,Cena,18,22,Pollo Broaster,Pollos,31,18.0,558.0,Web,No,Ninguna,0,Soleado,27,0,6,19,37,65
2024-01-24,Miércoles,1,2024,0,0,Cena,18,22,Gaseosa,Bebidas,35,4.0,119.0,Delivery,Sí,Combo,15,Soleado,27,0,6,3,71,46
2024-01-24,Miércoles,1,2024,0,0,Cena,18,22,Jugo Natural,Bebidas,28,6.0,168.0,Web,No,Ninguna,0,Soleado,27,0,6,2,76,65
2024-01-25,Jueves,1,2024,0,0,Desayuno,7,11,Alitas BBQ,Pollos,11,20.0,220.0,Delivery,No,Ninguna,0,Nublado,18,0,2,14,28,23
2024-01-25,Jueves,1,2024,0,0,Desayuno,7,11,Jugo Natural,Bebidas,13,6.0,78.0,Presencial,No,Ninguna,0,Nublado,18,0,2,2,39,19
2024-01-25,Jueves,1,2024,0,0,Desayuno,7,11,Sándwich de Pollo,Sándwiches,7,11.0,77.0,Presencial,No,Ninguna,0,Nublado,18,0,2,8,35,17
2024-01-25,Jueves,1,2024,0,0,Desayuno,7,11,Gaseosa,Bebidas,27,4.0,86.4,Delivery,Sí,Combo,20,Nublado,18,0,2,5,42,22
2024-01-25,Jueves,1,2024,0,0,Almuerzo,12,16,Hamburguesa Clásica,Hamburguesas,32,12.0,288.0,Presencial,Sí,Combo,25,Nublado,18,0,4,8,63,35
2024-01-25,Jueves,1,2024,0,0,Almuerzo,12,16,Pollo Broaster,Pollos,39,18.0,702.0,Delivery,No,Ninguna,0,Nublado,18,0,4,13,69,43
2024-01-25,Jueves,1,2024,0,0,Almuerzo,12,16,Gaseosa,Bebidas,36,4.0,144.0,Presencial,No,Ninguna,0,Nublado,18,0,4,4,61,34
2024-01-25,Jueves,1,2024,0,0,Almuerzo,12,16,Salchipapa Especial,Salchipapas,34,15.0,510.0,Delivery,No,Ninguna,0,Nublado,18,0,4,9,49,30
2024-01-25,Jueves,1,2024,0,0,Cena,18,22,Gaseosa,Bebidas,43,4.0,172.0,Presencial,No,Ninguna,0,Nublado,18,0,7,4,100,43
2024-01-25,Jueves,1,2024,0,0,Cena,18,22,Alitas BBQ,Pollos,20,20.0,400.0,Presencial,No,Ninguna,0,Nublado,18,0,7,19,29,47
2024-01-25,Jueves,1,2024,0,0,Cena,18,22,Pizza Familiar,Pizzas,18,32.0,518.4,Delivery,Sí,Combo,10,Nublado,18,0,7,15,29,57
2024-01-25,Jueves,1,2024,0,0,Cena,18,22,Jugo Natural,Bebidas,21,6.0,126.0,Web,No,Ninguna,0,Nublado,18,0,7,5,66,49
2024-01-25,Jueves,1,2024,0,0,Cena,18,22,Hamburguesa BBQ,Hamburguesas,21,16.0,336.0,Delivery,No,Ninguna,0,Nublado,18,0,7,10,54,61
2024-01-26,Viernes,1,2024,0,0,Desayuno,7,11,Jugo Natural,Bebidas,11,6.0,66.0,Presencial,No,Ninguna,0,Soleado,25,0,2,3,61,13
2024-01-26,Viernes,1,2024,0,0,Desayuno,7,11,Gaseosa,Bebidas,23,4.0,69.0,Delivery,Sí,Combo,25,Soleado,25,0,2,2,70,31
2024-01-26,Viernes,1,2024,0,0,Desayuno,7,11,Sándwich de Pollo,Sándwiches,12,11.0,132.0,Presencial,No,Ninguna,0,Soleado,25,0,2,7,23,14
2024-01-26,Viernes,1,2024,0,0,Desayuno,7,11,Hamburguesa Clásica,Hamburguesas,11,12.0,132.0,Presencial,No,Ninguna,0,Soleado,25,0,2,10,45,14
2024-01-26,Viernes,1,2024,0,0,Almuerzo,12,16,Alitas BBQ,Pollos,32,20.0,640.0,Delivery,No,Ninguna,0,Soleado,25,0,7,18,40,25
2024-01-26,Viernes,1,2024,0,0,Almuerzo,12,16,Pollo Broaster,Pollos,61,18.0,1098.0,Presencial,No,Ninguna,0,Soleado,25,0,7,20,94,29
2024-01-26,Viernes,1,2024,0,0,Almuerzo,12,16,Salchipapa Clásica,Salchipapas,33,10.0,330.0,Presencial,No,Ninguna,0,Soleado,25,0,7,15,39,38
2024-01-26,Viernes,1,2024,0,0,Almuerzo,12,16,Hamburguesa BBQ,Hamburguesas,31,16.0,496.0,Presencial,No,Ninguna,0,Soleado,25,0,7,8,48,37
2024-01-26,Viernes,1,2024,0,0,Almuerzo,12,16,Sándwich de Pollo,Sándwiches,19,11.0,209.0,Delivery,No,Ninguna,0,Soleado,25,0,7,8,52,35
2024-01-26,Viernes,1,2024,0,0,Cena,18,22,Alitas BBQ,Pollos,32,20.0,640.0,Presencial,No,Ninguna,0,Soleado,25,0,4,17,45,47
2024-01-26,Viernes,1,2024,0,0,Cena,18,22,Pizza Personal,Pizzas,18,13.0,234.0,Delivery,No,Ninguna,0,Soleado,25,0,4,21,46,59
2024-01-26,Viernes,1,2024,0,0,Cena,18,22,Pollo Broaster,Pollos,45,18.0,810.0,Web,No,Ninguna,0,Soleado,25,0,4,14,52,56
2024-01-26,Viernes,1,2024,0,0,Cena,18,22,Salchipapa Clásica,Salchipapas,30,10.0,300.0,Delivery,No,Ninguna,0,Soleado,25,0,4,8,40,56
2024-01-27,Sábado,1,2024,1,0,Desayuno,7,11,Jugo Natural,Bebidas,13,6.0,78.0,Presencial,No,Ninguna,0,Soleado,26,0,4,3,58,22
2024-01-27,Sábado,1,2024,1,0,Desayuno,7,11,Gaseosa,Bebidas,24,4.0,96.0,Presencial,No,Ninguna,0,Soleado,26,0,4,5,42,27
2024-01-27,Sábado,1,2024,1,0,Desayuno,7,11,Salchipapa Especial,Salchipapas,19,15.0,242.25,Presencial,Sí,2x1,15,Soleado,26,0,4,8,51,29
2024-01-27,Sábado,1,2024,1,0,Desayuno,7,11,Hamburguesa Clásica,Hamburguesas,19,12.0,228.0,Delivery,No,Ninguna,0,Soleado,26,0,4,8,31,17
2024-01-27,Sábado,1,2024,1,0,Desayuno,7,11,Sándwich de Pollo,Sándwiches,13,11.0,143.0,Web,No,Ninguna,0,Soleado,26,0,4,9,45,28
2024-01-27,Sábado,1,2024,1,0,Almuerzo,12,16,Hamburguesa Clásica,Hamburguesas,43,12.0,412.8,Delivery,Sí,Descuento,20,Soleado,26,0,7,8,58,57
2024-01-27,Sábado,1,2024,1,0,Almuerzo,12,16,Salchipapa Clásica,Salchipapas,25,10.0,250.0,Web,No,Ninguna,0,Soleado,26,0,7,12,36,51
2024-01-27,Sábado,1,2024,1,0,Almuerzo,12,16,Cheeseburger,Hamburguesas,33,14.0,415.8,Presencial,Sí,Descuento,10,Soleado,26,0,7,11,50,58
2024-01-27,Sábado,1,2024,1,0,Almuerzo,12,16,Pizza Personal,Pizzas,27,13.0,351.0,Delivery,No,Ninguna,0,Soleado,26,0,7,18,53,34
2024-01-27,Sábado,1,2024,1,0,Cena,18,22,Pizza Personal,Pizzas,27,13.0,351.0,Delivery,No,Ninguna,0,Soleado,26,0,8,17,62,60
2024-01-27,Sábado,1,2024,1,0,Cena,18,22,Salchipapa Clásica,Salchipapas,24,10.0,240.0,Presencial,No,Ninguna,0,Soleado,26,0,8,12,42,59
2024-01-27,Sábado,1,2024,1,0,Cena,18,22,Gaseosa,Bebidas,27,4.0,108.0,Presencial,No,Ninguna,0,Soleado,26,0,8,5,45,56
2024-01-27,Sábado,1,2024,1,0,Cena,18,22,Alitas BBQ,Pollos,29,20.0,580.0,Web,No,Ninguna,0,Soleado,26,0,8,18,50,66
2024-01-27,Sábado,1,2024,1,0,Cena,18,22,Cheeseburger,Hamburguesas,22,14.0,308.0,Web,No,Ninguna,0,Soleado,26,0,8,11,45,51
2024-01-28,Domingo,1,2024,1,0,Desayuno,7,11,Salchipapa Clásica,Salchipapas,7,10.0,70.0,Presencial,No,Ninguna,0,Nublado,21,0,3,10,27,15
2024-01-28,Domingo,1,2024,1,0,Desayuno,7,11,Sándwich de Pollo,Sándwiches,11,11.0,121.0,Presencial,No,Ninguna,0,Nublado,21,0,3,9,28,17
2024-01-28,Domingo,1,2024,1,0,Desayuno,7,11,Jugo Natural,Bebidas,11,6.0,52.8,Delivery,Sí,2x1,20,Nublado,21,0,3,3,40,24
2024-01-28,Domingo,1,2024,1,0,Almuerzo,12,16,Salchipapa Especial,Salchipapas,36,15.0,540.0,Delivery,No,Ninguna,0,Nublado,21,0,5,10,51,48
2024-01-28,Domingo,1,2024,1,0,Almuerzo,12,16,Pollo Broaster,Pollos,43,18.0,774.0,Delivery,No,Ninguna,0,Nublado,21,0,5,12,60,46
2024-01-28,Domingo,1,2024,1,0,Almuerzo,12,16,Salchipapa Clásica,Salchipapas,34,10.0,340.0,Delivery,No,Ninguna,0,Nublado,21,0,5,8,40,43
2024-01-28,Domingo,1,2024,1,0,Almuerzo,12,16,Cheeseburger,Hamburguesas,26,14.0,364.0,Presencial,No,Ninguna,0,Nublado,21,0,5,9,37,45
2024-01-28,Domingo,1,2024,1,0,Almuerzo,12,16,Hamburguesa Clásica,Hamburguesas,41,12.0,492.0,Presencial,No,Ninguna,0,Nublado,21,0,5,10,65,49
2024-01-28,Domingo,1,2024,1,0,Cena,18,22,Hamburguesa BBQ,Hamburguesas,22,16.0,352.0,Web,No,Ninguna,0,Nublado,21,0,4,9,28,64
2024-01-28,Domingo,1,2024,1,0,Cena,18,22,Cheeseburger,Hamburguesas,29,14.0,406.0,Web,No,Ninguna,0,Nublado,21,0,4,9,64,55
2024-01-28,Domingo,1,2024,1,0,Cena,18,22,Pizza Familiar,Pizzas,19,32.0,547.2,Delivery,Sí,2x1,10,Nublado,21,0,4,21,47,60
2024-01-28,Domingo,1,2024,1,0,Cena,18,22,Hamburguesa Clásica,Hamburguesas,30,12.0,324.0,Delivery,Sí,Descuento,10,Nublado,21,0,4,11,65,53
2024-01-28,Domingo,1,2024,1,0,Cena,18,22,Pollo Broaster,Pollos,36,18.0,648.0,Delivery,No,Ninguna,0,Nublado,21,0,4,18,71,67
2024-01-29,Lunes,1,2024,0,0,Desayuno,7,11,Gaseosa,Bebidas,17,4.0,57.8,Delivery,Sí,Descuento,15,Soleado,29,0,4,5,43,18
2024-01-29,Lunes,1,2024,0,0,Desayuno,7,11,Jugo Natural,Bebidas,9,6.0,54.0,Presencial,No,Ninguna,0,Soleado,29,0,4,5,52,21
2024-01-29,Lunes,1,2024,0,0,Desayuno,7,11,Alitas BBQ,Pollos,11,20.0,176.0,Delivery,Sí,Combo,20,Soleado,29,0,4,15,46,17
2024-01-29,Lunes,1,2024,0,0,Desayuno,7,11,Sándwich de Pollo,Sándwiches,9,11.0,99.0,Presencial,No,Ninguna,0,Soleado,29,0,4,9,35,20
2024-01-29,Lunes,1,2024,0,0,Desayuno,7,11,Cheeseburger,Hamburguesas,9,14.0,126.0,Presencial,No,Ninguna,0,Soleado,29,0,4,14,40,25
2024-01-29,Lunes,1,2024,0,0,Almuerzo,12,16,Pizza Familiar,Pizzas,13,32.0,416.0,Delivery,No,Ninguna,0,Soleado,29,0,7,19,19,27
2024-01-29,Lunes,1,2024,0,0,Almuerzo,12,16,Pollo Broaster,Pollos,31,18.0,558.0,Delivery,No,Ninguna,0,Soleado,29,0,7,19,50,42
2024-01-29,Lunes,1,2024,0,0,Almuerzo,12,16,Hamburguesa BBQ,Hamburguesas,20,16.0,320.0,Presencial,No,Ninguna,0,Soleado,29,0,7,11,48,39
2024-01-29,Lunes,1,2024,0,0,Almuerzo,12,16,Hamburguesa Clásica,Hamburguesas,18,12.0,216.0,Presencial,No,Ninguna,0,Soleado,29,0,7,14,25,28
2024-01-29,Lunes,1,2024,0,0,Almuerzo,12,16,Pizza Personal,Pizzas,22,13.0,286.0,Delivery,No,Ninguna,0,Soleado,29,0,7,25,48,44
2024-01-29,Lunes,1,2024,0,0,Cena,18,22,Alitas BBQ,Pollos,21,20.0,420.0,Delivery,No,Ninguna,0,Soleado,29,0,6,19,29,59
2024-01-29,Lunes,1,2024,0,0,Cena,18,22,Cheeseburger,Hamburguesas,26,14.0,327.6,Web,Sí,2x1,10,Soleado,29,0,6,12,42,54
2024-01-29,Lunes,1,2024,0,0,Cena,18,22,Pizza Personal,Pizzas,15,13.0,195.0,Web,No,Ninguna,0,Soleado,29,0,6,21,23,41
2024-01-29,Lunes,1,2024,0,0,Cena,18,22,Hamburguesa Clásica,Hamburguesas,28,12.0,336.0,Presencial,No,Ninguna,0,Soleado,29,0,6,11,59,46
2024-01-30,Martes,1,2024,0,0,Desayuno,7,11,Hamburguesa Clásica,Hamburguesas,12,12.0,144.0,Presencial,No,Ninguna,0,Nublado,23,0,2,11,17,24
2024-01-30,Martes,1,2024,0,0,Desayuno,7,11,Sándwich de Pollo,Sándwiches,8,11.0,88.0,Presencial,No,Ninguna,0,Nublado,23,0,2,10,37,11
2024-01-30,Martes,1,2024,0,0,Desayuno,7,11,Cheeseburger,Hamburguesas,5,14.0,70.0,Presencial,No,Ninguna,0,Nublado,23,0,2,12,38,15
2024-01-30,Martes,1,2024,0,0,Desayuno,7,11,Salchipapa Clásica,Salchipapas,10,10.0,100.0,Presencial,No,Ninguna,0,Nublado,23,0,2,11,23,22
2024-01-30,Martes,1,2024,0,0,Almuerzo,12,16,Salchipapa Especial,Salchipapas,28,15.0,420.0,Web,No,Ninguna,0,Nublado,23,0,6,12,54,42
2024-01-30,Martes,1,2024,0,0,Almuerzo,12,16,Hamburguesa Clásica,Hamburguesas,27,12.0,324.0,Web,No,Ninguna,0,Nublado,23,0,6,10,54,29
2024-01-30,Martes,1,2024,0,0,Almuerzo,12,16,Pizza Personal,Pizzas,25,13.0,243.75,Web,Sí,Combo,25,Nublado,23,0,6,23,39,49
2024-01-30,Martes,1,2024,0,0,Almuerzo,12,16,Pollo Broaster,Pollos,33,18.0,594.0,Delivery,No,Ninguna,0,Nublado,23,0,6,14,39,38
2024-01-30,Martes,1,2024,0,0,Cena,18,22,Hamburguesa BBQ,Hamburguesas,18,16.0,288.0,Presencial,No,Ninguna,0,Nublado,23,0,4,11,26,49
2024-01-30,Martes,1,2024,0,0,Cena,18,22,Pizza Personal,Pizzas,16,13.0,208.0,Delivery,No,Ninguna,0,Nublado,23,0,4,19,43,61
2024-01-30,Martes,1,2024,0,0,Cena,18,22,Pollo Broaster,Pollos,25,18.0,450.0,Delivery,No,Ninguna,0,Nublado,23,0,4,12,53,52
2024-01-30,Martes,1,2024,0,0,Cena,18,22,Alitas BBQ,Pollos,23,20.0,460.0,Web,No,Ninguna,0,Nublado,23,0,4,15,57,59
2024-01-30,Martes,1,2024,0,0,Cena,18,22,Salchipapa Especial,Salchipapas,27,15.0,405.0,Delivery,No,Ninguna,0,Nublado,23,0,4,11,56,62
2024-01-31,Miércoles,1,2024,0,0,Desayuno,7,11,Sándwich de Pollo,Sándwiches,9,11.0,99.0,Presencial,No,Ninguna,0,Nublado,19,0,4,10,41,11
2024-01-31,Miércoles,1,2024,0,0,Desayuno,7,11,Hamburguesa Clásica,Hamburguesas,16,12.0,192.0,Presencial,No,Ninguna,0,Nublado,19,0,4,14,50,20
2024-01-31,Miércoles,1,2024,0,0,Desayuno,7,11,Jugo Natural,Bebidas,10,6.0,60.0,Presencial,No,Ninguna,0,Nublado,19,0,4,4,58,19
2024-01-31,Miércoles,1,2024,0,0,Desayuno,7,11,Gaseosa,Bebidas,17,4.0,68.0,Presencial,No,Ninguna,0,Nublado,19,0,4,5,37,15
2024-01-31,Miércoles,1,2024,0,0,Almuerzo,12,16,Sándwich de Pollo,Sándwiches,22,11.0,242.0,Presencial,No,Ninguna,0,Nublado,19,0,7,11,46,45
2024-01-31,Miércoles,1,2024,0,0,Almuerzo,12,16,Hamburguesa BBQ,Hamburguesas,24,16.0,384.0,Web,No,Ninguna,0,Nublado,19,0,7,14,59,32
2024-01-31,Miércoles,1,2024,0,0,Almuerzo,12,16,Salchipapa Especial,Salchipapas,33,15.0,495.0,Presencial,No,Ninguna,0,Nublado,19,0,7,15,53,33
2024-01-31,Miércoles,1,2024,0,0,Almuerzo,12,16,Hamburguesa Clásica,Hamburguesas,38,12.0,387.6,Presencial,Sí,Descuento,15,Nublado,19,0,7,13,45,41
2024-01-31,Miércoles,1,2024,0,0,Cena,18,22,Gaseosa,Bebidas,37,4.0,148.0,Web,No,Ninguna,0,Nublado,19,0,5,2,95,62
2024-01-31,Miércoles,1,2024,0,0,Cena,18,22,Hamburguesa BBQ,Hamburguesas,21,16.0,268.8,Presencial,Sí,2x1,20,Nublado,19,0,5,8,44,43
2024-01-31,Miércoles,1,2024,0,0,Cena,18,22,Pizza Personal,Pizzas,16,13.0,208.0,Delivery,No,Ninguna,0,Nublado,19,0,5,20,21,48
2024-01-31,Miércoles,1,2024,0,0,Cena,18,22,Salchipapa Clásica,Salchipapas,23,10.0,230.0,Delivery,No,Ninguna,0,Nublado,19,0,5,8,50,43
2024-02-01,Jueves,2,2024,0,0,Desayuno,7,11,Sándwich de Pollo,Sándwiches,9,11.0,99.0,Presencial,No,Ninguna,0,Nublado,20,0,3,9,39,10
2024-02-01,Jueves,2,2024,0,0,Desayuno,7,11,Salchipapa Clásica,Salchipapas,7,10.0,70.0,Delivery,No,Ninguna,0,Nublado,20,0,3,13,42,19
2024-02-01,Jueves,2,2024,0,0,Desayuno,7,11,Jugo Natural,Bebidas,13,6.0,78.0,Presencial,No,Ninguna,0,Nublado,20,0,3,4,41,14
2024-02-01,Jueves,2,2024,0,0,Desayuno,7,11,Gaseosa,Bebidas,14,4.0,56.0,Presencial,No,Ninguna,0,Nublado,20,0,3,4,41,21
2024-02-01,Jueves,2,2024,0,0,Desayuno,7,11,Alitas BBQ,Pollos,12,20.0,216.0,Presencial,Sí,2x1,10,Nublado,20,0,3,13,23,31
2024-02-01,Jueves,2,2024,0,0,Desayuno,7,11,Hamburguesa Clásica,Hamburguesas,11,12.0,132.0,Delivery,No,Ninguna,0,Nublado,20,0,3,9,19,25
2024-02-01,Jueves,2,2024,0,0,Almuerzo,12,16,Pollo Broaster,Pollos,34,18.0,612.0,Presencial,No,Ninguna,0,Nublado,20,0,6,18,44,29
2024-02-01,Jueves,2,2024,0,0,Almuerzo,12,16,Salchipapa Especial,Salchipapas,30,15.0,382.5,Presencial,Sí,Combo,15,Nublado,20,0,6,13,63,50
2024-02-01,Jueves,2,2024,0,0,Almuerzo,12,16,Hamburguesa BBQ,Hamburguesas,20,16.0,320.0,Presencial,No,Ninguna,0,Nublado,20,0,6,9,45,39
2024-02-01,Jueves,2,2024,0,0,Almuerzo,12,16,Gaseosa,Bebidas,30,4.0,120.0,Delivery,No,Ninguna,0,Nublado,20,0,6,4,85,33
2024-02-01,Jueves,2,2024,0,0,Cena,18,22,Pizza Familiar,Pizzas,19,32.0,608.0,Delivery,No,Ninguna,0,Nublado,20,0,4,23,32,58
2024-02-01,Jueves,2,2024,0,0,Cena,18,22,Hamburguesa BBQ,Hamburguesas,23,16.0,368.0,Delivery,No,Ninguna,0,Nublado,20,0,4,9,56,57
2024-02-01,Jueves,2,2024,0,0,Cena,18,22,Gaseosa,Bebidas,27,4.0,108.0,Web,No,Ninguna,0,Nublado,20,0,4,2,67,63
2024-02-02,Viernes,2,2024,0,0,Desayuno,7,11,Salchipapa Clásica,Salchipapas,12,10.0,120.0,Presencial,No,Ninguna,0,Soleado,23,0,3,11,41,14
2024-02-02,Viernes,2,2024,0,0,Desayuno,7,11,Hamburguesa Clásica,Hamburguesas,11,12.0,132.0,Presencial,No,Ninguna,0,Soleado,23,0,3,12,45,12
2024-02-02,Viernes,2,2024,0,0,Desayuno,7,11,Gaseosa,Bebidas,19,4.0,76.0,Presencial,No,Ninguna,0,Soleado,23,0,3,4,40,22
2024-02-02,Viernes,2,2024,0,0,Desayuno,7,11,Sándwich de Pollo,Sándwiches,9,11.0,99.0,Presencial,No,Ninguna,0,Soleado,23,0,3,7,26,18
2024-02-02,Viernes,2,2024,0,0,Desayuno,7,11,Cheeseburger,Hamburguesas,9,14.0,126.0,Presencial,No,Ninguna,0,Soleado,23,0,3,14,41,21
2024-02-02,Viernes,2,2024,0,0,Almuerzo,12,16,Alitas BBQ,Pollos,27,20.0,540.0,Presencial,No,Ninguna,0,Soleado,23,0,7,14,43,27
2024-02-02,Viernes,2,2024,0,0,Almuerzo,12,16,Sándwich de Pollo,Sándwiches,25,11.0,275.0,Delivery,No,Ninguna,0,Soleado,23,0,7,6,45,28
2024-02-02,Viernes,2,2024,0,0,Almuerzo,12,16,Pollo Broaster,Pollos,44,18.0,792.0,Presencial,No,Ninguna,0,Soleado,23,0,7,20,50,40
2024-02-02,Viernes,2,2024,0,0,Almuerzo,12,16,Pizza Personal,Pizzas,21,13.0,273.0,Presencial,No,Ninguna,0,Soleado,23,0,7,21,45,29
2024-02-02,Viernes,2,2024,0,0,Cena,18,22,Gaseosa,Bebidas,52,4.0,208.0,Presencial,No,Ninguna,0,Soleado,23,0,8,3,106,55
2024-02-02,Viernes,2,2024,0,0,Cena,18,22,Salchipapa Clásica,Salchipapas,26,10.0,260.0,Presencial,No,Ninguna,0,Soleado,23,0,8,14,43,48
2024-02-02,Viernes,2,2024,0,0,Cena,18,22,Hamburguesa Clásica,Hamburguesas,36,12.0,324.0,Presencial,Sí,Combo,25,Soleado,23,0,8,8,69,50
2024-02-02,Viernes,2,2024,0,0,Cena,18,22,Pizza Personal,Pizzas,13,13.0,169.0,Delivery,No,Ninguna,0,Soleado,23,0,8,24,35,56
2024-02-02,Viernes,2,2024,0,0,Cena,18,22,Jugo Natural,Bebidas,25,6.0,150.0,Delivery,No,Ninguna,0,Soleado,23,0,8,2,84,64
2024-02-02,Viernes,2,2024,0,0,Cena,18,22,Hamburguesa BBQ,Hamburguesas,23,16.0,368.0,Web,No,Ninguna,0,Soleado,23,0,8,10,46,47
2024-02-03,Sábado,2,2024,1,0,Desayuno,7,11,Gaseosa,Bebidas,28,4.0,112.0,Presencial,No,Ninguna,0,Nublado,24,0,3,2,76,29
2024-02-03,Sábado,2,2024,1,0,Desayuno,7,11,Jugo Natural,Bebidas,19,6.0,91.2,Presencial,Sí,2x1,20,Nublado,24,0,3,5,70,31
2024-02-03,Sábado,2,2024,1,0,Desayuno,7,11,Sándwich de Pollo,Sándwiches,9,11.0,99.0,Presencial,No,Ninguna,0,Nublado,24,0,3,10,29,27
2024-02-03,Sábado,2,2024,1,0,Desayuno,7,11,Pollo Broaster,Pollos,32,18.0,432.0,Presencial,Sí,2x1,25,Nublado,24,0,3,13,60,30
2024-02-03,Sábado,2,2024,1,0,Desayuno,7,11,Salchipapa Especial,Salchipapas,15,15.0,225.0,Presencial,No,Ninguna,0,Nublado,24,0,3,8,25,19
2024-02-03,Sábado,2,2024,1,0,Almuerzo,12,16,Hamburguesa BBQ,Hamburguesas,36,16.0,518.4,Delivery,Sí,Combo,10,Nublado,24,0,7,12,42,55
2024-02-03,Sábado,2,2024,1,0,Almuerzo,12,16,Alitas BBQ,Pollos,41,20.0,820.0,Presencial,No,Ninguna,0,Nublado,24,0,7,15,47,39
2024-02-03,Sábado,2,2024,1,0,Almuerzo,12,16,Pizza Personal,Pizzas,28,13.0,364.0,Delivery,No,Ninguna,0,Nublado,24,0,7,20,40,49
2024-02-03,Sábado,2,2024,1,0,Almuerzo,12,16,Salchipapa Especial,Salchipapas,44,15.0,660.0,Web,No,Ninguna,0,Nublado,24,0,7,14,61,34
2024-02-03,Sábado,2,2024,1,0,Cena,18,22,Salchipapa Especial,Salchipapas,34,15.0,510.0,Delivery,No,Ninguna,0,Nublado,24,0,9,14,55,53
2024-02-03,Sábado,2,2024,1,0,Cena,18,22,Pizza Personal,Pizzas,22,13.0,228.8,Delivery,Sí,Combo,20,Nublado,24,0,9,24,35,62
2024-02-03,Sábado,2,2024,1,0,Cena,18,22,Pizza Familiar,Pizzas,16,32.0,512.0,Delivery,No,Ninguna,0,Nublado,24,0,9,22,42,60
2024-02-03,Sábado,2,2024,1,0,Cena,18,22,Hamburguesa BBQ,Hamburguesas,28,16.0,448.0,Presencial,No,Ninguna,0,Nublado,24,0,9,10,46,68
2024-02-03,Sábado,2,2024,1,0,Cena,18,22,Alitas BBQ,Pollos,32,20.0,640.0,Presencial,No,Ninguna,0,Nublado,24,0,9,13,49,64
2024-02-04,Domingo,2,2024,1,0,Desayuno,7,11,Gaseosa,Bebidas,18,4.0,72.0,Presencial,No,Ninguna,0,Nublado,24,0,5,4,46,23
2024-02-04,Domingo,2,2024,1,0,Desayuno,7,11,Sándwich de Pollo,Sándwiches,9,11.0,99.0,Presencial,No,Ninguna,0,Nublado,24,0,5,6,35,27
2024-02-04,Domingo,2,2024,1,0,Desayuno,7,11,Jugo Natural,Bebidas,14,6.0,84.0,Presencial,No,Ninguna,0,Nublado,24,0,5,4,60,33
2024-02-04,Domingo,2,2024,1,0,Desayuno,7,11,Cheeseburger,Hamburguesas,13,14.0,182.0,Presencial,No,Ninguna,0,Nublado,24,0,5,11,25,25
2024-02-04,Domingo,2,2024,1,0,Almuerzo,12,16,Pollo Broaster,Pollos,48,18.0,864.0,Web,No,Ninguna,0,Nublado,24,0,7,12,53,37
2024-02-04,Domingo,2,2024,1,0,Almuerzo,12,16,Salchipapa Clásica,Salchipapas,20,10.0,200.0,Presencial,No,Ninguna,0,Nublado,24,0,7,10,42,45
2024-02-04,Domingo,2,2024,1,0,Almuerzo,12,16,Gaseosa,Bebidas,44,4.0,176.0,Web,No,Ninguna,0,Nublado,24,0,7,5,72,40
2024-02-04,Domingo,2,2024,1,0,Almuerzo,12,16,Jugo Natural,Bebidas,27,6.0,162.0,Web,No,Ninguna,0,Nublado,24,0,7,3,78,42
2024-02-04,Domingo,2,2024,1,0,Almuerzo,12,16,Hamburguesa Clásica,Hamburguesas,30,12.0,360.0,Presencial,No,Ninguna,0,Nublado,24,0,7,11,41,37
2024-02-04,Domingo,2,2024,1,0,Cena,18,22,Jugo Natural,Bebidas,23,6.0,138.0,Delivery,No,Ninguna,0,Nublado,24,0,6,4,73,68
2024-02-04,Domingo,2,2024,1,0,Cena,18,22,Hamburguesa BBQ,Hamburguesas,21,16.0,336.0,Presencial,No,Ninguna,0,Nublado,24,0,6,10,41,48
2024-02-04,Domingo,2,2024,1,0,Cena,18,22,Pizza Personal,Pizzas,18,13.0,234.0,Delivery,No,Ninguna,0,Nublado,24,0,6,23,52,50
2024-02-05,Lunes,2,2024,0,0,Desayuno,7,11,Sándwich de Pollo,Sándwiches,7,11.0,77.0,Web,No,Ninguna,0,Nublado,20,0,2,10,27,15
2024-02-05,Lunes,2,2024,0,0,Desayuno,7,11,Hamburguesa BBQ,Hamburguesas,8,16.0,128.0,Delivery,No,Ninguna,0,Nublado,20,0,2,13,43,24
2024-02-05,Lunes,2,2024,0,0,Desayuno,7,11,Salchipapa Especial,Salchipapas,13,15.0,195.0,Presencial,No,Ninguna,0,Nublado,20,0,2,14,45,15
2024-02-05,Lunes,2,2024,0,0,Almuerzo,12,16,Pollo Broaster,Pollos,31,18.0,558.0,Delivery,No,Ninguna,0,Nublado,20,0,7,14,41,39
2024-02-05,Lunes,2,2024,0,0,Almuerzo,12,16,Gaseosa,Bebidas,36,4.0,144.0,Delivery,No,Ninguna,0,Nublado,20,0,7,3,76,29
2024-02-05,Lunes,2,2024,0,0,Almuerzo,12,16,Salchipapa Especial,Salchipapas,25,15.0,375.0,Web,No,Ninguna,0,Nublado,20,0,7,14,46,27
2024-02-05,Lunes,2,2024,0,0,Almuerzo,12,16,Alitas BBQ,Pollos,22,20.0,440.0,Presencial,No,Ninguna,0,Nublado,20,0,7,18,36,27
2024-02-05,Lunes,2,2024,0,0,Almuerzo,12,16,Pizza Personal,Pizzas,13,13.0,169.0,Presencial,No,Ninguna,0,Nublado,20,0,7,17,18,34
2024-02-05,Lunes,2,2024,0,0,Almuerzo,12,16,Cheeseburger,Hamburguesas,22,14.0,246.4,Web,Sí,Combo,20,Nublado,20,0,7,11,31,45
2024-02-05,Lunes,2,2024,0,0,Cena,18,22,Hamburguesa Clásica,Hamburguesas,20,12.0,240.0,Delivery,No,Ninguna,0,Nublado,20,0,8,14,27,57
2024-02-05,Lunes,2,2024,0,0,Cena,18,22,Hamburguesa BBQ,Hamburguesas,18,16.0,288.0,Delivery,No,Ninguna,0,Nublado,20,0,8,9,34,51
2024-02-05,Lunes,2,2024,0,0,Cena,18,22,Gaseosa,Bebidas,29,4.0,116.0,Presencial,No,Ninguna,0,Nublado,20,0,8,5,62,57
2024-02-05,Lunes,2,2024,0,0,Cena,18,22,Pizza Personal,Pizzas,14,13.0,182.0,Presencial,No,Ninguna,0,Nublado,20,0,8,23,32,65
2024-02-05,Lunes,2,2024,0,0,Cena,18,22,Salchipapa Especial,Salchipapas,28,15.0,420.0,Delivery,No,Ninguna,0,Nublado,20,0,8,11,41,45
2024-02-05,Lunes,2,2024,0,0,Cena,18,22,Alitas BBQ,Pollos,28,20.0,448.0,Delivery,Sí,2x1,20,Nublado,20,0,8,13,38,56
2024-02-06,Martes,2,2024,0,0,Desayuno,7,11,Gaseosa,Bebidas,13,4.0,52.0,Presencial,No,Ninguna,0,Soleado,24,0,2,5,28,10
2024-02-06,Martes,2,2024,0,0,Desayuno,7,11,Sándwich de Pollo,Sándwiches,7,11.0,77.0,Presencial,No,Ninguna,0,Soleado,24,0,2,12,37,14
2024-02-06,Martes,2,2024,0,0,Desayuno,7,11,Hamburguesa Clásica,Hamburguesas,13,12.0,156.0,Presencial,No,Ninguna,0,Soleado,24,0,2,14,42,21
2024-02-06,Martes,2,2024,0,0,Desayuno,7,11,Jugo Natural,Bebidas,9,6.0,54.0,Presencial,No,Ninguna,0,Soleado,24,0,2,3,36,11
2024-02-06,Martes,2,2024,0,0,Desayuno,7,11,Cheeseburger,Hamburguesas,9,14.0,126.0,Presencial,No,Ninguna,0,Soleado,24,0,2,14,36,18
2024-02-06,Martes,2,2024,0,0,Almuerzo,12,16,Alitas BBQ,Pollos,30,20.0,600.0,Presencial,No,Ninguna,0,Soleado,24,0,7,16,64,28
2024-02-06,Martes,2,2024,0,0,Almuerzo,12,16,Gaseosa,Bebidas,43,4.0,172.0,Delivery,No,Ninguna,0,Soleado,24,0,7,2,74,45
2024-02-06,Martes,2,2024,0,0,Almuerzo,12,16,Cheeseburger,Hamburguesas,18,14.0,252.0,Presencial,No,Ninguna,0,Soleado,24,0,7,13,36,34
2024-02-06,Martes,2,2024,0,0,Almuerzo,12,16,Pollo Broaster,Pollos,35,18.0,630.0,Delivery,No,Ninguna,0,Soleado,24,0,7,15,40,30
2024-02-06,Martes,2,2024,0,0,Cena,18,22,Gaseosa,Bebidas,54,4.0,194.4,Delivery,Sí,2x1,10,Soleado,24,0,7,3,100,45
2024-02-06,Martes,2,2024,0,0,Cena,18,22,Hamburguesa Clásica,Hamburguesas,34,12.0,408.0,Web,No,Ninguna,0,Soleado,24,0,7,11,62,57
2024-02-06,Martes,2,2024,0,0,Cena,18,22,Pizza Personal,Pizzas,18,13.0,234.0,Delivery,No,Ninguna,0,Soleado,24,0,7,15,38,62
2024-02-06,Martes,2,2024,0,0,Cena,18,22,Pizza Familiar,Pizzas,14,32.0,448.0,Delivery,No,Ninguna,0,Soleado,24,0,7,17,36,57
2024-02-06,Martes,2,2024,0,0,Cena,18,22,Cheeseburger,Hamburguesas,22,14.0,308.0,Delivery,No,Ninguna,0,Soleado,24,0,7,14,44,63
2024-02-06,Martes,2,2024,0,0,Cena,18,22,Pollo Broaster,Pollos,41,18.0,553.5,Presencial,Sí,2x1,25,Soleado,24,0,7,14,74,57
2024-02-07,Miércoles,2,2024,0,0,Desayuno,7,11,Sándwich de Pollo,Sándwiches,7,11.0,77.0,Presencial,No,Ninguna,0,Soleado,28,0,4,6,15,14
2024-02-07,Miércoles,2,2024,0,0,Desayuno,7,11,Hamburguesa Clásica,Hamburguesas,13,12.0,156.0,Presencial,No,Ninguna,0,Soleado,28,0,4,11,34,12
2024-02-07,Miércoles,2,2024,0,0,Desayuno,7,11,Cheeseburger,Hamburguesas,6,14.0,84.0,Presencial,No,Ninguna,0,Soleado,28,0,4,8,40,18
2024-02-07,Miércoles,2,2024,0,0,Desayuno,7,11,Gaseosa,Bebidas,19,4.0,76.0,Delivery,No,Ninguna,0,Soleado,28,0,4,2,57,25
2024-02-07,Miércoles,2,2024,0,0,Desayuno,7,11,Jugo Natural,Bebidas,11,6.0,66.0,Delivery,No,Ninguna,0,Soleado,28,0,4,2,45,23
2024-02-07,Miércoles,2,2024,0,0,Almuerzo,12,16,Hamburguesa Clásica,Hamburguesas,32,12.0,384.0,Presencial,No,Ninguna,0,Soleado,28,0,5,9,54,31
2024-02-07,Miércoles,2,2024,0,0,Almuerzo,12,16,Salchipapa Clásica,Salchipapas,29,10.0,290.0,Delivery,No,Ninguna,0,Soleado,28,0,5,15,56,38
2024-02-07,Miércoles,2,2024,0,0,Almuerzo,12,16,Pollo Broaster,Pollos,30,18.0,540.0,Presencial,No,Ninguna,0,Soleado,28,0,5,17,56,28
2024-02-07,Miércoles,2,2024,0,0,Cena,18,22,Sándwich de Pollo,Sándwiches,17,11.0,187.0,Delivery,No,Ninguna,0,Soleado,28,0,6,10,29,53
2024-02-07,Miércoles,2,2024,0,0,Cena,18,22,Salchipapa Especial,Salchipapas,27,15.0,405.0,Delivery,No,Ninguna,0,Soleado,28,0,6,13,62,46
2024-02-07,Miércoles,2,2024,0,0,Cena,18,22,Pollo Broaster,Pollos,25,18.0,450.0,Presencial,No,Ninguna,0,Soleado,28,0,6,12,46,52
2024-02-07,Miércoles,2,2024,0,0,Cena,18,22,Alitas BBQ,Pollos,18,20.0,324.0,Presencial,Sí,Descuento,10,Soleado,28,0,6,16,52,52
2024-02-08,Jueves,2,2024,0,0,Desayuno,7,11,Gaseosa,Bebidas,14,4.0,56.0,Presencial,No,Ninguna,0,Soleado,31,0,4,3,33,18
2024-02-08,Jueves,2,2024,0,0,Desayuno,7,11,Sándwich de Pollo,Sándwiches,12,11.0,132.0,Presencial,No,Ninguna,0,Soleado,31,0,4,10,43,25
2024-02-08,Jueves,2,2024,0,0,Desayuno,7,11,Cheeseburger,Hamburguesas,11,14.0,154.0,Presencial,No,Ninguna,0,Soleado,31,0,4,14,17,19
2024-02-08,Jueves,2,2024,0,0,Desayuno,7,11,Jugo Natural,Bebidas,13,6.0,78.0,Presencial,No,Ninguna,0,Soleado,31,0,4,2,42,20
2024-02-08,Jueves,2,2024,0,0,Desayuno,7,11,Hamburguesa Clásica,Hamburguesas,13,12.0,156.0,Presencial,No,Ninguna,0,Soleado,31,0,4,12,19,10
2024-02-08,Jueves,2,2024,0,0,Almuerzo,12,16,Salchipapa Clásica,Salchipapas,20,10.0,200.0,Delivery,No,Ninguna,0,Soleado,31,0,7,14,29,44
2024-02-08,Jueves,2,2024,0,0,Almuerzo,12,16,Salchipapa Especial,Salchipapas,36,15.0,540.0,Presencial,No,Ninguna,0,Soleado,31,0,7,12,43,27
2024-02-08,Jueves,2,2024,0,0,Almuerzo,12,16,Alitas BBQ,Pollos,22,20.0,440.0,Delivery,No,Ninguna,0,Soleado,31,0,7,20,33,38
2024-02-08,Jueves,2,2024,0,0,Almuerzo,12,16,Pollo Broaster,Pollos,38,18.0,684.0,Delivery,No,Ninguna,0,Soleado,31,0,7,16,67,45
2024-02-08,Jueves,2,2024,0,0,Cena,18,22,Hamburguesa Clásica,Hamburguesas,32,12.0,384.0,Delivery,No,Ninguna,0,Soleado,31,0,6,9,48,50
2024-02-08,Jueves,2,2024,0,0,Cena,18,22,Salchipapa Especial,Salchipapas,30,15.0,450.0,Delivery,No,Ninguna,0,Soleado,31,0,6,13,39,65
2024-02-08,Jueves,2,2024,0,0,Cena,18,22,Pizza Familiar,Pizzas,16,32.0,512.0,Presencial,No,Ninguna,0,Soleado,31,0,6,22,36,42
2024-02-08,Jueves,2,2024,0,0,Cena,18,22,Alitas BBQ,Pollos,23,20.0,391.0,Delivery,Sí,Combo,15,Soleado,31,0,6,14,50,52
2024-02-09,Viernes,2,2024,0,0,Desayuno,7,11,Pollo Broaster,Pollos,17,18.0,306.0,Presencial,No,Ninguna,0,Nublado,18,0,2,17,49,18
2024-02-09,Viernes,2,2024,0,0,Desayuno,7,11,Gaseosa,Bebidas,20,4.0,80.0,Delivery,No,Ninguna,0,Nublado,18,0,2,5,67,19
2024-02-09,Viernes,2,2024,0,0,Desayuno,7,11,Sándwich de Pollo,Sándwiches,10,11.0,110.0,Delivery,No,Ninguna,0,Nublado,18,0,2,6,20,13
2024-02-09,Viernes,2,2024,0,0,Desayuno,7,11,Jugo Natural,Bebidas,13,6.0,78.0,Presencial,No,Ninguna,0,Nublado,18,0,2,4,49,24
2024-02-09,Viernes,2,2024,0,0,Almuerzo,12,16,Cheeseburger,Hamburguesas,20,14.0,280.0,Presencial,No,Ninguna,0,Nublado,18,0,6,11,53,41
2024-02-09,Viernes,2,2024,0,0,Almuerzo,12,16,Pollo Broaster,Pollos,49,18.0,882.0,Web,No,Ninguna,0,Nublado,18,0,6,17,82,25
2024-02-09,Viernes,2,2024,0,0,Almuerzo,12,16,Alitas BBQ,Pollos,31,20.0,620.0,Presencial,No,Ninguna,0,Nublado,18,0,6,15,49,29
2024-02-09,Viernes,2,2024,0,0,Almuerzo,12,16,Gaseosa,Bebidas,39,4.0,156.0,Presencial,No,Ninguna,0,Nublado,18,0,6,5,88,29
2024-02-09,Viernes,2,2024,0,0,Cena,18,22,Gaseosa,Bebidas,30,4.0,120.0,Delivery,No,Ninguna,0,Nublado,18,0,5,3,86,49
2024-02-09,Viernes,2,2024,0,0,Cena,18,22,Salchipapa Especial,Salchipapas,40,15.0,600.0,Presencial,No,Ninguna,0,Nublado,18,0,5,9,50,45
2024-02-09,Viernes,2,2024,0,0,Cena,18,22,Pizza Personal,Pizzas,19,13.0,247.0,Delivery,No,Ninguna,0,Nublado,18,0,5,22,47,44
2024-02-10,Sábado,2,2024,1,0,Desayuno,7,11,Jugo Natural,Bebidas,16,6.0,96.0,Presencial,No,Ninguna,0,Lluvioso,21,1,3,5,76,41
2024-02-10,Sábado,2,2024,1,0,Desayuno,7,11,Salchipapa Clásica,Salchipapas,13,10.0,130.0,Presencial,No,Ninguna,0,Lluvioso,21,1,3,14,42,38
2024-02-10,Sábado,2,2024,1,0,Desayuno,7,11,Sándwich de Pollo,Sándwiches,13,11.0,143.0,Delivery,No,Ninguna,0,Lluvioso,21,1,3,9,46,39
2024-02-10,Sábado,2,2024,1,0,Desayuno,7,11,Gaseosa,Bebidas,22,4.0,88.0,Delivery,No,Ninguna,0,Lluvioso,21,1,3,2,70,40
2024-02-10,Sábado,2,2024,1,0,Desayuno,7,11,Pollo Broaster,Pollos,21,18.0,340.2,Web,Sí,2x1,10,Lluvioso,21,1,3,12,32,48
2024-02-10,Sábado,2,2024,1,0,Desayuno,7,11,Hamburguesa Clásica,Hamburguesas,17,12.0,204.0,Delivery,No,Ninguna,0,Lluvioso,21,1,3,12,51,46
2024-02-10,Sábado,2,2024,1,0,Almuerzo,12,16,Salchipapa Clásica,Salchipapas,44,10.0,440.0,Delivery,No,Ninguna,0,Lluvioso,21,1,7,14,62,50
2024-02-10,Sábado,2,2024,1,0,Almuerzo,12,16,Pollo Broaster,Pollos,55,18.0,990.0,Delivery,No,Ninguna,0,Lluvioso,21,1,7,19,62,44
2024-02-10,Sábado,2,2024,1,0,Almuerzo,12,16,Pizza Personal,Pizzas,29,13.0,377.0,Delivery,No,Ninguna,0,Lluvioso,21,1,7,21,57,66
2024-02-10,Sábado,2,2024,1,0,Cena,18,22,Salchipapa Especial,Salchipapas,41,15.0,553.5,Web,Sí,Combo,10,Lluvioso,21,1,6,9,74,80
2024-02-10,Sábado,2,2024,1,0,Cena,18,22,Jugo Natural,Bebidas,44,6.0,211.2,Delivery,Sí,Combo,20,Lluvioso,21,1,6,5,74,72
2024-02-10,Sábado,2,2024,1,0,Cena,18,22,Alitas BBQ,Pollos,32,20.0,480.0,Delivery,Sí,2x1,25,Lluvioso,21,1,6,20,63,80
2024-02-10,Sábado,2,2024,1,0,Cena,18,22,Pollo Broaster,Pollos,42,18.0,756.0,Presencial,No,Ninguna,0,Lluvioso,21,1,6,12,68,58
2024-02-10,Sábado,2,2024,1,0,Cena,18,22,Pizza Personal,Pizzas,18,13.0,234.0,Web,No,Ninguna,0,Lluvioso,21,1,6,17,28,79
2024-02-11,Domingo,2,2024,1,0,Desayuno,7,11,Cheeseburger,Hamburguesas,13,14.0,145.6,Delivery,Sí,Combo,20,Nublado,22,0,3,14,26,34
2024-02-11,Domingo,2,2024,1,0,Desayuno,7,11,Gaseosa,Bebidas,20,4.0,80.0,Presencial,No,Ninguna,0,Nublado,22,0,3,4,62,31
2024-02-11,Domingo,2,2024,1,0,Desayuno,7,11,Jugo Natural,Bebidas,15,6.0,90.0,Presencial,No,Ninguna,0,Nublado,22,0,3,3,69,26
2024-02-11,Domingo,2,2024,1,0,Desayuno,7,11,Pizza Personal,Pizzas,11,13.0,143.0,Delivery,No,Ninguna,0,Nublado,22,0,3,19,22,32
2024-02-11,Domingo,2,2024,1,0,Desayuno,7,11,Salchipapa Clásica,Salchipapas,14,10.0,126.0,Web,Sí,Combo,10,Nublado,22,0,3,11,19,32
2024-02-11,Domingo,2,2024,1,0,Almuerzo,12,16,Cheeseburger,Hamburguesas,27,14.0,378.0,Delivery,No,Ninguna,0,Nublado,22,0,4,9,38,42
2024-02-11,Domingo,2,2024,1,0,Almuerzo,12,16,Hamburguesa Clásica,Hamburguesas,35,12.0,420.0,Delivery,No,Ninguna,0,Nublado,22,0,4,9,55,44
2024-02-11,Domingo,2,2024,1,0,Almuerzo,12,16,Pollo Broaster,Pollos,82,18.0,1180.8,Delivery,Sí,2x1,20,Nublado,22,0,4,16,105,57
2024-02-11,Domingo,2,2024,1,0,Almuerzo,12,16,Gaseosa,Bebidas,34,4.0,136.0,Delivery,No,Ninguna,0,Nublado,22,0,4,4,53,43
2024-02-11,Domingo,2,2024,1,0,Almuerzo,12,16,Alitas BBQ,Pollos,37,20.0,740.0,Presencial,No,Ninguna,0,Nublado,22,0,4,18,47,43
2024-02-11,Domingo,2,2024,1,0,Cena,18,22,Cheeseburger,Hamburguesas,26,14.0,364.0,Delivery,No,Ninguna,0,Nublado,22,0,7,10,36,53
2024-02-11,Domingo,2,2024,1,0,Cena,18,22,Hamburguesa Clásica,Hamburguesas,35,12.0,357.0,Presencial,Sí,Descuento,15,Nublado,22,0,7,9,50,55
2024-02-11,Domingo,2,2024,1,0,Cena,18,22,Gaseosa,Bebidas,45,4.0,180.0,Delivery,No,Ninguna,0,Nublado,22,0,7,2,93,73
2024-02-11,Domingo,2,2024,1,0,Cena,18,22,Pollo Broaster,Pollos,36,18.0,648.0,Delivery,No,Ninguna,0,Nublado,22,0,7,20,44,49
2024-02-11,Domingo,2,2024,1,0,Cena,18,22,Pizza Familiar,Pizzas,26,32.0,748.8,Presencial,Sí,Descuento,10,Nublado,22,0,7,15,49,59
2024-02-12,Lunes,2,2024,0,0,Desayuno,7,11,Jugo Natural,Bebidas,9,6.0,54.0,Presencial,No,Ninguna,0,Nublado,23,0,2,3,58,13
2024-02-12,Lunes,2,2024,0,0,Desayuno,7,11,Sándwich de Pollo,Sándwiches,8,11.0,88.0,Presencial,No,Ninguna,0,Nublado,23,0,2,8,32,20
2024-02-12,Lunes,2,2024,0,0,Desayuno,7,11,Gaseosa,Bebidas,11,4.0,44.0,Presencial,No,Ninguna,0,Nublado,23,0,2,2,53,24
2024-02-12,Lunes,2,2024,0,0,Desayuno,7,11,Hamburguesa Clásica,Hamburguesas,7,12.0,84.0,Presencial,No,Ninguna,0,Nublado,23,0,2,13,36,24
2024-02-12,Lunes,2,2024,0,0,Desayuno,7,11,Salchipapa Clásica,Salchipapas,10,10.0,100.0,Delivery,No,Ninguna,0,Nublado,23,0,2,10,17,12
2024-02-12,Lunes,2,2024,0,0,Desayuno,7,11,Cheeseburger,Hamburguesas,6,14.0,84.0,Presencial,No,Ninguna,0,Nublado,23,0,2,14,25,24
2024-02-12,Lunes,2,2024,0,0,Almuerzo,12,16,Jugo Natural,Bebidas,25,6.0,150.0,Delivery,No,Ninguna,0,Nublado,23,0,6,2,44,35
2024-02-12,Lunes,2,2024,0,0,Almuerzo,12,16,Pollo Broaster,Pollos,35,18.0,630.0,Presencial,No,Ninguna,0,Nublado,23,0,6,17,59,36
2024-02-12,Lunes,2,2024,0,0,Almuerzo,12,16,Pizza Personal,Pizzas,14,13.0,182.0,Presencial,No,Ninguna,0,Nublado,23,0,6,19,36,41
2024-02-12,Lunes,2,2024,0,0,Almuerzo,12,16,Salchipapa Especial,Salchipapas,27,15.0,405.0,Presencial,No,Ninguna,0,Nublado,23,0,6,15,44,43
2024-02-12,Lunes,2,2024,0,0,Cena,18,22,Hamburguesa BBQ,Hamburguesas,13,16.0,208.0,Delivery,No,Ninguna,0,Nublado,23,0,7,8,41,50
2024-02-12,Lunes,2,2024,0,0,Cena,18,22,Hamburguesa Clásica,Hamburguesas,15,12.0,180.0,Web,No,Ninguna,0,Nublado,23,0,7,10,37,58
2024-02-12,Lunes,2,2024,0,0,Cena,18,22,Salchipapa Especial,Salchipapas,29,15.0,348.0,Delivery,Sí,Combo,20,Nublado,23,0,7,14,44,54
2024-02-13,Martes,2,2024,0,0,Desayuno,7,11,Salchipapa Clásica,Salchipapas,9,10.0,90.0,Presencial,No,Ninguna,0,Soleado,23,0,4,15,20,14
2024-02-13,Martes,2,2024,0,0,Desayuno,7,11,Hamburguesa BBQ,Hamburguesas,12,16.0,192.0,Presencial,No,Ninguna,0,Soleado,23,0,4,11,39,20
2024-02-13,Martes,2,2024,0,0,Desayuno,7,11,Pollo Broaster,Pollos,15,18.0,270.0,Web,No,Ninguna,0,Soleado,23,0,4,20,32,21
2024-02-13,Martes,2,2024,0,0,Almuerzo,12,16,Pizza Personal,Pizzas,21,13.0,245.7,Delivery,Sí,Combo,10,Soleado,23,0,6,21,38,37
2024-02-13,Martes,2,2024,0,0,Almuerzo,12,16,Pollo Broaster,Pollos,30,18.0,540.0,Presencial,No,Ninguna,0,Soleado,23,0,6,20,47,42
2024-02-13,Martes,2,2024,0,0,Almuerzo,12,16,Sándwich de Pollo,Sándwiches,21,11.0,231.0,Delivery,No,Ninguna,0,Soleado,23,0,6,6,46,36
2024-02-13,Martes,2,2024,0,0,Almuerzo,12,16,Pizza Familiar,Pizzas,19,32.0,456.0,Presencial,Sí,Descuento,25,Soleado,23,0,6,22,52,41
2024-02-13,Martes,2,2024,0,0,Almuerzo,12,16,Hamburguesa Clásica,Hamburguesas,30,12.0,360.0,Web,No,Ninguna,0,Soleado,23,0,6,11,52,44
2024-02-13,Martes,2,2024,0,0,Cena,18,22,Alitas BBQ,Pollos,21,20.0,420.0,Delivery,No,Ninguna,0,Soleado,23,0,5,12,44,48
2024-02-13,Martes,2,2024,0,0,Cena,18,22,Hamburguesa BBQ,Hamburguesas,18,16.0,288.0,Presencial,No,Ninguna,0,Soleado,23,0,5,9,46,51
2024-02-13,Martes,2,2024,0,0,Cena,18,22,Gaseosa,Bebidas,32,4.0,128.0,Web,No,Ninguna,0,Soleado,23,0,5,2,62,64
2024-02-13,Martes,2,2024,0,0,Cena,18,22,Pizza Familiar,Pizzas,16,32.0,512.0,Delivery,No,Ninguna,0,Soleado,23,0,5,23,46,63
2024-02-13,Martes,2,2024,0,0,Cena,18,22,Hamburguesa Clásica,Hamburguesas,19,12.0,228.0,Presencial,No,Ninguna,0,Soleado,23,0,5,11,38,59
2024-02-14,Miércoles,2,2024,0,0,Desayuno,7,11,Jugo Natural,Bebidas,10,6.0,60.0,Presencial,No,Ninguna,0,Soleado,30,0,4,5,62,19
2024-02-14,Miércoles,2,2024,0,0,Desayuno,7,11,Gaseosa,Bebidas,12,4.0,48.0,Presencial,No,Ninguna,0,Soleado,30,0,4,2,45,11
2024-02-14,Miércoles,2,2024,0,0,Desayuno,7,11,Pizza Personal,Pizzas,9,13.0,117.0,Presencial,No,Ninguna,0,Soleado,30,0,4,17,33,14
2024-02-14,Miércoles,2,2024,0,0,Desayuno,7,11,Sándwich de Pollo,Sándwiches,8,11.0,88.0,Presencial,No,Ninguna,0,Soleado,30,0,4,10,36,18
2024-02-14,Miércoles,2,2024,0,0,Desayuno,7,11,Cheeseburger,Hamburguesas,8,14.0,112.0,Presencial,No,Ninguna,0,Soleado,30,0,4,12,40,24
2024-02-14,Miércoles,2,2024,0,0,Almuerzo,12,16,Pizza Familiar,Pizzas,14,32.0,448.0,Delivery,No,Ninguna,0,Soleado,30,0,5,25,24,38
2024-02-14,Miércoles,2,2024,0,0,Almuerzo,12,16,Jugo Natural,Bebidas,15,6.0,90.0,Presencial,No,Ninguna,0,Soleado,30,0,5,2,40,36
2024-02-14,Miércoles,2,2024,0,0,Almuerzo,12,16,Salchipapa Clásica,Salchipapas,32,10.0,320.0,Presencial,No,Ninguna,0,Soleado,30,0,5,11,49,40
2024-02-14,Miércoles,2,2024,0,0,Cena,18,22,Alitas BBQ,Pollos,22,20.0,440.0,Web,No,Ninguna,0,Soleado,30,0,7,20,47,50
2024-02-14,Miércoles,2,2024,0,0,Cena,18,22,Pollo Broaster,Pollos,33,18.0,594.0,Delivery,No,Ninguna,0,Soleado,30,0,7,16,46,53
2024-02-14,Miércoles,2,2024,0,0,Cena,18,22,Gaseosa,Bebidas,29,4.0,116.0,Delivery,No,Ninguna,0,Soleado,30,0,7,3,87,48
2024-02-14,Miércoles,2,2024,0,0,Cena,18,22,Salchipapa Especial,Salchipapas,24,15.0,360.0,Delivery,No,Ninguna,0,Soleado,30,0,7,15,40,46
2024-02-14,Miércoles,2,2024,0,0,Cena,18,22,Hamburguesa BBQ,Hamburguesas,13,16.0,208.0,Presencial,No,Ninguna,0,Soleado,30,0,7,14,24,49
2024-02-15,Jueves,2,2024,0,0,Desayuno,7,11,Salchipapa Especial,Salchipapas,11,15.0,165.0,Delivery,No,Ninguna,0,Lluvioso,21,1,3,9,36,26
2024-02-15,Jueves,2,2024,0,0,Desayuno,7,11,Sándwich de Pollo,Sándwiches,12,11.0,132.0,Delivery,No,Ninguna,0,Lluvioso,21,1,3,8,22,34
2024-02-15,Jueves,2,2024,0,0,Desayuno,7,11,Cheeseburger,Hamburguesas,9,14.0,126.0,Presencial,No,Ninguna,0,Lluvioso,21,1,3,14,22,28
2024-02-15,Jueves,2,2024,0,0,Almuerzo,12,16,Pollo Broaster,Pollos,50,18.0,675.0,Presencial,Sí,2x1,25,Lluvioso,21,1,7,12,57,57
2024-02-15,Jueves,2,2024,0,0,Almuerzo,12,16,Pizza Familiar,Pizzas,20,32.0,480.0,Delivery,Sí,Descuento,25,Lluvioso,21,1,7,20,53,45
2024-02-15,Jueves,2,2024,0,0,Almuerzo,12,16,Salchipapa Especial,Salchipapas,37,15.0,555.0,Delivery,No,Ninguna,0,Lluvioso,21,1,7,14,69,43
2024-02-15,Jueves,2,2024,0,0,Almuerzo,12,16,Salchipapa Clásica,Salchipapas,24,10.0,240.0,Presencial,No,Ninguna,0,Lluvioso,21,1,7,15,32,45
2024-02-15,Jueves,2,2024,0,0,Cena,18,22,Salchipapa Clásica,Salchipapas,26,10.0,260.0,Web,No,Ninguna,0,Lluvioso,21,1,4,11,36,61
2024-02-15,Jueves,2,2024,0,0,Cena,18,22,Alitas BBQ,Pollos,25,20.0,500.0,Delivery,No,Ninguna,0,Lluvioso,21,1,4,13,58,72
2024-02-15,Jueves,2,2024,0,0,Cena,18,22,Hamburguesa Clásica,Hamburguesas,18,12.0,216.0,Delivery,No,Ninguna,0,Lluvioso,21,1,4,12,30,76
2024-02-15,Jueves,2,2024,0,0,Cena,18,22,Pollo Broaster,Pollos,34,18.0,612.0,Delivery,No,Ninguna,0,Lluvioso,21,1,4,19,69,60
2024-02-15,Jueves,2,2024,0,0,Cena,18,22,Gaseosa,Bebidas,41,4.0,164.0,Presencial,No,Ninguna,0,Lluvioso,21,1,4,3,93,56
2024-02-16,Viernes,2,2024,0,0,Desayuno,7,11,Sándwich de Pollo,Sándwiches,8,11.0,74.8,Presencial,Sí,Descuento,15,Soleado,24,0,4,12,31,13
2024-02-16,Viernes,2,2024,0,0,Desayuno,7,11,Hamburguesa Clásica,Hamburguesas,10,12.0,108.0,Delivery,Sí,Descuento,10,Soleado,24,0,4,11,25,31
2024-02-16,Viernes,2,2024,0,0,Desayuno,7,11,Gaseosa,Bebidas,27,4.0,108.0,Presencial,No,Ninguna,0,Soleado,24,0,4,3,63,22
2024-02-16,Viernes,2,2024,0,0,Almuerzo,12,16,Salchipapa Especial,Salchipapas,36,15.0,540.0,Presencial,No,Ninguna,0,Soleado,24,0,6,14,65,39
2024-02-16,Viernes,2,2024,0,0,Almuerzo,12,16,Alitas BBQ,Pollos,34,20.0,680.0,Presencial,No,Ninguna,0,Soleado,24,0,6,16,52,40
2024-02-16,Viernes,2,2024,0,0,Almuerzo,12,16,Pollo Broaster,Pollos,32,18.0,576.0,Delivery,No,Ninguna,0,Soleado,24,0,6,20,51,40
2024-02-16,Viernes,2,2024,0,0,Cena,18,22,Salchipapa Clásica,Salchipapas,29,10.0,290.0,Delivery,No,Ninguna,0,Soleado,24,0,7,8,51,42
2024-02-16,Viernes,2,2024,0,0,Cena,18,22,Gaseosa,Bebidas,41,4.0,164.0,Web,No,Ninguna,0,Soleado,24,0,7,3,73,43
2024-02-16,Viernes,2,2024,0,0,Cena,18,22,Pizza Familiar,Pizzas,20,32.0,544.0,Web,Sí,Combo,15,Soleado,24,0,7,25,54,69
2024-02-16,Viernes,2,2024,0,0,Cena,18,22,Pollo Broaster,Pollos,65,18.0,936.0,Presencial,Sí,2x1,20,Soleado,24,0,7,19,71,51
2024-02-17,Sábado,2,2024,1,0,Desayuno,7,11,Sándwich de Pollo,Sándwiches,11,11.0,121.0,Delivery,No,Ninguna,0,Soleado,23,0,5,11,29,25
2024-02-17,Sábado,2,2024,1,0,Desayuno,7,11,Salchipapa Clásica,Salchipapas,14,10.0,140.0,Presencial,No,Ninguna,0,Soleado,23,0,5,14,23,27
2024-02-17,Sábado,2,2024,1,0,Desayuno,7,11,Gaseosa,Bebidas,13,4.0,52.0,Presencial,No,Ninguna,0,Soleado,23,0,5,4,45,29
2024-02-17,Sábado,2,2024,1,0,Desayuno,7,11,Jugo Natural,Bebidas,17,6.0,102.0,Presencial,No,Ninguna,0,Soleado,23,0,5,3,53,18
2024-02-17,Sábado,2,2024,1,0,Desayuno,7,11,Salchipapa Especial,Salchipapas,22,15.0,330.0,Presencial,No,Ninguna,0,Soleado,23,0,5,11,29,27
2024-02-17,Sábado,2,2024,1,0,Desayuno,7,11,Hamburguesa BBQ,Hamburguesas,15,16.0,240.0,Web,No,Ninguna,0,Soleado,23,0,5,10,20,35
2024-02-17,Sábado,2,2024,1,0,Almuerzo,12,16,Cheeseburger,Hamburguesas,33,14.0,462.0,Web,No,Ninguna,0,Soleado,23,0,5,11,54,30
2024-02-17,Sábado,2,2024,1,0,Almuerzo,12,16,Hamburguesa Clásica,Hamburguesas,44,12.0,528.0,Presencial,No,Ninguna,0,Soleado,23,0,5,9,53,35
2024-02-17,Sábado,2,2024,1,0,Almuerzo,12,16,Gaseosa,Bebidas,43,4.0,172.0,Web,No,Ninguna,0,Soleado,23,0,5,2,87,41
2024-02-17,Sábado,2,2024,1,0,Almuerzo,12,16,Hamburguesa BBQ,Hamburguesas,35,16.0,560.0,Delivery,No,Ninguna,0,Soleado,23,0,5,8,67,39
2024-02-17,Sábado,2,2024,1,0,Almuerzo,12,16,Jugo Natural,Bebidas,25,6.0,150.0,Presencial,No,Ninguna,0,Soleado,23,0,5,4,84,46
2024-02-17,Sábado,2,2024,1,0,Cena,18,22,Gaseosa,Bebidas,49,4.0,196.0,Delivery,No,Ninguna,0,Soleado,23,0,5,3,105,50
2024-02-17,Sábado,2,2024,1,0,Cena,18,22,Pizza Personal,Pizzas,21,13.0,273.0,Delivery,No,Ninguna,0,Soleado,23,0,5,22,49,50
2024-02-17,Sábado,2,2024,1,0,Cena,18,22,Cheeseburger,Hamburguesas,16,14.0,224.0,Web,No,Ninguna,0,Soleado,23,0,5,9,31,68
2024-02-17,Sábado,2,2024,1,0,Cena,18,22,Pizza Familiar,Pizzas,18,32.0,576.0,Delivery,No,Ninguna,0,Soleado,23,0,5,20,37,56
2024-02-17,Sábado,2,2024,1,0,Cena,18,22,Salchipapa Clásica,Salchipapas,35,10.0,350.0,Presencial,No,Ninguna,0,Soleado,23,0,5,12,54,66
2024-02-17,Sábado,2,2024,1,0,Cena,18,22,Salchipapa Especial,Salchipapas,34,15.0,510.0,Web,No,Ninguna,0,Soleado,23,0,5,10,48,74
2024-02-18,Domingo,2,2024,1,0,Desayuno,7,11,Jugo Natural,Bebidas,14,6.0,84.0,Presencial,No,Ninguna,0,Lluvioso,16,1,2,4,70,37
2024-02-18,Domingo,2,2024,1,0,Desayuno,7,11,Hamburguesa Clásica,Hamburguesas,16,12.0,192.0,Delivery,No,Ninguna,0,Lluvioso,16,1,2,11,30,45
2024-02-18,Domingo,2,2024,1,0,Desayuno,7,11,Gaseosa,Bebidas,18,4.0,72.0,Presencial,No,Ninguna,0,Lluvioso,16,1,2,2,42,41
2024-02-18,Domingo,2,2024,1,0,Almuerzo,12,16,Gaseosa,Bebidas,50,4.0,200.0,Presencial,No,Ninguna,0,Lluvioso,16,1,6,3,100,46
2024-02-18,Domingo,2,2024,1,0,Almuerzo,12,16,Pollo Broaster,Pollos,48,18.0,864.0,Delivery,No,Ninguna,0,Lluvioso,16,1,6,16,56,55
2024-02-18,Domingo,2,2024,1,0,Almuerzo,12,16,Jugo Natural,Bebidas,31,6.0,186.0,Presencial,No,Ninguna,0,Lluvioso,16,1,6,2,80,64
2024-02-18,Domingo,2,2024,1,0,Almuerzo,12,16,Alitas BBQ,Pollos,40,20.0,800.0,Delivery,No,Ninguna,0,Lluvioso,16,1,6,19,55,64
2024-02-18,Domingo,2,2024,1,0,Cena,18,22,Hamburguesa Clásica,Hamburguesas,27,12.0,324.0,Delivery,No,Ninguna,0,Lluvioso,16,1,7,14,61,61
2024-02-18,Domingo,2,2024,1,0,Cena,18,22,Salchipapa Clásica,Salchipapas,26,10.0,260.0,Delivery,No,Ninguna,0,Lluvioso,16,1,7,9,47,60
2024-02-18,Domingo,2,2024,1,0,Cena,18,22,Pizza Familiar,Pizzas,18,32.0,576.0,Delivery,No,Ninguna,0,Lluvioso,16,1,7,21,34,78
2024-02-18,Domingo,2,2024,1,0,Cena,18,22,Salchipapa Especial,Salchipapas,38,15.0,570.0,Delivery,No,Ninguna,0,Lluvioso,16,1,7,14,66,60
2024-02-18,Domingo,2,2024,1,0,Cena,18,22,Pollo Broaster,Pollos,34,18.0,612.0,Presencial,No,Ninguna,0,Lluvioso,16,1,7,20,49,71
2024-02-19,Lunes,2,2024,0,0,Desayuno,7,11,Jugo Natural,Bebidas,10,6.0,60.0,Presencial,No,Ninguna,0,Soleado,29,0,4,5,27,14
2024-02-19,Lunes,2,2024,0,0,Desayuno,7,11,Alitas BBQ,Pollos,8,20.0,160.0,Delivery,No,Ninguna,0,Soleado,29,0,4,19,20,19
2024-02-19,Lunes,2,2024,0,0,Desayuno,7,11,Gaseosa,Bebidas,17,4.0,54.4,Delivery,Sí,Combo,20,Soleado,29,0,4,4,58,26
2024-02-19,Lunes,2,2024,0,0,Almuerzo,12,16,Sándwich de Pollo,Sándwiches,17,11.0,187.0,Presencial,No,Ninguna,0,Soleado,29,0,7,9,49,27
2024-02-19,Lunes,2,2024,0,0,Almuerzo,12,16,Hamburguesa BBQ,Hamburguesas,24,16.0,384.0,Web,No,Ninguna,0,Soleado,29,0,7,13,47,40
2024-02-19,Lunes,2,2024,0,0,Almuerzo,12,16,Pollo Broaster,Pollos,41,18.0,664.2,Presencial,Sí,Combo,10,Soleado,29,0,7,12,54,33
2024-02-19,Lunes,2,2024,0,0,Almuerzo,12,16,Alitas BBQ,Pollos,20,20.0,400.0,Web,No,Ninguna,0,Soleado,29,0,7,20,45,45
2024-02-19,Lunes,2,2024,0,0,Cena,18,22,Salchipapa Especial,Salchipapas,17,15.0,255.0,Web,No,Ninguna,0,Soleado,29,0,6,13,25,61
2024-02-19,Lunes,2,2024,0,0,Cena,18,22,Pizza Personal,Pizzas,14,13.0,182.0,Web,No,Ninguna,0,Soleado,29,0,6,20,48,51
2024-02-19,Lunes,2,2024,0,0,Cena,18,22,Hamburguesa BBQ,Hamburguesas,18,16.0,288.0,Presencial,No,Ninguna,0,Soleado,29,0,6,14,51,43
2024-02-19,Lunes,2,2024,0,0,Cena,18,22,Pizza Familiar,Pizzas,13,32.0,416.0,Web,No,Ninguna,0,Soleado,29,0,6,23,40,62
2024-02-19,Lunes,2,2024,0,0,Cena,18,22,Cheeseburger,Hamburguesas,14,14.0,196.0,Delivery,No,Ninguna,0,Soleado,29,0,6,9,45,43
2024-02-19,Lunes,2,2024,0,0,Cena,18,22,Gaseosa,Bebidas,23,4.0,92.0,Delivery,No,Ninguna,0,Soleado,29,0,6,2,52,59
2024-02-20,Martes,2,2024,0,0,Desayuno,7,11,Jugo Natural,Bebidas,13,6.0,58.5,Presencial,Sí,Descuento,25,Soleado,25,0,2,2,58,14
2024-02-20,Martes,2,2024,0,0,Desayuno,7,11,Sándwich de Pollo,Sándwiches,9,11.0,99.0,Presencial,No,Ninguna,0,Soleado,25,0,2,7,19,18
2024-02-20,Martes,2,2024,0,0,Desayuno,7,11,Pizza Personal,Pizzas,9,13.0,117.0,Presencial,No,Ninguna,0,Soleado,25,0,2,17,41,10
2024-02-20,Martes,2,2024,0,0,Desayuno,7,11,Cheeseburger,Hamburguesas,10,14.0,140.0,Presencial,No,Ninguna,0,Soleado,25,0,2,13,21,17
2024-02-20,Martes,2,2024,0,0,Desayuno,7,11,Hamburguesa BBQ,Hamburguesas,13,16.0,208.0,Delivery,No,Ninguna,0,Soleado,25,0,2,8,47,15
2024-02-20,Martes,2,2024,0,0,Almuerzo,12,16,Gaseosa,Bebidas,34,4.0,136.0,Presencial,No,Ninguna,0,Soleado,25,0,7,3,81,28
2024-02-20,Martes,2,2024,0,0,Almuerzo,12,16,Cheeseburger,Hamburguesas,18,14.0,252.0,Delivery,No,Ninguna,0,Soleado,25,0,7,12,27,28
2024-02-20,Martes,2,2024,0,0,Almuerzo,12,16,Salchipapa Especial,Salchipapas,28,15.0,420.0,Delivery,No,Ninguna,0,Soleado,25,0,7,13,48,36
2024-02-20,Martes,2,2024,0,0,Almuerzo,12,16,Hamburguesa BBQ,Hamburguesas,14,16.0,179.2,Delivery,Sí,Combo,20,Soleado,25,0,7,9,46,42
2024-02-20,Martes,2,2024,0,0,Cena,18,22,Cheeseburger,Hamburguesas,24,14.0,302.4,Delivery,Sí,2x1,10,Soleado,25,0,5,11,41,57
2024-02-20,Martes,2,2024,0,0,Cena,18,22,Salchipapa Especial,Salchipapas,28,15.0,420.0,Delivery,No,Ninguna,0,Soleado,25,0,5,13,39,43
2024-02-20,Martes,2,2024,0,0,Cena,18,22,Hamburguesa Clásica,Hamburguesas,23,12.0,276.0,Web,No,Ninguna,0,Soleado,25,0,5,11,51,59
2024-02-21,Miércoles,2,2024,0,0,Desayuno,7,11,Hamburguesa Clásica,Hamburguesas,10,12.0,120.0,Presencial,No,Ninguna,0,Soleado,27,0,3,11,22,14
2024-02-21,Miércoles,2,2024,0,0,Desayuno,7,11,Salchipapa Especial,Salchipapas,18,15.0,270.0,Presencial,No,Ninguna,0,Soleado,27,0,3,15,44,14
2024-02-21,Miércoles,2,2024,0,0,Desayuno,7,11,Jugo Natural,Bebidas,16,6.0,76.8,Presencial,Sí,Combo,20,Soleado,27,0,3,5,43,18
2024-02-21,Miércoles,2,2024,0,0,Desayuno,7,11,Cheeseburger,Hamburguesas,8,14.0,112.0,Presencial,No,Ninguna,0,Soleado,27,0,3,14,30,25
2024-02-21,Miércoles,2,2024,0,0,Desayuno,7,11,Alitas BBQ,Pollos,9,20.0,180.0,Web,No,Ninguna,0,Soleado,27,0,3,19,28,11
2024-02-21,Miércoles,2,2024,0,0,Almuerzo,12,16,Hamburguesa Clásica,Hamburguesas,25,12.0,300.0,Presencial,No,Ninguna,0,Soleado,27,0,5,12,51,29
2024-02-21,Miércoles,2,2024,0,0,Almuerzo,12,16,Cheeseburger,Hamburguesas,22,14.0,308.0,Delivery,No,Ninguna,0,Soleado,27,0,5,14,32,42
2024-02-21,Miércoles,2,2024,0,0,Almuerzo,12,16,Alitas BBQ,Pollos,25,20.0,500.0,Presencial,No,Ninguna,0,Soleado,27,0,5,17,54,37
2024-02-21,Miércoles,2,2024,0,0,Cena,18,22,Pollo Broaster,Pollos,25,18.0,450.0,Delivery,No,Ninguna,0,Soleado,27,0,4,17,43,60
2024-02-21,Miércoles,2,2024,0,0,Cena,18,22,Pizza Familiar,Pizzas,12,32.0,384.0,Presencial,No,Ninguna,0,Soleado,27,0,4,16,46,61
2024-02-21,Miércoles,2,2024,0,0,Cena,18,22,Hamburguesa BBQ,Hamburguesas,15,16.0,240.0,Presencial,No,Ninguna,0,Soleado,27,0,4,8,34,49
2024-02-21,Miércoles,2,2024,0,0,Cena,18,22,Salchipapa Clásica,Salchipapas,25,10.0,250.0,Delivery,No,Ninguna,0,Soleado,27,0,4,15,48,53
2024-02-21,Miércoles,2,2024,0,0,Cena,18,22,Gaseosa,Bebidas,40,4.0,120.0,Presencial,Sí,Combo,25,Soleado,27,0,4,3,76,56
2024-02-21,Miércoles,2,2024,0,0,Cena,18,22,Pizza Personal,Pizzas,15,13.0,195.0,Web,No,Ninguna,0,Soleado,27,0,4,20,33,65
2024-02-22,Jueves,2,2024,0,0,Desayuno,7,11,Gaseosa,Bebidas,18,4.0,72.0,Presencial,No,Ninguna,0,Soleado,24,0,2,4,37,12
2024-02-22,Jueves,2,2024,0,0,Desayuno,7,11,Sándwich de Pollo,Sándwiches,9,11.0,99.0,Presencial,No,Ninguna,0,Soleado,24,0,2,12,23,25
2024-02-22,Jueves,2,2024,0,0,Desayuno,7,11,Jugo Natural,Bebidas,11,6.0,66.0,Presencial,No,Ninguna,0,Soleado,24,0,2,5,42,19
2024-02-22,Jueves,2,2024,0,0,Desayuno,7,11,Pizza Familiar,Pizzas,8,32.0,256.0,Presencial,No,Ninguna,0,Soleado,24,0,2,25,35,24
2024-02-22,Jueves,2,2024,0,0,Desayuno,7,11,Hamburguesa Clásica,Hamburguesas,15,12.0,180.0,Presencial,No,Ninguna,0,Soleado,24,0,2,13,37,15
2024-02-22,Jueves,2,2024,0,0,Almuerzo,12,16,Pizza Personal,Pizzas,27,13.0,351.0,Presencial,No,Ninguna,0,Soleado,24,0,5,21,45,29
2024-02-22,Jueves,2,2024,0,0,Almuerzo,12,16,Sándwich de Pollo,Sándwiches,25,11.0,275.0,Presencial,No,Ninguna,0,Soleado,24,0,5,8,50,27
2024-02-22,Jueves,2,2024,0,0,Almuerzo,12,16,Jugo Natural,Bebidas,23,6.0,138.0,Presencial,No,Ninguna,0,Soleado,24,0,5,2,53,44
2024-02-22,Jueves,2,2024,0,0,Almuerzo,12,16,Hamburguesa BBQ,Hamburguesas,25,16.0,400.0,Presencial,No,Ninguna,0,Soleado,24,0,5,13,58,34
2024-02-22,Jueves,2,2024,0,0,Almuerzo,12,16,Pollo Broaster,Pollos,38,18.0,581.4,Delivery,Sí,Combo,15,Soleado,24,0,5,12,73,29
2024-02-22,Jueves,2,2024,0,0,Cena,18,22,Pizza Personal,Pizzas,26,13.0,338.0,Web,No,Ninguna,0,Soleado,24,0,4,21,61,53
2024-02-22,Jueves,2,2024,0,0,Cena,18,22,Pizza Familiar,Pizzas,16,32.0,512.0,Presencial,No,Ninguna,0,Soleado,24,0,4,16,37,44
2024-02-22,Jueves,2,2024,0,0,Cena,18,22,Salchipapa Clásica,Salchipapas,26,10.0,260.0,Web,No,Ninguna,0,Soleado,24,0,4,9,38,58
2024-02-22,Jueves,2,2024,0,0,Cena,18,22,Alitas BBQ,Pollos,19,20.0,380.0,Web,No,Ninguna,0,Soleado,24,0,4,18,49,64
2024-02-22,Jueves,2,2024,0,0,Cena,18,22,Pollo Broaster,Pollos,30,18.0,540.0,Web,No,Ninguna,0,Soleado,24,0,4,15,43,47
2024-02-23,Viernes,2,2024,0,0,Desayuno,7,11,Sándwich de Pollo,Sándwiches,15,11.0,165.0,Presencial,No,Ninguna,0,Soleado,27,0,2,6,40,14
2024-02-23,Viernes,2,2024,0,0,Desayuno,7,11,Cheeseburger,Hamburguesas,14,14.0,196.0,Presencial,No,Ninguna,0,Soleado,27,0,2,9,27,11
2024-02-23,Viernes,2,2024,0,0,Desayuno,7,11,Hamburguesa Clásica,Hamburguesas,17,12.0,204.0,Presencial,No,Ninguna,0,Soleado,27,0,2,9,49,19
2024-02-23,Viernes,2,2024,0,0,Desayuno,7,11,Jugo Natural,Bebidas,11,6.0,66.0,Delivery,No,Ninguna,0,Soleado,27,0,2,3,45,10
2024-02-23,Viernes,2,2024,0,0,Desayuno,7,11,Salchipapa Clásica,Salchipapas,17,10.0,170.0,Delivery,No,Ninguna,0,Soleado,27,0,2,14,47,15
2024-02-23,Viernes,2,2024,0,0,Desayuno,7,11,Gaseosa,Bebidas,31,4.0,93.0,Presencial,Sí,Descuento,25,Soleado,27,0,2,2,56,32
2024-02-23,Viernes,2,2024,0,0,Almuerzo,12,16,Gaseosa,Bebidas,39,4.0,156.0,Presencial,No,Ninguna,0,Soleado,27,0,7,3,54,26
2024-02-23,Viernes,2,2024,0,0,Almuerzo,12,16,Salchipapa Especial,Salchipapas,36,15.0,540.0,Presencial,No,Ninguna,0,Soleado,27,0,7,11,57,45
2024-02-23,Viernes,2,2024,0,0,Almuerzo,12,16,Cheeseburger,Hamburguesas,34,14.0,476.0,Delivery,No,Ninguna,0,Soleado,27,0,7,14,69,45
2024-02-23,Viernes,2,2024,0,0,Almuerzo,12,16,Pizza Personal,Pizzas,20,13.0,260.0,Web,No,Ninguna,0,Soleado,27,0,7,24,51,40
2024-02-23,Viernes,2,2024,0,0,Almuerzo,12,16,Alitas BBQ,Pollos,29,20.0,580.0,Presencial,No,Ninguna,0,Soleado,27,0,7,18,64,34
2024-02-23,Viernes,2,2024,0,0,Cena,18,22,Gaseosa,Bebidas,44,4.0,176.0,Presencial,No,Ninguna,0,Soleado,27,0,5,5,98,54
2024-02-23,Viernes,2,2024,0,0,Cena,18,22,Pizza Familiar,Pizzas,17,32.0,544.0,Presencial,No,Ninguna,0,Soleado,27,0,5,23,35,48
2024-02-23,Viernes,2,2024,0,0,Cena,18,22,Hamburguesa BBQ,Hamburguesas,24,16.0,384.0,Web,No,Ninguna,0,Soleado,27,0,5,9,35,54
2024-02-23,Viernes,2,2024,0,0,Cena,18,22,Hamburguesa Clásica,Hamburguesas,35,12.0,420.0,Delivery,No,Ninguna,0,Soleado,27,0,5,11,67,65
2024-02-23,Viernes,2,2024,0,0,Cena,18,22,Pizza Personal,Pizzas,16,13.0,208.0,Web,No,Ninguna,0,Soleado,27,0,5,21,26,46
2024-02-24,Sábado,2,2024,1,0,Desayuno,7,11,Pizza Personal,Pizzas,9,13.0,117.0,Presencial,No,Ninguna,0,Soleado,25,0,3,21,35,28
2024-02-24,Sábado,2,2024,1,0,Desayuno,7,11,Sándwich de Pollo,Sándwiches,12,11.0,132.0,Presencial,No,Ninguna,0,Soleado,25,0,3,10,18,31
2024-02-24,Sábado,2,2024,1,0,Desayuno,7,11,Gaseosa,Bebidas,29,4.0,87.0,Web,Sí,Descuento,25,Soleado,25,0,3,2,44,36
2024-02-24,Sábado,2,2024,1,0,Almuerzo,12,16,Hamburguesa BBQ,Hamburguesas,35,16.0,560.0,Web,No,Ninguna,0,Soleado,25,0,4,10,62,48
2024-02-24,Sábado,2,2024,1,0,Almuerzo,12,16,Salchipapa Especial,Salchipapas,46,15.0,690.0,Presencial,No,Ninguna,0,Soleado,25,0,4,12,67,35
2024-02-24,Sábado,2,2024,1,0,Almuerzo,12,16,Gaseosa,Bebidas,50,4.0,200.0,Delivery,No,Ninguna,0,Soleado,25,0,4,5,68,36
2024-02-24,Sábado,2,2024,1,0,Almuerzo,12,16,Hamburguesa Clásica,Hamburguesas,47,12.0,479.4,Presencial,Sí,Combo,15,Soleado,25,0,4,11,53,37
2024-02-24,Sábado,2,2024,1,0,Cena,18,22,Sándwich de Pollo,Sándwiches,36,11.0,396.0,Presencial,No,Ninguna,0,Soleado,25,0,5,12,49,56
2024-02-24,Sábado,2,2024,1,0,Cena,18,22,Gaseosa,Bebidas,51,4.0,204.0,Delivery,No,Ninguna,0,Soleado,25,0,5,2,81,69
2024-02-24,Sábado,2,2024,1,0,Cena,18,22,Alitas BBQ,Pollos,32,20.0,640.0,Web,No,Ninguna,0,Soleado,25,0,5,13,63,65
2024-02-24,Sábado,2,2024,1,0,Cena,18,22,Pizza Familiar,Pizzas,22,32.0,704.0,Delivery,No,Ninguna,0,Soleado,25,0,5,25,57,44
2024-02-25,Domingo,2,2024,1,0,Desayuno,7,11,Sándwich de Pollo,Sándwiches,11,11.0,121.0,Presencial,No,Ninguna,0,Soleado,23,0,4,6,33,21
2024-02-25,Domingo,2,2024,1,0,Desayuno,7,11,Cheeseburger,Hamburguesas,13,14.0,182.0,Presencial,No,Ninguna,0,Soleado,23,0,4,14,30,26
2024-02-25,Domingo,2,2024,1,0,Desayuno,7,11,Gaseosa,Bebidas,28,4.0,112.0,Presencial,No,Ninguna,0,Soleado,23,0,4,4,86,18
2024-02-25,Domingo,2,2024,1,0,Desayuno,7,11,Salchipapa Especial,Salchipapas,15,15.0,225.0,Presencial,No,Ninguna,0,Soleado,23,0,4,15,48,30
2024-02-25,Domingo,2,2024,1,0,Almuerzo,12,16,Hamburguesa Clásica,Hamburguesas,34,12.0,408.0,Presencial,No,Ninguna,0,Soleado,23,0,6,9,59,42
2024-02-25,Domingo,2,2024,1,0,Almuerzo,12,16,Hamburguesa BBQ,Hamburguesas,30,16.0,480.0,Presencial,No,Ninguna,0,Soleado,23,0,6,11,48,36
2024-02-25,Domingo,2,2024,1,0,Almuerzo,12,16,Pollo Broaster,Pollos,63,18.0,907.2,Web,Sí,Descuento,20,Soleado,23,0,6,16,86,41
2024-02-25,Domingo,2,2024,1,0,Almuerzo,12,16,Salchipapa Clásica,Salchipapas,23,10.0,207.0,Delivery,Sí,Combo,10,Soleado,23,0,6,12,39,51
2024-02-25,Domingo,2,2024,1,0,Cena,18,22,Pizza Familiar,Pizzas,19,32.0,608.0,Delivery,No,Ninguna,0,Soleado,23,0,5,22,48,45
2024-02-25,Domingo,2,2024,1,0,Cena,18,22,Gaseosa,Bebidas,38,4.0,152.0,Delivery,No,Ninguna,0,Soleado,23,0,5,4,96,69
2024-02-25,Domingo,2,2024,1,0,Cena,18,22,Hamburguesa BBQ,Hamburguesas,32,16.0,460.8,Presencial,Sí,2x1,10,Soleado,23,0,5,14,58,58
2024-02-25,Domingo,2,2024,1,0,Cena,18,22,Pizza Personal,Pizzas,19,13.0,247.0,Delivery,No,Ninguna,0,Soleado,23,0,5,25,36,68
2024-02-26,Lunes,2,2024,0,0,Desayuno,7,11,Sándwich de Pollo,Sándwiches,7,11.0,77.0,Presencial,No,Ninguna,0,Nublado,18,0,2,12,32,16
2024-02-26,Lunes,2,2024,0,0,Desayuno,7,11,Jugo Natural,Bebidas,10,6.0,60.0,Presencial,No,Ninguna,0,Nublado,18,0,2,5,26,16
2024-02-26,Lunes,2,2024,0,0,Desayuno,7,11,Gaseosa,Bebidas,14,4.0,56.0,Presencial,No,Ninguna,0,Nublado,18,0,2,2,57,14
2024-02-26,Lunes,2,2024,0,0,Almuerzo,12,16,Hamburguesa Clásica,Hamburguesas,27,12.0,324.0,Delivery,No,Ninguna,0,Nublado,18,0,7,10,33,40
2024-02-26,Lunes,2,2024,0,0,Almuerzo,12,16,Hamburguesa BBQ,Hamburguesas,18,16.0,288.0,Delivery,No,Ninguna,0,Nublado,18,0,7,8,36,40
2024-02-26,Lunes,2,2024,0,0,Almuerzo,12,16,Pizza Personal,Pizzas,20,13.0,260.0,Presencial,No,Ninguna,0,Nublado,18,0,7,22,28,42
2024-02-26,Lunes,2,2024,0,0,Almuerzo,12,16,Pollo Broaster,Pollos,28,18.0,504.0,Presencial,No,Ninguna,0,Nublado,18,0,7,17,47,45
2024-02-26,Lunes,2,2024,0,0,Almuerzo,12,16,Salchipapa Especial,Salchipapas,35,15.0,525.0,Presencial,No,Ninguna,0,Nublado,18,0,7,15,44,32
2024-02-26,Lunes,2,2024,0,0,Cena,18,22,Hamburguesa Clásica,Hamburguesas,16,12.0,192.0,Delivery,No,Ninguna,0,Nublado,18,0,7,13,36,45
2024-02-26,Lunes,2,2024,0,0,Cena,18,22,Alitas BBQ,Pollos,20,20.0,300.0,Delivery,Sí,Combo,25,Nublado,18,0,7,20,26,51
2024-02-26,Lunes,2,2024,0,0,Cena,18,22,Salchipapa Especial,Salchipapas,23,15.0,345.0,Delivery,No,Ninguna,0,Nublado,18,0,7,11,43,50
2024-02-26,Lunes,2,2024,0,0,Cena,18,22,Jugo Natural,Bebidas,25,6.0,150.0,Web,No,Ninguna,0,Nublado,18,0,7,4,49,50
2024-02-26,Lunes,2,2024,0,0,Cena,18,22,Gaseosa,Bebidas,36,4.0,144.0,Delivery,No,Ninguna,0,Nublado,18,0,7,2,86,56
2024-02-26,Lunes,2,2024,0,0,Cena,18,22,Hamburguesa BBQ,Hamburguesas,18,16.0,259.2,Presencial,Sí,Combo,10,Nublado,18,0,7,12,38,50
2024-02-27,Martes,2,2024,0,0,Desayuno,7,11,Jugo Natural,Bebidas,11,6.0,66.0,Presencial,No,Ninguna,0,Nublado,18,0,3,3,31,10
2024-02-27,Martes,2,2024,0,0,Desayuno,7,11,Salchipapa Clásica,Salchipapas,10,10.0,100.0,Presencial,No,Ninguna,0,Nublado,18,0,3,14,40,23
2024-02-27,Martes,2,2024,0,0,Desayuno,7,11,Sándwich de Pollo,Sándwiches,8,11.0,88.0,Presencial,No,Ninguna,0,Nublado,18,0,3,12,29,23
2024-02-27,Martes,2,2024,0,0,Desayuno,7,11,Gaseosa,Bebidas,14,4.0,56.0,Delivery,No,Ninguna,0,Nublado,18,0,3,2,34,21
2024-02-27,Martes,2,2024,0,0,Almuerzo,12,16,Gaseosa,Bebidas,28,4.0,112.0,Presencial,No,Ninguna,0,Nublado,18,0,4,4,63,45
2024-02-27,Martes,2,2024,0,0,Almuerzo,12,16,Alitas BBQ,Pollos,29,20.0,580.0,Delivery,No,Ninguna,0,Nublado,18,0,4,14,56,25
2024-02-27,Martes,2,2024,0,0,Almuerzo,12,16,Salchipapa Especial,Salchipapas,28,15.0,420.0,Presencial,No,Ninguna,0,Nublado,18,0,4,15,55,45
2024-02-27,Martes,2,2024,0,0,Almuerzo,12,16,Hamburguesa Clásica,Hamburguesas,23,12.0,276.0,Presencial,No,Ninguna,0,Nublado,18,0,4,8,45,45
2024-02-27,Martes,2,2024,0,0,Cena,18,22,Hamburguesa Clásica,Hamburguesas,24,12.0,288.0,Delivery,No,Ninguna,0,Nublado,18,0,6,9,29,56
2024-02-27,Martes,2,2024,0,0,Cena,18,22,Pizza Personal,Pizzas,16,13.0,166.4,Web,Sí,Descuento,20,Nublado,18,0,6,20,24,55
2024-02-27,Martes,2,2024,0,0,Cena,18,22,Pizza Familiar,Pizzas,13,32.0,374.4,Delivery,Sí,2x1,10,Nublado,18,0,6,18,43,58
2024-02-27,Martes,2,2024,0,0,Cena,18,22,Sándwich de Pollo,Sándwiches,22,11.0,242.0,Delivery,No,Ninguna,0,Nublado,18,0,6,10,54,58
2024-02-28,Miércoles,2,2024,0,0,Desayuno,7,11,Cheeseburger,Hamburguesas,9,14.0,126.0,Presencial,No,Ninguna,0,Soleado,28,0,3,14,25,17
2024-02-28,Miércoles,2,2024,0,0,Desayuno,7,11,Salchipapa Clásica,Salchipapas,10,10.0,100.0,Presencial,No,Ninguna,0,Soleado,28,0,3,13,36,14
2024-02-28,Miércoles,2,2024,0,0,Desayuno,7,11,Gaseosa,Bebidas,17,4.0,68.0,Delivery,No,Ninguna,0,Soleado,28,0,3,5,76,22
2024-02-28,Miércoles,2,2024,0,0,Desayuno,7,11,Sándwich de Pollo,Sándwiches,9,11.0,99.0,Presencial,No,Ninguna,0,Soleado,28,0,3,10,18,25
2024-02-28,Miércoles,2,2024,0,0,Almuerzo,12,16,Gaseosa,Bebidas,47,4.0,188.0,Delivery,No,Ninguna,0,Soleado,28,0,5,2,100,26
2024-02-28,Miércoles,2,2024,0,0,Almuerzo,12,16,Pizza Familiar,Pizzas,17,32.0,544.0,Presencial,No,Ninguna,0,Soleado,28,0,5,17,25,28
2024-02-28,Miércoles,2,2024,0,0,Almuerzo,12,16,Salchipapa Clásica,Salchipapas,24,10.0,240.0,Presencial,No,Ninguna,0,Soleado,28,0,5,10,54,36
2024-02-28,Miércoles,2,2024,0,0,Almuerzo,12,16,Hamburguesa BBQ,Hamburguesas,21,16.0,336.0,Web,No,Ninguna,0,Soleado,28,0,5,9,52,26
2024-02-28,Miércoles,2,2024,0,0,Cena,18,22,Pizza Familiar,Pizzas,14,32.0,448.0,Web,No,Ninguna,0,Soleado,28,0,6,24,23,50
2024-02-28,Miércoles,2,2024,0,0,Cena,18,22,Gaseosa,Bebidas,42,4.0,168.0,Delivery,No,Ninguna,0,Soleado,28,0,6,3,77,56
2024-02-28,Miércoles,2,2024,0,0,Cena,18,22,Hamburguesa BBQ,Hamburguesas,24,16.0,288.0,Web,Sí,2x1,25,Soleado,28,0,6,13,57,55
2024-02-28,Miércoles,2,2024,0,0,Cena,18,22,Pollo Broaster,Pollos,43,18.0,774.0,Delivery,No,Ninguna,0,Soleado,28,0,6,16,65,48
2024-02-28,Miércoles,2,2024,0,0,Cena,18,22,Hamburguesa Clásica,Hamburguesas,19,12.0,228.0,Delivery,No,Ninguna,0,Soleado,28,0,6,12,48,60
2024-02-29,Jueves,2,2024,0,0,Desayuno,7,11,Gaseosa,Bebidas,13,4.0,52.0,Presencial,No,Ninguna,0,Soleado,31,0,2,5,33,18
2024-02-29,Jueves,2,2024,0,0,Desayuno,7,11,Pollo Broaster,Pollos,12,18.0,216.0,Presencial,No,Ninguna,0,Soleado,31,0,2,18,17,20
2024-02-29,Jueves,2,2024,0,0,Desayuno,7,11,Sándwich de Pollo,Sándwiches,9,11.0,99.0,Presencial,No,Ninguna,0,Soleado,31,0,2,7,22,20
2024-02-29,Jueves,2,2024,0,0,Desayuno,7,11,Salchipapa Especial,Salchipapas,12,15.0,180.0,Presencial,No,Ninguna,0,Soleado,31,0,2,13,22,14
2024-02-29,Jueves,2,2024,0,0,Almuerzo,12,16,Pollo Broaster,Pollos,42,18.0,756.0,Presencial,No,Ninguna,0,Soleado,31,0,7,15,54,33
2024-02-29,Jueves,2,2024,0,0,Almuerzo,12,16,Gaseosa,Bebidas,41,4.0,164.0,Presencial,No,Ninguna,0,Soleado,31,0,7,2,73,43
2024-02-29,Jueves,2,2024,0,0,Almuerzo,12,16,Salchipapa Especial,Salchipapas,59,15.0,663.75,Presencial,Sí,2x1,25,Soleado,31,0,7,8,72,32
2024-02-29,Jueves,2,2024,0,0,Cena,18,22,Gaseosa,Bebidas,36,4.0,144.0,Web,No,Ninguna,0,Soleado,31,0,8,3,74,42
2024-02-29,Jueves,2,2024,0,0,Cena,18,22,Pizza Familiar,Pizzas,15,32.0,480.0,Delivery,No,Ninguna,0,Soleado,31,0,8,23,34,45
2024-02-29,Jueves,2,2024,0,0,Cena,18,22,Pizza Personal,Pizzas,26,13.0,270.4,Presencial,Sí,Descuento,20,Soleado,31,0,8,24,39,63
2024-02-29,Jueves,2,2024,0,0,Cena,18,22,Hamburguesa Clásica,Hamburguesas,30,12.0,360.0,Web,No,Ninguna,0,Soleado,31,0,8,14,51,52
2024-02-29,Jueves,2,2024,0,0,Cena,18,22,Hamburguesa BBQ,Hamburguesas,21,16.0,336.0,Delivery,No,Ninguna,0,Soleado,31,0,8,11,48,45
2024-03-01,Viernes,3,2024,0,0,Desayuno,7,11,Pizza Familiar,Pizzas,9,32.0,288.0,Web,No,Ninguna,0,Soleado,25,0,4,25,24,18
2024-03-01,Viernes,3,2024,0,0,Desayuno,7,11,Hamburguesa BBQ,Hamburguesas,12,16.0,192.0,Delivery,No,Ninguna,0,Soleado,25,0,4,11,41,24
2024-03-01,Viernes,3,2024,0,0,Desayuno,7,11,Sándwich de Pollo,Sándwiches,11,11.0,121.0,Presencial,No,Ninguna,0,Soleado,25,0,4,6,44,12
2024-03-01,Viernes,3,2024,0,0,Desayuno,7,11,Gaseosa,Bebidas,14,4.0,56.0,Presencial,No,Ninguna,0,Soleado,25,0,4,4,53,24
2024-03-01,Viernes,3,2024,0,0,Desayuno,7,11,Salchipapa Clásica,Salchipapas,11,10.0,110.0,Presencial,No,Ninguna,0,Soleado,25,0,4,8,23,10
2024-03-01,Viernes,3,2024,0,0,Almuerzo,12,16,Alitas BBQ,Pollos,28,20.0,560.0,Presencial,No,Ninguna,0,Soleado,25,0,6,16,48,32
2024-03-01,Viernes,3,2024,0,0,Almuerzo,12,16,Hamburguesa BBQ,Hamburguesas,20,16.0,320.0,Presencial,No,Ninguna,0,Soleado,25,0,6,12,41,44
2024-03-01,Viernes,3,2024,0,0,Almuerzo,12,16,Cheeseburger,Hamburguesas,30,14.0,420.0,Presencial,No,Ninguna,0,Soleado,25,0,6,12,53,42
2024-03-01,Viernes,3,2024,0,0,Almuerzo,12,16,Pollo Broaster,Pollos,34,18.0,612.0,Presencial,No,Ninguna,0,Soleado,25,0,6,15,67,43
2024-03-01,Viernes,3,2024,0,0,Almuerzo,12,16,Sándwich de Pollo,Sándwiches,27,11.0,297.0,Presencial,No,Ninguna,0,Soleado,25,0,6,8,53,33
2024-03-01,Viernes,3,2024,0,0,Cena,18,22,Salchipapa Especial,Salchipapas,32,15.0,480.0,Presencial,No,Ninguna,0,Soleado,25,0,6,13,53,53
2024-03-01,Viernes,3,2024,0,0,Cena,18,22,Jugo Natural,Bebidas,22,6.0,132.0,Presencial,No,Ninguna,0,Soleado,25,0,6,5,57,63
2024-03-01,Viernes,3,2024,0,0,Cena,18,22,Gaseosa,Bebidas,45,4.0,162.0,Presencial,Sí,Combo,10,Soleado,25,0,6,3,72,66
2024-03-01,Viernes,3,2024,0,0,Cena,18,22,Salchipapa Clásica,Salchipapas,25,10.0,250.0,Presencial,No,Ninguna,0,Soleado,25,0,6,14,55,49
2024-03-01,Viernes,3,2024,0,0,Cena,18,22,Pizza Familiar,Pizzas,16,32.0,409.6,Presencial,Sí,Descuento,20,Soleado,25,0,6,15,47,51
2024-03-02,Sábado,3,2024,1,0,Desayuno,7,11,Hamburguesa Clásica,Hamburguesas,20,12.0,240.0,Presencial,No,Ninguna,0,Soleado,26,0,2,10,44,22
2024-03-02,Sábado,3,2024,1,0,Desayuno,7,11,Gaseosa,Bebidas,22,4.0,88.0,Presencial,No,Ninguna,0,Soleado,26,0,2,5,62,16
2024-03-02,Sábado,3,2024,1,0,Desayuno,7,11,Salchipapa Clásica,Salchipapas,14,10.0,119.0,Presencial,Sí,Descuento,15,Soleado,26,0,2,9,29,22
2024-03-02,Sábado,3,2024,1,0,Desayuno,7,11,Jugo Natural,Bebidas,14,6.0,84.0,Presencial,No,Ninguna,0,Soleado,26,0,2,2,67,17
2024-03-02,Sábado,3,2024,1,0,Desayuno,7,11,Cheeseburger,Hamburguesas,12,14.0,168.0,Presencial,No,Ninguna,0,Soleado,26,0,2,11,40,24
2024-03-02,Sábado,3,2024,1,0,Desayuno,7,11,Sándwich de Pollo,Sándwiches,12,11.0,132.0,Presencial,No,Ninguna,0,Soleado,26,0,2,11,41,20
2024-03-02,Sábado,3,2024,1,0,Almuerzo,12,16,Salchipapa Clásica,Salchipapas,34,10.0,340.0,Delivery,No,Ninguna,0,Soleado,26,0,7,8,52,33
2024-03-02,Sábado,3,2024,1,0,Almuerzo,12,16,Gaseosa,Bebidas,58,4.0,232.0,Web,No,Ninguna,0,Soleado,26,0,7,5,117,40
2024-03-02,Sábado,3,2024,1,0,Almuerzo,12,16,Pollo Broaster,Pollos,58,18.0,1044.0,Delivery,No,Ninguna,0,Soleado,26,0,7,17,82,47
2024-03-02,Sábado,3,2024,1,0,Almuerzo,12,16,Hamburguesa BBQ,Hamburguesas,29,16.0,464.0,Presencial,No,Ninguna,0,Soleado,26,0,7,13,41,40
2024-03-02,Sábado,3,2024,1,0,Cena,18,22,Salchipapa Especial,Salchipapas,30,15.0,450.0,Presencial,No,Ninguna,0,Soleado,26,0,7,10,44,46
2024-03-02,Sábado,3,2024,1,0,Cena,18,22,Hamburguesa BBQ,Hamburguesas,22,16.0,352.0,Web,No,Ninguna,0,Soleado,26,0,7,9,55,68
2024-03-02,Sábado,3,2024,1,0,Cena,18,22,Gaseosa,Bebidas,40,4.0,160.0,Web,No,Ninguna,0,Soleado,26,0,7,3,71,51
2024-03-02,Sábado,3,2024,1,0,Cena,18,22,Cheeseburger,Hamburguesas,20,14.0,280.0,Delivery,No,Ninguna,0,Soleado,26,0,7,8,35,50
2024-03-02,Sábado,3,2024,1,0,Cena,18,22,Salchipapa Clásica,Salchipapas,35,10.0,350.0,Presencial,No,Ninguna,0,Soleado,26,0,7,14,68,56
2024-03-03,Domingo,3,2024,1,0,Desayuno,7,11,Pollo Broaster,Pollos,14,18.0,252.0,Presencial,No,Ninguna,0,Nublado,18,0,4,14,29,32
2024-03-03,Domingo,3,2024,1,0,Desayuno,7,11,Hamburguesa Clásica,Hamburguesas,14,12.0,168.0,Presencial,No,Ninguna,0,Nublado,18,0,4,11,25,28
2024-03-03,Domingo,3,2024,1,0,Desayuno,7,11,Sándwich de Pollo,Sándwiches,7,11.0,77.0,Presencial,No,Ninguna,0,Nublado,18,0,4,12,40,35
2024-03-03,Domingo,3,2024,1,0,Almuerzo,12,16,Gaseosa,Bebidas,57,4.0,228.0,Delivery,No,Ninguna,0,Nublado,18,0,8,3,86,50
2024-03-03,Domingo,3,2024,1,0,Almuerzo,12,16,Salchipapa Clásica,Salchipapas,24,10.0,240.0,Presencial,No,Ninguna,0,Nublado,18,0,8,14,47,49
2024-03-03,Domingo,3,2024,1,0,Almuerzo,12,16,Salchipapa Especial,Salchipapas,34,15.0,408.0,Delivery,Sí,Descuento,20,Nublado,18,0,8,11,57,49
2024-03-03,Domingo,3,2024,1,0,Almuerzo,12,16,Hamburguesa Clásica,Hamburguesas,40,12.0,384.0,Delivery,Sí,2x1,20,Nublado,18,0,8,10,57,50
2024-03-03,Domingo,3,2024,1,0,Almuerzo,12,16,Hamburguesa BBQ,Hamburguesas,27,16.0,345.6,Web,Sí,Combo,20,Nublado,18,0,8,12,52,53
2024-03-03,Domingo,3,2024,1,0,Cena,18,22,Pollo Broaster,Pollos,25,18.0,450.0,Delivery,No,Ninguna,0,Nublado,18,0,6,16,36,55
2024-03-03,Domingo,3,2024,1,0,Cena,18,22,Hamburguesa BBQ,Hamburguesas,22,16.0,352.0,Delivery,No,Ninguna,0,Nublado,18,0,6,12,51,54
2024-03-03,Domingo,3,2024,1,0,Cena,18,22,Pizza Familiar,Pizzas,18,32.0,576.0,Delivery,No,Ninguna,0,Nublado,18,0,6,21,30,64
2024-03-04,Lunes,3,2024,0,0,Desayuno,7,11,Gaseosa,Bebidas,8,4.0,32.0,Presencial,No,Ninguna,0,Soleado,26,0,3,5,36,12
2024-03-04,Lunes,3,2024,0,0,Desayuno,7,11,Salchipapa Clásica,Salchipapas,9,10.0,90.0,Presencial,No,Ninguna,0,Soleado,26,0,3,8,29,10
2024-03-04,Lunes,3,2024,0,0,Desayuno,7,11,Hamburguesa Clásica,Hamburguesas,10,12.0,120.0,Presencial,No,Ninguna,0,Soleado,26,0,3,11,39,21
2024-03-04,Lunes,3,2024,0,0,Desayuno,7,11,Cheeseburger,Hamburguesas,9,14.0,126.0,Presencial,No,Ninguna,0,Soleado,26,0,3,13,39,19
2024-03-04,Lunes,3,2024,0,0,Almuerzo,12,16,Hamburguesa BBQ,Hamburguesas,18,16.0,288.0,Presencial,No,Ninguna,0,Soleado,26,0,7,13,40,28
2024-03-04,Lunes,3,2024,0,0,Almuerzo,12,16,Pizza Personal,Pizzas,20,13.0,260.0,Delivery,No,Ninguna,0,Soleado,26,0,7,18,34,44
2024-03-04,Lunes,3,2024,0,0,Almuerzo,12,16,Pizza Familiar,Pizzas,11,32.0,352.0,Presencial,No,Ninguna,0,Soleado,26,0,7,16,28,27
2024-03-04,Lunes,3,2024,0,0,Almuerzo,12,16,Hamburguesa Clásica,Hamburguesas,21,12.0,252.0,Presencial,No,Ninguna,0,Soleado,26,0,7,13,47,31
2024-03-04,Lunes,3,2024,0,0,Almuerzo,12,16,Gaseosa,Bebidas,31,4.0,124.0,Delivery,No,Ninguna,0,Soleado,26,0,7,5,63,44
2024-03-04,Lunes,3,2024,0,0,Cena,18,22,Sándwich de Pollo,Sándwiches,15,11.0,165.0,Web,No,Ninguna,0,Soleado,26,0,5,11,22,58
2024-03-04,Lunes,3,2024,0,0,Cena,18,22,Salchipapa Especial,Salchipapas,18,15.0,270.0,Delivery,No,Ninguna,0,Soleado,26,0,5,10,36,54
2024-03-04,Lunes,3,2024,0,0,Cena,18,22,Pizza Personal,Pizzas,12,13.0,156.0,Delivery,No,Ninguna,0,Soleado,26,0,5,17,39,59
2024-03-04,Lunes,3,2024,0,0,Cena,18,22,Gaseosa,Bebidas,30,4.0,120.0,Delivery,No,Ninguna,0,Soleado,26,0,5,2,89,52
2024-03-05,Martes,3,2024,0,0,Desayuno,7,11,Jugo Natural,Bebidas,9,6.0,54.0,Presencial,No,Ninguna,0,Nublado,19,0,3,2,64,15
2024-03-05,Martes,3,2024,0,0,Desayuno,7,11,Salchipapa Clásica,Salchipapas,9,10.0,90.0,Presencial,No,Ninguna,0,Nublado,19,0,3,9,36,24
2024-03-05,Martes,3,2024,0,0,Desayuno,7,11,Sándwich de Pollo,Sándwiches,8,11.0,88.0,Presencial,No,Ninguna,0,Nublado,19,0,3,6,30,20
2024-03-05,Martes,3,2024,0,0,Desayuno,7,11,Cheeseburger,Hamburguesas,6,14.0,84.0,Presencial,No,Ninguna,0,Nublado,19,0,3,12,34,24
2024-03-05,Martes,3,2024,0,0,Desayuno,7,11,Pollo Broaster,Pollos,13,18.0,234.0,Presencial,No,Ninguna,0,Nublado,19,0,3,12,46,12
2024-03-05,Martes,3,2024,0,0,Desayuno,7,11,Hamburguesa Clásica,Hamburguesas,11,12.0,132.0,Presencial,No,Ninguna,0,Nublado,19,0,3,13,44,16
2024-03-05,Martes,3,2024,0,0,Almuerzo,12,16,Cheeseburger,Hamburguesas,17,14.0,238.0,Web,No,Ninguna,0,Nublado,19,0,4,8,22,31
2024-03-05,Martes,3,2024,0,0,Almuerzo,12,16,Gaseosa,Bebidas,24,4.0,96.0,Presencial,No,Ninguna,0,Nublado,19,0,4,3,45,25
2024-03-05,Martes,3,2024,0,0,Almuerzo,12,16,Hamburguesa BBQ,Hamburguesas,14,16.0,224.0,Delivery,No,Ninguna,0,Nublado,19,0,4,14,29,30
2024-03-05,Martes,3,2024,0,0,Cena,18,22,Gaseosa,Bebidas,31,4.0,99.2,Presencial,Sí,Combo,20,Nublado,19,0,7,4,87,53
2024-03-05,Martes,3,2024,0,0,Cena,18,22,Hamburguesa Clásica,Hamburguesas,19,12.0,228.0,Presencial,No,Ninguna,0,Nublado,19,0,7,12,39,41
2024-03-05,Martes,3,2024,0,0,Cena,18,22,Jugo Natural,Bebidas,19,6.0,114.0,Delivery,No,Ninguna,0,Nublado,19,0,7,2,72,43
2024-03-05,Martes,3,2024,0,0,Cena,18,22,Pollo Broaster,Pollos,29,18.0,522.0,Delivery,No,Ninguna,0,Nublado,19,0,7,17,61,60
2024-03-06,Miércoles,3,2024,0,0,Desayuno,7,11,Gaseosa,Bebidas,20,4.0,80.0,Presencial,No,Ninguna,0,Nublado,18,0,2,4,50,10
2024-03-06,Miércoles,3,2024,0,0,Desayuno,7,11,Cheeseburger,Hamburguesas,6,14.0,84.0,Presencial,No,Ninguna,0,Nublado,18,0,2,10,17,17
2024-03-06,Miércoles,3,2024,0,0,Desayuno,7,11,Jugo Natural,Bebidas,7,6.0,42.0,Presencial,No,Ninguna,0,Nublado,18,0,2,5,43,16
2024-03-06,Miércoles,3,2024,0,0,Desayuno,7,11,Salchipapa Clásica,Salchipapas,11,10.0,110.0,Presencial,No,Ninguna,0,Nublado,18,0,2,14,36,20
2024-03-06,Miércoles,3,2024,0,0,Almuerzo,12,16,Cheeseburger,Hamburguesas,21,14.0,294.0,Delivery,No,Ninguna,0,Nublado,18,0,4,14,38,32
2024-03-06,Miércoles,3,2024,0,0,Almuerzo,12,16,Hamburguesa Clásica,Hamburguesas,22,12.0,264.0,Presencial,No,Ninguna,0,Nublado,18,0,4,13,31,30
2024-03-06,Miércoles,3,2024,0,0,Almuerzo,12,16,Alitas BBQ,Pollos,26,20.0,520.0,Presencial,No,Ninguna,0,Nublado,18,0,4,15,38,29
2024-03-06,Miércoles,3,2024,0,0,Almuerzo,12,16,Salchipapa Especial,Salchipapas,21,15.0,315.0,Delivery,No,Ninguna,0,Nublado,18,0,4,11,39,38
2024-03-06,Miércoles,3,2024,0,0,Almuerzo,12,16,Pollo Broaster,Pollos,29,18.0,522.0,Presencial,No,Ninguna,0,Nublado,18,0,4,17,46,32
2024-03-06,Miércoles,3,2024,0,0,Cena,18,22,Salchipapa Especial,Salchipapas,27,15.0,405.0,Delivery,No,Ninguna,0,Nublado,18,0,5,9,56,65
2024-03-06,Miércoles,3,2024,0,0,Cena,18,22,Alitas BBQ,Pollos,12,20.0,240.0,Delivery,No,Ninguna,0,Nublado,18,0,5,16,29,49
2024-03-06,Miércoles,3,2024,0,0,Cena,18,22,Hamburguesa Clásica,Hamburguesas,24,12.0,288.0,Presencial,No,Ninguna,0,Nublado,18,0,5,10,33,54
2024-03-06,Miércoles,3,2024,0,0,Cena,18,22,Pollo Broaster,Pollos,29,18.0,522.0,Presencial,No,Ninguna,0,Nublado,18,0,5,19,46,46
2024-03-07,Jueves,3,2024,0,0,Desayuno,7,11,Jugo Natural,Bebidas,12,6.0,72.0,Delivery,No,Ninguna,0,Lluvioso,19,1,2,5,67,28
2024-03-07,Jueves,3,2024,0,0,Desayuno,7,11,Gaseosa,Bebidas,17,4.0,68.0,Presencial,No,Ninguna,0,Lluvioso,19,1,2,5,34,31
2024-03-07,Jueves,3,2024,0,0,Desayuno,7,11,Hamburguesa Clásica,Hamburguesas,9,12.0,108.0,Delivery,No,Ninguna,0,Lluvioso,19,1,2,13,18,41
2024-03-07,Jueves,3,2024,0,0,Desayuno,7,11,Cheeseburger,Hamburguesas,8,14.0,112.0,Presencial,No,Ninguna,0,Lluvioso,19,1,2,8,29,25
2024-03-07,Jueves,3,2024,0,0,Desayuno,7,11,Sándwich de Pollo,Sándwiches,8,11.0,88.0,Delivery,No,Ninguna,0,Lluvioso,19,1,2,10,34,35
2024-03-07,Jueves,3,2024,0,0,Desayuno,7,11,Salchipapa Clásica,Salchipapas,8,10.0,80.0,Delivery,No,Ninguna,0,Lluvioso,19,1,2,13,39,35
2024-03-07,Jueves,3,2024,0,0,Almuerzo,12,16,Cheeseburger,Hamburguesas,25,14.0,262.5,Delivery,Sí,Combo,25,Lluvioso,19,1,6,10,53,38
2024-03-07,Jueves,3,2024,0,0,Almuerzo,12,16,Jugo Natural,Bebidas,20,6.0,120.0,Presencial,No,Ninguna,0,Lluvioso,19,1,6,2,63,45
2024-03-07,Jueves,3,2024,0,0,Almuerzo,12,16,Salchipapa Especial,Salchipapas,43,15.0,645.0,Presencial,No,Ninguna,0,Lluvioso,19,1,6,11,56,43
2024-03-07,Jueves,3,2024,0,0,Cena,18,22,Cheeseburger,Hamburguesas,20,14.0,280.0,Delivery,No,Ninguna,0,Lluvioso,19,1,4,13,49,59
2024-03-07,Jueves,3,2024,0,0,Cena,18,22,Alitas BBQ,Pollos,19,20.0,342.0,Web,Sí,Combo,10,Lluvioso,19,1,4,12,36,88
2024-03-07,Jueves,3,2024,0,0,Cena,18,22,Salchipapa Clásica,Salchipapas,22,10.0,220.0,Web,No,Ninguna,0,Lluvioso,19,1,4,14,37,78
2024-03-07,Jueves,3,2024,0,0,Cena,18,22,Pizza Familiar,Pizzas,14,32.0,448.0,Web,No,Ninguna,0,Lluvioso,19,1,4,20,46,65
2024-03-07,Jueves,3,2024,0,0,Cena,18,22,Gaseosa,Bebidas,43,4.0,172.0,Delivery,No,Ninguna,0,Lluvioso,19,1,4,3,59,53
2024-03-07,Jueves,3,2024,0,0,Cena,18,22,Hamburguesa BBQ,Hamburguesas,23,16.0,368.0,Web,No,Ninguna,0,Lluvioso,19,1,4,11,47,70
2024-03-08,Viernes,3,2024,0,0,Desayuno,7,11,Jugo Natural,Bebidas,14,6.0,75.6,Presencial,Sí,Combo,10,Nublado,24,0,3,2,51,27
2024-03-08,Viernes,3,2024,0,0,Desayuno,7,11,Sándwich de Pollo,Sándwiches,11,11.0,121.0,Web,No,Ninguna,0,Nublado,24,0,3,7,38,25
2024-03-08,Viernes,3,2024,0,0,Desayuno,7,11,Pizza Familiar,Pizzas,9,32.0,288.0,Presencial,No,Ninguna,0,Nublado,24,0,3,25,31,11
2024-03-08,Viernes,3,2024,0,0,Desayuno,7,11,Salchipapa Especial,Salchipapas,13,15.0,195.0,Presencial,No,Ninguna,0,Nublado,24,0,3,11,25,24
2024-03-08,Viernes,3,2024,0,0,Almuerzo,12,16,Alitas BBQ,Pollos,30,20.0,600.0,Web,No,Ninguna,0,Nublado,24,0,4,16,56,35
2024-03-08,Viernes,3,2024,0,0,Almuerzo,12,16,Hamburguesa BBQ,Hamburguesas,34,16.0,544.0,Delivery,No,Ninguna,0,Nublado,24,0,4,11,41,28
2024-03-08,Viernes,3,2024,0,0,Almuerzo,12,16,Pollo Broaster,Pollos,43,18.0,774.0,Web,No,Ninguna,0,Nublado,24,0,4,18,77,35
2024-03-08,Viernes,3,2024,0,0,Almuerzo,12,16,Gaseosa,Bebidas,42,4.0,168.0,Delivery,No,Ninguna,0,Nublado,24,0,4,4,64,37
2024-03-08,Viernes,3,2024,0,0,Cena,18,22,Pizza Familiar,Pizzas,21,32.0,672.0,Web,No,Ninguna,0,Nublado,24,0,4,15,35,44
2024-03-08,Viernes,3,2024,0,0,Cena,18,22,Alitas BBQ,Pollos,20,20.0,300.0,Web,Sí,2x1,25,Nublado,24,0,4,15,28,57
2024-03-08,Viernes,3,2024,0,0,Cena,18,22,Hamburguesa Clásica,Hamburguesas,19,12.0,228.0,Web,No,Ninguna,0,Nublado,24,0,4,10,50,57
2024-03-08,Viernes,3,2024,0,0,Cena,18,22,Pollo Broaster,Pollos,36,18.0,648.0,Delivery,No,Ninguna,0,Nublado,24,0,4,12,60,61
2024-03-09,Sábado,3,2024,1,0,Desayuno,7,11,Sándwich de Pollo,Sándwiches,9,11.0,84.15,Delivery,Sí,Descuento,15,Soleado,31,0,5,12,38,33
2024-03-09,Sábado,3,2024,1,0,Desayuno,7,11,Pizza Familiar,Pizzas,11,32.0,264.0,Delivery,Sí,2x1,25,Soleado,31,0,5,22,27,36
2024-03-09,Sábado,3,2024,1,0,Desayuno,7,11,Hamburguesa Clásica,Hamburguesas,12,12.0,144.0,Presencial,No,Ninguna,0,Soleado,31,0,5,9,39,26
2024-03-09,Sábado,3,2024,1,0,Desayuno,7,11,Gaseosa,Bebidas,25,4.0,100.0,Presencial,No,Ninguna,0,Soleado,31,0,5,2,85,26
2024-03-09,Sábado,3,2024,1,0,Desayuno,7,11,Pollo Broaster,Pollos,21,18.0,378.0,Presencial,No,Ninguna,0,Soleado,31,0,5,14,32,23
2024-03-09,Sábado,3,2024,1,0,Desayuno,7,11,Cheeseburger,Hamburguesas,8,14.0,112.0,Presencial,No,Ninguna,0,Soleado,31,0,5,8,34,25
2024-03-09,Sábado,3,2024,1,0,Almuerzo,12,16,Pizza Personal,Pizzas,19,13.0,247.0,Web,No,Ninguna,0,Soleado,31,0,4,20,42,45
2024-03-09,Sábado,3,2024,1,0,Almuerzo,12,16,Salchipapa Especial,Salchipapas,35,15.0,525.0,Delivery,No,Ninguna,0,Soleado,31,0,4,14,55,38
2024-03-09,Sábado,3,2024,1,0,Almuerzo,12,16,Pizza Familiar,Pizzas,19,32.0,608.0,Delivery,No,Ninguna,0,Soleado,31,0,4,25,45,49
2024-03-09,Sábado,3,2024,1,0,Almuerzo,12,16,Hamburguesa BBQ,Hamburguesas,26,16.0,312.0,Delivery,Sí,2x1,25,Soleado,31,0,4,12,38,49
2024-03-09,Sábado,3,2024,1,0,Almuerzo,12,16,Pollo Broaster,Pollos,63,18.0,850.5,Presencial,Sí,2x1,25,Soleado,31,0,4,18,77,49
2024-03-09,Sábado,3,2024,1,0,Cena,18,22,Pizza Familiar,Pizzas,18,32.0,576.0,Web,No,Ninguna,0,Soleado,31,0,5,24,40,67
2024-03-09,Sábado,3,2024,1,0,Cena,18,22,Hamburguesa BBQ,Hamburguesas,30,16.0,480.0,Presencial,No,Ninguna,0,Soleado,31,0,5,12,57,74
2024-03-09,Sábado,3,2024,1,0,Cena,18,22,Salchipapa Clásica,Salchipapas,38,10.0,304.0,Delivery,Sí,2x1,20,Soleado,31,0,5,12,70,50
2024-03-09,Sábado,3,2024,1,0,Cena,18,22,Pizza Personal,Pizzas,20,13.0,260.0,Delivery,No,Ninguna,0,Soleado,31,0,5,21,55,46
2024-03-09,Sábado,3,2024,1,0,Cena,18,22,Alitas BBQ,Pollos,24,20.0,480.0,Presencial,No,Ninguna,0,Soleado,31,0,5,14,47,53
2024-03-10,Domingo,3,2024,1,0,Desayuno,7,11,Pizza Personal,Pizzas,11,13.0,121.55,Presencial,Sí,Combo,15,Soleado,28,0,2,24,29,28
2024-03-10,Domingo,3,2024,1,0,Desayuno,7,11,Jugo Natural,Bebidas,13,6.0,58.5,Presencial,Sí,Combo,25,Soleado,28,0,2,3,62,27
2024-03-10,Domingo,3,2024,1,0,Desayuno,7,11,Cheeseburger,Hamburguesas,9,14.0,126.0,Presencial,No,Ninguna,0,Soleado,28,0,2,13,34,27
2024-03-10,Domingo,3,2024,1,0,Desayuno,7,11,Sándwich de Pollo,Sándwiches,8,11.0,88.0,Delivery,No,Ninguna,0,Soleado,28,0,2,9,13,22
2024-03-10,Domingo,3,2024,1,0,Desayuno,7,11,Gaseosa,Bebidas,20,4.0,80.0,Presencial,No,Ninguna,0,Soleado,28,0,2,5,39,21
2024-03-10,Domingo,3,2024,1,0,Almuerzo,12,16,Pollo Broaster,Pollos,32,18.0,489.6,Web,Sí,Combo,15,Soleado,28,0,6,16,55,49
2024-03-10,Domingo,3,2024,1,0,Almuerzo,12,16,Sándwich de Pollo,Sándwiches,37,11.0,407.0,Delivery,No,Ninguna,0,Soleado,28,0,6,10,50,44
2024-03-10,Domingo,3,2024,1,0,Almuerzo,12,16,Alitas BBQ,Pollos,32,20.0,640.0,Presencial,No,Ninguna,0,Soleado,28,0,6,20,54,31
2024-03-10,Domingo,3,2024,1,0,Almuerzo,12,16,Hamburguesa Clásica,Hamburguesas,27,12.0,324.0,Delivery,No,Ninguna,0,Soleado,28,0,6,13,36,44
2024-03-10,Domingo,3,2024,1,0,Cena,18,22,Hamburguesa BBQ,Hamburguesas,23,16.0,368.0,Delivery,No,Ninguna,0,Soleado,28,0,6,11,44,62
2024-03-10,Domingo,3,2024,1,0,Cena,18,22,Gaseosa,Bebidas,24,4.0,96.0,Web,No,Ninguna,0,Soleado,28,0,6,4,65,61
2024-03-10,Domingo,3,2024,1,0,Cena,18,22,Pollo Broaster,Pollos,44,18.0,792.0,Presencial,No,Ninguna,0,Soleado,28,0,6,19,74,51
2024-03-10,Domingo,3,2024,1,0,Cena,18,22,Jugo Natural,Bebidas,29,6.0,174.0,Delivery,No,Ninguna,0,Soleado,28,0,6,2,69,62
2024-03-10,Domingo,3,2024,1,0,Cena,18,22,Hamburguesa Clásica,Hamburguesas,38,12.0,410.4,Delivery,Sí,Combo,10,Soleado,28,0,6,11,73,76
2024-03-11,Lunes,3,2024,0,0,Desayuno,7,11,Sándwich de Pollo,Sándwiches,10,11.0,110.0,Presencial,No,Ninguna,0,Soleado,31,0,2,12,39,13
2024-03-11,Lunes,3,2024,0,0,Desayuno,7,11,Gaseosa,Bebidas,13,4.0,52.0,Presencial,No,Ninguna,0,Soleado,31,0,2,5,41,19
2024-03-11,Lunes,3,2024,0,0,Desayuno,7,11,Jugo Natural,Bebidas,9,6.0,54.0,Delivery,No,Ninguna,0,Soleado,31,0,2,2,24,11
2024-03-11,Lunes,3,2024,0,0,Desayuno,7,11,Hamburguesa Clásica,Hamburguesas,8,12.0,96.0,Presencial,No,Ninguna,0,Soleado,31,0,2,9,15,15
2024-03-11,Lunes,3,2024,0,0,Desayuno,7,11,Cheeseburger,Hamburguesas,8,14.0,112.0,Presencial,No,Ninguna,0,Soleado,31,0,2,11,25,14
2024-03-11,Lunes,3,2024,0,0,Desayuno,7,11,Hamburguesa BBQ,Hamburguesas,6,16.0,96.0,Presencial,No,Ninguna,0,Soleado,31,0,2,14,25,21
2024-03-11,Lunes,3,2024,0,0,Almuerzo,12,16,Salchipapa Especial,Salchipapas,22,15.0,330.0,Presencial,No,Ninguna,0,Soleado,31,0,5,8,32,34
2024-03-11,Lunes,3,2024,0,0,Almuerzo,12,16,Gaseosa,Bebidas,33,4.0,132.0,Web,No,Ninguna,0,Soleado,31,0,5,3,68,40
2024-03-11,Lunes,3,2024,0,0,Almuerzo,12,16,Hamburguesa Clásica,Hamburguesas,24,12.0,288.0,Presencial,No,Ninguna,0,Soleado,31,0,5,8,54,37
2024-03-11,Lunes,3,2024,0,0,Almuerzo,12,16,Sándwich de Pollo,Sándwiches,24,11.0,237.6,Delivery,Sí,Combo,10,Soleado,31,0,5,8,38,34
2024-03-11,Lunes,3,2024,0,0,Cena,18,22,Pizza Personal,Pizzas,16,13.0,208.0,Web,No,Ninguna,0,Soleado,31,0,5,16,43,43
2024-03-11,Lunes,3,2024,0,0,Cena,18,22,Pollo Broaster,Pollos,28,18.0,504.0,Presencial,No,Ninguna,0,Soleado,31,0,5,14,45,59
2024-03-11,Lunes,3,2024,0,0,Cena,18,22,Hamburguesa BBQ,Hamburguesas,19,16.0,258.4,Delivery,Sí,Descuento,15,Soleado,31,0,5,13,31,55
2024-03-11,Lunes,3,2024,0,0,Cena,18,22,Gaseosa,Bebidas,29,4.0,116.0,Delivery,No,Ninguna,0,Soleado,31,0,5,4,51,53
2024-03-12,Martes,3,2024,0,0,Desayuno,7,11,Cheeseburger,Hamburguesas,8,14.0,112.0,Presencial,No,Ninguna,0,Soleado,27,0,3,10,43,25
2024-03-12,Martes,3,2024,0,0,Desayuno,7,11,Sándwich de Pollo,Sándwiches,9,11.0,99.0,Presencial,No,Ninguna,0,Soleado,27,0,3,8,25,20
2024-03-12,Martes,3,2024,0,0,Desayuno,7,11,Alitas BBQ,Pollos,10,20.0,200.0,Presencial,No,Ninguna,0,Soleado,27,0,3,15,35,21
2024-03-12,Martes,3,2024,0,0,Desayuno,7,11,Jugo Natural,Bebidas,6,6.0,36.0,Presencial,No,Ninguna,0,Soleado,27,0,3,2,23,22
2024-03-12,Martes,3,2024,0,0,Desayuno,7,11,Gaseosa,Bebidas,14,4.0,56.0,Presencial,No,Ninguna,0,Soleado,27,0,3,4,48,16
2024-03-12,Martes,3,2024,0,0,Desayuno,7,11,Hamburguesa BBQ,Hamburguesas,8,16.0,128.0,Presencial,No,Ninguna,0,Soleado,27,0,3,11,30,16
2024-03-12,Martes,3,2024,0,0,Almuerzo,12,16,Sándwich de Pollo,Sándwiches,15,11.0,165.0,Web,No,Ninguna,0,Soleado,27,0,6,10,45,28
2024-03-12,Martes,3,2024,0,0,Almuerzo,12,16,Cheeseburger,Hamburguesas,25,14.0,297.5,Web,Sí,2x1,15,Soleado,27,0,6,12,32,36
2024-03-12,Martes,3,2024,0,0,Almuerzo,12,16,Alitas BBQ,Pollos,25,20.0,500.0,Presencial,No,Ninguna,0,Soleado,27,0,6,16,36,41
2024-03-12,Martes,3,2024,0,0,Almuerzo,12,16,Gaseosa,Bebidas,36,4.0,144.0,Presencial,No,Ninguna,0,Soleado,27,0,6,5,83,30
2024-03-12,Martes,3,2024,0,0,Almuerzo,12,16,Hamburguesa Clásica,Hamburguesas,30,12.0,360.0,Presencial,No,Ninguna,0,Soleado,27,0,6,10,52,41
2024-03-12,Martes,3,2024,0,0,Cena,18,22,Pollo Broaster,Pollos,19,18.0,342.0,Web,No,Ninguna,0,Soleado,27,0,5,15,50,48
2024-03-12,Martes,3,2024,0,0,Cena,18,22,Gaseosa,Bebidas,27,4.0,108.0,Presencial,No,Ninguna,0,Soleado,27,0,5,4,62,43
2024-03-12,Martes,3,2024,0,0,Cena,18,22,Alitas BBQ,Pollos,23,20.0,368.0,Delivery,Sí,Descuento,20,Soleado,27,0,5,12,48,66
2024-03-13,Miércoles,3,2024,0,0,Desayuno,7,11,Hamburguesa Clásica,Hamburguesas,9,12.0,108.0,Presencial,No,Ninguna,0,Nublado,24,0,4,12,31,13
2024-03-13,Miércoles,3,2024,0,0,Desayuno,7,11,Jugo Natural,Bebidas,8,6.0,48.0,Presencial,No,Ninguna,0,Nublado,24,0,4,5,32,24
2024-03-13,Miércoles,3,2024,0,0,Desayuno,7,11,Sándwich de Pollo,Sándwiches,7,11.0,77.0,Presencial,No,Ninguna,0,Nublado,24,0,4,12,17,23
2024-03-13,Miércoles,3,2024,0,0,Desayuno,7,11,Gaseosa,Bebidas,13,4.0,52.0,Delivery,No,Ninguna,0,Nublado,24,0,4,4,38,25
2024-03-13,Miércoles,3,2024,0,0,Almuerzo,12,16,Alitas BBQ,Pollos,36,20.0,648.0,Presencial,Sí,2x1,10,Nublado,24,0,7,12,45,46
2024-03-13,Miércoles,3,2024,0,0,Almuerzo,12,16,Hamburguesa BBQ,Hamburguesas,28,16.0,448.0,Presencial,No,Ninguna,0,Nublado,24,0,7,14,63,27
2024-03-13,Miércoles,3,2024,0,0,Almuerzo,12,16,Hamburguesa Clásica,Hamburguesas,35,12.0,336.0,Presencial,Sí,Descuento,20,Nublado,24,0,7,11,44,30
2024-03-13,Miércoles,3,2024,0,0,Almuerzo,12,16,Pollo Broaster,Pollos,34,18.0,612.0,Delivery,No,Ninguna,0,Nublado,24,0,7,12,42,42
2024-03-13,Miércoles,3,2024,0,0,Almuerzo,12,16,Salchipapa Clásica,Salchipapas,25,10.0,250.0,Presencial,No,Ninguna,0,Nublado,24,0,7,11,30,28
2024-03-13,Miércoles,3,2024,0,0,Almuerzo,12,16,Gaseosa,Bebidas,38,4.0,152.0,Presencial,No,Ninguna,0,Nublado,24,0,7,5,96,37
2024-03-13,Miércoles,3,2024,0,0,Cena,18,22,Pizza Personal,Pizzas,14,13.0,145.6,Delivery,Sí,Combo,20,Nublado,24,0,6,24,24,44
2024-03-13,Miércoles,3,2024,0,0,Cena,18,22,Pizza Familiar,Pizzas,15,32.0,480.0,Web,No,Ninguna,0,Nublado,24,0,6,19,31,44
2024-03-13,Miércoles,3,2024,0,0,Cena,18,22,Pollo Broaster,Pollos,38,18.0,684.0,Web,No,Ninguna,0,Nublado,24,0,6,13,68,48
2024-03-13,Miércoles,3,2024,0,0,Cena,18,22,Hamburguesa BBQ,Hamburguesas,17,16.0,231.2,Presencial,Sí,Descuento,15,Nublado,24,0,6,14,47,71
2024-03-13,Miércoles,3,2024,0,0,Cena,18,22,Alitas BBQ,Pollos,18,20.0,360.0,Presencial,No,Ninguna,0,Nublado,24,0,6,14,25,42
2024-03-13,Miércoles,3,2024,0,0,Cena,18,22,Sándwich de Pollo,Sándwiches,16,11.0,176.0,Presencial,No,Ninguna,0,Nublado,24,0,6,9,36,44
2024-03-14,Jueves,3,2024,0,0,Desayuno,7,11,Cheeseburger,Hamburguesas,10,14.0,140.0,Presencial,No,Ninguna,0,Nublado,21,0,4,12,37,25
2024-03-14,Jueves,3,2024,0,0,Desayuno,7,11,Sándwich de Pollo,Sándwiches,12,11.0,132.0,Presencial,No,Ninguna,0,Nublado,21,0,4,6,18,17
2024-03-14,Jueves,3,2024,0,0,Desayuno,7,11,Salchipapa Especial,Salchipapas,11,15.0,165.0,Delivery,No,Ninguna,0,Nublado,21,0,4,14,23,21
2024-03-14,Jueves,3,2024,0,0,Desayuno,7,11,Pollo Broaster,Pollos,16,18.0,288.0,Presencial,No,Ninguna,0,Nublado,21,0,4,12,43,17
2024-03-14,Jueves,3,2024,0,0,Desayuno,7,11,Gaseosa,Bebidas,11,4.0,44.0,Presencial,No,Ninguna,0,Nublado,21,0,4,5,64,21
2024-03-14,Jueves,3,2024,0,0,Almuerzo,12,16,Pollo Broaster,Pollos,43,18.0,774.0,Delivery,No,Ninguna,0,Nublado,21,0,5,16,63,40
2024-03-14,Jueves,3,2024,0,0,Almuerzo,12,16,Gaseosa,Bebidas,42,4.0,168.0,Presencial,No,Ninguna,0,Nublado,21,0,5,3,89,35
2024-03-14,Jueves,3,2024,0,0,Almuerzo,12,16,Hamburguesa Clásica,Hamburguesas,41,12.0,492.0,Delivery,No,Ninguna,0,Nublado,21,0,5,12,68,37
2024-03-14,Jueves,3,2024,0,0,Almuerzo,12,16,Salchipapa Especial,Salchipapas,31,15.0,465.0,Delivery,No,Ninguna,0,Nublado,21,0,5,10,44,43
2024-03-14,Jueves,3,2024,0,0,Almuerzo,12,16,Alitas BBQ,Pollos,23,20.0,460.0,Presencial,No,Ninguna,0,Nublado,21,0,5,18,33,41
2024-03-14,Jueves,3,2024,0,0,Almuerzo,12,16,Sándwich de Pollo,Sándwiches,20,11.0,220.0,Delivery,No,Ninguna,0,Nublado,21,0,5,9,51,42
2024-03-14,Jueves,3,2024,0,0,Cena,18,22,Pizza Familiar,Pizzas,18,32.0,460.8,Presencial,Sí,2x1,20,Nublado,21,0,4,24,23,43
2024-03-14,Jueves,3,2024,0,0,Cena,18,22,Salchipapa Especial,Salchipapas,22,15.0,330.0,Presencial,No,Ninguna,0,Nublado,21,0,4,8,45,49
2024-03-14,Jueves,3,2024,0,0,Cena,18,22,Gaseosa,Bebidas,25,4.0,100.0,Presencial,No,Ninguna,0,Nublado,21,0,4,4,65,55
2024-03-14,Jueves,3,2024,0,0,Cena,18,22,Pollo Broaster,Pollos,32,18.0,576.0,Delivery,No,Ninguna,0,Nublado,21,0,4,18,65,50
2024-03-15,Viernes,3,2024,0,0,Desayuno,7,11,Hamburguesa Clásica,Hamburguesas,9,12.0,108.0,Presencial,No,Ninguna,0,Nublado,18,0,2,13,21,14
2024-03-15,Viernes,3,2024,0,0,Desayuno,7,11,Sándwich de Pollo,Sándwiches,10,11.0,110.0,Presencial,No,Ninguna,0,Nublado,18,0,2,11,31,14
2024-03-15,Viernes,3,2024,0,0,Desayuno,7,11,Salchipapa Clásica,Salchipapas,10,10.0,100.0,Presencial,No,Ninguna,0,Nublado,18,0,2,14,16,20
2024-03-15,Viernes,3,2024,0,0,Desayuno,7,11,Gaseosa,Bebidas,24,4.0,96.0,Presencial,No,Ninguna,0,Nublado,18,0,2,5,45,22
2024-03-15,Viernes,3,2024,0,0,Desayuno,7,11,Alitas BBQ,Pollos,6,20.0,120.0,Presencial,No,Ninguna,0,Nublado,18,0,2,13,26,14
2024-03-15,Viernes,3,2024,0,0,Almuerzo,12,16,Salchipapa Especial,Salchipapas,18,15.0,270.0,Presencial,No,Ninguna,0,Nublado,18,0,6,12,38,36
2024-03-15,Viernes,3,2024,0,0,Almuerzo,12,16,Jugo Natural,Bebidas,24,6.0,144.0,Delivery,No,Ninguna,0,Nublado,18,0,6,5,41,39
2024-03-15,Viernes,3,2024,0,0,Almuerzo,12,16,Pollo Broaster,Pollos,32,18.0,576.0,Presencial,No,Ninguna,0,Nublado,18,0,6,17,48,34
2024-03-15,Viernes,3,2024,0,0,Cena,18,22,Alitas BBQ,Pollos,31,20.0,620.0,Presencial,No,Ninguna,0,Nublado,18,0,4,20,36,60
2024-03-15,Viernes,3,2024,0,0,Cena,18,22,Salchipapa Especial,Salchipapas,23,15.0,345.0,Presencial,No,Ninguna,0,Nublado,18,0,4,9,35,43
2024-03-15,Viernes,3,2024,0,0,Cena,18,22,Salchipapa Clásica,Salchipapas,21,10.0,210.0,Delivery,No,Ninguna,0,Nublado,18,0,4,15,29,54
2024-03-16,Sábado,3,2024,1,0,Desayuno,7,11,Pollo Broaster,Pollos,19,18.0,342.0,Presencial,No,Ninguna,0,Soleado,24,0,3,17,42,29
2024-03-16,Sábado,3,2024,1,0,Desayuno,7,11,Hamburguesa Clásica,Hamburguesas,24,12.0,216.0,Delivery,Sí,2x1,25,Soleado,24,0,3,10,49,25
2024-03-16,Sábado,3,2024,1,0,Desayuno,7,11,Sándwich de Pollo,Sándwiches,11,11.0,121.0,Presencial,No,Ninguna,0,Soleado,24,0,3,7,37,18
2024-03-16,Sábado,3,2024,1,0,Desayuno,7,11,Jugo Natural,Bebidas,16,6.0,96.0,Presencial,No,Ninguna,0,Soleado,24,0,3,4,41,25
2024-03-16,Sábado,3,2024,1,0,Desayuno,7,11,Gaseosa,Bebidas,23,4.0,92.0,Presencial,No,Ninguna,0,Soleado,24,0,3,5,60,30
2024-03-16,Sábado,3,2024,1,0,Desayuno,7,11,Pizza Familiar,Pizzas,11,32.0,352.0,Presencial,No,Ninguna,0,Soleado,24,0,3,16,39,32
2024-03-16,Sábado,3,2024,1,0,Almuerzo,12,16,Hamburguesa BBQ,Hamburguesas,48,16.0,652.8,Presencial,Sí,2x1,15,Soleado,24,0,6,12,76,54
2024-03-16,Sábado,3,2024,1,0,Almuerzo,12,16,Salchipapa Especial,Salchipapas,42,15.0,535.5,Web,Sí,2x1,15,Soleado,24,0,6,11,60,59
2024-03-16,Sábado,3,2024,1,0,Almuerzo,12,16,Pizza Familiar,Pizzas,21,32.0,672.0,Presencial,No,Ninguna,0,Soleado,24,0,6,22,46,38
2024-03-16,Sábado,3,2024,1,0,Almuerzo,12,16,Sándwich de Pollo,Sándwiches,32,11.0,352.0,Presencial,No,Ninguna,0,Soleado,24,0,6,12,47,45
2024-03-16,Sábado,3,2024,1,0,Almuerzo,12,16,Cheeseburger,Hamburguesas,33,14.0,346.5,Delivery,Sí,Combo,25,Soleado,24,0,6,14,59,47
2024-03-16,Sábado,3,2024,1,0,Cena,18,22,Salchipapa Especial,Salchipapas,38,15.0,427.5,Delivery,Sí,Combo,25,Soleado,24,0,4,8,64,57
2024-03-16,Sábado,3,2024,1,0,Cena,18,22,Pollo Broaster,Pollos,40,18.0,720.0,Presencial,No,Ninguna,0,Soleado,24,0,4,15,72,58
2024-03-16,Sábado,3,2024,1,0,Cena,18,22,Hamburguesa Clásica,Hamburguesas,40,12.0,480.0,Web,No,Ninguna,0,Soleado,24,0,4,14,65,49
2024-03-16,Sábado,3,2024,1,0,Cena,18,22,Jugo Natural,Bebidas,26,6.0,156.0,Presencial,No,Ninguna,0,Soleado,24,0,4,4,58,70
2024-03-16,Sábado,3,2024,1,0,Cena,18,22,Cheeseburger,Hamburguesas,28,14.0,392.0,Web,No,Ninguna,0,Soleado,24,0,4,9,33,54
2024-03-17,Domingo,3,2024,1,0,Desayuno,7,11,Sándwich de Pollo,Sándwiches,8,11.0,88.0,Web,No,Ninguna,0,Lluvioso,19,1,5,12,14,44
2024-03-17,Domingo,3,2024,1,0,Desayuno,7,11,Salchipapa Clásica,Salchipapas,14,10.0,140.0,Presencial,No,Ninguna,0,Lluvioso,19,1,5,13,35,44
2024-03-17,Domingo,3,2024,1,0,Desayuno,7,11,Hamburguesa BBQ,Hamburguesas,16,16.0,217.6,Presencial,Sí,Combo,15,Lluvioso,19,1,5,10,27,49
2024-03-17,Domingo,3,2024,1,0,Almuerzo,12,16,Pollo Broaster,Pollos,49,18.0,882.0,Delivery,No,Ninguna,0,Lluvioso,19,1,5,19,74,61
2024-03-17,Domingo,3,2024,1,0,Almuerzo,12,16,Hamburguesa Clásica,Hamburguesas,33,12.0,396.0,Delivery,No,Ninguna,0,Lluvioso,19,1,5,14,45,53
2024-03-17,Domingo,3,2024,1,0,Almuerzo,12,16,Pizza Personal,Pizzas,21,13.0,273.0,Presencial,No,Ninguna,0,Lluvioso,19,1,5,17,28,60
2024-03-17,Domingo,3,2024,1,0,Cena,18,22,Cheeseburger,Hamburguesas,22,14.0,308.0,Web,No,Ninguna,0,Lluvioso,19,1,5,11,52,71
2024-03-17,Domingo,3,2024,1,0,Cena,18,22,Salchipapa Clásica,Salchipapas,26,10.0,221.0,Web,Sí,Combo,15,Lluvioso,19,1,5,13,46,90
2024-03-17,Domingo,3,2024,1,0,Cena,18,22,Hamburguesa BBQ,Hamburguesas,17,16.0,272.0,Delivery,No,Ninguna,0,Lluvioso,19,1,5,9,28,81
2024-03-18,Lunes,3,2024,0,0,Desayuno,7,11,Sándwich de Pollo,Sándwiches,8,11.0,88.0,Presencial,No,Ninguna,0,Nublado,18,0,2,12,28,21
2024-03-18,Lunes,3,2024,0,0,Desayuno,7,11,Jugo Natural,Bebidas,8,6.0,48.0,Delivery,No,Ninguna,0,Nublado,18,0,2,4,48,22
2024-03-18,Lunes,3,2024,0,0,Desayuno,7,11,Gaseosa,Bebidas,9,4.0,36.0,Presencial,No,Ninguna,0,Nublado,18,0,2,5,52,19
2024-03-18,Lunes,3,2024,0,0,Desayuno,7,11,Hamburguesa BBQ,Hamburguesas,9,16.0,144.0,Presencial,No,Ninguna,0,Nublado,18,0,2,11,20,18
2024-03-18,Lunes,3,2024,0,0,Desayuno,7,11,Cheeseburger,Hamburguesas,9,14.0,126.0,Delivery,No,Ninguna,0,Nublado,18,0,2,8,44,21
2024-03-18,Lunes,3,2024,0,0,Desayuno,7,11,Hamburguesa Clásica,Hamburguesas,13,12.0,156.0,Presencial,No,Ninguna,0,Nublado,18,0,2,12,29,23
2024-03-18,Lunes,3,2024,0,0,Almuerzo,12,16,Pollo Broaster,Pollos,41,18.0,590.4,Presencial,Sí,2x1,20,Nublado,18,0,5,17,74,37
2024-03-18,Lunes,3,2024,0,0,Almuerzo,12,16,Pizza Personal,Pizzas,17,13.0,221.0,Presencial,No,Ninguna,0,Nublado,18,0,5,16,39,27
2024-03-18,Lunes,3,2024,0,0,Almuerzo,12,16,Gaseosa,Bebidas,41,4.0,164.0,Web,No,Ninguna,0,Nublado,18,0,5,5,99,44
2024-03-18,Lunes,3,2024,0,0,Almuerzo,12,16,Salchipapa Especial,Salchipapas,24,15.0,360.0,Delivery,No,Ninguna,0,Nublado,18,0,5,12,42,35
2024-03-18,Lunes,3,2024,0,0,Cena,18,22,Salchipapa Especial,Salchipapas,25,15.0,375.0,Presencial,No,Ninguna,0,Nublado,18,0,5,8,59,49
2024-03-18,Lunes,3,2024,0,0,Cena,18,22,Gaseosa,Bebidas,20,4.0,80.0,Web,No,Ninguna,0,Nublado,18,0,5,2,56,44
2024-03-18,Lunes,3,2024,0,0,Cena,18,22,Hamburguesa Clásica,Hamburguesas,24,12.0,288.0,Delivery,No,Ninguna,0,Nublado,18,0,5,10,37,42
2024-03-19,Martes,3,2024,0,0,Desayuno,7,11,Gaseosa,Bebidas,13,4.0,52.0,Delivery,No,Ninguna,0,Soleado,28,0,4,2,42,25
2024-03-19,Martes,3,2024,0,0,Desayuno,7,11,Jugo Natural,Bebidas,11,6.0,59.4,Presencial,Sí,Combo,10,Soleado,28,0,4,3,49,28
2024-03-19,Martes,3,2024,0,0,Desayuno,7,11,Hamburguesa Clásica,Hamburguesas,13,12.0,156.0,Delivery,No,Ninguna,0,Soleado,28,0,4,14,19,10
2024-03-19,Martes,3,2024,0,0,Desayuno,7,11,Sándwich de Pollo,Sándwiches,7,11.0,77.0,Presencial,No,Ninguna,0,Soleado,28,0,4,12,24,19
2024-03-19,Martes,3,2024,0,0,Almuerzo,12,16,Hamburguesa Clásica,Hamburguesas,29,12.0,348.0,Delivery,No,Ninguna,0,Soleado,28,0,5,9,52,38
2024-03-19,Martes,3,2024,0,0,Almuerzo,12,16,Pollo Broaster,Pollos,26,18.0,468.0,Web,No,Ninguna,0,Soleado,28,0,5,15,33,40
2024-03-19,Martes,3,2024,0,0,Almuerzo,12,16,Hamburguesa BBQ,Hamburguesas,15,16.0,240.0,Delivery,No,Ninguna,0,Soleado,28,0,5,9,41,34
2024-03-19,Martes,3,2024,0,0,Almuerzo,12,16,Salchipapa Especial,Salchipapas,20,15.0,300.0,Delivery,No,Ninguna,0,Soleado,28,0,5,11,25,31
2024-03-19,Martes,3,2024,0,0,Cena,18,22,Salchipapa Especial,Salchipapas,21,15.0,315.0,Delivery,No,Ninguna,0,Soleado,28,0,8,10,53,50
2024-03-19,Martes,3,2024,0,0,Cena,18,22,Alitas BBQ,Pollos,24,20.0,480.0,Presencial,No,Ninguna,0,Soleado,28,0,8,18,35,44
2024-03-19,Martes,3,2024,0,0,Cena,18,22,Gaseosa,Bebidas,36,4.0,115.2,Presencial,Sí,Combo,20,Soleado,28,0,8,2,66,65
2024-03-19,Martes,3,2024,0,0,Cena,18,22,Pollo Broaster,Pollos,36,18.0,518.4,Delivery,Sí,2x1,20,Soleado,28,0,8,20,43,45
2024-03-19,Martes,3,2024,0,0,Cena,18,22,Salchipapa Clásica,Salchipapas,19,10.0,190.0,Presencial,No,Ninguna,0,Soleado,28,0,8,8,38,46
2024-03-20,Miércoles,3,2024,0,0,Desayuno,7,11,Jugo Natural,Bebidas,10,6.0,60.0,Presencial,No,Ninguna,0,Soleado,24,0,2,2,66,18
2024-03-20,Miércoles,3,2024,0,0,Desayuno,7,11,Salchipapa Especial,Salchipapas,11,15.0,165.0,Presencial,No,Ninguna,0,Soleado,24,0,2,9,24,13
2024-03-20,Miércoles,3,2024,0,0,Desayuno,7,11,Sándwich de Pollo,Sándwiches,10,11.0,110.0,Presencial,No,Ninguna,0,Soleado,24,0,2,7,20,22
2024-03-20,Miércoles,3,2024,0,0,Almuerzo,12,16,Salchipapa Especial,Salchipapas,30,15.0,450.0,Presencial,No,Ninguna,0,Soleado,24,0,7,13,63,32
2024-03-20,Miércoles,3,2024,0,0,Almuerzo,12,16,Hamburguesa Clásica,Hamburguesas,27,12.0,324.0,Presencial,No,Ninguna,0,Soleado,24,0,7,10,60,25
2024-03-20,Miércoles,3,2024,0,0,Almuerzo,12,16,Cheeseburger,Hamburguesas,27,14.0,340.2,Web,Sí,2x1,10,Soleado,24,0,7,9,47,48
2024-03-20,Miércoles,3,2024,0,0,Almuerzo,12,16,Alitas BBQ,Pollos,36,20.0,576.0,Presencial,Sí,Descuento,20,Soleado,24,0,7,13,50,38
2024-03-20,Miércoles,3,2024,0,0,Almuerzo,12,16,Pollo Broaster,Pollos,29,18.0,522.0,Presencial,No,Ninguna,0,Soleado,24,0,7,17,48,35
2024-03-20,Miércoles,3,2024,0,0,Cena,18,22,Alitas BBQ,Pollos,21,20.0,420.0,Delivery,No,Ninguna,0,Soleado,24,0,8,19,26,48
2024-03-20,Miércoles,3,2024,0,0,Cena,18,22,Hamburguesa Clásica,Hamburguesas,24,12.0,288.0,Delivery,No,Ninguna,0,Soleado,24,0,8,8,35,63
2024-03-20,Miércoles,3,2024,0,0,Cena,18,22,Salchipapa Clásica,Salchipapas,13,10.0,130.0,Delivery,No,Ninguna,0,Soleado,24,0,8,10,26,52
2024-03-21,Jueves,3,2024,0,0,Desayuno,7,11,Jugo Natural,Bebidas,12,6.0,72.0,Delivery,No,Ninguna,0,Lluvioso,18,1,3,4,45,29
2024-03-21,Jueves,3,2024,0,0,Desayuno,7,11,Gaseosa,Bebidas,11,4.0,44.0,Delivery,No,Ninguna,0,Lluvioso,18,1,3,4,65,27
2024-03-21,Jueves,3,2024,0,0,Desayuno,7,11,Pizza Familiar,Pizzas,6,32.0,192.0,Presencial,No,Ninguna,0,Lluvioso,18,1,3,22,12,29
2024-03-21,Jueves,3,2024,0,0,Desayuno,7,11,Sándwich de Pollo,Sándwiches,7,11.0,77.0,Presencial,No,Ninguna,0,Lluvioso,18,1,3,12,12,23
2024-03-21,Jueves,3,2024,0,0,Desayuno,7,11,Cheeseburger,Hamburguesas,11,14.0,123.2,Presencial,Sí,Combo,20,Lluvioso,18,1,3,9,17,32
2024-03-21,Jueves,3,2024,0,0,Desayuno,7,11,Salchipapa Clásica,Salchipapas,11,10.0,110.0,Delivery,No,Ninguna,0,Lluvioso,18,1,3,9,44,34
2024-03-21,Jueves,3,2024,0,0,Almuerzo,12,16,Salchipapa Especial,Salchipapas,26,15.0,390.0,Delivery,No,Ninguna,0,Lluvioso,18,1,6,11,40,49
2024-03-21,Jueves,3,2024,0,0,Almuerzo,12,16,Gaseosa,Bebidas,40,4.0,160.0,Web,No,Ninguna,0,Lluvioso,18,1,6,5,61,53
2024-03-21,Jueves,3,2024,0,0,Almuerzo,12,16,Hamburguesa BBQ,Hamburguesas,26,16.0,416.0,Delivery,No,Ninguna,0,Lluvioso,18,1,6,10,44,54
2024-03-21,Jueves,3,2024,0,0,Almuerzo,12,16,Alitas BBQ,Pollos,36,20.0,720.0,Presencial,No,Ninguna,0,Lluvioso,18,1,6,18,43,55
2024-03-21,Jueves,3,2024,0,0,Cena,18,22,Gaseosa,Bebidas,33,4.0,132.0,Delivery,No,Ninguna,0,Lluvioso,18,1,8,2,77,59
2024-03-21,Jueves,3,2024,0,0,Cena,18,22,Pollo Broaster,Pollos,27,18.0,486.0,Web,No,Ninguna,0,Lluvioso,18,1,8,13,42,73
2024-03-21,Jueves,3,2024,0,0,Cena,18,22,Hamburguesa BBQ,Hamburguesas,19,16.0,304.0,Delivery,No,Ninguna,0,Lluvioso,18,1,8,13,42,68
2024-03-21,Jueves,3,2024,0,0,Cena,18,22,Hamburguesa Clásica,Hamburguesas,27,12.0,324.0,Delivery,No,Ninguna,0,Lluvioso,18,1,8,11,36,73
2024-03-21,Jueves,3,2024,0,0,Cena,18,22,Pizza Familiar,Pizzas,13,32.0,416.0,Web,No,Ninguna,0,Lluvioso,18,1,8,15,43,81
2024-03-22,Viernes,3,2024,0,0,Desayuno,7,11,Sándwich de Pollo,Sándwiches,12,11.0,132.0,Presencial,No,Ninguna,0,Soleado,26,0,2,6,46,13
2024-03-22,Viernes,3,2024,0,0,Desayuno,7,11,Cheeseburger,Hamburguesas,10,14.0,119.0,Delivery,Sí,Combo,15,Soleado,26,0,2,11,42,25
2024-03-22,Viernes,3,2024,0,0,Desayuno,7,11,Jugo Natural,Bebidas,12,6.0,72.0,Presencial,No,Ninguna,0,Soleado,26,0,2,3,37,13
2024-03-22,Viernes,3,2024,0,0,Almuerzo,12,16,Cheeseburger,Hamburguesas,26,14.0,364.0,Presencial,No,Ninguna,0,Soleado,26,0,7,11,57,33
2024-03-22,Viernes,3,2024,0,0,Almuerzo,12,16,Hamburguesa Clásica,Hamburguesas,27,12.0,324.0,Presencial,No,Ninguna,0,Soleado,26,0,7,12,41,25
2024-03-22,Viernes,3,2024,0,0,Almuerzo,12,16,Gaseosa,Bebidas,56,4.0,168.0,Web,Sí,2x1,25,Soleado,26,0,7,4,71,30
2024-03-22,Viernes,3,2024,0,0,Almuerzo,12,16,Salchipapa Especial,Salchipapas,38,15.0,570.0,Presencial,No,Ninguna,0,Soleado,26,0,7,14,59,36
2024-03-22,Viernes,3,2024,0,0,Almuerzo,12,16,Pollo Broaster,Pollos,49,18.0,705.6,Delivery,Sí,2x1,20,Soleado,26,0,7,14,62,52
2024-03-22,Viernes,3,2024,0,0,Cena,18,22,Gaseosa,Bebidas,39,4.0,156.0,Delivery,No,Ninguna,0,Soleado,26,0,7,4,91,45
2024-03-22,Viernes,3,2024,0,0,Cena,18,22,Salchipapa Clásica,Salchipapas,18,10.0,180.0,Delivery,No,Ninguna,0,Soleado,26,0,7,15,52,51
2024-03-22,Viernes,3,2024,0,0,Cena,18,22,Pizza Familiar,Pizzas,18,32.0,576.0,Delivery,No,Ninguna,0,Soleado,26,0,7,17,46,50
2024-03-22,Viernes,3,2024,0,0,Cena,18,22,Cheeseburger,Hamburguesas,24,14.0,336.0,Web,No,Ninguna,0,Soleado,26,0,7,10,48,64
2024-03-22,Viernes,3,2024,0,0,Cena,18,22,Salchipapa Especial,Salchipapas,24,15.0,360.0,Web,No,Ninguna,0,Soleado,26,0,7,14,33,40
2024-03-23,Sábado,3,2024,1,0,Desayuno,7,11,Sándwich de Pollo,Sándwiches,13,11.0,128.7,Delivery,Sí,Combo,10,Lluvioso,20,1,3,10,45,39
2024-03-23,Sábado,3,2024,1,0,Desayuno,7,11,Gaseosa,Bebidas,23,4.0,69.0,Delivery,Sí,Combo,25,Lluvioso,20,1,3,3,42,45
2024-03-23,Sábado,3,2024,1,0,Desayuno,7,11,Salchipapa Clásica,Salchipapas,16,10.0,160.0,Presencial,No,Ninguna,0,Lluvioso,20,1,3,9,36,41
2024-03-23,Sábado,3,2024,1,0,Desayuno,7,11,Jugo Natural,Bebidas,9,6.0,54.0,Delivery,No,Ninguna,0,Lluvioso,20,1,3,5,69,35
2024-03-23,Sábado,3,2024,1,0,Desayuno,7,11,Pollo Broaster,Pollos,17,18.0,306.0,Delivery,No,Ninguna,0,Lluvioso,20,1,3,20,31,33
2024-03-23,Sábado,3,2024,1,0,Almuerzo,12,16,Pollo Broaster,Pollos,81,18.0,1239.3,Delivery,Sí,Combo,15,Lluvioso,20,1,6,15,101,53
2024-03-23,Sábado,3,2024,1,0,Almuerzo,12,16,Cheeseburger,Hamburguesas,33,14.0,415.8,Delivery,Sí,Descuento,10,Lluvioso,20,1,6,13,39,60
2024-03-23,Sábado,3,2024,1,0,Almuerzo,12,16,Hamburguesa Clásica,Hamburguesas,75,12.0,765.0,Delivery,Sí,2x1,15,Lluvioso,20,1,6,12,99,72
2024-03-23,Sábado,3,2024,1,0,Almuerzo,12,16,Salchipapa Clásica,Salchipapas,42,10.0,420.0,Presencial,No,Ninguna,0,Lluvioso,20,1,6,14,69,50
2024-03-23,Sábado,3,2024,1,0,Cena,18,22,Hamburguesa BBQ,Hamburguesas,28,16.0,403.2,Presencial,Sí,Combo,10,Lluvioso,20,1,7,14,58,70
2024-03-23,Sábado,3,2024,1,0,Cena,18,22,Salchipapa Especial,Salchipapas,30,15.0,450.0,Delivery,No,Ninguna,0,Lluvioso,20,1,7,8,45,61
2024-03-23,Sábado,3,2024,1,0,Cena,18,22,Salchipapa Clásica,Salchipapas,26,10.0,260.0,Delivery,No,Ninguna,0,Lluvioso,20,1,7,9,33,79
2024-03-23,Sábado,3,2024,1,0,Cena,18,22,Sándwich de Pollo,Sándwiches,30,11.0,330.0,Delivery,No,Ninguna,0,Lluvioso,20,1,7,8,65,77
2024-03-24,Domingo,3,2024,1,0,Desayuno,7,11,Cheeseburger,Hamburguesas,15,14.0,157.5,Delivery,Sí,Descuento,25,Soleado,31,0,4,10,43,25
2024-03-24,Domingo,3,2024,1,0,Desayuno,7,11,Gaseosa,Bebidas,17,4.0,68.0,Presencial,No,Ninguna,0,Soleado,31,0,4,5,39,19
2024-03-24,Domingo,3,2024,1,0,Desayuno,7,11,Sándwich de Pollo,Sándwiches,14,11.0,123.2,Presencial,Sí,Descuento,20,Soleado,31,0,4,6,46,31
2024-03-24,Domingo,3,2024,1,0,Desayuno,7,11,Salchipapa Clásica,Salchipapas,11,10.0,110.0,Presencial,No,Ninguna,0,Soleado,31,0,4,8,37,28
2024-03-24,Domingo,3,2024,1,0,Almuerzo,12,16,Salchipapa Clásica,Salchipapas,21,10.0,210.0,Delivery,No,Ninguna,0,Soleado,31,0,7,14,53,48
2024-03-24,Domingo,3,2024,1,0,Almuerzo,12,16,Salchipapa Especial,Salchipapas,31,15.0,465.0,Presencial,No,Ninguna,0,Soleado,31,0,7,12,63,36
2024-03-24,Domingo,3,2024,1,0,Almuerzo,12,16,Pollo Broaster,Pollos,56,18.0,1008.0,Delivery,No,Ninguna,0,Soleado,31,0,7,16,66,49
2024-03-24,Domingo,3,2024,1,0,Almuerzo,12,16,Cheeseburger,Hamburguesas,20,14.0,280.0,Web,No,Ninguna,0,Soleado,31,0,7,10,27,48
2024-03-24,Domingo,3,2024,1,0,Cena,18,22,Pizza Personal,Pizzas,21,13.0,218.4,Delivery,Sí,2x1,20,Soleado,31,0,6,25,53,61
2024-03-24,Domingo,3,2024,1,0,Cena,18,22,Pollo Broaster,Pollos,50,18.0,900.0,Delivery,No,Ninguna,0,Soleado,31,0,6,19,60,57
2024-03-24,Domingo,3,2024,1,0,Cena,18,22,Gaseosa,Bebidas,41,4.0,164.0,Delivery,No,Ninguna,0,Soleado,31,0,6,3,65,71
2024-03-24,Domingo,3,2024,1,0,Cena,18,22,Pizza Familiar,Pizzas,18,32.0,576.0,Presencial,No,Ninguna,0,Soleado,31,0,6,23,50,64
2024-03-24,Domingo,3,2024,1,0,Cena,18,22,Alitas BBQ,Pollos,32,20.0,640.0,Delivery,No,Ninguna,0,Soleado,31,0,6,12,56,54
2024-03-24,Domingo,3,2024,1,0,Cena,18,22,Salchipapa Especial,Salchipapas,24,15.0,360.0,Delivery,No,Ninguna,0,Soleado,31,0,6,14,31,47
2024-03-25,Lunes,3,2024,0,0,Desayuno,7,11,Jugo Natural,Bebidas,10,6.0,60.0,Presencial,No,Ninguna,0,Soleado,27,0,3,4,38,21
2024-03-25,Lunes,3,2024,0,0,Desayuno,7,11,Salchipapa Clásica,Salchipapas,10,10.0,100.0,Presencial,No,Ninguna,0,Soleado,27,0,3,9,42,11
2024-03-25,Lunes,3,2024,0,0,Desayuno,7,11,Sándwich de Pollo,Sándwiches,8,11.0,88.0,Presencial,No,Ninguna,0,Soleado,27,0,3,8,21,11
2024-03-25,Lunes,3,2024,0,0,Almuerzo,12,16,Salchipapa Clásica,Salchipapas,18,10.0,180.0,Delivery,No,Ninguna,0,Soleado,27,0,6,14,34,35
2024-03-25,Lunes,3,2024,0,0,Almuerzo,12,16,Sándwich de Pollo,Sándwiches,14,11.0,138.6,Delivery,Sí,2x1,10,Soleado,27,0,6,7,37,43
2024-03-25,Lunes,3,2024,0,0,Almuerzo,12,16,Salchipapa Especial,Salchipapas,29,15.0,435.0,Web,No,Ninguna,0,Soleado,27,0,6,12,59,29
2024-03-25,Lunes,3,2024,0,0,Almuerzo,12,16,Alitas BBQ,Pollos,20,20.0,400.0,Presencial,No,Ninguna,0,Soleado,27,0,6,14,43,35
2024-03-25,Lunes,3,2024,0,0,Cena,18,22,Cheeseburger,Hamburguesas,14,14.0,147.0,Presencial,Sí,Combo,25,Soleado,27,0,5,13,24,65
2024-03-25,Lunes,3,2024,0,0,Cena,18,22,Hamburguesa BBQ,Hamburguesas,17,16.0,272.0,Delivery,No,Ninguna,0,Soleado,27,0,5,11,33,44
2024-03-25,Lunes,3,2024,0,0,Cena,18,22,Pollo Broaster,Pollos,37,18.0,566.1,Presencial,Sí,2x1,15,Soleado,27,0,5,12,44,66
2024-03-25,Lunes,3,2024,0,0,Cena,18,22,Gaseosa,Bebidas,39,4.0,156.0,Web,No,Ninguna,0,Soleado,27,0,5,5,72,51
2024-03-26,Martes,3,2024,0,0,Desayuno,7,11,Sándwich de Pollo,Sándwiches,6,11.0,52.8,Presencial,Sí,Descuento,20,Nublado,23,0,4,8,41,29
2024-03-26,Martes,3,2024,0,0,Desayuno,7,11,Salchipapa Clásica,Salchipapas,8,10.0,80.0,Presencial,No,Ninguna,0,Nublado,23,0,4,14,22,17
2024-03-26,Martes,3,2024,0,0,Desayuno,7,11,Alitas BBQ,Pollos,10,20.0,200.0,Presencial,No,Ninguna,0,Nublado,23,0,4,16,33,20
2024-03-26,Martes,3,2024,0,0,Almuerzo,12,16,Salchipapa Especial,Salchipapas,27,15.0,405.0,Web,No,Ninguna,0,Nublado,23,0,5,11,49,33
2024-03-26,Martes,3,2024,0,0,Almuerzo,12,16,Gaseosa,Bebidas,36,4.0,144.0,Presencial,No,Ninguna,0,Nublado,23,0,5,2,82,30
2024-03-26,Martes,3,2024,0,0,Almuerzo,12,16,Pollo Broaster,Pollos,30,18.0,540.0,Presencial,No,Ninguna,0,Nublado,23,0,5,14,61,25
2024-03-26,Martes,3,2024,0,0,Almuerzo,12,16,Salchipapa Clásica,Salchipapas,26,10.0,260.0,Delivery,No,Ninguna,0,Nublado,23,0,5,9,58,28
2024-03-26,Martes,3,2024,0,0,Almuerzo,12,16,Cheeseburger,Hamburguesas,15,14.0,210.0,Delivery,No,Ninguna,0,Nublado,23,0,5,8,43,33
2024-03-26,Martes,3,2024,0,0,Almuerzo,12,16,Hamburguesa Clásica,Hamburguesas,25,12.0,300.0,Presencial,No,Ninguna,0,Nublado,23,0,5,13,53,27
2024-03-26,Martes,3,2024,0,0,Cena,18,22,Pizza Personal,Pizzas,12,13.0,156.0,Delivery,No,Ninguna,0,Nublado,23,0,8,18,38,57
2024-03-26,Martes,3,2024,0,0,Cena,18,22,Gaseosa,Bebidas,40,4.0,160.0,Presencial,No,Ninguna,0,Nublado,23,0,8,4,63,55
2024-03-26,Martes,3,2024,0,0,Cena,18,22,Pollo Broaster,Pollos,28,18.0,504.0,Web,No,Ninguna,0,Nublado,23,0,8,14,34,42
2024-03-26,Martes,3,2024,0,0,Cena,18,22,Jugo Natural,Bebidas,19,6.0,114.0,Delivery,No,Ninguna,0,Nublado,23,0,8,4,64,48
2024-03-26,Martes,3,2024,0,0,Cena,18,22,Alitas BBQ,Pollos,20,20.0,400.0,Web,No,Ninguna,0,Nublado,23,0,8,18,44,45
2024-03-27,Miércoles,3,2024,0,0,Desayuno,7,11,Sándwich de Pollo,Sándwiches,8,11.0,88.0,Presencial,No,Ninguna,0,Soleado,30,0,3,8,34,20
2024-03-27,Miércoles,3,2024,0,0,Desayuno,7,11,Salchipapa Especial,Salchipapas,14,15.0,210.0,Presencial,No,Ninguna,0,Soleado,30,0,3,15,38,22
2024-03-27,Miércoles,3,2024,0,0,Desayuno,7,11,Hamburguesa BBQ,Hamburguesas,8,16.0,128.0,Presencial,No,Ninguna,0,Soleado,30,0,3,14,38,17
2024-03-27,Miércoles,3,2024,0,0,Desayuno,7,11,Hamburguesa Clásica,Hamburguesas,11,12.0,132.0,Presencial,No,Ninguna,0,Soleado,30,0,3,11,29,20
2024-03-27,Miércoles,3,2024,0,0,Almuerzo,12,16,Sándwich de Pollo,Sándwiches,25,11.0,275.0,Presencial,No,Ninguna,0,Soleado,30,0,4,12,50,38
2024-03-27,Miércoles,3,2024,0,0,Almuerzo,12,16,Hamburguesa Clásica,Hamburguesas,27,12.0,259.2,Presencial,Sí,Descuento,20,Soleado,30,0,4,10,61,35
2024-03-27,Miércoles,3,2024,0,0,Almuerzo,12,16,Cheeseburger,Hamburguesas,24,14.0,336.0,Presencial,No,Ninguna,0,Soleado,30,0,4,13,36,42
2024-03-27,Miércoles,3,2024,0,0,Almuerzo,12,16,Salchipapa Especial,Salchipapas,26,15.0,390.0,Web,No,Ninguna,0,Soleado,30,0,4,11,61,30
2024-03-27,Miércoles,3,2024,0,0,Cena,18,22,Cheeseburger,Hamburguesas,20,14.0,280.0,Presencial,No,Ninguna,0,Soleado,30,0,8,8,33,55
2024-03-27,Miércoles,3,2024,0,0,Cena,18,22,Hamburguesa Clásica,Hamburguesas,20,12.0,240.0,Delivery,No,Ninguna,0,Soleado,30,0,8,10,52,65
2024-03-27,Miércoles,3,2024,0,0,Cena,18,22,Salchipapa Especial,Salchipapas,33,15.0,371.25,Delivery,Sí,Combo,25,Soleado,30,0,8,9,61,42
2024-03-28,Jueves,3,2024,0,0,Desayuno,7,11,Gaseosa,Bebidas,13,4.0,52.0,Presencial,No,Ninguna,0,Soleado,29,0,2,5,52,24
2024-03-28,Jueves,3,2024,0,0,Desayuno,7,11,Jugo Natural,Bebidas,10,6.0,60.0,Presencial,No,Ninguna,0,Soleado,29,0,2,4,69,12
2024-03-28,Jueves,3,2024,0,0,Desayuno,7,11,Sándwich de Pollo,Sándwiches,10,11.0,110.0,Presencial,No,Ninguna,0,Soleado,29,0,2,10,15,17
2024-03-28,Jueves,3,2024,0,0,Desayuno,7,11,Salchipapa Clásica,Salchipapas,10,10.0,100.0,Presencial,No,Ninguna,0,Soleado,29,0,2,12,25,17
2024-03-28,Jueves,3,2024,0,0,Almuerzo,12,16,Hamburguesa BBQ,Hamburguesas,18,16.0,288.0,Delivery,No,Ninguna,0,Soleado,29,0,5,14,38,40
2024-03-28,Jueves,3,2024,0,0,Almuerzo,12,16,Pollo Broaster,Pollos,26,18.0,468.0,Delivery,No,Ninguna,0,Soleado,29,0,5,18,40,43
2024-03-28,Jueves,3,2024,0,0,Almuerzo,12,16,Salchipapa Clásica,Salchipapas,28,10.0,280.0,Presencial,No,Ninguna,0,Soleado,29,0,5,8,41,29
2024-03-28,Jueves,3,2024,0,0,Cena,18,22,Pizza Personal,Pizzas,19,13.0,247.0,Delivery,No,Ninguna,0,Soleado,29,0,6,15,29,55
2024-03-28,Jueves,3,2024,0,0,Cena,18,22,Hamburguesa Clásica,Hamburguesas,19,12.0,228.0,Presencial,No,Ninguna,0,Soleado,29,0,6,9,44,43
2024-03-28,Jueves,3,2024,0,0,Cena,18,22,Salchipapa Especial,Salchipapas,31,15.0,465.0,Presencial,No,Ninguna,0,Soleado,29,0,6,8,45,55
2024-03-28,Jueves,3,2024,0,0,Cena,18,22,Pollo Broaster,Pollos,32,18.0,460.8,Delivery,Sí,Descuento,20,Soleado,29,0,6,14,46,60
2024-03-28,Jueves,3,2024,0,0,Cena,18,22,Gaseosa,Bebidas,42,4.0,168.0,Web,No,Ninguna,0,Soleado,29,0,6,4,87,46
2024-03-29,Viernes,3,2024,0,0,Desayuno,7,11,Cheeseburger,Hamburguesas,12,14.0,168.0,Presencial,No,Ninguna,0,Soleado,28,0,3,9,23,25
2024-03-29,Viernes,3,2024,0,0,Desayuno,7,11,Salchipapa Clásica,Salchipapas,9,10.0,90.0,Presencial,No,Ninguna,0,Soleado,28,0,3,10,16,24
2024-03-29,Viernes,3,2024,0,0,Desayuno,7,11,Sándwich de Pollo,Sándwiches,9,11.0,99.0,Presencial,No,Ninguna,0,Soleado,28,0,3,8,33,17
2024-03-29,Viernes,3,2024,0,0,Desayuno,7,11,Gaseosa,Bebidas,20,4.0,80.0,Presencial,No,Ninguna,0,Soleado,28,0,3,3,41,18
2024-03-29,Viernes,3,2024,0,0,Desayuno,7,11,Pollo Broaster,Pollos,18,18.0,324.0,Presencial,No,Ninguna,0,Soleado,28,0,3,20,41,18
2024-03-29,Viernes,3,2024,0,0,Desayuno,7,11,Jugo Natural,Bebidas,14,6.0,84.0,Presencial,No,Ninguna,0,Soleado,28,0,3,4,68,22
2024-03-29,Viernes,3,2024,0,0,Almuerzo,12,16,Gaseosa,Bebidas,21,4.0,84.0,Web,No,Ninguna,0,Soleado,28,0,5,2,44,40
2024-03-29,Viernes,3,2024,0,0,Almuerzo,12,16,Pollo Broaster,Pollos,41,18.0,738.0,Presencial,No,Ninguna,0,Soleado,28,0,5,13,53,39
2024-03-29,Viernes,3,2024,0,0,Almuerzo,12,16,Pizza Personal,Pizzas,25,13.0,325.0,Delivery,No,Ninguna,0,Soleado,28,0,5,23,40,37
2024-03-29,Viernes,3,2024,0,0,Almuerzo,12,16,Pizza Familiar,Pizzas,25,32.0,800.0,Web,No,Ninguna,0,Soleado,28,0,5,21,47,44
2024-03-29,Viernes,3,2024,0,0,Almuerzo,12,16,Hamburguesa Clásica,Hamburguesas,35,12.0,420.0,Delivery,No,Ninguna,0,Soleado,28,0,5,10,45,33
2024-03-29,Viernes,3,2024,0,0,Cena,18,22,Alitas BBQ,Pollos,28,20.0,560.0,Web,No,Ninguna,0,Soleado,28,0,7,17,38,57
2024-03-29,Viernes,3,2024,0,0,Cena,18,22,Salchipapa Especial,Salchipapas,28,15.0,420.0,Presencial,No,Ninguna,0,Soleado,28,0,7,12,43,40
2024-03-29,Viernes,3,2024,0,0,Cena,18,22,Hamburguesa Clásica,Hamburguesas,28,12.0,268.8,Delivery,Sí,Combo,20,Soleado,28,0,7,11,45,58
2024-03-30,Sábado,3,2024,1,0,Desayuno,7,11,Sándwich de Pollo,Sándwiches,16,11.0,176.0,Delivery,No,Ninguna,0,Soleado,27,0,4,6,32,34
2024-03-30,Sábado,3,2024,1,0,Desayuno,7,11,Cheeseburger,Hamburguesas,11,14.0,130.9,Presencial,Sí,Descuento,15,Soleado,27,0,4,8,30,33
2024-03-30,Sábado,3,2024,1,0,Desayuno,7,11,Jugo Natural,Bebidas,10,6.0,60.0,Presencial,No,Ninguna,0,Soleado,27,0,4,2,46,17
2024-03-30,Sábado,3,2024,1,0,Desayuno,7,11,Hamburguesa BBQ,Hamburguesas,12,16.0,192.0,Presencial,No,Ninguna,0,Soleado,27,0,4,13,29,29
2024-03-30,Sábado,3,2024,1,0,Almuerzo,12,16,Hamburguesa BBQ,Hamburguesas,21,16.0,268.8,Delivery,Sí,Combo,20,Soleado,27,0,6,14,56,56
2024-03-30,Sábado,3,2024,1,0,Almuerzo,12,16,Pollo Broaster,Pollos,63,18.0,907.2,Delivery,Sí,Combo,20,Soleado,27,0,6,19,70,39
2024-03-30,Sábado,3,2024,1,0,Almuerzo,12,16,Salchipapa Especial,Salchipapas,40,15.0,540.0,Delivery,Sí,Combo,10,Soleado,27,0,6,11,54,42
2024-03-30,Sábado,3,2024,1,0,Almuerzo,12,16,Pizza Personal,Pizzas,28,13.0,364.0,Presencial,No,Ninguna,0,Soleado,27,0,6,15,45,55
2024-03-30,Sábado,3,2024,1,0,Cena,18,22,Hamburguesa BBQ,Hamburguesas,21,16.0,336.0,Delivery,No,Ninguna,0,Soleado,27,0,5,10,37,57
2024-03-30,Sábado,3,2024,1,0,Cena,18,22,Pollo Broaster,Pollos,43,18.0,774.0,Web,No,Ninguna,0,Soleado,27,0,5,18,52,63
2024-03-30,Sábado,3,2024,1,0,Cena,18,22,Salchipapa Especial,Salchipapas,38,15.0,570.0,Delivery,No,Ninguna,0,Soleado,27,0,5,12,49,55
2024-03-30,Sábado,3,2024,1,0,Cena,18,22,Alitas BBQ,Pollos,30,20.0,600.0,Web,No,Ninguna,0,Soleado,27,0,5,15,43,64
2024-03-30,Sábado,3,2024,1,0,Cena,18,22,Pizza Familiar,Pizzas,16,32.0,460.8,Delivery,Sí,Combo,10,Soleado,27,0,5,20,39,72
2024-03-31,Domingo,3,2024,1,0,Desayuno,7,11,Sándwich de Pollo,Sándwiches,9,11.0,99.0,Delivery,No,Ninguna,0,Soleado,23,0,4,7,38,18
2024-03-31,Domingo,3,2024,1,0,Desayuno,7,11,Gaseosa,Bebidas,16,4.0,48.0,Presencial,Sí,Descuento,25,Soleado,23,0,4,4,61,37
2024-03-31,Domingo,3,2024,1,0,Desayuno,7,11,Alitas BBQ,Pollos,15,20.0,300.0,Web,No,Ninguna,0,Soleado,23,0,4,18,33,23
2024-03-31,Domingo,3,2024,1,0,Desayuno,7,11,Jugo Natural,Bebidas,13,6.0,78.0,Presencial,No,Ninguna,0,Soleado,23,0,4,3,64,30
2024-03-31,Domingo,3,2024,1,0,Almuerzo,12,16,Pollo Broaster,Pollos,40,18.0,720.0,Presencial,No,Ninguna,0,Soleado,23,0,6,15,72,37
2024-03-31,Domingo,3,2024,1,0,Almuerzo,12,16,Gaseosa,Bebidas,64,4.0,256.0,Presencial,No,Ninguna,0,Soleado,23,0,6,4,79,36
2024-03-31,Domingo,3,2024,1,0,Almuerzo,12,16,Pizza Familiar,Pizzas,23,32.0,736.0,Presencial,No,Ninguna,0,Soleado,23,0,6,22,49,40
2024-03-31,Domingo,3,2024,1,0,Almuerzo,12,16,Jugo Natural,Bebidas,35,6.0,210.0,Presencial,No,Ninguna,0,Soleado,23,0,6,4,58,48
2024-03-31,Domingo,3,2024,1,0,Almuerzo,12,16,Salchipapa Especial,Salchipapas,40,15.0,600.0,Delivery,No,Ninguna,0,Soleado,23,0,6,14,62,41
2024-03-31,Domingo,3,2024,1,0,Cena,18,22,Salchipapa Especial,Salchipapas,38,15.0,570.0,Delivery,No,Ninguna,0,Soleado,23,0,5,14,72,57
2024-03-31,Domingo,3,2024,1,0,Cena,18,22,Pizza Personal,Pizzas,19,13.0,185.25,Presencial,Sí,Combo,25,Soleado,23,0,5,17,37,53
2024-03-31,Domingo,3,2024,1,0,Cena,18,22,Gaseosa,Bebidas,45,4.0,135.0,Presencial,Sí,Combo,25,Soleado,23,0,5,2,89,52
2024-04-01,Lunes,4,2024,0,0,Desayuno,7,11,Sándwich de Pollo,Sándwiches,8,11.0,88.0,Presencial,No,Ninguna,0,Nublado,20,0,4,9,37,24
2024-04-01,Lunes,4,2024,0,0,Desayuno,7,11,Hamburguesa BBQ,Hamburguesas,9,16.0,129.6,Presencial,Sí,Combo,10,Nublado,20,0,4,12,25,30
2024-04-01,Lunes,4,2024,0,0,Desayuno,7,11,Salchipapa Clásica,Salchipapas,8,10.0,80.0,Web,No,Ninguna,0,Nublado,20,0,4,9,17,15
2024-04-01,Lunes,4,2024,0,0,Desayuno,7,11,Jugo Natural,Bebidas,11,6.0,52.8,Delivery,Sí,Descuento,20,Nublado,20,0,4,2,55,22
2024-04-01,Lunes,4,2024,0,0,Desayuno,7,11,Gaseosa,Bebidas,13,4.0,52.0,Presencial,No,Ninguna,0,Nublado,20,0,4,4,44,13
2024-04-01,Lunes,4,2024,0,0,Almuerzo,12,16,Hamburguesa BBQ,Hamburguesas,17,16.0,272.0,Presencial,No,Ninguna,0,Nublado,20,0,6,8,33,25
2024-04-01,Lunes,4,2024,0,0,Almuerzo,12,16,Alitas BBQ,Pollos,18,20.0,360.0,Delivery,No,Ninguna,0,Nublado,20,0,6,13,27,42
2024-04-01,Lunes,4,2024,0,0,Almuerzo,12,16,Pollo Broaster,Pollos,35,18.0,630.0,Delivery,No,Ninguna,0,Nublado,20,0,6,19,62,45
2024-04-01,Lunes,4,2024,0,0,Almuerzo,12,16,Salchipapa Especial,Salchipapas,19,15.0,285.0,Delivery,No,Ninguna,0,Nublado,20,0,6,8,28,41
2024-04-01,Lunes,4,2024,0,0,Cena,18,22,Hamburguesa Clásica,Hamburguesas,20,12.0,240.0,Delivery,No,Ninguna,0,Nublado,20,0,6,13,33,63
2024-04-01,Lunes,4,2024,0,0,Cena,18,22,Cheeseburger,Hamburguesas,18,14.0,252.0,Web,No,Ninguna,0,Nublado,20,0,6,8,48,63
2024-04-01,Lunes,4,2024,0,0,Cena,18,22,Pizza Familiar,Pizzas,12,32.0,384.0,Web,No,Ninguna,0,Nublado,20,0,6,18,39,48
2024-04-01,Lunes,4,2024,0,0,Cena,18,22,Salchipapa Especial,Salchipapas,16,15.0,240.0,Delivery,No,Ninguna,0,Nublado,20,0,6,10,29,51
2024-04-01,Lunes,4,2024,0,0,Cena,18,22,Pizza Personal,Pizzas,12,13.0,156.0,Delivery,No,Ninguna,0,Nublado,20,0,6,15,42,41
2024-04-02,Martes,4,2024,0,0,Desayuno,7,11,Jugo Natural,Bebidas,13,6.0,70.2,Presencial,Sí,Combo,10,Nublado,19,0,2,4,62,26
2024-04-02,Martes,4,2024,0,0,Desayuno,7,11,Salchipapa Clásica,Salchipapas,6,10.0,60.0,Presencial,No,Ninguna,0,Nublado,19,0,2,10,25,10
2024-04-02,Martes,4,2024,0,0,Desayuno,7,11,Cheeseburger,Hamburguesas,9,14.0,126.0,Presencial,No,Ninguna,0,Nublado,19,0,2,10,26,25
2024-04-02,Martes,4,2024,0,0,Desayuno,7,11,Sándwich de Pollo,Sándwiches,9,11.0,89.1,Web,Sí,Descuento,10,Nublado,19,0,2,12,24,31
2024-04-02,Martes,4,2024,0,0,Almuerzo,12,16,Gaseosa,Bebidas,25,4.0,100.0,Delivery,No,Ninguna,0,Nublado,19,0,7,3,64,25
2024-04-02,Martes,4,2024,0,0,Almuerzo,12,16,Pollo Broaster,Pollos,30,18.0,540.0,Presencial,No,Ninguna,0,Nublado,19,0,7,13,53,29
2024-04-02,Martes,4,2024,0,0,Almuerzo,12,16,Cheeseburger,Hamburguesas,19,14.0,266.0,Delivery,No,Ninguna,0,Nublado,19,0,7,9,37,30
2024-04-02,Martes,4,2024,0,0,Almuerzo,12,16,Alitas BBQ,Pollos,20,20.0,400.0,Presencial,No,Ninguna,0,Nublado,19,0,7,17,41,33
2024-04-02,Martes,4,2024,0,0,Cena,18,22,Alitas BBQ,Pollos,19,20.0,285.0,Delivery,Sí,Descuento,25,Nublado,19,0,7,14,45,51
2024-04-02,Martes,4,2024,0,0,Cena,18,22,Cheeseburger,Hamburguesas,15,14.0,210.0,Delivery,No,Ninguna,0,Nublado,19,0,7,9,40,52
2024-04-02,Martes,4,2024,0,0,Cena,18,22,Salchipapa Especial,Salchipapas,31,15.0,418.5,Delivery,Sí,Combo,10,Nublado,19,0,7,11,41,65
2024-04-02,Martes,4,2024,0,0,Cena,18,22,Gaseosa,Bebidas,34,4.0,136.0,Delivery,No,Ninguna,0,Nublado,19,0,7,5,84,55
2024-04-02,Martes,4,2024,0,0,Cena,18,22,Salchipapa Clásica,Salchipapas,15,10.0,150.0,Web,No,Ninguna,0,Nublado,19,0,7,11,25,46
2024-04-03,Miércoles,4,2024,0,0,Desayuno,7,11,Jugo Natural,Bebidas,12,6.0,72.0,Presencial,No,Ninguna,0,Nublado,23,0,4,2,65,17
2024-04-03,Miércoles,4,2024,0,0,Desayuno,7,11,Sándwich de Pollo,Sándwiches,9,11.0,99.0,Presencial,No,Ninguna,0,Nublado,23,0,4,11,15,15
2024-04-03,Miércoles,4,2024,0,0,Desayuno,7,11,Salchipapa Especial,Salchipapas,9,15.0,135.0,Delivery,No,Ninguna,0,Nublado,23,0,4,12,42,23
2024-04-03,Miércoles,4,2024,0,0,Desayuno,7,11,Gaseosa,Bebidas,17,4.0,68.0,Presencial,No,Ninguna,0,Nublado,23,0,4,2,50,13
2024-04-03,Miércoles,4,2024,0,0,Desayuno,7,11,Hamburguesa Clásica,Hamburguesas,13,12.0,156.0,Presencial,No,Ninguna,0,Nublado,23,0,4,13,32,11
2024-04-03,Miércoles,4,2024,0,0,Desayuno,7,11,Cheeseburger,Hamburguesas,9,14.0,126.0,Presencial,No,Ninguna,0,Nublado,23,0,4,13,19,13
2024-04-03,Miércoles,4,2024,0,0,Almuerzo,12,16,Hamburguesa BBQ,Hamburguesas,24,16.0,345.6,Delivery,Sí,2x1,10,Nublado,23,0,6,10,51,46
2024-04-03,Miércoles,4,2024,0,0,Almuerzo,12,16,Pollo Broaster,Pollos,34,18.0,612.0,Delivery,No,Ninguna,0,Nublado,23,0,6,14,43,39
2024-04-03,Miércoles,4,2024,0,0,Almuerzo,12,16,Salchipapa Especial,Salchipapas,25,15.0,375.0,Presencial,No,Ninguna,0,Nublado,23,0,6,12,39,25
2024-04-03,Miércoles,4,2024,0,0,Almuerzo,12,16,Salchipapa Clásica,Salchipapas,18,10.0,180.0,Presencial,No,Ninguna,0,Nublado,23,0,6,12,27,30
2024-04-03,Miércoles,4,2024,0,0,Cena,18,22,Hamburguesa Clásica,Hamburguesas,24,12.0,288.0,Delivery,No,Ninguna,0,Nublado,23,0,4,13,45,58
2024-04-03,Miércoles,4,2024,0,0,Cena,18,22,Hamburguesa BBQ,Hamburguesas,19,16.0,304.0,Delivery,No,Ninguna,0,Nublado,23,0,4,10,44,56
2024-04-03,Miércoles,4,2024,0,0,Cena,18,22,Alitas BBQ,Pollos,27,20.0,432.0,Delivery,Sí,Descuento,20,Nublado,23,0,4,19,60,60
2024-04-03,Miércoles,4,2024,0,0,Cena,18,22,Salchipapa Especial,Salchipapas,22,15.0,330.0,Web,No,Ninguna,0,Nublado,23,0,4,11,31,61
2024-04-03,Miércoles,4,2024,0,0,Cena,18,22,Pizza Personal,Pizzas,13,13.0,169.0,Delivery,No,Ninguna,0,Nublado,23,0,4,22,32,64
2024-04-04,Jueves,4,2024,0,0,Desayuno,7,11,Salchipapa Clásica,Salchipapas,13,10.0,104.0,Presencial,Sí,2x1,20,Nublado,23,0,4,9,43,16
2024-04-04,Jueves,4,2024,0,0,Desayuno,7,11,Hamburguesa Clásica,Hamburguesas,18,12.0,183.6,Presencial,Sí,2x1,15,Nublado,23,0,4,13,37,21
2024-04-04,Jueves,4,2024,0,0,Desayuno,7,11,Cheeseburger,Hamburguesas,7,14.0,98.0,Presencial,No,Ninguna,0,Nublado,23,0,4,14,41,18
2024-04-04,Jueves,4,2024,0,0,Desayuno,7,11,Jugo Natural,Bebidas,12,6.0,57.6,Presencial,Sí,Descuento,20,Nublado,23,0,4,5,33,14
2024-04-04,Jueves,4,2024,0,0,Desayuno,7,11,Sándwich de Pollo,Sándwiches,9,11.0,99.0,Presencial,No,Ninguna,0,Nublado,23,0,4,6,28,11
2024-04-04,Jueves,4,2024,0,0,Desayuno,7,11,Gaseosa,Bebidas,22,4.0,74.8,Presencial,Sí,Combo,15,Nublado,23,0,4,2,65,29
2024-04-04,Jueves,4,2024,0,0,Almuerzo,12,16,Hamburguesa Clásica,Hamburguesas,25,12.0,300.0,Delivery,No,Ninguna,0,Nublado,23,0,7,10,60,40
2024-04-04,Jueves,4,2024,0,0,Almuerzo,12,16,Pizza Personal,Pizzas,17,13.0,221.0,Delivery,No,Ninguna,0,Nublado,23,0,7,23,38,33
2024-04-04,Jueves,4,2024,0,0,Almuerzo,12,16,Hamburguesa BBQ,Hamburguesas,24,16.0,384.0,Presencial,No,Ninguna,0,Nublado,23,0,7,8,39,39
2024-04-04,Jueves,4,2024,0,0,Almuerzo,12,16,Gaseosa,Bebidas,36,4.0,144.0,Presencial,No,Ninguna,0,Nublado,23,0,7,5,72,41
2024-04-04,Jueves,4,2024,0,0,Almuerzo,12,16,Pollo Broaster,Pollos,31,18.0,558.0,Delivery,No,Ninguna,0,Nublado,23,0,7,15,42,42
2024-04-04,Jueves,4,2024,0,0,Cena,18,22,Pollo Broaster,Pollos,31,18.0,558.0,Presencial,No,Ninguna,0,Nublado,23,0,8,20,51,61
2024-04-04,Jueves,4,2024,0,0,Cena,18,22,Pizza Personal,Pizzas,18,13.0,234.0,Delivery,No,Ninguna,0,Nublado,23,0,8,19,38,65
2024-04-04,Jueves,4,2024,0,0,Cena,18,22,Salchipapa Especial,Salchipapas,19,15.0,285.0,Delivery,No,Ninguna,0,Nublado,23,0,8,13,38,49
2024-04-04,Jueves,4,2024,0,0,Cena,18,22,Hamburguesa Clásica,Hamburguesas,22,12.0,264.0,Delivery,No,Ninguna,0,Nublado,23,0,8,11,28,58
2024-04-05,Viernes,4,2024,0,0,Desayuno,7,11,Sándwich de Pollo,Sándwiches,10,11.0,110.0,Presencial,No,Ninguna,0,Lluvioso,18,1,4,10,32,34
2024-04-05,Viernes,4,2024,0,0,Desayuno,7,11,Gaseosa,Bebidas,17,4.0,68.0,Presencial,No,Ninguna,0,Lluvioso,18,1,4,5,69,35
2024-04-05,Viernes,4,2024,0,0,Desayuno,7,11,Jugo Natural,Bebidas,13,6.0,78.0,Presencial,No,Ninguna,0,Lluvioso,18,1,4,2,68,31
2024-04-05,Viernes,4,2024,0,0,Desayuno,7,11,Alitas BBQ,Pollos,14,20.0,280.0,Delivery,No,Ninguna,0,Lluvioso,18,1,4,18,45,38
2024-04-05,Viernes,4,2024,0,0,Desayuno,7,11,Cheeseburger,Hamburguesas,10,14.0,140.0,Presencial,No,Ninguna,0,Lluvioso,18,1,4,9,25,33
2024-04-05,Viernes,4,2024,0,0,Almuerzo,12,16,Alitas BBQ,Pollos,25,20.0,500.0,Web,No,Ninguna,0,Lluvioso,18,1,4,14,40,50
2024-04-05,Viernes,4,2024,0,0,Almuerzo,12,16,Hamburguesa Clásica,Hamburguesas,42,12.0,504.0,Delivery,No,Ninguna,0,Lluvioso,18,1,4,10,66,54
2024-04-05,Viernes,4,2024,0,0,Almuerzo,12,16,Salchipapa Clásica,Salchipapas,28,10.0,280.0,Presencial,No,Ninguna,0,Lluvioso,18,1,4,15,58,37
2024-04-05,Viernes,4,2024,0,0,Almuerzo,12,16,Salchipapa Especial,Salchipapas,40,15.0,480.0,Web,Sí,2x1,20,Lluvioso,18,1,4,12,63,49
2024-04-05,Viernes,4,2024,0,0,Almuerzo,12,16,Pollo Broaster,Pollos,45,18.0,810.0,Delivery,No,Ninguna,0,Lluvioso,18,1,4,13,68,38
2024-04-05,Viernes,4,2024,0,0,Cena,18,22,Gaseosa,Bebidas,36,4.0,144.0,Delivery,No,Ninguna,0,Lluvioso,18,1,7,5,52,75
2024-04-05,Viernes,4,2024,0,0,Cena,18,22,Sándwich de Pollo,Sándwiches,21,11.0,231.0,Delivery,No,Ninguna,0,Lluvioso,18,1,7,12,33,59
2024-04-05,Viernes,4,2024,0,0,Cena,18,22,Pizza Personal,Pizzas,22,13.0,286.0,Delivery,No,Ninguna,0,Lluvioso,18,1,7,24,56,79
2024-04-05,Viernes,4,2024,0,0,Cena,18,22,Hamburguesa Clásica,Hamburguesas,34,12.0,408.0,Delivery,No,Ninguna,0,Lluvioso,18,1,7,9,42,81
2024-04-05,Viernes,4,2024,0,0,Cena,18,22,Pollo Broaster,Pollos,43,18.0,696.6,Delivery,Sí,2x1,10,Lluvioso,18,1,7,16,55,82
2024-04-05,Viernes,4,2024,0,0,Cena,18,22,Hamburguesa BBQ,Hamburguesas,27,16.0,432.0,Presencial,No,Ninguna,0,Lluvioso,18,1,7,8,46,61
2024-04-06,Sábado,4,2024,1,0,Desayuno,7,11,Jugo Natural,Bebidas,14,6.0,63.0,Presencial,Sí,Combo,25,Nublado,19,0,4,4,59,34
2024-04-06,Sábado,4,2024,1,0,Desayuno,7,11,Salchipapa Clásica,Salchipapas,12,10.0,120.0,Presencial,No,Ninguna,0,Nublado,19,0,4,9,28,20
2024-04-06,Sábado,4,2024,1,0,Desayuno,7,11,Sándwich de Pollo,Sándwiches,8,11.0,88.0,Presencial,No,Ninguna,0,Nublado,19,0,4,11,33,29
2024-04-06,Sábado,4,2024,1,0,Desayuno,7,11,Gaseosa,Bebidas,16,4.0,64.0,Delivery,No,Ninguna,0,Nublado,19,0,4,4,33,29
2024-04-06,Sábado,4,2024,1,0,Almuerzo,12,16,Hamburguesa Clásica,Hamburguesas,24,12.0,288.0,Presencial,No,Ninguna,0,Nublado,19,0,5,10,40,30
2024-04-06,Sábado,4,2024,1,0,Almuerzo,12,16,Hamburguesa BBQ,Hamburguesas,40,16.0,640.0,Presencial,No,Ninguna,0,Nublado,19,0,5,9,56,37
2024-04-06,Sábado,4,2024,1,0,Almuerzo,12,16,Pollo Broaster,Pollos,45,18.0,810.0,Presencial,No,Ninguna,0,Nublado,19,0,5,17,79,38
2024-04-06,Sábado,4,2024,1,0,Cena,18,22,Gaseosa,Bebidas,43,4.0,146.2,Delivery,Sí,Combo,15,Nublado,19,0,6,2,65,51
2024-04-06,Sábado,4,2024,1,0,Cena,18,22,Pizza Familiar,Pizzas,18,32.0,576.0,Web,No,Ninguna,0,Nublado,19,0,6,24,48,61
2024-04-06,Sábado,4,2024,1,0,Cena,18,22,Hamburguesa BBQ,Hamburguesas,27,16.0,432.0,Delivery,No,Ninguna,0,Nublado,19,0,6,12,53,56
2024-04-06,Sábado,4,2024,1,0,Cena,18,22,Pollo Broaster,Pollos,44,18.0,792.0,Delivery,No,Ninguna,0,Nublado,19,0,6,15,65,62
2024-04-06,Sábado,4,2024,1,0,Cena,18,22,Hamburguesa Clásica,Hamburguesas,27,12.0,275.4,Presencial,Sí,Descuento,15,Nublado,19,0,6,8,39,72
2024-04-07,Domingo,4,2024,1,0,Desayuno,7,11,Jugo Natural,Bebidas,18,6.0,108.0,Presencial,No,Ninguna,0,Soleado,25,0,3,5,73,30
2024-04-07,Domingo,4,2024,1,0,Desayuno,7,11,Hamburguesa Clásica,Hamburguesas,19,12.0,193.8,Presencial,Sí,Combo,15,Soleado,25,0,3,10,24,22
2024-04-07,Domingo,4,2024,1,0,Desayuno,7,11,Gaseosa,Bebidas,24,4.0,96.0,Presencial,No,Ninguna,0,Soleado,25,0,3,5,67,35
2024-04-07,Domingo,4,2024,1,0,Desayuno,7,11,Cheeseburger,Hamburguesas,10,14.0,140.0,Presencial,No,Ninguna,0,Soleado,25,0,3,13,39,32
2024-04-07,Domingo,4,2024,1,0,Desayuno,7,11,Sándwich de Pollo,Sándwiches,9,11.0,99.0,Web,No,Ninguna,0,Soleado,25,0,3,12,29,26
2024-04-07,Domingo,4,2024,1,0,Almuerzo,12,16,Gaseosa,Bebidas,39,4.0,156.0,Presencial,No,Ninguna,0,Soleado,25,0,7,5,81,47
2024-04-07,Domingo,4,2024,1,0,Almuerzo,12,16,Pollo Broaster,Pollos,53,18.0,954.0,Web,No,Ninguna,0,Soleado,25,0,7,14,84,37
2024-04-07,Domingo,4,2024,1,0,Almuerzo,12,16,Sándwich de Pollo,Sándwiches,23,11.0,253.0,Delivery,No,Ninguna,0,Soleado,25,0,7,7,46,30
2024-04-07,Domingo,4,2024,1,0,Almuerzo,12,16,Alitas BBQ,Pollos,28,20.0,560.0,Delivery,No,Ninguna,0,Soleado,25,0,7,20,38,45
2024-04-07,Domingo,4,2024,1,0,Almuerzo,12,16,Salchipapa Especial,Salchipapas,39,15.0,585.0,Presencial,No,Ninguna,0,Soleado,25,0,7,10,61,37
2024-04-07,Domingo,4,2024,1,0,Cena,18,22,Gaseosa,Bebidas,34,4.0,136.0,Presencial,No,Ninguna,0,Soleado,25,0,9,4,62,60
2024-04-07,Domingo,4,2024,1,0,Cena,18,22,Cheeseburger,Hamburguesas,17,14.0,238.0,Web,No,Ninguna,0,Soleado,25,0,9,9,37,67
2024-04-07,Domingo,4,2024,1,0,Cena,18,22,Pollo Broaster,Pollos,47,18.0,846.0,Web,No,Ninguna,0,Soleado,25,0,9,14,72,74
2024-04-07,Domingo,4,2024,1,0,Cena,18,22,Jugo Natural,Bebidas,24,6.0,144.0,Delivery,No,Ninguna,0,Soleado,25,0,9,4,47,63
2024-04-07,Domingo,4,2024,1,0,Cena,18,22,Salchipapa Clásica,Salchipapas,24,10.0,240.0,Delivery,No,Ninguna,0,Soleado,25,0,9,13,29,52
2024-04-07,Domingo,4,2024,1,0,Cena,18,22,Hamburguesa BBQ,Hamburguesas,29,16.0,464.0,Delivery,No,Ninguna,0,Soleado,25,0,9,9,55,62
2024-04-08,Lunes,4,2024,0,0,Desayuno,7,11,Hamburguesa Clásica,Hamburguesas,8,12.0,96.0,Delivery,No,Ninguna,0,Nublado,24,0,4,11,31,18
2024-04-08,Lunes,4,2024,0,0,Desayuno,7,11,Jugo Natural,Bebidas,8,6.0,48.0,Presencial,No,Ninguna,0,Nublado,24,0,4,4,38,25
2024-04-08,Lunes,4,2024,0,0,Desayuno,7,11,Sándwich de Pollo,Sándwiches,9,11.0,99.0,Delivery,No,Ninguna,0,Nublado,24,0,4,11,17,25
2024-04-08,Lunes,4,2024,0,0,Almuerzo,12,16,Salchipapa Especial,Salchipapas,27,15.0,405.0,Presencial,No,Ninguna,0,Nublado,24,0,6,15,39,27
2024-04-08,Lunes,4,2024,0,0,Almuerzo,12,16,Alitas BBQ,Pollos,26,20.0,520.0,Presencial,No,Ninguna,0,Nublado,24,0,6,20,50,33
2024-04-08,Lunes,4,2024,0,0,Almuerzo,12,16,Hamburguesa Clásica,Hamburguesas,32,12.0,384.0,Delivery,No,Ninguna,0,Nublado,24,0,6,8,56,37
2024-04-08,Lunes,4,2024,0,0,Almuerzo,12,16,Gaseosa,Bebidas,33,4.0,132.0,Web,No,Ninguna,0,Nublado,24,0,6,3,71,45
2024-04-08,Lunes,4,2024,0,0,Almuerzo,12,16,Hamburguesa BBQ,Hamburguesas,16,16.0,256.0,Presencial,No,Ninguna,0,Nublado,24,0,6,10,41,44
2024-04-08,Lunes,4,2024,0,0,Almuerzo,12,16,Salchipapa Clásica,Salchipapas,22,10.0,220.0,Delivery,No,Ninguna,0,Nublado,24,0,6,14,48,39
2024-04-08,Lunes,4,2024,0,0,Cena,18,22,Hamburguesa BBQ,Hamburguesas,18,16.0,288.0,Delivery,No,Ninguna,0,Nublado,24,0,4,9,31,48
2024-04-08,Lunes,4,2024,0,0,Cena,18,22,Pollo Broaster,Pollos,30,18.0,540.0,Presencial,No,Ninguna,0,Nublado,24,0,4,14,41,41
2024-04-08,Lunes,4,2024,0,0,Cena,18,22,Hamburguesa Clásica,Hamburguesas,27,12.0,324.0,Delivery,No,Ninguna,0,Nublado,24,0,4,14,58,57
2024-04-08,Lunes,4,2024,0,0,Cena,18,22,Salchipapa Especial,Salchipapas,18,15.0,270.0,Web,No,Ninguna,0,Nublado,24,0,4,11,33,55
2024-04-08,Lunes,4,2024,0,0,Cena,18,22,Alitas BBQ,Pollos,14,20.0,280.0,Web,No,Ninguna,0,Nublado,24,0,4,19,39,43
2024-04-08,Lunes,4,2024,0,0,Cena,18,22,Gaseosa,Bebidas,34,4.0,136.0,Presencial,No,Ninguna,0,Nublado,24,0,4,4,77,52
2024-04-09,Martes,4,2024,0,0,Desayuno,7,11,Sándwich de Pollo,Sándwiches,7,11.0,77.0,Delivery,No,Ninguna,0,Lluvioso,22,1,4,7,14,37
2024-04-09,Martes,4,2024,0,0,Desayuno,7,11,Jugo Natural,Bebidas,12,6.0,54.0,Presencial,Sí,2x1,25,Lluvioso,22,1,4,5,33,37
2024-04-09,Martes,4,2024,0,0,Desayuno,7,11,Gaseosa,Bebidas,15,4.0,60.0,Delivery,No,Ninguna,0,Lluvioso,22,1,4,3,72,38
2024-04-09,Martes,4,2024,0,0,Desayuno,7,11,Hamburguesa Clásica,Hamburguesas,12,12.0,144.0,Presencial,No,Ninguna,0,Lluvioso,22,1,4,9,31,27
2024-04-09,Martes,4,2024,0,0,Almuerzo,12,16,Hamburguesa Clásica,Hamburguesas,22,12.0,264.0,Presencial,No,Ninguna,0,Lluvioso,22,1,7,11,47,61
2024-04-09,Martes,4,2024,0,0,Almuerzo,12,16,Pollo Broaster,Pollos,30,18.0,540.0,Delivery,No,Ninguna,0,Lluvioso,22,1,7,15,45,51
2024-04-09,Martes,4,2024,0,0,Almuerzo,12,16,Gaseosa,Bebidas,49,4.0,196.0,Presencial,No,Ninguna,0,Lluvioso,22,1,7,3,70,39
2024-04-09,Martes,4,2024,0,0,Almuerzo,12,16,Salchipapa Especial,Salchipapas,24,15.0,360.0,Delivery,No,Ninguna,0,Lluvioso,22,1,7,11,43,58
2024-04-09,Martes,4,2024,0,0,Almuerzo,12,16,Alitas BBQ,Pollos,23,20.0,460.0,Delivery,No,Ninguna,0,Lluvioso,22,1,7,14,28,43
2024-04-09,Martes,4,2024,0,0,Cena,18,22,Gaseosa,Bebidas,33,4.0,105.6,Delivery,Sí,Descuento,20,Lluvioso,22,1,6,3,73,80
2024-04-09,Martes,4,2024,0,0,Cena,18,22,Pizza Familiar,Pizzas,14,32.0,448.0,Delivery,No,Ninguna,0,Lluvioso,22,1,6,24,44,68
2024-04-09,Martes,4,2024,0,0,Cena,18,22,Alitas BBQ,Pollos,22,20.0,440.0,Web,No,Ninguna,0,Lluvioso,22,1,6,13,46,65
2024-04-09,Martes,4,2024,0,0,Cena,18,22,Salchipapa Clásica,Salchipapas,22,10.0,187.0,Web,Sí,Combo,15,Lluvioso,22,1,6,14,45,79
2024-04-09,Martes,4,2024,0,0,Cena,18,22,Hamburguesa BBQ,Hamburguesas,17,16.0,272.0,Web,No,Ninguna,0,Lluvioso,22,1,6,14,32,77
2024-04-10,Miércoles,4,2024,0,0,Desayuno,7,11,Cheeseburger,Hamburguesas,9,14.0,126.0,Web,No,Ninguna,0,Soleado,27,0,3,14,17,21
2024-04-10,Miércoles,4,2024,0,0,Desayuno,7,11,Hamburguesa BBQ,Hamburguesas,6,16.0,96.0,Presencial,No,Ninguna,0,Soleado,27,0,3,13,22,10
2024-04-10,Miércoles,4,2024,0,0,Desayuno,7,11,Jugo Natural,Bebidas,13,6.0,70.2,Presencial,Sí,Combo,10,Soleado,27,0,3,3,40,14
2024-04-10,Miércoles,4,2024,0,0,Desayuno,7,11,Sándwich de Pollo,Sándwiches,7,11.0,77.0,Presencial,No,Ninguna,0,Soleado,27,0,3,12,33,25
2024-04-10,Miércoles,4,2024,0,0,Almuerzo,12,16,Salchipapa Clásica,Salchipapas,16,10.0,160.0,Presencial,No,Ninguna,0,Soleado,27,0,5,9,46,39
2024-04-10,Miércoles,4,2024,0,0,Almuerzo,12,16,Hamburguesa BBQ,Hamburguesas,25,16.0,400.0,Presencial,No,Ninguna,0,Soleado,27,0,5,9,58,34
2024-04-10,Miércoles,4,2024,0,0,Almuerzo,12,16,Sándwich de Pollo,Sándwiches,31,11.0,289.85,Web,Sí,Combo,15,Soleado,27,0,5,9,61,48
2024-04-10,Miércoles,4,2024,0,0,Almuerzo,12,16,Cheeseburger,Hamburguesas,17,14.0,238.0,Delivery,No,Ninguna,0,Soleado,27,0,5,9,29,28
2024-04-10,Miércoles,4,2024,0,0,Almuerzo,12,16,Pizza Personal,Pizzas,18,13.0,234.0,Presencial,No,Ninguna,0,Soleado,27,0,5,22,48,40
2024-04-10,Miércoles,4,2024,0,0,Almuerzo,12,16,Pollo Broaster,Pollos,35,18.0,630.0,Presencial,No,Ninguna,0,Soleado,27,0,5,17,69,43
2024-04-10,Miércoles,4,2024,0,0,Cena,18,22,Gaseosa,Bebidas,34,4.0,108.8,Delivery,Sí,Descuento,20,Soleado,27,0,6,5,55,65
2024-04-10,Miércoles,4,2024,0,0,Cena,18,22,Salchipapa Especial,Salchipapas,33,15.0,495.0,Delivery,No,Ninguna,0,Soleado,27,0,6,8,54,55
2024-04-10,Miércoles,4,2024,0,0,Cena,18,22,Pollo Broaster,Pollos,25,18.0,450.0,Web,No,Ninguna,0,Soleado,27,0,6,20,35,46
2024-04-10,Miércoles,4,2024,0,0,Cena,18,22,Hamburguesa Clásica,Hamburguesas,23,12.0,276.0,Presencial,No,Ninguna,0,Soleado,27,0,6,12,29,63
2024-04-10,Miércoles,4,2024,0,0,Cena,18,22,Pizza Familiar,Pizzas,16,32.0,512.0,Web,No,Ninguna,0,Soleado,27,0,6,17,37,61
2024-04-11,Jueves,4,2024,0,0,Desayuno,7,11,Sándwich de Pollo,Sándwiches,9,11.0,99.0,Presencial,No,Ninguna,0,Nublado,23,0,2,10,14,12
2024-04-11,Jueves,4,2024,0,0,Desayuno,7,11,Gaseosa,Bebidas,17,4.0,61.2,Delivery,Sí,Combo,10,Nublado,23,0,2,5,46,21
2024-04-11,Jueves,4,2024,0,0,Desayuno,7,11,Jugo Natural,Bebidas,8,6.0,48.0,Presencial,No,Ninguna,0,Nublado,23,0,2,4,50,22
2024-04-11,Jueves,4,2024,0,0,Almuerzo,12,16,Cheeseburger,Hamburguesas,20,14.0,280.0,Presencial,No,Ninguna,0,Nublado,23,0,6,9,51,25
2024-04-11,Jueves,4,2024,0,0,Almuerzo,12,16,Sándwich de Pollo,Sándwiches,22,11.0,242.0,Delivery,No,Ninguna,0,Nublado,23,0,6,11,51,33
2024-04-11,Jueves,4,2024,0,0,Almuerzo,12,16,Hamburguesa Clásica,Hamburguesas,24,12.0,288.0,Presencial,No,Ninguna,0,Nublado,23,0,6,14,44,32
2024-04-11,Jueves,4,2024,0,0,Almuerzo,12,16,Jugo Natural,Bebidas,33,6.0,168.3,Delivery,Sí,2x1,15,Nublado,23,0,6,4,66,40
2024-04-11,Jueves,4,2024,0,0,Almuerzo,12,16,Salchipapa Clásica,Salchipapas,24,10.0,240.0,Presencial,No,Ninguna,0,Nublado,23,0,6,10,45,33
2024-04-11,Jueves,4,2024,0,0,Cena,18,22,Salchipapa Especial,Salchipapas,28,15.0,420.0,Delivery,No,Ninguna,0,Nublado,23,0,4,8,54,59
2024-04-11,Jueves,4,2024,0,0,Cena,18,22,Pizza Familiar,Pizzas,18,32.0,576.0,Web,No,Ninguna,0,Nublado,23,0,4,15,41,64
2024-04-11,Jueves,4,2024,0,0,Cena,18,22,Pollo Broaster,Pollos,35,18.0,504.0,Delivery,Sí,Combo,20,Nublado,23,0,4,15,50,49
2024-04-11,Jueves,4,2024,0,0,Cena,18,22,Salchipapa Clásica,Salchipapas,18,10.0,180.0,Presencial,No,Ninguna,0,Nublado,23,0,4,12,40,54
2024-04-11,Jueves,4,2024,0,0,Cena,18,22,Alitas BBQ,Pollos,25,20.0,400.0,Delivery,Sí,2x1,20,Nublado,23,0,4,14,53,43
2024-04-11,Jueves,4,2024,0,0,Cena,18,22,Pizza Personal,Pizzas,13,13.0,169.0,Presencial,No,Ninguna,0,Nublado,23,0,4,24,21,51
2024-04-12,Viernes,4,2024,0,0,Desayuno,7,11,Gaseosa,Bebidas,16,4.0,64.0,Delivery,No,Ninguna,0,Lluvioso,22,1,4,4,53,39
2024-04-12,Viernes,4,2024,0,0,Desayuno,7,11,Sándwich de Pollo,Sándwiches,8,11.0,88.0,Delivery,No,Ninguna,0,Lluvioso,22,1,4,8,20,41
2024-04-12,Viernes,4,2024,0,0,Desayuno,7,11,Hamburguesa Clásica,Hamburguesas,17,12.0,204.0,Web,No,Ninguna,0,Lluvioso,22,1,4,8,35,31
2024-04-12,Viernes,4,2024,0,0,Desayuno,7,11,Salchipapa Especial,Salchipapas,17,15.0,255.0,Presencial,No,Ninguna,0,Lluvioso,22,1,4,11,34,24
2024-04-12,Viernes,4,2024,0,0,Desayuno,7,11,Alitas BBQ,Pollos,11,20.0,187.0,Delivery,Sí,2x1,15,Lluvioso,22,1,4,19,27,43
2024-04-12,Viernes,4,2024,0,0,Almuerzo,12,16,Hamburguesa BBQ,Hamburguesas,29,16.0,464.0,Web,No,Ninguna,0,Lluvioso,22,1,5,11,45,59
2024-04-12,Viernes,4,2024,0,0,Almuerzo,12,16,Pollo Broaster,Pollos,28,18.0,504.0,Presencial,No,Ninguna,0,Lluvioso,22,1,5,16,61,47
2024-04-12,Viernes,4,2024,0,0,Almuerzo,12,16,Salchipapa Clásica,Salchipapas,24,10.0,240.0,Presencial,No,Ninguna,0,Lluvioso,22,1,5,10,50,60
2024-04-12,Viernes,4,2024,0,0,Almuerzo,12,16,Salchipapa Especial,Salchipapas,33,15.0,495.0,Presencial,No,Ninguna,0,Lluvioso,22,1,5,14,56,57
2024-04-12,Viernes,4,2024,0,0,Cena,18,22,Pollo Broaster,Pollos,50,18.0,765.0,Web,Sí,Combo,15,Lluvioso,22,1,5,12,76,83
2024-04-12,Viernes,4,2024,0,0,Cena,18,22,Pizza Personal,Pizzas,21,13.0,245.7,Web,Sí,Combo,10,Lluvioso,22,1,5,18,35,54
2024-04-12,Viernes,4,2024,0,0,Cena,18,22,Gaseosa,Bebidas,47,4.0,188.0,Web,No,Ninguna,0,Lluvioso,22,1,5,5,83,70
2024-04-12,Viernes,4,2024,0,0,Cena,18,22,Pizza Familiar,Pizzas,20,32.0,640.0,Presencial,No,Ninguna,0,Lluvioso,22,1,5,17,30,63
2024-04-12,Viernes,4,2024,0,0,Cena,18,22,Salchipapa Especial,Salchipapas,32,15.0,480.0,Delivery,No,Ninguna,0,Lluvioso,22,1,5,12,59,76
2024-04-13,Sábado,4,2024,1,0,Desayuno,7,11,Cheeseburger,Hamburguesas,17,14.0,190.4,Presencial,Sí,Combo,20,Nublado,19,0,4,10,24,38
2024-04-13,Sábado,4,2024,1,0,Desayuno,7,11,Sándwich de Pollo,Sándwiches,10,11.0,110.0,Presencial,No,Ninguna,0,Nublado,19,0,4,7,18,17
2024-04-13,Sábado,4,2024,1,0,Desayuno,7,11,Gaseosa,Bebidas,14,4.0,56.0,Presencial,No,Ninguna,0,Nublado,19,0,4,5,30,25
2024-04-13,Sábado,4,2024,1,0,Desayuno,7,11,Hamburguesa BBQ,Hamburguesas,10,16.0,160.0,Presencial,No,Ninguna,0,Nublado,19,0,4,12,43,28
2024-04-13,Sábado,4,2024,1,0,Desayuno,7,11,Jugo Natural,Bebidas,10,6.0,60.0,Delivery,No,Ninguna,0,Nublado,19,0,4,4,41,31
2024-04-13,Sábado,4,2024,1,0,Desayuno,7,11,Salchipapa Clásica,Salchipapas,17,10.0,170.0,Presencial,No,Ninguna,0,Nublado,19,0,4,15,43,29
2024-04-13,Sábado,4,2024,1,0,Almuerzo,12,16,Salchipapa Clásica,Salchipapas,33,10.0,330.0,Presencial,No,Ninguna,0,Nublado,19,0,4,14,51,38
2024-04-13,Sábado,4,2024,1,0,Almuerzo,12,16,Pollo Broaster,Pollos,46,18.0,828.0,Delivery,No,Ninguna,0,Nublado,19,0,4,16,53,35
2024-04-13,Sábado,4,2024,1,0,Almuerzo,12,16,Pizza Familiar,Pizzas,18,32.0,576.0,Delivery,No,Ninguna,0,Nublado,19,0,4,16,23,37
2024-04-13,Sábado,4,2024,1,0,Cena,18,22,Pizza Personal,Pizzas,22,13.0,286.0,Presencial,No,Ninguna,0,Nublado,19,0,5,25,57,49
2024-04-13,Sábado,4,2024,1,0,Cena,18,22,Pizza Familiar,Pizzas,19,32.0,608.0,Web,No,Ninguna,0,Nublado,19,0,5,16,25,63
2024-04-13,Sábado,4,2024,1,0,Cena,18,22,Hamburguesa BBQ,Hamburguesas,16,16.0,256.0,Web,No,Ninguna,0,Nublado,19,0,5,8,21,55
2024-04-13,Sábado,4,2024,1,0,Cena,18,22,Salchipapa Especial,Salchipapas,35,15.0,525.0,Presencial,No,Ninguna,0,Nublado,19,0,5,11,55,66
2024-04-13,Sábado,4,2024,1,0,Cena,18,22,Pollo Broaster,Pollos,34,18.0,612.0,Delivery,No,Ninguna,0,Nublado,19,0,5,12,53,69
2024-04-14,Domingo,4,2024,1,0,Desayuno,7,11,Salchipapa Especial,Salchipapas,11,15.0,165.0,Presencial,No,Ninguna,0,Soleado,23,0,4,12,35,17
2024-04-14,Domingo,4,2024,1,0,Desayuno,7,11,Jugo Natural,Bebidas,17,6.0,102.0,Presencial,No,Ninguna,0,Soleado,23,0,4,2,73,24
2024-04-14,Domingo,4,2024,1,0,Desayuno,7,11,Hamburguesa BBQ,Hamburguesas,9,16.0,144.0,Presencial,No,Ninguna,0,Soleado,23,0,4,12,38,24
2024-04-14,Domingo,4,2024,1,0,Almuerzo,12,16,Pollo Broaster,Pollos,46,18.0,828.0,Delivery,No,Ninguna,0,Soleado,23,0,5,16,74,45
2024-04-14,Domingo,4,2024,1,0,Almuerzo,12,16,Alitas BBQ,Pollos,29,20.0,580.0,Delivery,No,Ninguna,0,Soleado,23,0,5,19,44,45
2024-04-14,Domingo,4,2024,1,0,Almuerzo,12,16,Cheeseburger,Hamburguesas,20,14.0,280.0,Delivery,No,Ninguna,0,Soleado,23,0,5,11,53,36
2024-04-14,Domingo,4,2024,1,0,Almuerzo,12,16,Hamburguesa Clásica,Hamburguesas,35,12.0,420.0,Web,No,Ninguna,0,Soleado,23,0,5,13,64,44
2024-04-14,Domingo,4,2024,1,0,Almuerzo,12,16,Pizza Personal,Pizzas,25,13.0,325.0,Presencial,No,Ninguna,0,Soleado,23,0,5,15,43,35
2024-04-14,Domingo,4,2024,1,0,Cena,18,22,Hamburguesa Clásica,Hamburguesas,47,12.0,507.6,Delivery,Sí,Combo,10,Soleado,23,0,8,9,58,65
2024-04-14,Domingo,4,2024,1,0,Cena,18,22,Hamburguesa BBQ,Hamburguesas,21,16.0,336.0,Delivery,No,Ninguna,0,Soleado,23,0,8,10,30,70
2024-04-14,Domingo,4,2024,1,0,Cena,18,22,Gaseosa,Bebidas,38,4.0,152.0,Presencial,No,Ninguna,0,Soleado,23,0,8,3,74,65
2024-04-14,Domingo,4,2024,1,0,Cena,18,22,Pollo Broaster,Pollos,28,18.0,504.0,Delivery,No,Ninguna,0,Soleado,23,0,8,14,44,69
2024-04-14,Domingo,4,2024,1,0,Cena,18,22,Pizza Familiar,Pizzas,16,32.0,512.0,Presencial,No,Ninguna,0,Soleado,23,0,8,20,43,59
2024-04-15,Lunes,4,2024,0,0,Desayuno,7,11,Hamburguesa BBQ,Hamburguesas,10,16.0,160.0,Delivery,No,Ninguna,0,Soleado,28,0,4,9,37,14
2024-04-15,Lunes,4,2024,0,0,Desayuno,7,11,Jugo Natural,Bebidas,7,6.0,42.0,Presencial,No,Ninguna,0,Soleado,28,0,4,2,42,17
2024-04-15,Lunes,4,2024,0,0,Desayuno,7,11,Sándwich de Pollo,Sándwiches,6,11.0,66.0,Presencial,No,Ninguna,0,Soleado,28,0,4,10,26,13
2024-04-15,Lunes,4,2024,0,0,Desayuno,7,11,Cheeseburger,Hamburguesas,7,14.0,98.0,Presencial,No,Ninguna,0,Soleado,28,0,4,14,20,18
2024-04-15,Lunes,4,2024,0,0,Desayuno,7,11,Pollo Broaster,Pollos,10,18.0,180.0,Delivery,No,Ninguna,0,Soleado,28,0,4,12,25,21
2024-04-15,Lunes,4,2024,0,0,Almuerzo,12,16,Hamburguesa BBQ,Hamburguesas,20,16.0,320.0,Web,No,Ninguna,0,Soleado,28,0,7,8,48,44
2024-04-15,Lunes,4,2024,0,0,Almuerzo,12,16,Salchipapa Clásica,Salchipapas,14,10.0,140.0,Delivery,No,Ninguna,0,Soleado,28,0,7,14,41,41
2024-04-15,Lunes,4,2024,0,0,Almuerzo,12,16,Alitas BBQ,Pollos,18,20.0,360.0,Presencial,No,Ninguna,0,Soleado,28,0,7,12,43,25
2024-04-15,Lunes,4,2024,0,0,Almuerzo,12,16,Pizza Familiar,Pizzas,12,32.0,384.0,Presencial,No,Ninguna,0,Soleado,28,0,7,17,31,38
2024-04-15,Lunes,4,2024,0,0,Cena,18,22,Gaseosa,Bebidas,25,4.0,100.0,Delivery,No,Ninguna,0,Soleado,28,0,6,2,47,59
2024-04-15,Lunes,4,2024,0,0,Cena,18,22,Salchipapa Especial,Salchipapas,29,15.0,326.25,Delivery,Sí,Combo,25,Soleado,28,0,6,14,54,54
2024-04-15,Lunes,4,2024,0,0,Cena,18,22,Pizza Personal,Pizzas,12,13.0,156.0,Presencial,No,Ninguna,0,Soleado,28,0,6,24,18,45
2024-04-15,Lunes,4,2024,0,0,Cena,18,22,Pizza Familiar,Pizzas,14,32.0,448.0,Delivery,No,Ninguna,0,Soleado,28,0,6,16,23,41
2024-04-15,Lunes,4,2024,0,0,Cena,18,22,Pollo Broaster,Pollos,33,18.0,504.9,Delivery,Sí,2x1,15,Soleado,28,0,6,17,62,50
2024-04-16,Martes,4,2024,0,0,Desayuno,7,11,Gaseosa,Bebidas,17,4.0,68.0,Presencial,No,Ninguna,0,Soleado,29,0,2,2,73,13
2024-04-16,Martes,4,2024,0,0,Desayuno,7,11,Cheeseburger,Hamburguesas,9,14.0,126.0,Presencial,No,Ninguna,0,Soleado,29,0,2,8,15,10
2024-04-16,Martes,4,2024,0,0,Desayuno,7,11,Jugo Natural,Bebidas,8,6.0,48.0,Delivery,No,Ninguna,0,Soleado,29,0,2,5,24,17
2024-04-16,Martes,4,2024,0,0,Desayuno,7,11,Sándwich de Pollo,Sándwiches,9,11.0,99.0,Presencial,No,Ninguna,0,Soleado,29,0,2,10,16,19
2024-04-16,Martes,4,2024,0,0,Desayuno,7,11,Salchipapa Especial,Salchipapas,14,15.0,178.5,Presencial,Sí,2x1,15,Soleado,29,0,2,13,35,23
2024-04-16,Martes,4,2024,0,0,Almuerzo,12,16,Hamburguesa Clásica,Hamburguesas,29,12.0,348.0,Delivery,No,Ninguna,0,Soleado,29,0,6,9,44,30
2024-04-16,Martes,4,2024,0,0,Almuerzo,12,16,Salchipapa Especial,Salchipapas,29,15.0,435.0,Presencial,No,Ninguna,0,Soleado,29,0,6,14,40,37
2024-04-16,Martes,4,2024,0,0,Almuerzo,12,16,Hamburguesa BBQ,Hamburguesas,13,16.0,208.0,Presencial,No,Ninguna,0,Soleado,29,0,6,13,41,26
2024-04-16,Martes,4,2024,0,0,Almuerzo,12,16,Jugo Natural,Bebidas,25,6.0,150.0,Web,No,Ninguna,0,Soleado,29,0,6,2,81,31
2024-04-16,Martes,4,2024,0,0,Almuerzo,12,16,Alitas BBQ,Pollos,25,20.0,500.0,Web,No,Ninguna,0,Soleado,29,0,6,12,39,43
2024-04-16,Martes,4,2024,0,0,Almuerzo,12,16,Gaseosa,Bebidas,38,4.0,121.6,Web,Sí,Descuento,20,Soleado,29,0,6,5,91,36
2024-04-16,Martes,4,2024,0,0,Cena,18,22,Salchipapa Clásica,Salchipapas,18,10.0,162.0,Presencial,Sí,Combo,10,Soleado,29,0,5,11,36,46
2024-04-16,Martes,4,2024,0,0,Cena,18,22,Salchipapa Especial,Salchipapas,22,15.0,330.0,Presencial,No,Ninguna,0,Soleado,29,0,5,8,55,51
2024-04-16,Martes,4,2024,0,0,Cena,18,22,Gaseosa,Bebidas,32,4.0,96.0,Presencial,Sí,Combo,25,Soleado,29,0,5,4,64,68
2024-04-16,Martes,4,2024,0,0,Cena,18,22,Pizza Personal,Pizzas,14,13.0,163.8,Presencial,Sí,2x1,10,Soleado,29,0,5,22,32,70
2024-04-16,Martes,4,2024,0,0,Cena,18,22,Alitas BBQ,Pollos,21,20.0,420.0,Delivery,No,Ninguna,0,Soleado,29,0,5,16,49,40
2024-04-17,Miércoles,4,2024,0,0,Desayuno,7,11,Cheeseburger,Hamburguesas,10,14.0,140.0,Presencial,No,Ninguna,0,Nublado,24,0,2,13,30,11
2024-04-17,Miércoles,4,2024,0,0,Desayuno,7,11,Salchipapa Especial,Salchipapas,9,15.0,135.0,Presencial,No,Ninguna,0,Nublado,24,0,2,15,31,11
2024-04-17,Miércoles,4,2024,0,0,Desayuno,7,11,Sándwich de Pollo,Sándwiches,8,11.0,88.0,Presencial,No,Ninguna,0,Nublado,24,0,2,11,24,21
2024-04-17,Miércoles,4,2024,0,0,Desayuno,7,11,Hamburguesa Clásica,Hamburguesas,7,12.0,84.0,Presencial,No,Ninguna,0,Nublado,24,0,2,11,33,22
2024-04-17,Miércoles,4,2024,0,0,Almuerzo,12,16,Salchipapa Especial,Salchipapas,30,15.0,450.0,Delivery,No,Ninguna,0,Nublado,24,0,6,8,45,39
2024-04-17,Miércoles,4,2024,0,0,Almuerzo,12,16,Gaseosa,Bebidas,31,4.0,124.0,Presencial,No,Ninguna,0,Nublado,24,0,6,3,82,45
2024-04-17,Miércoles,4,2024,0,0,Almuerzo,12,16,Cheeseburger,Hamburguesas,16,14.0,224.0,Delivery,No,Ninguna,0,Nublado,24,0,6,8,37,31
2024-04-17,Miércoles,4,2024,0,0,Almuerzo,12,16,Sándwich de Pollo,Sándwiches,20,11.0,220.0,Presencial,No,Ninguna,0,Nublado,24,0,6,7,46,41
2024-04-17,Miércoles,4,2024,0,0,Almuerzo,12,16,Hamburguesa Clásica,Hamburguesas,18,12.0,216.0,Presencial,No,Ninguna,0,Nublado,24,0,6,10,40,35
2024-04-17,Miércoles,4,2024,0,0,Cena,18,22,Salchipapa Especial,Salchipapas,28,15.0,420.0,Delivery,No,Ninguna,0,Nublado,24,0,4,9,48,60
2024-04-17,Miércoles,4,2024,0,0,Cena,18,22,Cheeseburger,Hamburguesas,24,14.0,268.8,Delivery,Sí,Combo,20,Nublado,24,0,4,8,59,55
2024-04-17,Miércoles,4,2024,0,0,Cena,18,22,Hamburguesa BBQ,Hamburguesas,17,16.0,272.0,Presencial,No,Ninguna,0,Nublado,24,0,4,14,46,40
2024-04-17,Miércoles,4,2024,0,0,Cena,18,22,Alitas BBQ,Pollos,24,20.0,480.0,Presencial,No,Ninguna,0,Nublado,24,0,4,17,50,42
2024-04-17,Miércoles,4,2024,0,0,Cena,18,22,Gaseosa,Bebidas,29,4.0,116.0,Delivery,No,Ninguna,0,Nublado,24,0,4,4,71,62
2024-04-17,Miércoles,4,2024,0,0,Cena,18,22,Pizza Personal,Pizzas,17,13.0,221.0,Delivery,No,Ninguna,0,Nublado,24,0,4,15,37,55
2024-04-18,Jueves,4,2024,0,0,Desayuno,7,11,Gaseosa,Bebidas,18,4.0,72.0,Delivery,No,Ninguna,0,Soleado,23,0,3,4,67,21
2024-04-18,Jueves,4,2024,0,0,Desayuno,7,11,Salchipapa Clásica,Salchipapas,10,10.0,90.0,Delivery,Sí,Combo,10,Soleado,23,0,3,15,21,29
2024-04-18,Jueves,4,2024,0,0,Desayuno,7,11,Hamburguesa Clásica,Hamburguesas,12,12.0,144.0,Presencial,No,Ninguna,0,Soleado,23,0,3,11,25,13
2024-04-18,Jueves,4,2024,0,0,Desayuno,7,11,Cheeseburger,Hamburguesas,9,14.0,126.0,Delivery,No,Ninguna,0,Soleado,23,0,3,10,32,22
2024-04-18,Jueves,4,2024,0,0,Almuerzo,12,16,Gaseosa,Bebidas,57,4.0,171.0,Presencial,Sí,2x1,25,Soleado,23,0,5,5,87,35
2024-04-18,Jueves,4,2024,0,0,Almuerzo,12,16,Pollo Broaster,Pollos,43,18.0,657.9,Presencial,Sí,Descuento,15,Soleado,23,0,5,19,73,39
2024-04-18,Jueves,4,2024,0,0,Almuerzo,12,16,Hamburguesa BBQ,Hamburguesas,30,16.0,480.0,Presencial,No,Ninguna,0,Soleado,23,0,5,11,50,28
2024-04-18,Jueves,4,2024,0,0,Cena,18,22,Hamburguesa Clásica,Hamburguesas,45,12.0,432.0,Delivery,Sí,2x1,20,Soleado,23,0,8,11,62,59
2024-04-18,Jueves,4,2024,0,0,Cena,18,22,Pizza Familiar,Pizzas,11,32.0,352.0,Web,No,Ninguna,0,Soleado,23,0,8,25,22,47
2024-04-18,Jueves,4,2024,0,0,Cena,18,22,Gaseosa,Bebidas,31,4.0,124.0,Delivery,No,Ninguna,0,Soleado,23,0,8,3,83,57
2024-04-18,Jueves,4,2024,0,0,Cena,18,22,Pizza Personal,Pizzas,15,13.0,195.0,Presencial,No,Ninguna,0,Soleado,23,0,8,21,20,57
2024-04-19,Viernes,4,2024,0,0,Desayuno,7,11,Sándwich de Pollo,Sándwiches,11,11.0,121.0,Delivery,No,Ninguna,0,Nublado,22,0,2,9,31,17
2024-04-19,Viernes,4,2024,0,0,Desayuno,7,11,Hamburguesa Clásica,Hamburguesas,14,12.0,168.0,Presencial,No,Ninguna,0,Nublado,22,0,2,14,44,13
2024-04-19,Viernes,4,2024,0,0,Desayuno,7,11,Cheeseburger,Hamburguesas,9,14.0,107.1,Presencial,Sí,2x1,15,Nublado,22,0,2,14,34,17
2024-04-19,Viernes,4,2024,0,0,Desayuno,7,11,Jugo Natural,Bebidas,10,6.0,60.0,Presencial,No,Ninguna,0,Nublado,22,0,2,2,45,17
2024-04-19,Viernes,4,2024,0,0,Desayuno,7,11,Salchipapa Especial,Salchipapas,15,15.0,225.0,Presencial,No,Ninguna,0,Nublado,22,0,2,15,39,10
2024-04-19,Viernes,4,2024,0,0,Almuerzo,12,16,Hamburguesa Clásica,Hamburguesas,34,12.0,408.0,Presencial,No,Ninguna,0,Nublado,22,0,7,14,41,45
2024-04-19,Viernes,4,2024,0,0,Almuerzo,12,16,Sándwich de Pollo,Sándwiches,25,11.0,275.0,Presencial,No,Ninguna,0,Nublado,22,0,7,12,34,25
2024-04-19,Viernes,4,2024,0,0,Almuerzo,12,16,Salchipapa Clásica,Salchipapas,25,10.0,250.0,Presencial,No,Ninguna,0,Nublado,22,0,7,13,39,26
2024-04-19,Viernes,4,2024,0,0,Almuerzo,12,16,Jugo Natural,Bebidas,27,6.0,162.0,Presencial,No,Ninguna,0,Nublado,22,0,7,3,72,44
2024-04-19,Viernes,4,2024,0,0,Almuerzo,12,16,Gaseosa,Bebidas,44,4.0,176.0,Web,No,Ninguna,0,Nublado,22,0,7,2,75,40
2024-04-19,Viernes,4,2024,0,0,Cena,18,22,Salchipapa Clásica,Salchipapas,20,10.0,200.0,Presencial,No,Ninguna,0,Nublado,22,0,6,12,33,58
2024-04-19,Viernes,4,2024,0,0,Cena,18,22,Pizza Personal,Pizzas,15,13.0,195.0,Delivery,No,Ninguna,0,Nublado,22,0,6,20,42,61
2024-04-19,Viernes,4,2024,0,0,Cena,18,22,Salchipapa Especial,Salchipapas,28,15.0,420.0,Presencial,No,Ninguna,0,Nublado,22,0,6,9,56,50
2024-04-19,Viernes,4,2024,0,0,Cena,18,22,Hamburguesa BBQ,Hamburguesas,12,16.0,192.0,Delivery,No,Ninguna,0,Nublado,22,0,6,14,27,49
2024-04-19,Viernes,4,2024,0,0,Cena,18,22,Jugo Natural,Bebidas,22,6.0,132.0,Web,No,Ninguna,0,Nublado,22,0,6,4,73,60
2024-04-20,Sábado,4,2024,1,0,Desayuno,7,11,Gaseosa,Bebidas,20,4.0,64.0,Presencial,Sí,Combo,20,Nublado,20,0,5,3,52,38
2024-04-20,Sábado,4,2024,1,0,Desayuno,7,11,Sándwich de Pollo,Sándwiches,11,11.0,90.75,Presencial,Sí,Combo,25,Nublado,20,0,5,8,40,25
2024-04-20,Sábado,4,2024,1,0,Desayuno,7,11,Pizza Personal,Pizzas,9,13.0,117.0,Presencial,No,Ninguna,0,Nublado,20,0,5,19,18,15
2024-04-20,Sábado,4,2024,1,0,Almuerzo,12,16,Sándwich de Pollo,Sándwiches,26,11.0,286.0,Presencial,No,Ninguna,0,Nublado,20,0,4,10,50,53
2024-04-20,Sábado,4,2024,1,0,Almuerzo,12,16,Hamburguesa BBQ,Hamburguesas,32,16.0,512.0,Presencial,No,Ninguna,0,Nublado,20,0,4,9,62,41
2024-04-20,Sábado,4,2024,1,0,Almuerzo,12,16,Hamburguesa Clásica,Hamburguesas,39,12.0,468.0,Delivery,No,Ninguna,0,Nublado,20,0,4,10,69,42
2024-04-20,Sábado,4,2024,1,0,Almuerzo,12,16,Pizza Personal,Pizzas,21,13.0,273.0,Delivery,No,Ninguna,0,Nublado,20,0,4,17,54,33
2024-04-20,Sábado,4,2024,1,0,Almuerzo,12,16,Gaseosa,Bebidas,43,4.0,172.0,Presencial,No,Ninguna,0,Nublado,20,0,4,5,86,38
2024-04-20,Sábado,4,2024,1,0,Cena,18,22,Pizza Familiar,Pizzas,21,32.0,571.2,Web,Sí,Descuento,15,Nublado,20,0,8,22,42,73
2024-04-20,Sábado,4,2024,1,0,Cena,18,22,Hamburguesa BBQ,Hamburguesas,33,16.0,528.0,Presencial,No,Ninguna,0,Nublado,20,0,8,9,63,62
2024-04-20,Sábado,4,2024,1,0,Cena,18,22,Pizza Personal,Pizzas,16,13.0,208.0,Delivery,No,Ninguna,0,Nublado,20,0,8,18,33,52
2024-04-20,Sábado,4,2024,1,0,Cena,18,22,Gaseosa,Bebidas,45,4.0,180.0,Delivery,No,Ninguna,0,Nublado,20,0,8,2,88,59
2024-04-21,Domingo,4,2024,1,0,Desayuno,7,11,Jugo Natural,Bebidas,14,6.0,84.0,Presencial,No,Ninguna,0,Nublado,18,0,3,3,39,26
2024-04-21,Domingo,4,2024,1,0,Desayuno,7,11,Gaseosa,Bebidas,18,4.0,72.0,Presencial,No,Ninguna,0,Nublado,18,0,3,3,38,26
2024-04-21,Domingo,4,2024,1,0,Desayuno,7,11,Cheeseburger,Hamburguesas,10,14.0,140.0,Presencial,No,Ninguna,0,Nublado,18,0,3,12,44,19
2024-04-21,Domingo,4,2024,1,0,Desayuno,7,11,Salchipapa Clásica,Salchipapas,10,10.0,100.0,Presencial,No,Ninguna,0,Nublado,18,0,3,10,22,20
2024-04-21,Domingo,4,2024,1,0,Almuerzo,12,16,Hamburguesa Clásica,Hamburguesas,38,12.0,456.0,Presencial,No,Ninguna,0,Nublado,18,0,6,13,45,43
2024-04-21,Domingo,4,2024,1,0,Almuerzo,12,16,Pollo Broaster,Pollos,63,18.0,963.9,Delivery,Sí,Combo,15,Nublado,18,0,6,14,85,54
2024-04-21,Domingo,4,2024,1,0,Almuerzo,12,16,Sándwich de Pollo,Sándwiches,25,11.0,275.0,Presencial,No,Ninguna,0,Nublado,18,0,6,10,58,42
2024-04-21,Domingo,4,2024,1,0,Almuerzo,12,16,Cheeseburger,Hamburguesas,30,14.0,378.0,Presencial,Sí,Combo,10,Nublado,18,0,6,9,49,53
2024-04-21,Domingo,4,2024,1,0,Cena,18,22,Pizza Familiar,Pizzas,19,32.0,456.0,Delivery,Sí,Combo,25,Nublado,18,0,5,23,35,76
2024-04-21,Domingo,4,2024,1,0,Cena,18,22,Alitas BBQ,Pollos,24,20.0,480.0,Web,No,Ninguna,0,Nublado,18,0,5,18,34,67
2024-04-21,Domingo,4,2024,1,0,Cena,18,22,Hamburguesa Clásica,Hamburguesas,23,12.0,276.0,Web,No,Ninguna,0,Nublado,18,0,5,10,54,60
2024-04-21,Domingo,4,2024,1,0,Cena,18,22,Cheeseburger,Hamburguesas,21,14.0,294.0,Delivery,No,Ninguna,0,Nublado,18,0,5,9,39,66
2024-04-22,Lunes,4,2024,0,0,Desayuno,7,11,Salchipapa Clásica,Salchipapas,8,10.0,80.0,Presencial,No,Ninguna,0,Nublado,24,0,4,15,35,22
2024-04-22,Lunes,4,2024,0,0,Desayuno,7,11,Hamburguesa Clásica,Hamburguesas,10,12.0,120.0,Presencial,No,Ninguna,0,Nublado,24,0,4,9,43,16
2024-04-22,Lunes,4,2024,0,0,Desayuno,7,11,Cheeseburger,Hamburguesas,5,14.0,70.0,Presencial,No,Ninguna,0,Nublado,24,0,4,11,38,13
2024-04-22,Lunes,4,2024,0,0,Almuerzo,12,16,Gaseosa,Bebidas,38,4.0,121.6,Presencial,Sí,Combo,20,Nublado,24,0,7,3,93,44
2024-04-22,Lunes,4,2024,0,0,Almuerzo,12,16,Hamburguesa BBQ,Hamburguesas,16,16.0,256.0,Presencial,No,Ninguna,0,Nublado,24,0,7,10,40,25
2024-04-22,Lunes,4,2024,0,0,Almuerzo,12,16,Salchipapa Especial,Salchipapas,24,15.0,360.0,Presencial,No,Ninguna,0,Nublado,24,0,7,15,53,36
2024-04-22,Lunes,4,2024,0,0,Almuerzo,12,16,Salchipapa Clásica,Salchipapas,26,10.0,260.0,Presencial,No,Ninguna,0,Nublado,24,0,7,9,61,41
2024-04-22,Lunes,4,2024,0,0,Almuerzo,12,16,Cheeseburger,Hamburguesas,22,14.0,308.0,Presencial,No,Ninguna,0,Nublado,24,0,7,13,35,37
2024-04-22,Lunes,4,2024,0,0,Cena,18,22,Pizza Personal,Pizzas,13,13.0,169.0,Presencial,No,Ninguna,0,Nublado,24,0,6,17,31,41
2024-04-22,Lunes,4,2024,0,0,Cena,18,22,Hamburguesa BBQ,Hamburguesas,22,16.0,352.0,Web,No,Ninguna,0,Nublado,24,0,6,9,41,48
2024-04-22,Lunes,4,2024,0,0,Cena,18,22,Gaseosa,Bebidas,28,4.0,112.0,Web,No,Ninguna,0,Nublado,24,0,6,5,64,45
2024-04-23,Martes,4,2024,0,0,Desayuno,7,11,Salchipapa Especial,Salchipapas,13,15.0,195.0,Presencial,No,Ninguna,0,Nublado,20,0,4,12,43,14
2024-04-23,Martes,4,2024,0,0,Desayuno,7,11,Jugo Natural,Bebidas,6,6.0,36.0,Presencial,No,Ninguna,0,Nublado,20,0,4,4,53,17
2024-04-23,Martes,4,2024,0,0,Desayuno,7,11,Cheeseburger,Hamburguesas,9,14.0,126.0,Presencial,No,Ninguna,0,Nublado,20,0,4,10,17,22
2024-04-23,Martes,4,2024,0,0,Desayuno,7,11,Hamburguesa BBQ,Hamburguesas,8,16.0,128.0,Delivery,No,Ninguna,0,Nublado,20,0,4,8,35,17
2024-04-23,Martes,4,2024,0,0,Desayuno,7,11,Salchipapa Clásica,Salchipapas,8,10.0,80.0,Presencial,No,Ninguna,0,Nublado,20,0,4,12,15,21
2024-04-23,Martes,4,2024,0,0,Desayuno,7,11,Sándwich de Pollo,Sándwiches,9,11.0,99.0,Delivery,No,Ninguna,0,Nublado,20,0,4,6,27,25
2024-04-23,Martes,4,2024,0,0,Almuerzo,12,16,Gaseosa,Bebidas,32,4.0,128.0,Presencial,No,Ninguna,0,Nublado,20,0,6,5,62,32
2024-04-23,Martes,4,2024,0,0,Almuerzo,12,16,Salchipapa Especial,Salchipapas,22,15.0,330.0,Delivery,No,Ninguna,0,Nublado,20,0,6,14,54,44
2024-04-23,Martes,4,2024,0,0,Almuerzo,12,16,Pizza Familiar,Pizzas,22,32.0,633.6,Presencial,Sí,Combo,10,Nublado,20,0,6,17,28,35
2024-04-23,Martes,4,2024,0,0,Almuerzo,12,16,Hamburguesa Clásica,Hamburguesas,40,12.0,408.0,Presencial,Sí,Combo,15,Nublado,20,0,6,10,66,42
2024-04-23,Martes,4,2024,0,0,Cena,18,22,Pizza Familiar,Pizzas,12,32.0,384.0,Web,No,Ninguna,0,Nublado,20,0,4,19,36,46
2024-04-23,Martes,4,2024,0,0,Cena,18,22,Salchipapa Clásica,Salchipapas,17,10.0,170.0,Web,No,Ninguna,0,Nublado,20,0,4,12,27,42
2024-04-23,Martes,4,2024,0,0,Cena,18,22,Alitas BBQ,Pollos,18,20.0,360.0,Delivery,No,Ninguna,0,Nublado,20,0,4,16,24,62
2024-04-23,Martes,4,2024,0,0,Cena,18,22,Hamburguesa BBQ,Hamburguesas,23,16.0,368.0,Delivery,No,Ninguna,0,Nublado,20,0,4,10,58,50
2024-04-23,Martes,4,2024,0,0,Cena,18,22,Hamburguesa Clásica,Hamburguesas,26,12.0,312.0,Delivery,No,Ninguna,0,Nublado,20,0,4,9,56,49
2024-04-24,Miércoles,4,2024,0,0,Desayuno,7,11,Sándwich de Pollo,Sándwiches,10,11.0,110.0,Presencial,No,Ninguna,0,Lluvioso,18,1,2,11,30,36
2024-04-24,Miércoles,4,2024,0,0,Desayuno,7,11,Gaseosa,Bebidas,19,4.0,76.0,Delivery,No,Ninguna,0,Lluvioso,18,1,2,4,79,33
2024-04-24,Miércoles,4,2024,0,0,Desayuno,7,11,Salchipapa Clásica,Salchipapas,9,10.0,90.0,Presencial,No,Ninguna,0,Lluvioso,18,1,2,9,15,45
2024-04-24,Miércoles,4,2024,0,0,Desayuno,7,11,Jugo Natural,Bebidas,13,6.0,62.4,Delivery,Sí,Descuento,20,Lluvioso,18,1,2,4,56,42
2024-04-24,Miércoles,4,2024,0,0,Desayuno,7,11,Cheeseburger,Hamburguesas,10,14.0,140.0,Delivery,No,Ninguna,0,Lluvioso,18,1,2,14,40,36
2024-04-24,Miércoles,4,2024,0,0,Almuerzo,12,16,Hamburguesa Clásica,Hamburguesas,32,12.0,384.0,Delivery,No,Ninguna,0,Lluvioso,18,1,4,14,37,50
2024-04-24,Miércoles,4,2024,0,0,Almuerzo,12,16,Pollo Broaster,Pollos,42,18.0,756.0,Delivery,No,Ninguna,0,Lluvioso,18,1,4,15,51,54
2024-04-24,Miércoles,4,2024,0,0,Almuerzo,12,16,Sándwich de Pollo,Sándwiches,23,11.0,253.0,Delivery,No,Ninguna,0,Lluvioso,18,1,4,9,52,55
2024-04-24,Miércoles,4,2024,0,0,Almuerzo,12,16,Gaseosa,Bebidas,40,4.0,160.0,Web,No,Ninguna,0,Lluvioso,18,1,4,5,57,43
2024-04-24,Miércoles,4,2024,0,0,Cena,18,22,Pizza Familiar,Pizzas,12,32.0,384.0,Delivery,No,Ninguna,0,Lluvioso,18,1,7,22,25,78
2024-04-24,Miércoles,4,2024,0,0,Cena,18,22,Gaseosa,Bebidas,38,4.0,152.0,Web,No,Ninguna,0,Lluvioso,18,1,7,5,69,70
2024-04-24,Miércoles,4,2024,0,0,Cena,18,22,Jugo Natural,Bebidas,30,6.0,153.0,Presencial,Sí,Combo,15,Lluvioso,18,1,7,5,46,72
2024-04-24,Miércoles,4,2024,0,0,Cena,18,22,Hamburguesa BBQ,Hamburguesas,24,16.0,384.0,Web,No,Ninguna,0,Lluvioso,18,1,7,11,47,83
2024-04-25,Jueves,4,2024,0,0,Desayuno,7,11,Sándwich de Pollo,Sándwiches,9,11.0,99.0,Presencial,No,Ninguna,0,Soleado,31,0,3,7,44,16
2024-04-25,Jueves,4,2024,0,0,Desayuno,7,11,Jugo Natural,Bebidas,11,6.0,66.0,Presencial,No,Ninguna,0,Soleado,31,0,3,4,68,13
2024-04-25,Jueves,4,2024,0,0,Desayuno,7,11,Pizza Familiar,Pizzas,6,32.0,192.0,Delivery,No,Ninguna,0,Soleado,31,0,3,16,35,15
2024-04-25,Jueves,4,2024,0,0,Desayuno,7,11,Hamburguesa Clásica,Hamburguesas,14,12.0,168.0,Web,No,Ninguna,0,Soleado,31,0,3,8,23,19
2024-04-25,Jueves,4,2024,0,0,Almuerzo,12,16,Pizza Personal,Pizzas,26,13.0,304.2,Web,Sí,2x1,10,Soleado,31,0,5,22,52,49
2024-04-25,Jueves,4,2024,0,0,Almuerzo,12,16,Pollo Broaster,Pollos,30,18.0,540.0,Presencial,No,Ninguna,0,Soleado,31,0,5,15,52,27
2024-04-25,Jueves,4,2024,0,0,Almuerzo,12,16,Salchipapa Especial,Salchipapas,25,15.0,375.0,Web,No,Ninguna,0,Soleado,31,0,5,11,45,25
2024-04-25,Jueves,4,2024,0,0,Almuerzo,12,16,Alitas BBQ,Pollos,22,20.0,440.0,Presencial,No,Ninguna,0,Soleado,31,0,5,18,30,45
2024-04-25,Jueves,4,2024,0,0,Almuerzo,12,16,Cheeseburger,Hamburguesas,16,14.0,224.0,Presencial,No,Ninguna,0,Soleado,31,0,5,14,39,37
2024-04-25,Jueves,4,2024,0,0,Almuerzo,12,16,Pizza Familiar,Pizzas,24,32.0,768.0,Web,No,Ninguna,0,Soleado,31,0,5,22,46,27
2024-04-25,Jueves,4,2024,0,0,Cena,18,22,Alitas BBQ,Pollos,18,20.0,360.0,Web,No,Ninguna,0,Soleado,31,0,4,17,50,40
2024-04-25,Jueves,4,2024,0,0,Cena,18,22,Hamburguesa Clásica,Hamburguesas,27,12.0,324.0,Web,No,Ninguna,0,Soleado,31,0,4,8,50,44
2024-04-25,Jueves,4,2024,0,0,Cena,18,22,Hamburguesa BBQ,Hamburguesas,32,16.0,409.6,Web,Sí,2x1,20,Soleado,31,0,4,9,46,49
2024-04-25,Jueves,4,2024,0,0,Cena,18,22,Pizza Familiar,Pizzas,12,32.0,384.0,Presencial,No,Ninguna,0,Soleado,31,0,4,21,21,53
2024-04-25,Jueves,4,2024,0,0,Cena,18,22,Gaseosa,Bebidas,42,4.0,168.0,Web,No,Ninguna,0,Soleado,31,0,4,5,76,53
2024-04-26,Viernes,4,2024,0,0,Desayuno,7,11,Pizza Personal,Pizzas,8,13.0,104.0,Presencial,No,Ninguna,0,Nublado,21,0,2,20,23,13
2024-04-26,Viernes,4,2024,0,0,Desayuno,7,11,Jugo Natural,Bebidas,12,6.0,72.0,Presencial,No,Ninguna,0,Nublado,21,0,2,2,44,15
2024-04-26,Viernes,4,2024,0,0,Desayuno,7,11,Hamburguesa Clásica,Hamburguesas,14,12.0,168.0,Presencial,No,Ninguna,0,Nublado,21,0,2,13,36,12
2024-04-26,Viernes,4,2024,0,0,Almuerzo,12,16,Salchipapa Clásica,Salchipapas,22,10.0,220.0,Presencial,No,Ninguna,0,Nublado,21,0,4,10,29,38
2024-04-26,Viernes,4,2024,0,0,Almuerzo,12,16,Hamburguesa Clásica,Hamburguesas,43,12.0,464.4,Presencial,Sí,Descuento,10,Nublado,21,0,4,8,56,33
2024-04-26,Viernes,4,2024,0,0,Almuerzo,12,16,Sándwich de Pollo,Sándwiches,21,11.0,231.0,Web,No,Ninguna,0,Nublado,21,0,4,7,46,42
2024-04-26,Viernes,4,2024,0,0,Almuerzo,12,16,Alitas BBQ,Pollos,29,20.0,580.0,Presencial,No,Ninguna,0,Nublado,21,0,4,20,41,28
2024-04-26,Viernes,4,2024,0,0,Cena,18,22,Pizza Familiar,Pizzas,17,32.0,544.0,Presencial,No,Ninguna,0,Nublado,21,0,8,23,31,53
2024-04-26,Viernes,4,2024,0,0,Cena,18,22,Gaseosa,Bebidas,35,4.0,140.0,Web,No,Ninguna,0,Nublado,21,0,8,4,65,52
2024-04-26,Viernes,4,2024,0,0,Cena,18,22,Pollo Broaster,Pollos,28,18.0,504.0,Delivery,No,Ninguna,0,Nublado,21,0,8,12,36,43
2024-04-26,Viernes,4,2024,0,0,Cena,18,22,Cheeseburger,Hamburguesas,23,14.0,322.0,Delivery,No,Ninguna,0,Nublado,21,0,8,14,48,46
2024-04-26,Viernes,4,2024,0,0,Cena,18,22,Pizza Personal,Pizzas,20,13.0,260.0,Presencial,No,Ninguna,0,Nublado,21,0,8,18,48,61
2024-04-26,Viernes,4,2024,0,0,Cena,18,22,Hamburguesa BBQ,Hamburguesas,23,16.0,276.0,Presencial,Sí,Combo,25,Nublado,21,0,8,13,28,47
2024-04-27,Sábado,4,2024,1,0,Desayuno,7,11,Sándwich de Pollo,Sándwiches,13,11.0,143.0,Presencial,No,Ninguna,0,Nublado,20,0,4,9,29,25
2024-04-27,Sábado,4,2024,1,0,Desayuno,7,11,Hamburguesa Clásica,Hamburguesas,17,12.0,173.4,Presencial,Sí,2x1,15,Nublado,20,0,4,9,23,36
2024-04-27,Sábado,4,2024,1,0,Desayuno,7,11,Salchipapa Clásica,Salchipapas,11,10.0,110.0,Presencial,No,Ninguna,0,Nublado,20,0,4,12,20,20
2024-04-27,Sábado,4,2024,1,0,Desayuno,7,11,Pollo Broaster,Pollos,18,18.0,324.0,Presencial,No,Ninguna,0,Nublado,20,0,4,13,41,22
2024-04-27,Sábado,4,2024,1,0,Almuerzo,12,16,Salchipapa Especial,Salchipapas,39,15.0,585.0,Presencial,No,Ninguna,0,Nublado,20,0,8,10,47,45
2024-04-27,Sábado,4,2024,1,0,Almuerzo,12,16,Hamburguesa Clásica,Hamburguesas,37,12.0,444.0,Presencial,No,Ninguna,0,Nublado,20,0,8,11,42,44
2024-04-27,Sábado,4,2024,1,0,Almuerzo,12,16,Gaseosa,Bebidas,70,4.0,252.0,Delivery,Sí,Descuento,10,Nublado,20,0,8,3,125,42
2024-04-27,Sábado,4,2024,1,0,Almuerzo,12,16,Sándwich de Pollo,Sándwiches,30,11.0,330.0,Presencial,No,Ninguna,0,Nublado,20,0,8,8,35,45
2024-04-27,Sábado,4,2024,1,0,Cena,18,22,Hamburguesa BBQ,Hamburguesas,26,16.0,416.0,Web,No,Ninguna,0,Nublado,20,0,6,11,46,71
2024-04-27,Sábado,4,2024,1,0,Cena,18,22,Pizza Personal,Pizzas,19,13.0,247.0,Presencial,No,Ninguna,0,Nublado,20,0,6,18,41,53
2024-04-27,Sábado,4,2024,1,0,Cena,18,22,Hamburguesa Clásica,Hamburguesas,33,12.0,396.0,Web,No,Ninguna,0,Nublado,20,0,6,11,65,54
2024-04-27,Sábado,4,2024,1,0,Cena,18,22,Alitas BBQ,Pollos,31,20.0,558.0,Delivery,Sí,2x1,10,Nublado,20,0,6,16,36,58
2024-04-28,Domingo,4,2024,1,0,Desayuno,7,11,Jugo Natural,Bebidas,10,6.0,60.0,Presencial,No,Ninguna,0,Lluvioso,19,1,2,3,27,40
2024-04-28,Domingo,4,2024,1,0,Desayuno,7,11,Cheeseburger,Hamburguesas,9,14.0,126.0,Delivery,No,Ninguna,0,Lluvioso,19,1,2,10,17,41
2024-04-28,Domingo,4,2024,1,0,Desayuno,7,11,Gaseosa,Bebidas,31,4.0,99.2,Web,Sí,2x1,20,Lluvioso,19,1,2,3,47,39
2024-04-28,Domingo,4,2024,1,0,Almuerzo,12,16,Pizza Familiar,Pizzas,20,32.0,640.0,Presencial,No,Ninguna,0,Lluvioso,19,1,5,18,44,49
2024-04-28,Domingo,4,2024,1,0,Almuerzo,12,16,Salchipapa Clásica,Salchipapas,38,10.0,323.0,Delivery,Sí,Combo,15,Lluvioso,19,1,5,9,69,74
2024-04-28,Domingo,4,2024,1,0,Almuerzo,12,16,Hamburguesa BBQ,Hamburguesas,34,16.0,544.0,Presencial,No,Ninguna,0,Lluvioso,19,1,5,8,63,60
2024-04-28,Domingo,4,2024,1,0,Almuerzo,12,16,Hamburguesa Clásica,Hamburguesas,37,12.0,333.0,Web,Sí,Combo,25,Lluvioso,19,1,5,12,70,56
2024-04-28,Domingo,4,2024,1,0,Almuerzo,12,16,Pizza Personal,Pizzas,25,13.0,325.0,Web,No,Ninguna,0,Lluvioso,19,1,5,22,43,68
2024-04-28,Domingo,4,2024,1,0,Cena,18,22,Cheeseburger,Hamburguesas,17,14.0,238.0,Web,No,Ninguna,0,Lluvioso,19,1,4,14,25,77
2024-04-28,Domingo,4,2024,1,0,Cena,18,22,Alitas BBQ,Pollos,30,20.0,600.0,Delivery,No,Ninguna,0,Lluvioso,19,1,4,12,51,80
2024-04-28,Domingo,4,2024,1,0,Cena,18,22,Pollo Broaster,Pollos,28,18.0,504.0,Delivery,No,Ninguna,0,Lluvioso,19,1,4,13,41,73
2024-04-28,Domingo,4,2024,1,0,Cena,18,22,Gaseosa,Bebidas,36,4.0,144.0,Delivery,No,Ninguna,0,Lluvioso,19,1,4,3,59,79
2024-04-29,Lunes,4,2024,0,0,Desayuno,7,11,Sándwich de Pollo,Sándwiches,7,11.0,77.0,Presencial,No,Ninguna,0,Nublado,19,0,2,6,36,20
2024-04-29,Lunes,4,2024,0,0,Desayuno,7,11,Jugo Natural,Bebidas,15,6.0,81.0,Presencial,Sí,2x1,10,Nublado,19,0,2,2,35,12
2024-04-29,Lunes,4,2024,0,0,Desayuno,7,11,Cheeseburger,Hamburguesas,7,14.0,98.0,Delivery,No,Ninguna,0,Nublado,19,0,2,14,32,25
2024-04-29,Lunes,4,2024,0,0,Desayuno,7,11,Hamburguesa Clásica,Hamburguesas,12,12.0,144.0,Presencial,No,Ninguna,0,Nublado,19,0,2,13,20,10
2024-04-29,Lunes,4,2024,0,0,Desayuno,7,11,Salchipapa Clásica,Salchipapas,8,10.0,80.0,Presencial,No,Ninguna,0,Nublado,19,0,2,10,32,19
2024-04-29,Lunes,4,2024,0,0,Almuerzo,12,16,Salchipapa Clásica,Salchipapas,20,10.0,200.0,Presencial,No,Ninguna,0,Nublado,19,0,6,15,25,26
2024-04-29,Lunes,4,2024,0,0,Almuerzo,12,16,Hamburguesa Clásica,Hamburguesas,26,12.0,249.6,Presencial,Sí,Combo,20,Nublado,19,0,6,12,39,37
2024-04-29,Lunes,4,2024,0,0,Almuerzo,12,16,Hamburguesa BBQ,Hamburguesas,15,16.0,240.0,Presencial,No,Ninguna,0,Nublado,19,0,6,14,28,37
2024-04-29,Lunes,4,2024,0,0,Almuerzo,12,16,Pizza Personal,Pizzas,13,13.0,169.0,Presencial,No,Ninguna,0,Nublado,19,0,6,17,43,35
2024-04-29,Lunes,4,2024,0,0,Almuerzo,12,16,Pollo Broaster,Pollos,21,18.0,378.0,Presencial,No,Ninguna,0,Nublado,19,0,6,18,32,26
2024-04-29,Lunes,4,2024,0,0,Cena,18,22,Gaseosa,Bebidas,26,4.0,104.0,Delivery,No,Ninguna,0,Nublado,19,0,4,2,66,64
2024-04-29,Lunes,4,2024,0,0,Cena,18,22,Hamburguesa Clásica,Hamburguesas,22,12.0,264.0,Presencial,No,Ninguna,0,Nublado,19,0,4,8,35,56
2024-04-29,Lunes,4,2024,0,0,Cena,18,22,Alitas BBQ,Pollos,19,20.0,380.0,Web,No,Ninguna,0,Nublado,19,0,4,19,39,48
2024-04-29,Lunes,4,2024,0,0,Cena,18,22,Pollo Broaster,Pollos,21,18.0,378.0,Delivery,No,Ninguna,0,Nublado,19,0,4,20,46,47
2024-04-30,Martes,4,2024,0,0,Desayuno,7,11,Cheeseburger,Hamburguesas,7,14.0,98.0,Presencial,No,Ninguna,0,Soleado,27,0,4,11,36,19
2024-04-30,Martes,4,2024,0,0,Desayuno,7,11,Sándwich de Pollo,Sándwiches,9,11.0,99.0,Presencial,No,Ninguna,0,Soleado,27,0,4,6,23,21
2024-04-30,Martes,4,2024,0,0,Desayuno,7,11,Gaseosa,Bebidas,14,4.0,56.0,Presencial,No,Ninguna,0,Soleado,27,0,4,4,47,18
2024-04-30,Martes,4,2024,0,0,Desayuno,7,11,Salchipapa Clásica,Salchipapas,12,10.0,120.0,Presencial,No,Ninguna,0,Soleado,27,0,4,13,27,11
2024-04-30,Martes,4,2024,0,0,Almuerzo,12,16,Hamburguesa Clásica,Hamburguesas,32,12.0,384.0,Delivery,No,Ninguna,0,Soleado,27,0,7,14,53,38
2024-04-30,Martes,4,2024,0,0,Almuerzo,12,16,Salchipapa Especial,Salchipapas,29,15.0,435.0,Delivery,No,Ninguna,0,Soleado,27,0,7,10,60,25
2024-04-30,Martes,4,2024,0,0,Almuerzo,12,16,Sándwich de Pollo,Sándwiches,14,11.0,154.0,Delivery,No,Ninguna,0,Soleado,27,0,7,11,20,35
2024-04-30,Martes,4,2024,0,0,Almuerzo,12,16,Alitas BBQ,Pollos,23,20.0,460.0,Presencial,No,Ninguna,0,Soleado,27,0,7,16,35,35
2024-04-30,Martes,4,2024,0,0,Almuerzo,12,16,Hamburguesa BBQ,Hamburguesas,23,16.0,368.0,Presencial,No,Ninguna,0,Soleado,27,0,7,14,44,31
2024-04-30,Martes,4,2024,0,0,Cena,18,22,Pollo Broaster,Pollos,30,18.0,540.0,Presencial,No,Ninguna,0,Soleado,27,0,5,13,52,42
2024-04-30,Martes,4,2024,0,0,Cena,18,22,Hamburguesa Clásica,Hamburguesas,23,12.0,234.6,Delivery,Sí,Descuento,15,Soleado,27,0,5,11,48,60
2024-04-30,Martes,4,2024,0,0,Cena,18,22,Alitas BBQ,Pollos,19,20.0,380.0,Presencial,No,Ninguna,0,Soleado,27,0,5,13,54,47
2024-04-30,Martes,4,2024,0,0,Cena,18,22,Hamburguesa BBQ,Hamburguesas,23,16.0,276.0,Web,Sí,Descuento,25,Soleado,27,0,5,8,28,68
2024-05-01,Miércoles,5,2024,0,1,Desayuno,7,11,Pizza Familiar,Pizzas,8,32.0,256.0,Presencial,No,Ninguna,0,Lluvioso,17,1,2,19,39,37
2024-05-01,Miércoles,5,2024,0,1,Desayuno,7,11,Sándwich de Pollo,Sándwiches,14,11.0,154.0,Delivery,No,Ninguna,0,Lluvioso,17,1,2,9,30,29
2024-05-01,Miércoles,5,2024,0,1,Desayuno,7,11,Jugo Natural,Bebidas,8,6.0,48.0,Delivery,No,Ninguna,0,Lluvioso,17,1,2,2,56,33
2024-05-01,Miércoles,5,2024,0,1,Desayuno,7,11,Hamburguesa BBQ,Hamburguesas,9,16.0,144.0,Presencial,No,Ninguna,0,Lluvioso,17,1,2,11,24,30
2024-05-01,Miércoles,5,2024,0,1,Desayuno,7,11,Gaseosa,Bebidas,21,4.0,84.0,Presencial,No,Ninguna,0,Lluvioso,17,1,2,3,74,30
2024-05-01,Miércoles,5,2024,0,1,Almuerzo,12,16,Pollo Broaster,Pollos,36,18.0,648.0,Delivery,No,Ninguna,0,Lluvioso,17,1,6,17,61,46
2024-05-01,Miércoles,5,2024,0,1,Almuerzo,12,16,Salchipapa Especial,Salchipapas,41,15.0,522.75,Delivery,Sí,Descuento,15,Lluvioso,17,1,6,10,59,61
2024-05-01,Miércoles,5,2024,0,1,Almuerzo,12,16,Gaseosa,Bebidas,52,4.0,208.0,Web,No,Ninguna,0,Lluvioso,17,1,6,5,105,35
2024-05-01,Miércoles,5,2024,0,1,Almuerzo,12,16,Salchipapa Clásica,Salchipapas,25,10.0,225.0,Delivery,Sí,Descuento,10,Lluvioso,17,1,6,9,60,56
2024-05-01,Miércoles,5,2024,0,1,Almuerzo,12,16,Hamburguesa Clásica,Hamburguesas,25,12.0,300.0,Web,No,Ninguna,0,Lluvioso,17,1,6,12,47,45
2024-05-01,Miércoles,5,2024,0,1,Cena,18,22,Gaseosa,Bebidas,33,4.0,132.0,Delivery,No,Ninguna,0,Lluvioso,17,1,8,5,60,70
2024-05-01,Miércoles,5,2024,0,1,Cena,18,22,Alitas BBQ,Pollos,24,20.0,480.0,Web,No,Ninguna,0,Lluvioso,17,1,8,15,36,64
2024-05-01,Miércoles,5,2024,0,1,Cena,18,22,Cheeseburger,Hamburguesas,23,14.0,322.0,Presencial,No,Ninguna,0,Lluvioso,17,1,8,13,28,70
2024-05-01,Miércoles,5,2024,0,1,Cena,18,22,Pollo Broaster,Pollos,38,18.0,684.0,Delivery,No,Ninguna,0,Lluvioso,17,1,8,16,52,59
2024-05-02,Jueves,5,2024,0,0,Desayuno,7,11,Jugo Natural,Bebidas,10,6.0,60.0,Presencial,No,Ninguna,0,Nublado,18,0,4,4,60,23
2024-05-02,Jueves,5,2024,0,0,Desayuno,7,11,Sándwich de Pollo,Sándwiches,8,11.0,88.0,Presencial,No,Ninguna,0,Nublado,18,0,4,12,24,24
2024-05-02,Jueves,5,2024,0,0,Desayuno,7,11,Hamburguesa BBQ,Hamburguesas,9,16.0,144.0,Presencial,No,Ninguna,0,Nublado,18,0,4,14,30,17
2024-05-02,Jueves,5,2024,0,0,Desayuno,7,11,Cheeseburger,Hamburguesas,5,14.0,70.0,Delivery,No,Ninguna,0,Nublado,18,0,4,14,23,16
2024-05-02,Jueves,5,2024,0,0,Desayuno,7,11,Hamburguesa Clásica,Hamburguesas,11,12.0,132.0,Presencial,No,Ninguna,0,Nublado,18,0,4,8,30,11
2024-05-02,Jueves,5,2024,0,0,Almuerzo,12,16,Pizza Familiar,Pizzas,23,32.0,736.0,Presencial,No,Ninguna,0,Nublado,18,0,5,25,35,32
2024-05-02,Jueves,5,2024,0,0,Almuerzo,12,16,Pollo Broaster,Pollos,29,18.0,522.0,Presencial,No,Ninguna,0,Nublado,18,0,5,18,44,41
2024-05-02,Jueves,5,2024,0,0,Almuerzo,12,16,Gaseosa,Bebidas,43,4.0,146.2,Delivery,Sí,Descuento,15,Nublado,18,0,5,4,63,43
2024-05-02,Jueves,5,2024,0,0,Almuerzo,12,16,Alitas BBQ,Pollos,20,20.0,400.0,Delivery,No,Ninguna,0,Nublado,18,0,5,15,25,37
2024-05-02,Jueves,5,2024,0,0,Almuerzo,12,16,Salchipapa Especial,Salchipapas,39,15.0,585.0,Presencial,No,Ninguna,0,Nublado,18,0,5,13,62,38
2024-05-02,Jueves,5,2024,0,0,Cena,18,22,Salchipapa Clásica,Salchipapas,12,10.0,120.0,Delivery,No,Ninguna,0,Nublado,18,0,7,8,17,47
2024-05-02,Jueves,5,2024,0,0,Cena,18,22,Pizza Familiar,Pizzas,9,32.0,288.0,Delivery,No,Ninguna,0,Nublado,18,0,7,16,15,56
2024-05-02,Jueves,5,2024,0,0,Cena,18,22,Pizza Personal,Pizzas,23,13.0,224.25,Presencial,Sí,Descuento,25,Nublado,18,0,7,20,54,59
2024-05-02,Jueves,5,2024,0,0,Cena,18,22,Hamburguesa Clásica,Hamburguesas,17,12.0,204.0,Presencial,No,Ninguna,0,Nublado,18,0,7,12,42,40
2024-05-03,Viernes,5,2024,0,0,Desayuno,7,11,Sándwich de Pollo,Sándwiches,10,11.0,110.0,Presencial,No,Ninguna,0,Soleado,27,0,4,8,22,24
2024-05-03,Viernes,5,2024,0,0,Desayuno,7,11,Hamburguesa Clásica,Hamburguesas,14,12.0,168.0,Presencial,No,Ninguna,0,Soleado,27,0,4,10,31,18
2024-05-03,Viernes,5,2024,0,0,Desayuno,7,11,Jugo Natural,Bebidas,15,6.0,90.0,Delivery,No,Ninguna,0,Soleado,27,0,4,5,72,24
2024-05-03,Viernes,5,2024,0,0,Desayuno,7,11,Cheeseburger,Hamburguesas,10,14.0,140.0,Presencial,No,Ninguna,0,Soleado,27,0,4,14,30,14
2024-05-03,Viernes,5,2024,0,0,Desayuno,7,11,Gaseosa,Bebidas,24,4.0,96.0,Delivery,No,Ninguna,0,Soleado,27,0,4,2,55,25
2024-05-03,Viernes,5,2024,0,0,Almuerzo,12,16,Jugo Natural,Bebidas,22,6.0,132.0,Presencial,No,Ninguna,0,Soleado,27,0,5,3,49,39
2024-05-03,Viernes,5,2024,0,0,Almuerzo,12,16,Hamburguesa BBQ,Hamburguesas,26,16.0,416.0,Presencial,No,Ninguna,0,Soleado,27,0,5,8,37,37
2024-05-03,Viernes,5,2024,0,0,Almuerzo,12,16,Hamburguesa Clásica,Hamburguesas,31,12.0,372.0,Delivery,No,Ninguna,0,Soleado,27,0,5,11,43,30
2024-05-03,Viernes,5,2024,0,0,Cena,18,22,Sándwich de Pollo,Sándwiches,22,11.0,217.8,Delivery,Sí,Combo,10,Soleado,27,0,7,7,54,67
2024-05-03,Viernes,5,2024,0,0,Cena,18,22,Pollo Broaster,Pollos,33,18.0,594.0,Presencial,No,Ninguna,0,Soleado,27,0,7,13,51,41
2024-05-03,Viernes,5,2024,0,0,Cena,18,22,Salchipapa Especial,Salchipapas,25,15.0,375.0,Presencial,No,Ninguna,0,Soleado,27,0,7,9,42,41
2024-05-03,Viernes,5,2024,0,0,Cena,18,22,Gaseosa,Bebidas,38,4.0,152.0,Web,No,Ninguna,0,Soleado,27,0,7,3,57,43
2024-05-03,Viernes,5,2024,0,0,Cena,18,22,Jugo Natural,Bebidas,31,6.0,167.4,Delivery,Sí,Combo,10,Soleado,27,0,7,3,62,63
2024-05-04,Sábado,5,2024,1,0,Desayuno,7,11,Gaseosa,Bebidas,25,4.0,100.0,Delivery,No,Ninguna,0,Nublado,21,0,5,2,72,33
2024-05-04,Sábado,5,2024,1,0,Desayuno,7,11,Hamburguesa Clásica,Hamburguesas,21,12.0,201.6,Presencial,Sí,2x1,20,Nublado,21,0,5,11,38,31
2024-05-04,Sábado,5,2024,1,0,Desayuno,7,11,Jugo Natural,Bebidas,12,6.0,72.0,Presencial,No,Ninguna,0,Nublado,21,0,5,3,27,20
2024-05-04,Sábado,5,2024,1,0,Desayuno,7,11,Salchipapa Clásica,Salchipapas,9,10.0,90.0,Presencial,No,Ninguna,0,Nublado,21,0,5,13,35,17
2024-05-04,Sábado,5,2024,1,0,Almuerzo,12,16,Pizza Familiar,Pizzas,23,32.0,736.0,Delivery,No,Ninguna,0,Nublado,21,0,7,17,30,40
2024-05-04,Sábado,5,2024,1,0,Almuerzo,12,16,Hamburguesa BBQ,Hamburguesas,36,16.0,576.0,Delivery,No,Ninguna,0,Nublado,21,0,7,12,65,35
2024-05-04,Sábado,5,2024,1,0,Almuerzo,12,16,Salchipapa Clásica,Salchipapas,31,10.0,310.0,Delivery,No,Ninguna,0,Nublado,21,0,7,8,66,39
2024-05-04,Sábado,5,2024,1,0,Almuerzo,12,16,Pollo Broaster,Pollos,54,18.0,874.8,Web,Sí,Descuento,10,Nublado,21,0,7,20,72,47
2024-05-04,Sábado,5,2024,1,0,Cena,18,22,Gaseosa,Bebidas,42,4.0,168.0,Delivery,No,Ninguna,0,Nublado,21,0,6,2,101,55
2024-05-04,Sábado,5,2024,1,0,Cena,18,22,Hamburguesa Clásica,Hamburguesas,25,12.0,300.0,Web,No,Ninguna,0,Nublado,21,0,6,11,42,48
2024-05-04,Sábado,5,2024,1,0,Cena,18,22,Alitas BBQ,Pollos,25,20.0,500.0,Web,No,Ninguna,0,Nublado,21,0,6,13,60,67
2024-05-04,Sábado,5,2024,1,0,Cena,18,22,Hamburguesa BBQ,Hamburguesas,23,16.0,368.0,Delivery,No,Ninguna,0,Nublado,21,0,6,11,40,72
2024-05-04,Sábado,5,2024,1,0,Cena,18,22,Pizza Familiar,Pizzas,17,32.0,544.0,Web,No,Ninguna,0,Nublado,21,0,6,17,48,67
2024-05-04,Sábado,5,2024,1,0,Cena,18,22,Jugo Natural,Bebidas,26,6.0,156.0,Delivery,No,Ninguna,0,Nublado,21,0,6,4,84,58
2024-05-05,Domingo,5,2024,1,0,Desayuno,7,11,Cheeseburger,Hamburguesas,9,14.0,126.0,Presencial,No,Ninguna,0,Nublado,21,0,5,8,14,29
2024-05-05,Domingo,5,2024,1,0,Desayuno,7,11,Salchipapa Clásica,Salchipapas,7,10.0,70.0,Delivery,No,Ninguna,0,Nublado,21,0,5,13,20,21
2024-05-05,Domingo,5,2024,1,0,Desayuno,7,11,Jugo Natural,Bebidas,10,6.0,60.0,Presencial,No,Ninguna,0,Nublado,21,0,5,4,36,29
2024-05-05,Domingo,5,2024,1,0,Desayuno,7,11,Hamburguesa Clásica,Hamburguesas,14,12.0,168.0,Presencial,No,Ninguna,0,Nublado,21,0,5,11,45,23
2024-05-05,Domingo,5,2024,1,0,Desayuno,7,11,Alitas BBQ,Pollos,11,20.0,220.0,Web,No,Ninguna,0,Nublado,21,0,5,13,37,24
2024-05-05,Domingo,5,2024,1,0,Almuerzo,12,16,Salchipapa Especial,Salchipapas,37,15.0,416.25,Delivery,Sí,2x1,25,Nublado,21,0,7,13,45,56
2024-05-05,Domingo,5,2024,1,0,Almuerzo,12,16,Salchipapa Clásica,Salchipapas,26,10.0,260.0,Delivery,No,Ninguna,0,Nublado,21,0,7,15,47,45
2024-05-05,Domingo,5,2024,1,0,Almuerzo,12,16,Hamburguesa Clásica,Hamburguesas,26,12.0,312.0,Delivery,No,Ninguna,0,Nublado,21,0,7,11,55,47
2024-05-05,Domingo,5,2024,1,0,Almuerzo,12,16,Pizza Familiar,Pizzas,15,32.0,480.0,Presencial,No,Ninguna,0,Nublado,21,0,7,25,48,38
2024-05-05,Domingo,5,2024,1,0,Almuerzo,12,16,Hamburguesa BBQ,Hamburguesas,20,16.0,320.0,Web,No,Ninguna,0,Nublado,21,0,7,11,30,47
2024-05-05,Domingo,5,2024,1,0,Cena,18,22,Salchipapa Especial,Salchipapas,30,15.0,337.5,Delivery,Sí,Combo,25,Nublado,21,0,6,10,46,57
2024-05-05,Domingo,5,2024,1,0,Cena,18,22,Hamburguesa Clásica,Hamburguesas,28,12.0,336.0,Delivery,No,Ninguna,0,Nublado,21,0,6,8,63,56
2024-05-05,Domingo,5,2024,1,0,Cena,18,22,Gaseosa,Bebidas,43,4.0,172.0,Web,No,Ninguna,0,Nublado,21,0,6,2,60,53
2024-05-06,Lunes,5,2024,0,0,Desayuno,7,11,Gaseosa,Bebidas,10,4.0,40.0,Presencial,No,Ninguna,0,Nublado,19,0,3,3,57,14
2024-05-06,Lunes,5,2024,0,0,Desayuno,7,11,Salchipapa Especial,Salchipapas,12,15.0,180.0,Presencial,No,Ninguna,0,Nublado,19,0,3,14,30,21
2024-05-06,Lunes,5,2024,0,0,Desayuno,7,11,Sándwich de Pollo,Sándwiches,8,11.0,66.0,Presencial,Sí,Combo,25,Nublado,19,0,3,9,35,30
2024-05-06,Lunes,5,2024,0,0,Desayuno,7,11,Hamburguesa Clásica,Hamburguesas,11,12.0,132.0,Web,No,Ninguna,0,Nublado,19,0,3,13,26,20
2024-05-06,Lunes,5,2024,0,0,Almuerzo,12,16,Gaseosa,Bebidas,32,4.0,128.0,Presencial,No,Ninguna,0,Nublado,19,0,6,2,91,29
2024-05-06,Lunes,5,2024,0,0,Almuerzo,12,16,Salchipapa Especial,Salchipapas,19,15.0,285.0,Presencial,No,Ninguna,0,Nublado,19,0,6,11,26,35
2024-05-06,Lunes,5,2024,0,0,Almuerzo,12,16,Sándwich de Pollo,Sándwiches,14,11.0,154.0,Delivery,No,Ninguna,0,Nublado,19,0,6,8,21,29
2024-05-06,Lunes,5,2024,0,0,Almuerzo,12,16,Alitas BBQ,Pollos,21,20.0,420.0,Presencial,No,Ninguna,0,Nublado,19,0,6,14,47,35
2024-05-06,Lunes,5,2024,0,0,Almuerzo,12,16,Pizza Personal,Pizzas,20,13.0,195.0,Delivery,Sí,Combo,25,Nublado,19,0,6,18,38,43
2024-05-06,Lunes,5,2024,0,0,Cena,18,22,Gaseosa,Bebidas,27,4.0,108.0,Presencial,No,Ninguna,0,Nublado,19,0,5,3,65,44
2024-05-06,Lunes,5,2024,0,0,Cena,18,22,Alitas BBQ,Pollos,19,20.0,380.0,Delivery,No,Ninguna,0,Nublado,19,0,5,20,49,42
2024-05-06,Lunes,5,2024,0,0,Cena,18,22,Jugo Natural,Bebidas,19,6.0,114.0,Presencial,No,Ninguna,0,Nublado,19,0,5,3,75,63
2024-05-06,Lunes,5,2024,0,0,Cena,18,22,Hamburguesa Clásica,Hamburguesas,30,12.0,324.0,Delivery,Sí,Combo,10,Nublado,19,0,5,11,43,46
2024-05-07,Martes,5,2024,0,0,Desayuno,7,11,Jugo Natural,Bebidas,11,6.0,66.0,Presencial,No,Ninguna,0,Nublado,19,0,2,4,42,15
2024-05-07,Martes,5,2024,0,0,Desayuno,7,11,Sándwich de Pollo,Sándwiches,7,11.0,77.0,Presencial,No,Ninguna,0,Nublado,19,0,2,7,39,21
2024-05-07,Martes,5,2024,0,0,Desayuno,7,11,Gaseosa,Bebidas,15,4.0,60.0,Presencial,No,Ninguna,0,Nublado,19,0,2,5,54,11
2024-05-07,Martes,5,2024,0,0,Desayuno,7,11,Hamburguesa Clásica,Hamburguesas,10,12.0,120.0,Presencial,No,Ninguna,0,Nublado,19,0,2,9,37,17
2024-05-07,Martes,5,2024,0,0,Desayuno,7,11,Salchipapa Clásica,Salchipapas,7,10.0,70.0,Presencial,No,Ninguna,0,Nublado,19,0,2,11,18,13
2024-05-07,Martes,5,2024,0,0,Almuerzo,12,16,Cheeseburger,Hamburguesas,14,14.0,196.0,Presencial,No,Ninguna,0,Nublado,19,0,5,12,48,25
2024-05-07,Martes,5,2024,0,0,Almuerzo,12,16,Hamburguesa Clásica,Hamburguesas,31,12.0,372.0,Web,No,Ninguna,0,Nublado,19,0,5,12,38,38
2024-05-07,Martes,5,2024,0,0,Almuerzo,12,16,Salchipapa Clásica,Salchipapas,19,10.0,190.0,Presencial,No,Ninguna,0,Nublado,19,0,5,11,49,32
2024-05-07,Martes,5,2024,0,0,Almuerzo,12,16,Hamburguesa BBQ,Hamburguesas,20,16.0,320.0,Presencial,No,Ninguna,0,Nublado,19,0,5,11,28,42
2024-05-07,Martes,5,2024,0,0,Cena,18,22,Gaseosa,Bebidas,26,4.0,104.0,Delivery,No,Ninguna,0,Nublado,19,0,7,5,80,40
2024-05-07,Martes,5,2024,0,0,Cena,18,22,Pizza Personal,Pizzas,13,13.0,169.0,Presencial,No,Ninguna,0,Nublado,19,0,7,24,32,43
2024-05-07,Martes,5,2024,0,0,Cena,18,22,Salchipapa Clásica,Salchipapas,23,10.0,172.5,Presencial,Sí,2x1,25,Nublado,19,0,7,15,51,45
2024-05-07,Martes,5,2024,0,0,Cena,18,22,Hamburguesa BBQ,Hamburguesas,28,16.0,358.4,Web,Sí,2x1,20,Nublado,19,0,7,9,37,50
2024-05-08,Miércoles,5,2024,0,0,Desayuno,7,11,Jugo Natural,Bebidas,9,6.0,54.0,Presencial,No,Ninguna,0,Soleado,24,0,2,5,57,15
2024-05-08,Miércoles,5,2024,0,0,Desayuno,7,11,Hamburguesa Clásica,Hamburguesas,7,12.0,84.0,Presencial,No,Ninguna,0,Soleado,24,0,2,13,40,24
2024-05-08,Miércoles,5,2024,0,0,Desayuno,7,11,Salchipapa Clásica,Salchipapas,10,10.0,100.0,Presencial,No,Ninguna,0,Soleado,24,0,2,8,40,21
2024-05-08,Miércoles,5,2024,0,0,Almuerzo,12,16,Cheeseburger,Hamburguesas,20,14.0,280.0,Delivery,No,Ninguna,0,Soleado,24,0,6,8,36,37
2024-05-08,Miércoles,5,2024,0,0,Almuerzo,12,16,Pizza Familiar,Pizzas,19,32.0,608.0,Web,No,Ninguna,0,Soleado,24,0,6,16,24,30
2024-05-08,Miércoles,5,2024,0,0,Almuerzo,12,16,Alitas BBQ,Pollos,30,20.0,600.0,Delivery,No,Ninguna,0,Soleado,24,0,6,17,56,45
2024-05-08,Miércoles,5,2024,0,0,Almuerzo,12,16,Hamburguesa Clásica,Hamburguesas,32,12.0,288.0,Web,Sí,Combo,25,Soleado,24,0,6,14,43,40
2024-05-08,Miércoles,5,2024,0,0,Almuerzo,12,16,Salchipapa Especial,Salchipapas,27,15.0,405.0,Presencial,No,Ninguna,0,Soleado,24,0,6,15,34,43
2024-05-08,Miércoles,5,2024,0,0,Cena,18,22,Pizza Familiar,Pizzas,15,32.0,360.0,Delivery,Sí,2x1,25,Soleado,24,0,5,25,22,58
2024-05-08,Miércoles,5,2024,0,0,Cena,18,22,Salchipapa Especial,Salchipapas,29,15.0,391.5,Presencial,Sí,Combo,10,Soleado,24,0,5,10,57,47
2024-05-08,Miércoles,5,2024,0,0,Cena,18,22,Hamburguesa Clásica,Hamburguesas,18,12.0,216.0,Web,No,Ninguna,0,Soleado,24,0,5,13,29,63
2024-05-08,Miércoles,5,2024,0,0,Cena,18,22,Pizza Personal,Pizzas,23,13.0,224.25,Presencial,Sí,2x1,25,Soleado,24,0,5,19,52,56
2024-05-08,Miércoles,5,2024,0,0,Cena,18,22,Hamburguesa BBQ,Hamburguesas,17,16.0,272.0,Delivery,No,Ninguna,0,Soleado,24,0,5,10,22,44
2024-05-09,Jueves,5,2024,0,0,Desayuno,7,11,Gaseosa,Bebidas,15,4.0,60.0,Presencial,No,Ninguna,0,Nublado,23,0,3,3,74,14
2024-05-09,Jueves,5,2024,0,0,Desayuno,7,11,Alitas BBQ,Pollos,12,20.0,240.0,Presencial,No,Ninguna,0,Nublado,23,0,3,15,39,21
2024-05-09,Jueves,5,2024,0,0,Desayuno,7,11,Salchipapa Clásica,Salchipapas,11,10.0,110.0,Presencial,No,Ninguna,0,Nublado,23,0,3,8,40,21
2024-05-09,Jueves,5,2024,0,0,Desayuno,7,11,Jugo Natural,Bebidas,14,6.0,75.6,Presencial,Sí,Descuento,10,Nublado,23,0,3,4,53,18
2024-05-09,Jueves,5,2024,0,0,Almuerzo,12,16,Sándwich de Pollo,Sándwiches,20,11.0,198.0,Presencial,Sí,Descuento,10,Nublado,23,0,5,9,33,40
2024-05-09,Jueves,5,2024,0,0,Almuerzo,12,16,Hamburguesa Clásica,Hamburguesas,28,12.0,302.4,Delivery,Sí,2x1,10,Nublado,23,0,5,12,33,46
2024-05-09,Jueves,5,2024,0,0,Almuerzo,12,16,Pollo Broaster,Pollos,27,18.0,486.0,Presencial,No,Ninguna,0,Nublado,23,0,5,13,42,29
2024-05-09,Jueves,5,2024,0,0,Almuerzo,12,16,Jugo Natural,Bebidas,26,6.0,156.0,Delivery,No,Ninguna,0,Nublado,23,0,5,3,85,30
2024-05-09,Jueves,5,2024,0,0,Cena,18,22,Pollo Broaster,Pollos,31,18.0,558.0,Web,No,Ninguna,0,Nublado,23,0,7,16,55,58
2024-05-09,Jueves,5,2024,0,0,Cena,18,22,Alitas BBQ,Pollos,20,20.0,320.0,Delivery,Sí,Combo,20,Nublado,23,0,7,19,51,55
2024-05-09,Jueves,5,2024,0,0,Cena,18,22,Pizza Familiar,Pizzas,13,32.0,332.8,Presencial,Sí,Descuento,20,Nublado,23,0,7,21,35,59
2024-05-09,Jueves,5,2024,0,0,Cena,18,22,Hamburguesa Clásica,Hamburguesas,26,12.0,312.0,Delivery,No,Ninguna,0,Nublado,23,0,7,9,44,54
2024-05-09,Jueves,5,2024,0,0,Cena,18,22,Jugo Natural,Bebidas,19,6.0,114.0,Presencial,No,Ninguna,0,Nublado,23,0,7,2,40,57
2024-05-10,Viernes,5,2024,0,0,Desayuno,7,11,Sándwich de Pollo,Sándwiches,13,11.0,143.0,Presencial,No,Ninguna,0,Lluvioso,21,1,2,7,43,37
2024-05-10,Viernes,5,2024,0,0,Desayuno,7,11,Gaseosa,Bebidas,19,4.0,76.0,Presencial,No,Ninguna,0,Lluvioso,21,1,2,4,62,26
2024-05-10,Viernes,5,2024,0,0,Desayuno,7,11,Cheeseburger,Hamburguesas,15,14.0,210.0,Presencial,No,Ninguna,0,Lluvioso,21,1,2,9,39,42
2024-05-10,Viernes,5,2024,0,0,Almuerzo,12,16,Alitas BBQ,Pollos,30,20.0,600.0,Presencial,No,Ninguna,0,Lluvioso,21,1,7,14,57,50
2024-05-10,Viernes,5,2024,0,0,Almuerzo,12,16,Sándwich de Pollo,Sándwiches,22,11.0,242.0,Presencial,No,Ninguna,0,Lluvioso,21,1,7,6,36,35
2024-05-10,Viernes,5,2024,0,0,Almuerzo,12,16,Gaseosa,Bebidas,44,4.0,176.0,Presencial,No,Ninguna,0,Lluvioso,21,1,7,5,66,64
2024-05-10,Viernes,5,2024,0,0,Almuerzo,12,16,Hamburguesa Clásica,Hamburguesas,31,12.0,372.0,Delivery,No,Ninguna,0,Lluvioso,21,1,7,14,66,36
2024-05-10,Viernes,5,2024,0,0,Cena,18,22,Pizza Personal,Pizzas,24,13.0,280.8,Delivery,Sí,Combo,10,Lluvioso,21,1,8,24,38,64
2024-05-10,Viernes,5,2024,0,0,Cena,18,22,Salchipapa Especial,Salchipapas,27,15.0,405.0,Web,No,Ninguna,0,Lluvioso,21,1,8,15,52,76
2024-05-10,Viernes,5,2024,0,0,Cena,18,22,Hamburguesa Clásica,Hamburguesas,29,12.0,348.0,Delivery,No,Ninguna,0,Lluvioso,21,1,8,11,46,55
2024-05-10,Viernes,5,2024,0,0,Cena,18,22,Gaseosa,Bebidas,31,4.0,124.0,Delivery,No,Ninguna,0,Lluvioso,21,1,8,2,77,77
2024-05-10,Viernes,5,2024,0,0,Cena,18,22,Alitas BBQ,Pollos,21,20.0,420.0,Delivery,No,Ninguna,0,Lluvioso,21,1,8,14,32,61
2024-05-11,Sábado,5,2024,1,0,Desayuno,7,11,Gaseosa,Bebidas,17,4.0,68.0,Delivery,No,Ninguna,0,Nublado,22,0,2,2,64,23
2024-05-11,Sábado,5,2024,1,0,Desayuno,7,11,Cheeseburger,Hamburguesas,11,14.0,154.0,Presencial,No,Ninguna,0,Nublado,22,0,2,14,37,19
2024-05-11,Sábado,5,2024,1,0,Desayuno,7,11,Alitas BBQ,Pollos,14,20.0,280.0,Delivery,No,Ninguna,0,Nublado,22,0,2,20,38,23
2024-05-11,Sábado,5,2024,1,0,Desayuno,7,11,Pizza Familiar,Pizzas,6,32.0,192.0,Delivery,No,Ninguna,0,Nublado,22,0,2,15,34,29
2024-05-11,Sábado,5,2024,1,0,Desayuno,7,11,Jugo Natural,Bebidas,15,6.0,90.0,Presencial,No,Ninguna,0,Nublado,22,0,2,3,40,28
2024-05-11,Sábado,5,2024,1,0,Almuerzo,12,16,Gaseosa,Bebidas,54,4.0,216.0,Presencial,No,Ninguna,0,Nublado,22,0,8,2,95,33
2024-05-11,Sábado,5,2024,1,0,Almuerzo,12,16,Sándwich de Pollo,Sándwiches,25,11.0,275.0,Presencial,No,Ninguna,0,Nublado,22,0,8,10,42,49
2024-05-11,Sábado,5,2024,1,0,Almuerzo,12,16,Salchipapa Especial,Salchipapas,52,15.0,702.0,Delivery,Sí,2x1,10,Nublado,22,0,8,14,74,43
2024-05-11,Sábado,5,2024,1,0,Almuerzo,12,16,Hamburguesa BBQ,Hamburguesas,11,16.0,176.0,Delivery,No,Ninguna,0,Nublado,22,0,8,13,45,36
2024-05-11,Sábado,5,2024,1,0,Almuerzo,12,16,Jugo Natural,Bebidas,31,6.0,186.0,Presencial,No,Ninguna,0,Nublado,22,0,8,2,62,49
2024-05-11,Sábado,5,2024,1,0,Cena,18,22,Pizza Familiar,Pizzas,18,32.0,576.0,Delivery,No,Ninguna,0,Nublado,22,0,5,21,34,71
2024-05-11,Sábado,5,2024,1,0,Cena,18,22,Gaseosa,Bebidas,50,4.0,150.0,Presencial,Sí,Descuento,25,Nublado,22,0,5,4,104,58
2024-05-11,Sábado,5,2024,1,0,Cena,18,22,Hamburguesa BBQ,Hamburguesas,30,16.0,480.0,Delivery,No,Ninguna,0,Nublado,22,0,5,10,49,62
2024-05-11,Sábado,5,2024,1,0,Cena,18,22,Salchipapa Especial,Salchipapas,26,15.0,390.0,Delivery,No,Ninguna,0,Nublado,22,0,5,14,35,48
2024-05-11,Sábado,5,2024,1,0,Cena,18,22,Hamburguesa Clásica,Hamburguesas,27,12.0,275.4,Delivery,Sí,Descuento,15,Nublado,22,0,5,12,62,71
2024-05-11,Sábado,5,2024,1,0,Cena,18,22,Pizza Personal,Pizzas,21,13.0,273.0,Delivery,No,Ninguna,0,Nublado,22,0,5,24,27,53
2024-05-12,Domingo,5,2024,1,0,Desayuno,7,11,Jugo Natural,Bebidas,15,6.0,81.0,Web,Sí,Combo,10,Lluvioso,17,1,2,3,75,49
2024-05-12,Domingo,5,2024,1,0,Desayuno,7,11,Sándwich de Pollo,Sándwiches,13,11.0,143.0,Delivery,No,Ninguna,0,Lluvioso,17,1,2,7,19,37
2024-05-12,Domingo,5,2024,1,0,Desayuno,7,11,Pizza Familiar,Pizzas,6,32.0,192.0,Presencial,No,Ninguna,0,Lluvioso,17,1,2,15,40,46
2024-05-12,Domingo,5,2024,1,0,Desayuno,7,11,Hamburguesa Clásica,Hamburguesas,14,12.0,134.4,Presencial,Sí,Descuento,20,Lluvioso,17,1,2,8,46,45
2024-05-12,Domingo,5,2024,1,0,Desayuno,7,11,Salchipapa Clásica,Salchipapas,10,10.0,100.0,Delivery,No,Ninguna,0,Lluvioso,17,1,2,15,39,37
2024-05-12,Domingo,5,2024,1,0,Desayuno,7,11,Gaseosa,Bebidas,21,4.0,84.0,Delivery,No,Ninguna,0,Lluvioso,17,1,2,2,70,35
2024-05-12,Domingo,5,2024,1,0,Almuerzo,12,16,Sándwich de Pollo,Sándwiches,38,11.0,418.0,Web,No,Ninguna,0,Lluvioso,17,1,6,11,55,66
2024-05-12,Domingo,5,2024,1,0,Almuerzo,12,16,Pollo Broaster,Pollos,62,18.0,1116.0,Delivery,No,Ninguna,0,Lluvioso,17,1,6,18,89,66
2024-05-12,Domingo,5,2024,1,0,Almuerzo,12,16,Gaseosa,Bebidas,38,4.0,152.0,Delivery,No,Ninguna,0,Lluvioso,17,1,6,4,73,61
2024-05-12,Domingo,5,2024,1,0,Almuerzo,12,16,Pizza Personal,Pizzas,29,13.0,377.0,Delivery,No,Ninguna,0,Lluvioso,17,1,6,15,61,41
2024-05-12,Domingo,5,2024,1,0,Almuerzo,12,16,Hamburguesa Clásica,Hamburguesas,31,12.0,372.0,Delivery,No,Ninguna,0,Lluvioso,17,1,6,10,39,60
2024-05-12,Domingo,5,2024,1,0,Cena,18,22,Pizza Familiar,Pizzas,18,32.0,432.0,Delivery,Sí,Combo,25,Lluvioso,17,1,9,15,35,89
2024-05-12,Domingo,5,2024,1,0,Cena,18,22,Hamburguesa Clásica,Hamburguesas,34,12.0,408.0,Delivery,No,Ninguna,0,Lluvioso,17,1,9,10,55,59
2024-05-12,Domingo,5,2024,1,0,Cena,18,22,Hamburguesa BBQ,Hamburguesas,23,16.0,368.0,Delivery,No,Ninguna,0,Lluvioso,17,1,9,14,36,64
2024-05-13,Lunes,5,2024,0,0,Desayuno,7,11,Gaseosa,Bebidas,13,4.0,52.0,Presencial,No,Ninguna,0,Nublado,23,0,3,2,64,21
2024-05-13,Lunes,5,2024,0,0,Desayuno,7,11,Jugo Natural,Bebidas,8,6.0,48.0,Presencial,No,Ninguna,0,Nublado,23,0,3,5,31,19
2024-05-13,Lunes,5,2024,0,0,Desayuno,7,11,Cheeseburger,Hamburguesas,7,14.0,98.0,Presencial,No,Ninguna,0,Nublado,23,0,3,9,39,21
2024-05-13,Lunes,5,2024,0,0,Desayuno,7,11,Sándwich de Pollo,Sándwiches,7,11.0,77.0,Presencial,No,Ninguna,0,Nublado,23,0,3,11,22,23
2024-05-13,Lunes,5,2024,0,0,Desayuno,7,11,Salchipapa Clásica,Salchipapas,9,10.0,90.0,Presencial,No,Ninguna,0,Nublado,23,0,3,10,17,21
2024-05-13,Lunes,5,2024,0,0,Desayuno,7,11,Hamburguesa Clásica,Hamburguesas,11,12.0,132.0,Presencial,No,Ninguna,0,Nublado,23,0,3,11,38,19
2024-05-13,Lunes,5,2024,0,0,Almuerzo,12,16,Salchipapa Especial,Salchipapas,26,15.0,390.0,Presencial,No,Ninguna,0,Nublado,23,0,4,14,32,28
2024-05-13,Lunes,5,2024,0,0,Almuerzo,12,16,Pollo Broaster,Pollos,42,18.0,680.4,Delivery,Sí,Descuento,10,Nublado,23,0,4,19,64,33
2024-05-13,Lunes,5,2024,0,0,Almuerzo,12,16,Gaseosa,Bebidas,47,4.0,188.0,Presencial,No,Ninguna,0,Nublado,23,0,4,5,62,27
2024-05-13,Lunes,5,2024,0,0,Almuerzo,12,16,Hamburguesa Clásica,Hamburguesas,29,12.0,348.0,Presencial,No,Ninguna,0,Nublado,23,0,4,10,61,33
2024-05-13,Lunes,5,2024,0,0,Almuerzo,12,16,Salchipapa Clásica,Salchipapas,14,10.0,140.0,Presencial,No,Ninguna,0,Nublado,23,0,4,11,42,38
2024-05-13,Lunes,5,2024,0,0,Cena,18,22,Salchipapa Especial,Salchipapas,23,15.0,293.25,Web,Sí,2x1,15,Nublado,23,0,8,11,44,55
2024-05-13,Lunes,5,2024,0,0,Cena,18,22,Hamburguesa BBQ,Hamburguesas,15,16.0,240.0,Delivery,No,Ninguna,0,Nublado,23,0,8,10,29,48
2024-05-13,Lunes,5,2024,0,0,Cena,18,22,Alitas BBQ,Pollos,18,20.0,360.0,Delivery,No,Ninguna,0,Nublado,23,0,8,19,44,50
2024-05-13,Lunes,5,2024,0,0,Cena,18,22,Hamburguesa Clásica,Hamburguesas,16,12.0,192.0,Web,No,Ninguna,0,Nublado,23,0,8,14,33,63
2024-05-13,Lunes,5,2024,0,0,Cena,18,22,Gaseosa,Bebidas,31,4.0,124.0,Delivery,No,Ninguna,0,Nublado,23,0,8,3,77,47
2024-05-14,Martes,5,2024,0,0,Desayuno,7,11,Gaseosa,Bebidas,14,4.0,56.0,Presencial,No,Ninguna,0,Soleado,26,0,4,2,45,12
2024-05-14,Martes,5,2024,0,0,Desayuno,7,11,Jugo Natural,Bebidas,10,6.0,60.0,Presencial,No,Ninguna,0,Soleado,26,0,4,3,45,16
2024-05-14,Martes,5,2024,0,0,Desayuno,7,11,Sándwich de Pollo,Sándwiches,9,11.0,99.0,Presencial,No,Ninguna,0,Soleado,26,0,4,7,42,14
2024-05-14,Martes,5,2024,0,0,Desayuno,7,11,Cheeseburger,Hamburguesas,9,14.0,126.0,Presencial,No,Ninguna,0,Soleado,26,0,4,13,41,11
2024-05-14,Martes,5,2024,0,0,Desayuno,7,11,Salchipapa Clásica,Salchipapas,9,10.0,90.0,Presencial,No,Ninguna,0,Soleado,26,0,4,14,25,25
2024-05-14,Martes,5,2024,0,0,Desayuno,7,11,Alitas BBQ,Pollos,8,20.0,160.0,Presencial,No,Ninguna,0,Soleado,26,0,4,20,19,18
2024-05-14,Martes,5,2024,0,0,Almuerzo,12,16,Pizza Personal,Pizzas,18,13.0,187.2,Delivery,Sí,2x1,20,Soleado,26,0,4,23,39,39
2024-05-14,Martes,5,2024,0,0,Almuerzo,12,16,Hamburguesa BBQ,Hamburguesas,24,16.0,384.0,Delivery,No,Ninguna,0,Soleado,26,0,4,11,47,42
2024-05-14,Martes,5,2024,0,0,Almuerzo,12,16,Gaseosa,Bebidas,41,4.0,164.0,Web,No,Ninguna,0,Soleado,26,0,4,4,76,29
2024-05-14,Martes,5,2024,0,0,Almuerzo,12,16,Salchipapa Clásica,Salchipapas,23,10.0,230.0,Delivery,No,Ninguna,0,Soleado,26,0,4,11,29,29
2024-05-14,Martes,5,2024,0,0,Almuerzo,12,16,Salchipapa Especial,Salchipapas,23,15.0,345.0,Delivery,No,Ninguna,0,Soleado,26,0,4,11,54,44
2024-05-14,Martes,5,2024,0,0,Cena,18,22,Pollo Broaster,Pollos,27,18.0,486.0,Delivery,No,Ninguna,0,Soleado,26,0,5,14,62,60
2024-05-14,Martes,5,2024,0,0,Cena,18,22,Salchipapa Especial,Salchipapas,23,15.0,345.0,Web,No,Ninguna,0,Soleado,26,0,5,8,50,46
2024-05-14,Martes,5,2024,0,0,Cena,18,22,Gaseosa,Bebidas,33,4.0,132.0,Presencial,No,Ninguna,0,Soleado,26,0,5,5,72,46
2024-05-14,Martes,5,2024,0,0,Cena,18,22,Hamburguesa BBQ,Hamburguesas,22,16.0,264.0,Presencial,Sí,Descuento,25,Soleado,26,0,5,9,38,67
2024-05-14,Martes,5,2024,0,0,Cena,18,22,Salchipapa Clásica,Salchipapas,22,10.0,220.0,Presencial,No,Ninguna,0,Soleado,26,0,5,12,56,42
2024-05-15,Miércoles,5,2024,0,0,Desayuno,7,11,Sándwich de Pollo,Sándwiches,7,11.0,77.0,Presencial,No,Ninguna,0,Soleado,26,0,4,6,13,16
2024-05-15,Miércoles,5,2024,0,0,Desayuno,7,11,Gaseosa,Bebidas,20,4.0,72.0,Delivery,Sí,Descuento,10,Soleado,26,0,4,4,72,32
2024-05-15,Miércoles,5,2024,0,0,Desayuno,7,11,Jugo Natural,Bebidas,8,6.0,48.0,Presencial,No,Ninguna,0,Soleado,26,0,4,5,50,12
2024-05-15,Miércoles,5,2024,0,0,Desayuno,7,11,Salchipapa Clásica,Salchipapas,15,10.0,150.0,Presencial,No,Ninguna,0,Soleado,26,0,4,12,47,12
2024-05-15,Miércoles,5,2024,0,0,Desayuno,7,11,Hamburguesa Clásica,Hamburguesas,14,12.0,142.8,Presencial,Sí,Combo,15,Soleado,26,0,4,12,45,21
2024-05-15,Miércoles,5,2024,0,0,Almuerzo,12,16,Salchipapa Clásica,Salchipapas,23,10.0,230.0,Presencial,No,Ninguna,0,Soleado,26,0,5,14,33,42
2024-05-15,Miércoles,5,2024,0,0,Almuerzo,12,16,Alitas BBQ,Pollos,23,20.0,460.0,Delivery,No,Ninguna,0,Soleado,26,0,5,20,45,39
2024-05-15,Miércoles,5,2024,0,0,Almuerzo,12,16,Gaseosa,Bebidas,40,4.0,160.0,Delivery,No,Ninguna,0,Soleado,26,0,5,2,78,45
2024-05-15,Miércoles,5,2024,0,0,Almuerzo,12,16,Salchipapa Especial,Salchipapas,24,15.0,270.0,Presencial,Sí,Descuento,25,Soleado,26,0,5,14,29,34
2024-05-15,Miércoles,5,2024,0,0,Almuerzo,12,16,Pollo Broaster,Pollos,23,18.0,414.0,Presencial,No,Ninguna,0,Soleado,26,0,5,20,46,32
2024-05-15,Miércoles,5,2024,0,0,Almuerzo,12,16,Sándwich de Pollo,Sándwiches,18,11.0,198.0,Presencial,No,Ninguna,0,Soleado,26,0,5,12,23,30
2024-05-15,Miércoles,5,2024,0,0,Cena,18,22,Sándwich de Pollo,Sándwiches,13,11.0,143.0,Web,No,Ninguna,0,Soleado,26,0,6,8,40,50
2024-05-15,Miércoles,5,2024,0,0,Cena,18,22,Gaseosa,Bebidas,40,4.0,120.0,Delivery,Sí,Descuento,25,Soleado,26,0,6,3,72,54
2024-05-15,Miércoles,5,2024,0,0,Cena,18,22,Salchipapa Clásica,Salchipapas,17,10.0,127.5,Presencial,Sí,Descuento,25,Soleado,26,0,6,15,32,49
2024-05-15,Miércoles,5,2024,0,0,Cena,18,22,Cheeseburger,Hamburguesas,20,14.0,280.0,Delivery,No,Ninguna,0,Soleado,26,0,6,13,36,42
2024-05-15,Miércoles,5,2024,0,0,Cena,18,22,Hamburguesa Clásica,Hamburguesas,25,12.0,300.0,Presencial,No,Ninguna,0,Soleado,26,0,6,10,45,44
2024-05-16,Jueves,5,2024,0,0,Desayuno,7,11,Hamburguesa Clásica,Hamburguesas,9,12.0,108.0,Presencial,No,Ninguna,0,Nublado,18,0,3,13,42,10
2024-05-16,Jueves,5,2024,0,0,Desayuno,7,11,Sándwich de Pollo,Sándwiches,8,11.0,88.0,Delivery,No,Ninguna,0,Nublado,18,0,3,7,21,18
2024-05-16,Jueves,5,2024,0,0,Desayuno,7,11,Hamburguesa BBQ,Hamburguesas,9,16.0,144.0,Web,No,Ninguna,0,Nublado,18,0,3,12,24,25
2024-05-16,Jueves,5,2024,0,0,Desayuno,7,11,Jugo Natural,Bebidas,7,6.0,42.0,Presencial,No,Ninguna,0,Nublado,18,0,3,3,32,18
2024-05-16,Jueves,5,2024,0,0,Almuerzo,12,16,Cheeseburger,Hamburguesas,28,14.0,313.6,Delivery,Sí,Combo,20,Nublado,18,0,6,14,36,49
2024-05-16,Jueves,5,2024,0,0,Almuerzo,12,16,Hamburguesa Clásica,Hamburguesas,25,12.0,300.0,Presencial,No,Ninguna,0,Nublado,18,0,6,8,53,27
2024-05-16,Jueves,5,2024,0,0,Almuerzo,12,16,Pollo Broaster,Pollos,34,18.0,612.0,Presencial,No,Ninguna,0,Nublado,18,0,6,12,53,39
2024-05-16,Jueves,5,2024,0,0,Almuerzo,12,16,Salchipapa Clásica,Salchipapas,20,10.0,160.0,Web,Sí,Combo,20,Nublado,18,0,6,9,53,27
2024-05-16,Jueves,5,2024,0,0,Almuerzo,12,16,Gaseosa,Bebidas,34,4.0,136.0,Presencial,No,Ninguna,0,Nublado,18,0,6,3,85,34
2024-05-16,Jueves,5,2024,0,0,Cena,18,22,Alitas BBQ,Pollos,18,20.0,360.0,Delivery,No,Ninguna,0,Nublado,18,0,8,20,52,55
2024-05-16,Jueves,5,2024,0,0,Cena,18,22,Gaseosa,Bebidas,28,4.0,112.0,Presencial,No,Ninguna,0,Nublado,18,0,8,3,47,55
2024-05-16,Jueves,5,2024,0,0,Cena,18,22,Hamburguesa BBQ,Hamburguesas,23,16.0,312.8,Delivery,Sí,Combo,15,Nublado,18,0,8,9,30,59
2024-05-16,Jueves,5,2024,0,0,Cena,18,22,Salchipapa Clásica,Salchipapas,19,10.0,190.0,Presencial,No,Ninguna,0,Nublado,18,0,8,11,34,49
2024-05-16,Jueves,5,2024,0,0,Cena,18,22,Pollo Broaster,Pollos,37,18.0,666.0,Delivery,No,Ninguna,0,Nublado,18,0,8,18,56,44
2024-05-17,Viernes,5,2024,0,0,Desayuno,7,11,Cheeseburger,Hamburguesas,12,14.0,168.0,Presencial,No,Ninguna,0,Soleado,31,0,2,14,26,15
2024-05-17,Viernes,5,2024,0,0,Desayuno,7,11,Sándwich de Pollo,Sándwiches,9,11.0,99.0,Presencial,No,Ninguna,0,Soleado,31,0,2,12,28,14
2024-05-17,Viernes,5,2024,0,0,Desayuno,7,11,Jugo Natural,Bebidas,11,6.0,66.0,Presencial,No,Ninguna,0,Soleado,31,0,2,2,49,11
2024-05-17,Viernes,5,2024,0,0,Desayuno,7,11,Hamburguesa Clásica,Hamburguesas,15,12.0,180.0,Presencial,No,Ninguna,0,Soleado,31,0,2,10,48,15
2024-05-17,Viernes,5,2024,0,0,Almuerzo,12,16,Pollo Broaster,Pollos,40,18.0,720.0,Web,No,Ninguna,0,Soleado,31,0,4,12,49,28
2024-05-17,Viernes,5,2024,0,0,Almuerzo,12,16,Salchipapa Clásica,Salchipapas,27,10.0,270.0,Delivery,No,Ninguna,0,Soleado,31,0,4,10,37,34
2024-05-17,Viernes,5,2024,0,0,Almuerzo,12,16,Alitas BBQ,Pollos,26,20.0,520.0,Delivery,No,Ninguna,0,Soleado,31,0,4,16,53,37
2024-05-17,Viernes,5,2024,0,0,Almuerzo,12,16,Cheeseburger,Hamburguesas,32,14.0,448.0,Web,No,Ninguna,0,Soleado,31,0,4,9,51,30
2024-05-17,Viernes,5,2024,0,0,Almuerzo,12,16,Hamburguesa BBQ,Hamburguesas,27,16.0,432.0,Presencial,No,Ninguna,0,Soleado,31,0,4,10,35,43
2024-05-17,Viernes,5,2024,0,0,Cena,18,22,Cheeseburger,Hamburguesas,19,14.0,266.0,Web,No,Ninguna,0,Soleado,31,0,8,8,54,60
2024-05-17,Viernes,5,2024,0,0,Cena,18,22,Salchipapa Clásica,Salchipapas,33,10.0,330.0,Delivery,No,Ninguna,0,Soleado,31,0,8,15,57,43
2024-05-17,Viernes,5,2024,0,0,Cena,18,22,Pizza Personal,Pizzas,20,13.0,260.0,Delivery,No,Ninguna,0,Soleado,31,0,8,15,54,51
2024-05-17,Viernes,5,2024,0,0,Cena,18,22,Pollo Broaster,Pollos,28,18.0,504.0,Web,No,Ninguna,0,Soleado,31,0,8,15,42,64
2024-05-18,Sábado,5,2024,1,0,Desayuno,7,11,Hamburguesa BBQ,Hamburguesas,10,16.0,160.0,Presencial,No,Ninguna,0,Nublado,18,0,2,8,45,23
2024-05-18,Sábado,5,2024,1,0,Desayuno,7,11,Sándwich de Pollo,Sándwiches,8,11.0,88.0,Presencial,No,Ninguna,0,Nublado,18,0,2,8,37,28
2024-05-18,Sábado,5,2024,1,0,Desayuno,7,11,Jugo Natural,Bebidas,10,6.0,60.0,Presencial,No,Ninguna,0,Nublado,18,0,2,2,27,30
2024-05-18,Sábado,5,2024,1,0,Desayuno,7,11,Gaseosa,Bebidas,16,4.0,57.6,Presencial,Sí,Descuento,10,Nublado,18,0,2,5,61,23
2024-05-18,Sábado,5,2024,1,0,Almuerzo,12,16,Alitas BBQ,Pollos,28,20.0,560.0,Presencial,No,Ninguna,0,Nublado,18,0,5,12,45,53
2024-05-18,Sábado,5,2024,1,0,Almuerzo,12,16,Sándwich de Pollo,Sándwiches,22,11.0,242.0,Web,No,Ninguna,0,Nublado,18,0,5,7,32,47
2024-05-18,Sábado,5,2024,1,0,Almuerzo,12,16,Pizza Familiar,Pizzas,24,32.0,768.0,Presencial,No,Ninguna,0,Nublado,18,0,5,17,57,29
2024-05-18,Sábado,5,2024,1,0,Almuerzo,12,16,Gaseosa,Bebidas,39,4.0,156.0,Presencial,No,Ninguna,0,Nublado,18,0,5,3,96,38
2024-05-18,Sábado,5,2024,1,0,Cena,18,22,Hamburguesa Clásica,Hamburguesas,36,12.0,432.0,Delivery,No,Ninguna,0,Nublado,18,0,4,11,57,63
2024-05-18,Sábado,5,2024,1,0,Cena,18,22,Hamburguesa BBQ,Hamburguesas,19,16.0,304.0,Web,No,Ninguna,0,Nublado,18,0,4,11,31,45
2024-05-18,Sábado,5,2024,1,0,Cena,18,22,Cheeseburger,Hamburguesas,28,14.0,392.0,Delivery,No,Ninguna,0,Nublado,18,0,4,14,61,63
2024-05-18,Sábado,5,2024,1,0,Cena,18,22,Alitas BBQ,Pollos,23,20.0,460.0,Web,No,Ninguna,0,Nublado,18,0,4,14,30,67
2024-05-18,Sábado,5,2024,1,0,Cena,18,22,Salchipapa Clásica,Salchipapas,35,10.0,262.5,Presencial,Sí,Descuento,25,Nublado,18,0,4,10,65,59
2024-05-18,Sábado,5,2024,1,0,Cena,18,22,Pizza Familiar,Pizzas,25,32.0,600.0,Presencial,Sí,2x1,25,Nublado,18,0,4,23,30,63
2024-05-19,Domingo,5,2024,1,0,Desayuno,7,11,Sándwich de Pollo,Sándwiches,10,11.0,110.0,Presencial,No,Ninguna,0,Soleado,29,0,4,6,39,34
2024-05-19,Domingo,5,2024,1,0,Desayuno,7,11,Hamburguesa Clásica,Hamburguesas,18,12.0,172.8,Presencial,Sí,Combo,20,Soleado,29,0,4,13,37,34
2024-05-19,Domingo,5,2024,1,0,Desayuno,7,11,Cheeseburger,Hamburguesas,7,14.0,98.0,Presencial,No,Ninguna,0,Soleado,29,0,4,8,34,30
2024-05-19,Domingo,5,2024,1,0,Desayuno,7,11,Gaseosa,Bebidas,31,4.0,99.2,Delivery,Sí,Descuento,20,Soleado,29,0,4,2,81,30
2024-05-19,Domingo,5,2024,1,0,Desayuno,7,11,Jugo Natural,Bebidas,12,6.0,72.0,Delivery,No,Ninguna,0,Soleado,29,0,4,4,48,22
2024-05-19,Domingo,5,2024,1,0,Almuerzo,12,16,Salchipapa Especial,Salchipapas,37,15.0,444.0,Web,Sí,2x1,20,Soleado,29,0,5,12,62,54
2024-05-19,Domingo,5,2024,1,0,Almuerzo,12,16,Pollo Broaster,Pollos,45,18.0,810.0,Web,No,Ninguna,0,Soleado,29,0,5,17,68,38
2024-05-19,Domingo,5,2024,1,0,Almuerzo,12,16,Hamburguesa Clásica,Hamburguesas,24,12.0,288.0,Presencial,No,Ninguna,0,Soleado,29,0,5,8,33,40
2024-05-19,Domingo,5,2024,1,0,Almuerzo,12,16,Cheeseburger,Hamburguesas,33,14.0,415.8,Presencial,Sí,Combo,10,Soleado,29,0,5,11,53,49
2024-05-19,Domingo,5,2024,1,0,Almuerzo,12,16,Gaseosa,Bebidas,33,4.0,132.0,Web,No,Ninguna,0,Soleado,29,0,5,2,56,38
2024-05-19,Domingo,5,2024,1,0,Almuerzo,12,16,Sándwich de Pollo,Sándwiches,23,11.0,253.0,Web,No,Ninguna,0,Soleado,29,0,5,6,49,44
2024-05-19,Domingo,5,2024,1,0,Cena,18,22,Pizza Familiar,Pizzas,19,32.0,608.0,Delivery,No,Ninguna,0,Soleado,29,0,7,24,26,52
2024-05-19,Domingo,5,2024,1,0,Cena,18,22,Pizza Personal,Pizzas,11,13.0,143.0,Presencial,No,Ninguna,0,Soleado,29,0,7,15,43,70
2024-05-19,Domingo,5,2024,1,0,Cena,18,22,Gaseosa,Bebidas,52,4.0,208.0,Web,No,Ninguna,0,Soleado,29,0,7,4,71,67
2024-05-19,Domingo,5,2024,1,0,Cena,18,22,Jugo Natural,Bebidas,31,6.0,186.0,Presencial,No,Ninguna,0,Soleado,29,0,7,2,78,57
2024-05-19,Domingo,5,2024,1,0,Cena,18,22,Alitas BBQ,Pollos,26,20.0,416.0,Delivery,Sí,Combo,20,Soleado,29,0,7,14,33,68
2024-05-19,Domingo,5,2024,1,0,Cena,18,22,Salchipapa Especial,Salchipapas,20,15.0,300.0,Delivery,No,Ninguna,0,Soleado,29,0,7,12,34,72
2024-05-20,Lunes,5,2024,0,0,Desayuno,7,11,Jugo Natural,Bebidas,12,6.0,54.0,Presencial,Sí,2x1,25,Nublado,21,0,3,5,34,20
2024-05-20,Lunes,5,2024,0,0,Desayuno,7,11,Sándwich de Pollo,Sándwiches,7,11.0,61.6,Presencial,Sí,Descuento,20,Nublado,21,0,3,11,22,24
2024-05-20,Lunes,5,2024,0,0,Desayuno,7,11,Cheeseburger,Hamburguesas,7,14.0,98.0,Presencial,No,Ninguna,0,Nublado,21,0,3,8,29,14
2024-05-20,Lunes,5,2024,0,0,Desayuno,7,11,Hamburguesa BBQ,Hamburguesas,7,16.0,112.0,Presencial,No,Ninguna,0,Nublado,21,0,3,14,34,13
2024-05-20,Lunes,5,2024,0,0,Desayuno,7,11,Salchipapa Clásica,Salchipapas,10,10.0,75.0,Presencial,Sí,2x1,25,Nublado,21,0,3,10,38,21
2024-05-20,Lunes,5,2024,0,0,Desayuno,7,11,Hamburguesa Clásica,Hamburguesas,9,12.0,108.0,Delivery,No,Ninguna,0,Nublado,21,0,3,12,21,19
2024-05-20,Lunes,5,2024,0,0,Almuerzo,12,16,Hamburguesa Clásica,Hamburguesas,23,12.0,220.8,Presencial,Sí,Descuento,20,Nublado,21,0,5,10,55,46
2024-05-20,Lunes,5,2024,0,0,Almuerzo,12,16,Salchipapa Especial,Salchipapas,24,15.0,360.0,Web,No,Ninguna,0,Nublado,21,0,5,13,54,37
2024-05-20,Lunes,5,2024,0,0,Almuerzo,12,16,Pizza Personal,Pizzas,18,13.0,234.0,Delivery,No,Ninguna,0,Nublado,21,0,5,18,34,43
2024-05-20,Lunes,5,2024,0,0,Almuerzo,12,16,Alitas BBQ,Pollos,18,20.0,360.0,Presencial,No,Ninguna,0,Nublado,21,0,5,18,35,38
2024-05-20,Lunes,5,2024,0,0,Cena,18,22,Gaseosa,Bebidas,30,4.0,120.0,Delivery,No,Ninguna,0,Nublado,21,0,4,4,84,49
2024-05-20,Lunes,5,2024,0,0,Cena,18,22,Salchipapa Especial,Salchipapas,23,15.0,345.0,Delivery,No,Ninguna,0,Nublado,21,0,4,14,47,49
2024-05-20,Lunes,5,2024,0,0,Cena,18,22,Jugo Natural,Bebidas,18,6.0,108.0,Web,No,Ninguna,0,Nublado,21,0,4,5,44,65
2024-05-20,Lunes,5,2024,0,0,Cena,18,22,Pizza Familiar,Pizzas,11,32.0,316.8,Web,Sí,Descuento,10,Nublado,21,0,4,24,19,62
2024-05-20,Lunes,5,2024,0,0,Cena,18,22,Pollo Broaster,Pollos,26,18.0,468.0,Presencial,No,Ninguna,0,Nublado,21,0,4,20,49,52
2024-05-20,Lunes,5,2024,0,0,Cena,18,22,Alitas BBQ,Pollos,15,20.0,300.0,Web,No,Ninguna,0,Nublado,21,0,4,16,26,65
2024-05-21,Martes,5,2024,0,0,Desayuno,7,11,Jugo Natural,Bebidas,9,6.0,54.0,Presencial,No,Ninguna,0,Nublado,18,0,4,4,34,10
2024-05-21,Martes,5,2024,0,0,Desayuno,7,11,Hamburguesa Clásica,Hamburguesas,12,12.0,144.0,Presencial,No,Ninguna,0,Nublado,18,0,4,12,25,13
2024-05-21,Martes,5,2024,0,0,Desayuno,7,11,Gaseosa,Bebidas,17,4.0,68.0,Presencial,No,Ninguna,0,Nublado,18,0,4,3,59,16
2024-05-21,Martes,5,2024,0,0,Desayuno,7,11,Sándwich de Pollo,Sándwiches,10,11.0,110.0,Presencial,No,Ninguna,0,Nublado,18,0,4,11,30,24
2024-05-21,Martes,5,2024,0,0,Almuerzo,12,16,Gaseosa,Bebidas,28,4.0,112.0,Delivery,No,Ninguna,0,Nublado,18,0,4,5,51,38
2024-05-21,Martes,5,2024,0,0,Almuerzo,12,16,Cheeseburger,Hamburguesas,17,14.0,238.0,Delivery,No,Ninguna,0,Nublado,18,0,4,8,25,37
2024-05-21,Martes,5,2024,0,0,Almuerzo,12,16,Pollo Broaster,Pollos,40,18.0,720.0,Presencial,No,Ninguna,0,Nublado,18,0,4,19,74,26
2024-05-21,Martes,5,2024,0,0,Cena,18,22,Pizza Familiar,Pizzas,12,32.0,326.4,Presencial,Sí,Combo,15,Nublado,18,0,4,18,20,66
2024-05-21,Martes,5,2024,0,0,Cena,18,22,Salchipapa Clásica,Salchipapas,21,10.0,210.0,Delivery,No,Ninguna,0,Nublado,18,0,4,9,41,59
2024-05-21,Martes,5,2024,0,0,Cena,18,22,Alitas BBQ,Pollos,13,20.0,260.0,Presencial,No,Ninguna,0,Nublado,18,0,4,17,40,41
2024-05-21,Martes,5,2024,0,0,Cena,18,22,Gaseosa,Bebidas,32,4.0,128.0,Delivery,No,Ninguna,0,Nublado,18,0,4,5,62,64
2024-05-21,Martes,5,2024,0,0,Cena,18,22,Sándwich de Pollo,Sándwiches,19,11.0,209.0,Delivery,No,Ninguna,0,Nublado,18,0,4,12,45,63
2024-05-22,Miércoles,5,2024,0,0,Desayuno,7,11,Sándwich de Pollo,Sándwiches,8,11.0,88.0,Delivery,No,Ninguna,0,Nublado,19,0,2,8,24,16
2024-05-22,Miércoles,5,2024,0,0,Desayuno,7,11,Hamburguesa Clásica,Hamburguesas,10,12.0,120.0,Presencial,No,Ninguna,0,Nublado,19,0,2,11,17,17
2024-05-22,Miércoles,5,2024,0,0,Desayuno,7,11,Hamburguesa BBQ,Hamburguesas,6,16.0,96.0,Presencial,No,Ninguna,0,Nublado,19,0,2,14,41,11
2024-05-22,Miércoles,5,2024,0,0,Almuerzo,12,16,Gaseosa,Bebidas,43,4.0,154.8,Presencial,Sí,Combo,10,Nublado,19,0,7,2,89,34
2024-05-22,Miércoles,5,2024,0,0,Almuerzo,12,16,Pollo Broaster,Pollos,35,18.0,630.0,Presencial,No,Ninguna,0,Nublado,19,0,7,16,64,45
2024-05-22,Miércoles,5,2024,0,0,Almuerzo,12,16,Sándwich de Pollo,Sándwiches,20,11.0,220.0,Presencial,No,Ninguna,0,Nublado,19,0,7,7,55,31
2024-05-22,Miércoles,5,2024,0,0,Cena,18,22,Hamburguesa Clásica,Hamburguesas,29,12.0,278.4,Delivery,Sí,Combo,20,Nublado,19,0,8,13,55,51
2024-05-22,Miércoles,5,2024,0,0,Cena,18,22,Hamburguesa BBQ,Hamburguesas,22,16.0,352.0,Presencial,No,Ninguna,0,Nublado,19,0,8,11,32,45
2024-05-22,Miércoles,5,2024,0,0,Cena,18,22,Jugo Natural,Bebidas,17,6.0,102.0,Web,No,Ninguna,0,Nublado,19,0,8,2,56,59
2024-05-22,Miércoles,5,2024,0,0,Cena,18,22,Salchipapa Clásica,Salchipapas,18,10.0,180.0,Web,No,Ninguna,0,Nublado,19,0,8,9,50,60
2024-05-23,Jueves,5,2024,0,0,Desayuno,7,11,Jugo Natural,Bebidas,13,6.0,66.3,Presencial,Sí,2x1,15,Nublado,22,0,2,2,42,27
2024-05-23,Jueves,5,2024,0,0,Desayuno,7,11,Salchipapa Clásica,Salchipapas,10,10.0,100.0,Presencial,No,Ninguna,0,Nublado,22,0,2,15,36,15
2024-05-23,Jueves,5,2024,0,0,Desayuno,7,11,Sándwich de Pollo,Sándwiches,7,11.0,77.0,Presencial,No,Ninguna,0,Nublado,22,0,2,8,22,12
2024-05-23,Jueves,5,2024,0,0,Almuerzo,12,16,Pollo Broaster,Pollos,42,18.0,756.0,Presencial,No,Ninguna,0,Nublado,22,0,4,17,57,33
2024-05-23,Jueves,5,2024,0,0,Almuerzo,12,16,Salchipapa Especial,Salchipapas,31,15.0,465.0,Presencial,No,Ninguna,0,Nublado,22,0,4,14,54,25
2024-05-23,Jueves,5,2024,0,0,Almuerzo,12,16,Cheeseburger,Hamburguesas,20,14.0,280.0,Presencial,No,Ninguna,0,Nublado,22,0,4,9,26,43
2024-05-23,Jueves,5,2024,0,0,Almuerzo,12,16,Hamburguesa Clásica,Hamburguesas,27,12.0,324.0,Delivery,No,Ninguna,0,Nublado,22,0,4,13,34,25
2024-05-23,Jueves,5,2024,0,0,Cena,18,22,Pizza Familiar,Pizzas,14,32.0,448.0,Delivery,No,Ninguna,0,Nublado,22,0,7,21,20,59
2024-05-23,Jueves,5,2024,0,0,Cena,18,22,Pollo Broaster,Pollos,22,18.0,396.0,Delivery,No,Ninguna,0,Nublado,22,0,7,19,34,56
2024-05-23,Jueves,5,2024,0,0,Cena,18,22,Alitas BBQ,Pollos,27,20.0,459.0,Delivery,Sí,2x1,15,Nublado,22,0,7,17,54,49
2024-05-24,Viernes,5,2024,0,0,Desayuno,7,11,Gaseosa,Bebidas,19,4.0,76.0,Presencial,No,Ninguna,0,Nublado,22,0,4,5,55,19
2024-05-24,Viernes,5,2024,0,0,Desayuno,7,11,Jugo Natural,Bebidas,14,6.0,84.0,Delivery,No,Ninguna,0,Nublado,22,0,4,4,40,10
2024-05-24,Viernes,5,2024,0,0,Desayuno,7,11,Sándwich de Pollo,Sándwiches,9,11.0,99.0,Presencial,No,Ninguna,0,Nublado,22,0,4,8,32,14
2024-05-24,Viernes,5,2024,0,0,Desayuno,7,11,Alitas BBQ,Pollos,10,20.0,200.0,Presencial,No,Ninguna,0,Nublado,22,0,4,18,24,19
2024-05-24,Viernes,5,2024,0,0,Desayuno,7,11,Pizza Personal,Pizzas,8,13.0,104.0,Presencial,No,Ninguna,0,Nublado,22,0,4,22,42,23
2024-05-24,Viernes,5,2024,0,0,Almuerzo,12,16,Jugo Natural,Bebidas,25,6.0,150.0,Presencial,No,Ninguna,0,Nublado,22,0,7,3,62,26
2024-05-24,Viernes,5,2024,0,0,Almuerzo,12,16,Gaseosa,Bebidas,41,4.0,164.0,Presencial,No,Ninguna,0,Nublado,22,0,7,4,64,32
2024-05-24,Viernes,5,2024,0,0,Almuerzo,12,16,Hamburguesa Clásica,Hamburguesas,22,12.0,264.0,Presencial,No,Ninguna,0,Nublado,22,0,7,12,41,37
2024-05-24,Viernes,5,2024,0,0,Almuerzo,12,16,Sándwich de Pollo,Sándwiches,17,11.0,187.0,Presencial,No,Ninguna,0,Nublado,22,0,7,9,35,30
2024-05-24,Viernes,5,2024,0,0,Cena,18,22,Salchipapa Especial,Salchipapas,33,15.0,495.0,Web,No,Ninguna,0,Nublado,22,0,8,13,67,57
2024-05-24,Viernes,5,2024,0,0,Cena,18,22,Hamburguesa BBQ,Hamburguesas,19,16.0,304.0,Delivery,No,Ninguna,0,Nublado,22,0,8,10,51,61
2024-05-24,Viernes,5,2024,0,0,Cena,18,22,Pizza Familiar,Pizzas,14,32.0,448.0,Delivery,No,Ninguna,0,Nublado,22,0,8,16,44,49
2024-05-24,Viernes,5,2024,0,0,Cena,18,22,Gaseosa,Bebidas,38,4.0,152.0,Presencial,No,Ninguna,0,Nublado,22,0,8,3,91,59
2024-05-24,Viernes,5,2024,0,0,Cena,18,22,Alitas BBQ,Pollos,19,20.0,380.0,Web,No,Ninguna,0,Nublado,22,0,8,16,31,62
2024-05-25,Sábado,5,2024,1,0,Desayuno,7,11,Jugo Natural,Bebidas,14,6.0,84.0,Presencial,No,Ninguna,0,Nublado,20,0,3,4,35,22
2024-05-25,Sábado,5,2024,1,0,Desayuno,7,11,Cheeseburger,Hamburguesas,12,14.0,168.0,Web,No,Ninguna,0,Nublado,20,0,3,8,39,17
2024-05-25,Sábado,5,2024,1,0,Desayuno,7,11,Hamburguesa Clásica,Hamburguesas,17,12.0,183.6,Delivery,Sí,Descuento,10,Nublado,20,0,3,13,44,35
2024-05-25,Sábado,5,2024,1,0,Desayuno,7,11,Gaseosa,Bebidas,24,4.0,96.0,Presencial,No,Ninguna,0,Nublado,20,0,3,3,41,27
2024-05-25,Sábado,5,2024,1,0,Desayuno,7,11,Salchipapa Clásica,Salchipapas,12,10.0,120.0,Presencial,No,Ninguna,0,Nublado,20,0,3,9,21,17
2024-05-25,Sábado,5,2024,1,0,Desayuno,7,11,Sándwich de Pollo,Sándwiches,12,11.0,132.0,Presencial,No,Ninguna,0,Nublado,20,0,3,12,31,25
2024-05-25,Sábado,5,2024,1,0,Almuerzo,12,16,Gaseosa,Bebidas,42,4.0,168.0,Delivery,No,Ninguna,0,Nublado,20,0,7,3,61,44
2024-05-25,Sábado,5,2024,1,0,Almuerzo,12,16,Salchipapa Especial,Salchipapas,32,15.0,480.0,Presencial,No,Ninguna,0,Nublado,20,0,7,14,44,44
2024-05-25,Sábado,5,2024,1,0,Almuerzo,12,16,Alitas BBQ,Pollos,29,20.0,464.0,Web,Sí,Combo,20,Nublado,20,0,7,14,35,35
2024-05-25,Sábado,5,2024,1,0,Almuerzo,12,16,Hamburguesa Clásica,Hamburguesas,30,12.0,360.0,Presencial,No,Ninguna,0,Nublado,20,0,7,13,38,37
2024-05-25,Sábado,5,2024,1,0,Cena,18,22,Pollo Broaster,Pollos,44,18.0,792.0,Presencial,No,Ninguna,0,Nublado,20,0,9,17,71,67
2024-05-25,Sábado,5,2024,1,0,Cena,18,22,Salchipapa Especial,Salchipapas,28,15.0,420.0,Web,No,Ninguna,0,Nublado,20,0,9,8,37,52
2024-05-25,Sábado,5,2024,1,0,Cena,18,22,Hamburguesa Clásica,Hamburguesas,39,12.0,468.0,Delivery,No,Ninguna,0,Nublado,20,0,9,10,46,64
2024-05-26,Domingo,5,2024,1,0,Desayuno,7,11,Jugo Natural,Bebidas,19,6.0,91.2,Presencial,Sí,2x1,20,Nublado,19,0,2,3,46,34
2024-05-26,Domingo,5,2024,1,0,Desayuno,7,11,Hamburguesa BBQ,Hamburguesas,9,16.0,144.0,Presencial,No,Ninguna,0,Nublado,19,0,2,8,20,22
2024-05-26,Domingo,5,2024,1,0,Desayuno,7,11,Sándwich de Pollo,Sándwiches,8,11.0,88.0,Presencial,No,Ninguna,0,Nublado,19,0,2,9,15,15
2024-05-26,Domingo,5,2024,1,0,Desayuno,7,11,Gaseosa,Bebidas,21,4.0,84.0,Delivery,No,Ninguna,0,Nublado,19,0,2,2,64,22
2024-05-26,Domingo,5,2024,1,0,Desayuno,7,11,Alitas BBQ,Pollos,13,20.0,260.0,Presencial,No,Ninguna,0,Nublado,19,0,2,17,25,24
2024-05-26,Domingo,5,2024,1,0,Desayuno,7,11,Salchipapa Especial,Salchipapas,13,15.0,195.0,Presencial,No,Ninguna,0,Nublado,19,0,2,10,47,16
2024-05-26,Domingo,5,2024,1,0,Almuerzo,12,16,Salchipapa Clásica,Salchipapas,25,10.0,250.0,Presencial,No,Ninguna,0,Nublado,19,0,4,8,32,33
2024-05-26,Domingo,5,2024,1,0,Almuerzo,12,16,Alitas BBQ,Pollos,25,20.0,500.0,Delivery,No,Ninguna,0,Nublado,19,0,4,18,59,35
2024-05-26,Domingo,5,2024,1,0,Almuerzo,12,16,Pizza Personal,Pizzas,21,13.0,273.0,Delivery,No,Ninguna,0,Nublado,19,0,4,22,36,49
2024-05-26,Domingo,5,2024,1,0,Almuerzo,12,16,Pollo Broaster,Pollos,35,18.0,630.0,Delivery,No,Ninguna,0,Nublado,19,0,4,18,51,42
2024-05-26,Domingo,5,2024,1,0,Cena,18,22,Pollo Broaster,Pollos,40,18.0,720.0,Presencial,No,Ninguna,0,Nublado,19,0,6,17,57,47
2024-05-26,Domingo,5,2024,1,0,Cena,18,22,Salchipapa Clásica,Salchipapas,20,10.0,200.0,Delivery,No,Ninguna,0,Nublado,19,0,6,11,45,63
2024-05-26,Domingo,5,2024,1,0,Cena,18,22,Salchipapa Especial,Salchipapas,48,15.0,648.0,Presencial,Sí,2x1,10,Nublado,19,0,6,8,60,72
2024-05-26,Domingo,5,2024,1,0,Cena,18,22,Pizza Personal,Pizzas,25,13.0,325.0,Delivery,No,Ninguna,0,Nublado,19,0,6,25,59,70
2024-05-26,Domingo,5,2024,1,0,Cena,18,22,Alitas BBQ,Pollos,29,20.0,580.0,Web,No,Ninguna,0,Nublado,19,0,6,12,59,49
2024-05-27,Lunes,5,2024,0,0,Desayuno,7,11,Jugo Natural,Bebidas,7,6.0,42.0,Presencial,No,Ninguna,0,Nublado,19,0,4,5,46,13
2024-05-27,Lunes,5,2024,0,0,Desayuno,7,11,Cheeseburger,Hamburguesas,7,14.0,98.0,Presencial,No,Ninguna,0,Nublado,19,0,4,10,39,17
2024-05-27,Lunes,5,2024,0,0,Desayuno,7,11,Hamburguesa Clásica,Hamburguesas,7,12.0,84.0,Presencial,No,Ninguna,0,Nublado,19,0,4,13,37,14
2024-05-27,Lunes,5,2024,0,0,Desayuno,7,11,Sándwich de Pollo,Sándwiches,6,11.0,66.0,Delivery,No,Ninguna,0,Nublado,19,0,4,11,11,22
2024-05-27,Lunes,5,2024,0,0,Desayuno,7,11,Gaseosa,Bebidas,12,4.0,48.0,Presencial,No,Ninguna,0,Nublado,19,0,4,2,46,16
2024-05-27,Lunes,5,2024,0,0,Almuerzo,12,16,Salchipapa Clásica,Salchipapas,20,10.0,200.0,Delivery,No,Ninguna,0,Nublado,19,0,4,13,27,25
2024-05-27,Lunes,5,2024,0,0,Almuerzo,12,16,Gaseosa,Bebidas,34,4.0,136.0,Presencial,No,Ninguna,0,Nublado,19,0,4,3,74,35
2024-05-27,Lunes,5,2024,0,0,Almuerzo,12,16,Hamburguesa BBQ,Hamburguesas,17,16.0,272.0,Presencial,No,Ninguna,0,Nublado,19,0,4,11,51,31
2024-05-27,Lunes,5,2024,0,0,Almuerzo,12,16,Hamburguesa Clásica,Hamburguesas,19,12.0,228.0,Delivery,No,Ninguna,0,Nublado,19,0,4,9,24,35
2024-05-27,Lunes,5,2024,0,0,Almuerzo,12,16,Salchipapa Especial,Salchipapas,16,15.0,240.0,Presencial,No,Ninguna,0,Nublado,19,0,4,10,25,37
2024-05-27,Lunes,5,2024,0,0,Cena,18,22,Pizza Familiar,Pizzas,17,32.0,408.0,Presencial,Sí,Combo,25,Nublado,19,0,4,25,35,52
2024-05-27,Lunes,5,2024,0,0,Cena,18,22,Alitas BBQ,Pollos,13,20.0,260.0,Delivery,No,Ninguna,0,Nublado,19,0,4,17,39,59
2024-05-27,Lunes,5,2024,0,0,Cena,18,22,Salchipapa Clásica,Salchipapas,18,10.0,180.0,Presencial,No,Ninguna,0,Nublado,19,0,4,11,29,56
2024-05-27,Lunes,5,2024,0,0,Cena,18,22,Jugo Natural,Bebidas,14,6.0,84.0,Delivery,No,Ninguna,0,Nublado,19,0,4,3,74,47
2024-05-27,Lunes,5,2024,0,0,Cena,18,22,Salchipapa Especial,Salchipapas,23,15.0,345.0,Web,No,Ninguna,0,Nublado,19,0,4,12,44,42
2024-05-28,Martes,5,2024,0,0,Desayuno,7,11,Gaseosa,Bebidas,11,4.0,44.0,Presencial,No,Ninguna,0,Nublado,18,0,3,2,50,13
2024-05-28,Martes,5,2024,0,0,Desayuno,7,11,Hamburguesa BBQ,Hamburguesas,11,16.0,176.0,Presencial,No,Ninguna,0,Nublado,18,0,3,8,41,19
2024-05-28,Martes,5,2024,0,0,Desayuno,7,11,Jugo Natural,Bebidas,9,6.0,54.0,Presencial,No,Ninguna,0,Nublado,18,0,3,4,57,25
2024-05-28,Martes,5,2024,0,0,Desayuno,7,11,Cheeseburger,Hamburguesas,10,14.0,140.0,Presencial,No,Ninguna,0,Nublado,18,0,3,8,34,22
2024-05-28,Martes,5,2024,0,0,Desayuno,7,11,Pizza Familiar,Pizzas,6,32.0,192.0,Presencial,No,Ninguna,0,Nublado,18,0,3,17,33,14
2024-05-28,Martes,5,2024,0,0,Almuerzo,12,16,Alitas BBQ,Pollos,25,20.0,500.0,Presencial,No,Ninguna,0,Nublado,18,0,5,19,60,42
2024-05-28,Martes,5,2024,0,0,Almuerzo,12,16,Hamburguesa Clásica,Hamburguesas,26,12.0,312.0,Delivery,No,Ninguna,0,Nublado,18,0,5,11,58,43
2024-05-28,Martes,5,2024,0,0,Almuerzo,12,16,Salchipapa Especial,Salchipapas,23,15.0,345.0,Delivery,No,Ninguna,0,Nublado,18,0,5,12,46,29
2024-05-28,Martes,5,2024,0,0,Almuerzo,12,16,Pollo Broaster,Pollos,30,18.0,540.0,Delivery,No,Ninguna,0,Nublado,18,0,5,20,35,28
2024-05-28,Martes,5,2024,0,0,Almuerzo,12,16,Pizza Personal,Pizzas,24,13.0,234.0,Delivery,Sí,Descuento,25,Nublado,18,0,5,15,29,40
2024-05-28,Martes,5,2024,0,0,Almuerzo,12,16,Gaseosa,Bebidas,33,4.0,132.0,Delivery,No,Ninguna,0,Nublado,18,0,5,5,60,31
2024-05-28,Martes,5,2024,0,0,Cena,18,22,Pizza Familiar,Pizzas,12,32.0,384.0,Web,No,Ninguna,0,Nublado,18,0,5,21,43,40
2024-05-28,Martes,5,2024,0,0,Cena,18,22,Hamburguesa Clásica,Hamburguesas,23,12.0,276.0,Delivery,No,Ninguna,0,Nublado,18,0,5,8,42,45
2024-05-28,Martes,5,2024,0,0,Cena,18,22,Alitas BBQ,Pollos,25,20.0,500.0,Delivery,No,Ninguna,0,Nublado,18,0,5,15,57,62
2024-05-28,Martes,5,2024,0,0,Cena,18,22,Pollo Broaster,Pollos,28,18.0,504.0,Web,No,Ninguna,0,Nublado,18,0,5,15,39,57
2024-05-28,Martes,5,2024,0,0,Cena,18,22,Salchipapa Especial,Salchipapas,17,15.0,255.0,Web,No,Ninguna,0,Nublado,18,0,5,9,50,53
2024-05-28,Martes,5,2024,0,0,Cena,18,22,Pizza Personal,Pizzas,19,13.0,247.0,Web,No,Ninguna,0,Nublado,18,0,5,17,36,57
2024-05-29,Miércoles,5,2024,0,0,Desayuno,7,11,Jugo Natural,Bebidas,7,6.0,42.0,Presencial,No,Ninguna,0,Nublado,19,0,2,2,65,15
2024-05-29,Miércoles,5,2024,0,0,Desayuno,7,11,Salchipapa Clásica,Salchipapas,6,10.0,60.0,Presencial,No,Ninguna,0,Nublado,19,0,2,9,27,17
2024-05-29,Miércoles,5,2024,0,0,Desayuno,7,11,Sándwich de Pollo,Sándwiches,10,11.0,110.0,Presencial,No,Ninguna,0,Nublado,19,0,2,6,35,10
2024-05-29,Miércoles,5,2024,0,0,Desayuno,7,11,Gaseosa,Bebidas,21,4.0,67.2,Presencial,Sí,Descuento,20,Nublado,19,0,2,4,51,17
2024-05-29,Miércoles,5,2024,0,0,Almuerzo,12,16,Hamburguesa BBQ,Hamburguesas,26,16.0,416.0,Presencial,No,Ninguna,0,Nublado,19,0,4,12,53,43
2024-05-29,Miércoles,5,2024,0,0,Almuerzo,12,16,Gaseosa,Bebidas,39,4.0,156.0,Presencial,No,Ninguna,0,Nublado,19,0,4,5,78,40
2024-05-29,Miércoles,5,2024,0,0,Almuerzo,12,16,Salchipapa Especial,Salchipapas,31,15.0,465.0,Presencial,No,Ninguna,0,Nublado,19,0,4,13,54,37
2024-05-29,Miércoles,5,2024,0,0,Almuerzo,12,16,Salchipapa Clásica,Salchipapas,16,10.0,160.0,Presencial,No,Ninguna,0,Nublado,19,0,4,10,31,29
2024-05-29,Miércoles,5,2024,0,0,Almuerzo,12,16,Cheeseburger,Hamburguesas,18,14.0,252.0,Presencial,No,Ninguna,0,Nublado,19,0,4,14,37,44
2024-05-29,Miércoles,5,2024,0,0,Cena,18,22,Salchipapa Clásica,Salchipapas,23,10.0,230.0,Delivery,No,Ninguna,0,Nublado,19,0,5,15,46,53
2024-05-29,Miércoles,5,2024,0,0,Cena,18,22,Gaseosa,Bebidas,29,4.0,116.0,Presencial,No,Ninguna,0,Nublado,19,0,5,5,60,55
2024-05-29,Miércoles,5,2024,0,0,Cena,18,22,Salchipapa Especial,Salchipapas,23,15.0,345.0,Delivery,No,Ninguna,0,Nublado,19,0,5,9,58,61
2024-05-29,Miércoles,5,2024,0,0,Cena,18,22,Pollo Broaster,Pollos,28,18.0,504.0,Delivery,No,Ninguna,0,Nublado,19,0,5,18,47,65
2024-05-29,Miércoles,5,2024,0,0,Cena,18,22,Hamburguesa Clásica,Hamburguesas,24,12.0,288.0,Delivery,No,Ninguna,0,Nublado,19,0,5,13,47,54
2024-05-30,Jueves,5,2024,0,0,Desayuno,7,11,Jugo Natural,Bebidas,7,6.0,42.0,Presencial,No,Ninguna,0,Nublado,22,0,3,5,22,10
2024-05-30,Jueves,5,2024,0,0,Desayuno,7,11,Salchipapa Clásica,Salchipapas,7,10.0,70.0,Presencial,No,Ninguna,0,Nublado,22,0,3,8,12,15
2024-05-30,Jueves,5,2024,0,0,Desayuno,7,11,Gaseosa,Bebidas,18,4.0,72.0,Presencial,No,Ninguna,0,Nublado,22,0,3,2,47,15
2024-05-30,Jueves,5,2024,0,0,Almuerzo,12,16,Pizza Personal,Pizzas,19,13.0,247.0,Delivery,No,Ninguna,0,Nublado,22,0,4,24,47,34
2024-05-30,Jueves,5,2024,0,0,Almuerzo,12,16,Salchipapa Clásica,Salchipapas,18,10.0,180.0,Presencial,No,Ninguna,0,Nublado,22,0,4,8,27,28
2024-05-30,Jueves,5,2024,0,0,Almuerzo,12,16,Hamburguesa Clásica,Hamburguesas,20,12.0,240.0,Delivery,No,Ninguna,0,Nublado,22,0,4,13,37,39
2024-05-30,Jueves,5,2024,0,0,Cena,18,22,Alitas BBQ,Pollos,17,20.0,340.0,Delivery,No,Ninguna,0,Nublado,22,0,4,15,48,51
2024-05-30,Jueves,5,2024,0,0,Cena,18,22,Gaseosa,Bebidas,37,4.0,148.0,Delivery,No,Ninguna,0,Nublado,22,0,4,5,88,57
2024-05-30,Jueves,5,2024,0,0,Cena,18,22,Salchipapa Clásica,Salchipapas,24,10.0,216.0,Delivery,Sí,Descuento,10,Nublado,22,0,4,13,57,62
2024-05-30,Jueves,5,2024,0,0,Cena,18,22,Salchipapa Especial,Salchipapas,28,15.0,420.0,Presencial,No,Ninguna,0,Nublado,22,0,4,12,37,41
2024-05-30,Jueves,5,2024,0,0,Cena,18,22,Hamburguesa Clásica,Hamburguesas,21,12.0,252.0,Presencial,No,Ninguna,0,Nublado,22,0,4,11,43,41
2024-05-31,Viernes,5,2024,0,0,Desayuno,7,11,Jugo Natural,Bebidas,13,6.0,78.0,Delivery,No,Ninguna,0,Lluvioso,19,1,2,5,39,40
2024-05-31,Viernes,5,2024,0,0,Desayuno,7,11,Sándwich de Pollo,Sándwiches,10,11.0,110.0,Delivery,No,Ninguna,0,Lluvioso,19,1,2,11,35,26
2024-05-31,Viernes,5,2024,0,0,Desayuno,7,11,Gaseosa,Bebidas,17,4.0,68.0,Presencial,No,Ninguna,0,Lluvioso,19,1,2,4,55,34
2024-05-31,Viernes,5,2024,0,0,Desayuno,7,11,Cheeseburger,Hamburguesas,10,14.0,140.0,Presencial,No,Ninguna,0,Lluvioso,19,1,2,11,41,38
2024-05-31,Viernes,5,2024,0,0,Desayuno,7,11,Alitas BBQ,Pollos,13,20.0,208.0,Presencial,Sí,Combo,20,Lluvioso,19,1,2,13,47,36
2024-05-31,Viernes,5,2024,0,0,Almuerzo,12,16,Jugo Natural,Bebidas,34,6.0,204.0,Delivery,No,Ninguna,0,Lluvioso,19,1,7,4,94,51
2024-05-31,Viernes,5,2024,0,0,Almuerzo,12,16,Cheeseburger,Hamburguesas,25,14.0,350.0,Presencial,No,Ninguna,0,Lluvioso,19,1,7,13,56,57
2024-05-31,Viernes,5,2024,0,0,Almuerzo,12,16,Hamburguesa Clásica,Hamburguesas,41,12.0,492.0,Delivery,No,Ninguna,0,Lluvioso,19,1,7,10,65,46
2024-05-31,Viernes,5,2024,0,0,Almuerzo,12,16,Alitas BBQ,Pollos,30,20.0,480.0,Delivery,Sí,Combo,20,Lluvioso,19,1,7,16,49,52
2024-05-31,Viernes,5,2024,0,0,Almuerzo,12,16,Pollo Broaster,Pollos,39,18.0,702.0,Presencial,No,Ninguna,0,Lluvioso,19,1,7,14,53,50
2024-05-31,Viernes,5,2024,0,0,Almuerzo,12,16,Pizza Familiar,Pizzas,22,32.0,704.0,Presencial,No,Ninguna,0,Lluvioso,19,1,7,20,45,55
2024-05-31,Viernes,5,2024,0,0,Cena,18,22,Pizza Personal,Pizzas,20,13.0,260.0,Delivery,No,Ninguna,0,Lluvioso,19,1,8,16,41,63
2024-05-31,Viernes,5,2024,0,0,Cena,18,22,Salchipapa Especial,Salchipapas,23,15.0,345.0,Delivery,No,Ninguna,0,Lluvioso,19,1,8,10,41,53
2024-05-31,Viernes,5,2024,0,0,Cena,18,22,Hamburguesa BBQ,Hamburguesas,24,16.0,384.0,Delivery,No,Ninguna,0,Lluvioso,19,1,8,9,44,73
2024-05-31,Viernes,5,2024,0,0,Cena,18,22,Pollo Broaster,Pollos,37,18.0,666.0,Delivery,No,Ninguna,0,Lluvioso,19,1,8,13,52,56
2024-06-01,Sábado,6,2024,1,0,Desayuno,7,11,Jugo Natural,Bebidas,9,6.0,48.6,Presencial,Sí,2x1,10,Soleado,30,0,4,5,29,35
2024-06-01,Sábado,6,2024,1,0,Desayuno,7,11,Salchipapa Clásica,Salchipapas,13,10.0,130.0,Presencial,No,Ninguna,0,Soleado,30,0,4,12,25,33
2024-06-01,Sábado,6,2024,1,0,Desayuno,7,11,Sándwich de Pollo,Sándwiches,14,11.0,154.0,Presencial,No,Ninguna,0,Soleado,30,0,4,11,44,27
2024-06-01,Sábado,6,2024,1,0,Desayuno,7,11,Gaseosa,Bebidas,23,4.0,92.0,Presencial,No,Ninguna,0,Soleado,30,0,4,2,45,24
2024-06-01,Sábado,6,2024,1,0,Desayuno,7,11,Cheeseburger,Hamburguesas,16,14.0,179.2,Presencial,Sí,2x1,20,Soleado,30,0,4,8,43,36
2024-06-01,Sábado,6,2024,1,0,Almuerzo,12,16,Salchipapa Clásica,Salchipapas,31,10.0,310.0,Delivery,No,Ninguna,0,Soleado,30,0,6,15,54,43
2024-06-01,Sábado,6,2024,1,0,Almuerzo,12,16,Cheeseburger,Hamburguesas,22,14.0,308.0,Web,No,Ninguna,0,Soleado,30,0,6,11,37,38
2024-06-01,Sábado,6,2024,1,0,Almuerzo,12,16,Hamburguesa Clásica,Hamburguesas,28,12.0,336.0,Delivery,No,Ninguna,0,Soleado,30,0,6,8,59,49
2024-06-01,Sábado,6,2024,1,0,Cena,18,22,Hamburguesa BBQ,Hamburguesas,31,16.0,496.0,Delivery,No,Ninguna,0,Soleado,30,0,4,8,50,62
2024-06-01,Sábado,6,2024,1,0,Cena,18,22,Pizza Familiar,Pizzas,19,32.0,486.4,Presencial,Sí,Combo,20,Soleado,30,0,4,17,40,62
2024-06-01,Sábado,6,2024,1,0,Cena,18,22,Pizza Personal,Pizzas,26,13.0,338.0,Presencial,No,Ninguna,0,Soleado,30,0,4,18,47,60
2024-06-01,Sábado,6,2024,1,0,Cena,18,22,Gaseosa,Bebidas,43,4.0,172.0,Web,No,Ninguna,0,Soleado,30,0,4,4,79,71
2024-06-01,Sábado,6,2024,1,0,Cena,18,22,Salchipapa Especial,Salchipapas,44,15.0,660.0,Web,No,Ninguna,0,Soleado,30,0,4,10,75,49
2024-06-02,Domingo,6,2024,1,0,Desayuno,7,11,Jugo Natural,Bebidas,18,6.0,86.4,Presencial,Sí,Descuento,20,Soleado,30,0,3,4,45,27
2024-06-02,Domingo,6,2024,1,0,Desayuno,7,11,Sándwich de Pollo,Sándwiches,10,11.0,99.0,Delivery,Sí,Combo,10,Soleado,30,0,3,12,32,24
2024-06-02,Domingo,6,2024,1,0,Desayuno,7,11,Pollo Broaster,Pollos,21,18.0,283.5,Delivery,Sí,2x1,25,Soleado,30,0,3,18,27,31
2024-06-02,Domingo,6,2024,1,0,Desayuno,7,11,Salchipapa Especial,Salchipapas,11,15.0,165.0,Presencial,No,Ninguna,0,Soleado,30,0,3,9,17,30
2024-06-02,Domingo,6,2024,1,0,Desayuno,7,11,Hamburguesa Clásica,Hamburguesas,16,12.0,192.0,Presencial,No,Ninguna,0,Soleado,30,0,3,8,49,16
2024-06-02,Domingo,6,2024,1,0,Almuerzo,12,16,Cheeseburger,Hamburguesas,25,14.0,350.0,Delivery,No,Ninguna,0,Soleado,30,0,7,12,37,32
2024-06-02,Domingo,6,2024,1,0,Almuerzo,12,16,Alitas BBQ,Pollos,33,20.0,660.0,Delivery,No,Ninguna,0,Soleado,30,0,7,20,48,42
2024-06-02,Domingo,6,2024,1,0,Almuerzo,12,16,Gaseosa,Bebidas,57,4.0,228.0,Presencial,No,Ninguna,0,Soleado,30,0,7,3,77,42
2024-06-02,Domingo,6,2024,1,0,Almuerzo,12,16,Salchipapa Especial,Salchipapas,36,15.0,540.0,Presencial,No,Ninguna,0,Soleado,30,0,7,13,52,47
2024-06-02,Domingo,6,2024,1,0,Cena,18,22,Pizza Familiar,Pizzas,12,32.0,384.0,Presencial,No,Ninguna,0,Soleado,30,0,5,25,29,52
2024-06-02,Domingo,6,2024,1,0,Cena,18,22,Salchipapa Especial,Salchipapas,30,15.0,450.0,Presencial,No,Ninguna,0,Soleado,30,0,5,12,43,55
2024-06-02,Domingo,6,2024,1,0,Cena,18,22,Pollo Broaster,Pollos,21,18.0,283.5,Delivery,Sí,Descuento,25,Soleado,30,0,5,17,43,48
2024-06-02,Domingo,6,2024,1,0,Cena,18,22,Jugo Natural,Bebidas,28,6.0,168.0,Delivery,No,Ninguna,0,Soleado,30,0,5,3,74,66
2024-06-02,Domingo,6,2024,1,0,Cena,18,22,Hamburguesa Clásica,Hamburguesas,28,12.0,336.0,Presencial,No,Ninguna,0,Soleado,30,0,5,14,49,46
2024-06-03,Lunes,6,2024,0,0,Desayuno,7,11,Cheeseburger,Hamburguesas,7,14.0,98.0,Delivery,No,Ninguna,0,Lluvioso,18,1,2,13,36,42
2024-06-03,Lunes,6,2024,0,0,Desayuno,7,11,Jugo Natural,Bebidas,9,6.0,54.0,Presencial,No,Ninguna,0,Lluvioso,18,1,2,4,63,29
2024-06-03,Lunes,6,2024,0,0,Desayuno,7,11,Gaseosa,Bebidas,10,4.0,40.0,Delivery,No,Ninguna,0,Lluvioso,18,1,2,3,46,33
2024-06-03,Lunes,6,2024,0,0,Desayuno,7,11,Hamburguesa Clásica,Hamburguesas,9,12.0,108.0,Delivery,No,Ninguna,0,Lluvioso,18,1,2,9,14,36
2024-06-03,Lunes,6,2024,0,0,Desayuno,7,11,Salchipapa Clásica,Salchipapas,8,10.0,80.0,Web,No,Ninguna,0,Lluvioso,18,1,2,9,29,41
2024-06-03,Lunes,6,2024,0,0,Almuerzo,12,16,Salchipapa Clásica,Salchipapas,21,10.0,210.0,Presencial,No,Ninguna,0,Lluvioso,18,1,5,12,29,47
2024-06-03,Lunes,6,2024,0,0,Almuerzo,12,16,Gaseosa,Bebidas,30,4.0,120.0,Presencial,No,Ninguna,0,Lluvioso,18,1,5,5,46,44
2024-06-03,Lunes,6,2024,0,0,Almuerzo,12,16,Alitas BBQ,Pollos,19,20.0,380.0,Presencial,No,Ninguna,0,Lluvioso,18,1,5,12,53,45
2024-06-03,Lunes,6,2024,0,0,Almuerzo,12,16,Pizza Familiar,Pizzas,13,32.0,416.0,Web,No,Ninguna,0,Lluvioso,18,1,5,15,41,57
2024-06-03,Lunes,6,2024,0,0,Cena,18,22,Salchipapa Especial,Salchipapas,19,15.0,285.0,Delivery,No,Ninguna,0,Lluvioso,18,1,7,11,50,76
2024-06-03,Lunes,6,2024,0,0,Cena,18,22,Pizza Familiar,Pizzas,13,32.0,416.0,Delivery,No,Ninguna,0,Lluvioso,18,1,7,25,47,52
2024-06-03,Lunes,6,2024,0,0,Cena,18,22,Alitas BBQ,Pollos,20,20.0,300.0,Delivery,Sí,Descuento,25,Lluvioso,18,1,7,16,52,66
2024-06-03,Lunes,6,2024,0,0,Cena,18,22,Pollo Broaster,Pollos,36,18.0,648.0,Delivery,No,Ninguna,0,Lluvioso,18,1,7,15,46,66
2024-06-03,Lunes,6,2024,0,0,Cena,18,22,Hamburguesa BBQ,Hamburguesas,16,16.0,256.0,Web,No,Ninguna,0,Lluvioso,18,1,7,13,33,61
2024-06-04,Martes,6,2024,0,0,Desayuno,7,11,Gaseosa,Bebidas,11,4.0,44.0,Presencial,No,Ninguna,0,Nublado,21,0,2,3,51,14
2024-06-04,Martes,6,2024,0,0,Desayuno,7,11,Jugo Natural,Bebidas,7,6.0,42.0,Presencial,No,Ninguna,0,Nublado,21,0,2,5,56,23
2024-06-04,Martes,6,2024,0,0,Desayuno,7,11,Hamburguesa Clásica,Hamburguesas,10,12.0,120.0,Presencial,No,Ninguna,0,Nublado,21,0,2,8,18,10
2024-06-04,Martes,6,2024,0,0,Almuerzo,12,16,Pollo Broaster,Pollos,30,18.0,540.0,Presencial,No,Ninguna,0,Nublado,21,0,7,13,41,39
2024-06-04,Martes,6,2024,0,0,Almuerzo,12,16,Jugo Natural,Bebidas,23,6.0,138.0,Delivery,No,Ninguna,0,Nublado,21,0,7,2,79,37
2024-06-04,Martes,6,2024,0,0,Almuerzo,12,16,Hamburguesa BBQ,Hamburguesas,25,16.0,400.0,Presencial,No,Ninguna,0,Nublado,21,0,7,14,33,29
2024-06-04,Martes,6,2024,0,0,Almuerzo,12,16,Hamburguesa Clásica,Hamburguesas,24,12.0,288.0,Presencial,No,Ninguna,0,Nublado,21,0,7,11,30,28
2024-06-04,Martes,6,2024,0,0,Cena,18,22,Hamburguesa BBQ,Hamburguesas,25,16.0,360.0,Presencial,Sí,2x1,10,Nublado,21,0,6,8,34,48
2024-06-04,Martes,6,2024,0,0,Cena,18,22,Pollo Broaster,Pollos,27,18.0,486.0,Delivery,No,Ninguna,0,Nublado,21,0,6,19,57,61
2024-06-04,Martes,6,2024,0,0,Cena,18,22,Salchipapa Especial,Salchipapas,20,15.0,300.0,Presencial,No,Ninguna,0,Nublado,21,0,6,13,28,45
2024-06-04,Martes,6,2024,0,0,Cena,18,22,Salchipapa Clásica,Salchipapas,14,10.0,140.0,Delivery,No,Ninguna,0,Nublado,21,0,6,12,42,44
2024-06-04,Martes,6,2024,0,0,Cena,18,22,Jugo Natural,Bebidas,16,6.0,96.0,Presencial,No,Ninguna,0,Nublado,21,0,6,2,55,61
2024-06-04,Martes,6,2024,0,0,Cena,18,22,Pizza Familiar,Pizzas,16,32.0,460.8,Delivery,Sí,Combo,10,Nublado,21,0,6,21,38,56
2024-06-05,Miércoles,6,2024,0,0,Desayuno,7,11,Hamburguesa Clásica,Hamburguesas,12,12.0,144.0,Presencial,No,Ninguna,0,Lluvioso,22,1,4,11,25,27
2024-06-05,Miércoles,6,2024,0,0,Desayuno,7,11,Salchipapa Clásica,Salchipapas,11,10.0,82.5,Delivery,Sí,Descuento,25,Lluvioso,22,1,4,10,18,33
2024-06-05,Miércoles,6,2024,0,0,Desayuno,7,11,Hamburguesa BBQ,Hamburguesas,12,16.0,192.0,Presencial,No,Ninguna,0,Lluvioso,22,1,4,14,41,21
2024-06-05,Miércoles,6,2024,0,0,Desayuno,7,11,Sándwich de Pollo,Sándwiches,9,11.0,99.0,Delivery,No,Ninguna,0,Lluvioso,22,1,4,7,39,32
2024-06-05,Miércoles,6,2024,0,0,Desayuno,7,11,Gaseosa,Bebidas,16,4.0,64.0,Presencial,No,Ninguna,0,Lluvioso,22,1,4,2,63,31
2024-06-05,Miércoles,6,2024,0,0,Almuerzo,12,16,Hamburguesa Clásica,Hamburguesas,17,12.0,204.0,Presencial,No,Ninguna,0,Lluvioso,22,1,5,11,43,37
2024-06-05,Miércoles,6,2024,0,0,Almuerzo,12,16,Pizza Familiar,Pizzas,9,32.0,288.0,Delivery,No,Ninguna,0,Lluvioso,22,1,5,18,14,39
2024-06-05,Miércoles,6,2024,0,0,Almuerzo,12,16,Gaseosa,Bebidas,42,4.0,126.0,Delivery,Sí,Combo,25,Lluvioso,22,1,5,2,96,53
2024-06-05,Miércoles,6,2024,0,0,Almuerzo,12,16,Salchipapa Especial,Salchipapas,39,15.0,526.5,Delivery,Sí,2x1,10,Lluvioso,22,1,5,10,70,44
2024-06-05,Miércoles,6,2024,0,0,Cena,18,22,Hamburguesa Clásica,Hamburguesas,26,12.0,312.0,Delivery,No,Ninguna,0,Lluvioso,22,1,8,12,56,75
2024-06-05,Miércoles,6,2024,0,0,Cena,18,22,Hamburguesa BBQ,Hamburguesas,24,16.0,384.0,Web,No,Ninguna,0,Lluvioso,22,1,8,11,37,67
2024-06-05,Miércoles,6,2024,0,0,Cena,18,22,Salchipapa Especial,Salchipapas,29,15.0,435.0,Presencial,No,Ninguna,0,Lluvioso,22,1,8,12,55,51
2024-06-05,Miércoles,6,2024,0,0,Cena,18,22,Cheeseburger,Hamburguesas,19,14.0,266.0,Web,No,Ninguna,0,Lluvioso,22,1,8,11,26,64
2024-06-06,Jueves,6,2024,0,0,Desayuno,7,11,Jugo Natural,Bebidas,9,6.0,54.0,Web,No,Ninguna,0,Lluvioso,20,1,4,2,28,31
2024-06-06,Jueves,6,2024,0,0,Desayuno,7,11,Hamburguesa Clásica,Hamburguesas,12,12.0,144.0,Presencial,No,Ninguna,0,Lluvioso,20,1,4,11,47,33
2024-06-06,Jueves,6,2024,0,0,Desayuno,7,11,Gaseosa,Bebidas,24,4.0,96.0,Delivery,No,Ninguna,0,Lluvioso,20,1,4,5,67,32
2024-06-06,Jueves,6,2024,0,0,Desayuno,7,11,Sándwich de Pollo,Sándwiches,12,11.0,132.0,Presencial,No,Ninguna,0,Lluvioso,20,1,4,11,41,22
2024-06-06,Jueves,6,2024,0,0,Desayuno,7,11,Cheeseburger,Hamburguesas,8,14.0,112.0,Presencial,No,Ninguna,0,Lluvioso,20,1,4,11,32,30
2024-06-06,Jueves,6,2024,0,0,Desayuno,7,11,Pollo Broaster,Pollos,15,18.0,270.0,Presencial,No,Ninguna,0,Lluvioso,20,1,4,13,35,29
2024-06-06,Jueves,6,2024,0,0,Almuerzo,12,16,Salchipapa Especial,Salchipapas,29,15.0,435.0,Delivery,No,Ninguna,0,Lluvioso,20,1,5,9,39,43
2024-06-06,Jueves,6,2024,0,0,Almuerzo,12,16,Pollo Broaster,Pollos,32,18.0,576.0,Delivery,No,Ninguna,0,Lluvioso,20,1,5,18,67,54
2024-06-06,Jueves,6,2024,0,0,Almuerzo,12,16,Gaseosa,Bebidas,55,4.0,176.0,Delivery,Sí,Combo,20,Lluvioso,20,1,5,2,73,57
2024-06-06,Jueves,6,2024,0,0,Almuerzo,12,16,Jugo Natural,Bebidas,24,6.0,144.0,Presencial,No,Ninguna,0,Lluvioso,20,1,5,2,47,43
2024-06-06,Jueves,6,2024,0,0,Cena,18,22,Salchipapa Especial,Salchipapas,32,15.0,480.0,Delivery,No,Ninguna,0,Lluvioso,20,1,5,13,39,63
2024-06-06,Jueves,6,2024,0,0,Cena,18,22,Alitas BBQ,Pollos,25,20.0,400.0,Delivery,Sí,2x1,20,Lluvioso,20,1,5,15,60,74
2024-06-06,Jueves,6,2024,0,0,Cena,18,22,Pizza Familiar,Pizzas,13,32.0,416.0,Delivery,No,Ninguna,0,Lluvioso,20,1,5,17,32,77
2024-06-06,Jueves,6,2024,0,0,Cena,18,22,Pizza Personal,Pizzas,18,13.0,234.0,Delivery,No,Ninguna,0,Lluvioso,20,1,5,15,34,67
2024-06-06,Jueves,6,2024,0,0,Cena,18,22,Cheeseburger,Hamburguesas,22,14.0,308.0,Web,No,Ninguna,0,Lluvioso,20,1,5,14,31,83
2024-06-07,Viernes,6,2024,0,0,Desayuno,7,11,Jugo Natural,Bebidas,12,6.0,72.0,Presencial,No,Ninguna,0,Nublado,20,0,2,5,27,14
2024-06-07,Viernes,6,2024,0,0,Desayuno,7,11,Gaseosa,Bebidas,17,4.0,68.0,Presencial,No,Ninguna,0,Nublado,20,0,2,5,41,23
2024-06-07,Viernes,6,2024,0,0,Desayuno,7,11,Cheeseburger,Hamburguesas,11,14.0,154.0,Web,No,Ninguna,0,Nublado,20,0,2,14,43,18
2024-06-07,Viernes,6,2024,0,0,Desayuno,7,11,Sándwich de Pollo,Sándwiches,12,11.0,132.0,Presencial,No,Ninguna,0,Nublado,20,0,2,10,18,19
2024-06-07,Viernes,6,2024,0,0,Desayuno,7,11,Pizza Personal,Pizzas,5,13.0,65.0,Presencial,No,Ninguna,0,Nublado,20,0,2,23,19,21
2024-06-07,Viernes,6,2024,0,0,Almuerzo,12,16,Gaseosa,Bebidas,54,4.0,216.0,Delivery,No,Ninguna,0,Nublado,20,0,5,3,74,34
2024-06-07,Viernes,6,2024,0,0,Almuerzo,12,16,Hamburguesa Clásica,Hamburguesas,22,12.0,264.0,Presencial,No,Ninguna,0,Nublado,20,0,5,10,32,45
2024-06-07,Viernes,6,2024,0,0,Almuerzo,12,16,Pollo Broaster,Pollos,29,18.0,522.0,Delivery,No,Ninguna,0,Nublado,20,0,5,16,59,43
2024-06-07,Viernes,6,2024,0,0,Almuerzo,12,16,Salchipapa Clásica,Salchipapas,26,10.0,260.0,Delivery,No,Ninguna,0,Nublado,20,0,5,9,47,27
2024-06-07,Viernes,6,2024,0,0,Almuerzo,12,16,Jugo Natural,Bebidas,28,6.0,168.0,Presencial,No,Ninguna,0,Nublado,20,0,5,3,64,32
2024-06-07,Viernes,6,2024,0,0,Cena,18,22,Pizza Personal,Pizzas,14,13.0,182.0,Web,No,Ninguna,0,Nublado,20,0,8,15,30,58
2024-06-07,Viernes,6,2024,0,0,Cena,18,22,Salchipapa Especial,Salchipapas,24,15.0,360.0,Web,No,Ninguna,0,Nublado,20,0,8,13,38,43
2024-06-07,Viernes,6,2024,0,0,Cena,18,22,Salchipapa Clásica,Salchipapas,25,10.0,250.0,Delivery,No,Ninguna,0,Nublado,20,0,8,8,33,63
2024-06-07,Viernes,6,2024,0,0,Cena,18,22,Hamburguesa Clásica,Hamburguesas,32,12.0,384.0,Presencial,No,Ninguna,0,Nublado,20,0,8,8,63,41
2024-06-07,Viernes,6,2024,0,0,Cena,18,22,Gaseosa,Bebidas,43,4.0,172.0,Presencial,No,Ninguna,0,Nublado,20,0,8,5,61,55
2024-06-08,Sábado,6,2024,1,0,Desayuno,7,11,Pizza Familiar,Pizzas,7,32.0,201.6,Delivery,Sí,Descuento,10,Lluvioso,17,1,4,22,35,34
2024-06-08,Sábado,6,2024,1,0,Desayuno,7,11,Sándwich de Pollo,Sándwiches,15,11.0,123.75,Presencial,Sí,Descuento,25,Lluvioso,17,1,4,6,43,39
2024-06-08,Sábado,6,2024,1,0,Desayuno,7,11,Cheeseburger,Hamburguesas,15,14.0,210.0,Presencial,No,Ninguna,0,Lluvioso,17,1,4,12,30,41
2024-06-08,Sábado,6,2024,1,0,Desayuno,7,11,Gaseosa,Bebidas,26,4.0,104.0,Presencial,No,Ninguna,0,Lluvioso,17,1,4,4,74,34
2024-06-08,Sábado,6,2024,1,0,Almuerzo,12,16,Pollo Broaster,Pollos,43,18.0,774.0,Presencial,No,Ninguna,0,Lluvioso,17,1,7,18,51,68
2024-06-08,Sábado,6,2024,1,0,Almuerzo,12,16,Salchipapa Clásica,Salchipapas,30,10.0,300.0,Delivery,No,Ninguna,0,Lluvioso,17,1,7,10,63,64
2024-06-08,Sábado,6,2024,1,0,Almuerzo,12,16,Salchipapa Especial,Salchipapas,33,15.0,495.0,Web,No,Ninguna,0,Lluvioso,17,1,7,9,55,72
2024-06-08,Sábado,6,2024,1,0,Almuerzo,12,16,Cheeseburger,Hamburguesas,39,14.0,464.1,Web,Sí,Combo,15,Lluvioso,17,1,7,13,67,56
2024-06-08,Sábado,6,2024,1,0,Cena,18,22,Alitas BBQ,Pollos,36,20.0,612.0,Delivery,Sí,Descuento,15,Lluvioso,17,1,7,18,60,77
2024-06-08,Sábado,6,2024,1,0,Cena,18,22,Pollo Broaster,Pollos,32,18.0,576.0,Web,No,Ninguna,0,Lluvioso,17,1,7,12,49,76
2024-06-08,Sábado,6,2024,1,0,Cena,18,22,Salchipapa Clásica,Salchipapas,29,10.0,290.0,Delivery,No,Ninguna,0,Lluvioso,17,1,7,13,56,87
2024-06-08,Sábado,6,2024,1,0,Cena,18,22,Gaseosa,Bebidas,36,4.0,144.0,Presencial,No,Ninguna,0,Lluvioso,17,1,7,4,60,61
2024-06-08,Sábado,6,2024,1,0,Cena,18,22,Pizza Familiar,Pizzas,22,32.0,704.0,Delivery,No,Ninguna,0,Lluvioso,17,1,7,24,44,61
2024-06-09,Domingo,6,2024,1,0,Desayuno,7,11,Gaseosa,Bebidas,17,4.0,68.0,Delivery,No,Ninguna,0,Lluvioso,20,1,2,5,76,37
2024-06-09,Domingo,6,2024,1,0,Desayuno,7,11,Jugo Natural,Bebidas,13,6.0,78.0,Delivery,No,Ninguna,0,Lluvioso,20,1,2,4,63,39
2024-06-09,Domingo,6,2024,1,0,Desayuno,7,11,Sándwich de Pollo,Sándwiches,16,11.0,158.4,Presencial,Sí,Combo,10,Lluvioso,20,1,2,9,48,39
2024-06-09,Domingo,6,2024,1,0,Almuerzo,12,16,Salchipapa Especial,Salchipapas,32,15.0,480.0,Presencial,No,Ninguna,0,Lluvioso,20,1,5,9,47,51
2024-06-09,Domingo,6,2024,1,0,Almuerzo,12,16,Hamburguesa Clásica,Hamburguesas,37,12.0,444.0,Web,No,Ninguna,0,Lluvioso,20,1,5,13,54,55
2024-06-09,Domingo,6,2024,1,0,Almuerzo,12,16,Gaseosa,Bebidas,55,4.0,176.0,Delivery,Sí,Combo,20,Lluvioso,20,1,5,4,74,67
2024-06-09,Domingo,6,2024,1,0,Almuerzo,12,16,Pizza Personal,Pizzas,24,13.0,312.0,Presencial,No,Ninguna,0,Lluvioso,20,1,5,21,54,47
2024-06-09,Domingo,6,2024,1,0,Almuerzo,12,16,Jugo Natural,Bebidas,34,6.0,204.0,Web,No,Ninguna,0,Lluvioso,20,1,5,2,62,70
2024-06-09,Domingo,6,2024,1,0,Almuerzo,12,16,Pollo Broaster,Pollos,48,18.0,734.4,Web,Sí,Combo,15,Lluvioso,20,1,5,16,69,64
2024-06-09,Domingo,6,2024,1,0,Cena,18,22,Hamburguesa Clásica,Hamburguesas,31,12.0,372.0,Delivery,No,Ninguna,0,Lluvioso,20,1,7,8,50,71
2024-06-09,Domingo,6,2024,1,0,Cena,18,22,Gaseosa,Bebidas,57,4.0,228.0,Delivery,No,Ninguna,0,Lluvioso,20,1,7,3,102,64
2024-06-09,Domingo,6,2024,1,0,Cena,18,22,Pollo Broaster,Pollos,45,18.0,810.0,Delivery,No,Ninguna,0,Lluvioso,20,1,7,19,63,81
2024-06-09,Domingo,6,2024,1,0,Cena,18,22,Pizza Familiar,Pizzas,18,32.0,576.0,Delivery,No,Ninguna,0,Lluvioso,20,1,7,22,42,75
2024-06-09,Domingo,6,2024,1,0,Cena,18,22,Hamburguesa BBQ,Hamburguesas,29,16.0,417.6,Web,Sí,Descuento,10,Lluvioso,20,1,7,8,56,90
2024-06-10,Lunes,6,2024,0,0,Desayuno,7,11,Jugo Natural,Bebidas,10,6.0,60.0,Presencial,No,Ninguna,0,Nublado,20,0,2,5,52,23
2024-06-10,Lunes,6,2024,0,0,Desayuno,7,11,Gaseosa,Bebidas,16,4.0,64.0,Presencial,No,Ninguna,0,Nublado,20,0,2,5,59,10
2024-06-10,Lunes,6,2024,0,0,Desayuno,7,11,Sándwich de Pollo,Sándwiches,8,11.0,66.0,Presencial,Sí,2x1,25,Nublado,20,0,2,6,31,32
2024-06-10,Lunes,6,2024,0,0,Desayuno,7,11,Salchipapa Clásica,Salchipapas,9,10.0,90.0,Presencial,No,Ninguna,0,Nublado,20,0,2,10,29,10
2024-06-10,Lunes,6,2024,0,0,Desayuno,7,11,Salchipapa Especial,Salchipapas,6,15.0,90.0,Presencial,No,Ninguna,0,Nublado,20,0,2,10,41,22
2024-06-10,Lunes,6,2024,0,0,Almuerzo,12,16,Gaseosa,Bebidas,26,4.0,104.0,Web,No,Ninguna,0,Nublado,20,0,7,4,51,28
2024-06-10,Lunes,6,2024,0,0,Almuerzo,12,16,Pollo Broaster,Pollos,17,18.0,306.0,Presencial,No,Ninguna,0,Nublado,20,0,7,18,40,42
2024-06-10,Lunes,6,2024,0,0,Almuerzo,12,16,Hamburguesa Clásica,Hamburguesas,26,12.0,312.0,Presencial,No,Ninguna,0,Nublado,20,0,7,9,31,26
2024-06-10,Lunes,6,2024,0,0,Almuerzo,12,16,Cheeseburger,Hamburguesas,19,14.0,266.0,Web,No,Ninguna,0,Nublado,20,0,7,11,32,38
2024-06-10,Lunes,6,2024,0,0,Almuerzo,12,16,Salchipapa Clásica,Salchipapas,21,10.0,210.0,Presencial,No,Ninguna,0,Nublado,20,0,7,15,40,27
2024-06-10,Lunes,6,2024,0,0,Cena,18,22,Pizza Personal,Pizzas,11,13.0,143.0,Presencial,No,Ninguna,0,Nublado,20,0,4,22,21,61
2024-06-10,Lunes,6,2024,0,0,Cena,18,22,Salchipapa Clásica,Salchipapas,15,10.0,150.0,Delivery,No,Ninguna,0,Nublado,20,0,4,15,25,48
2024-06-10,Lunes,6,2024,0,0,Cena,18,22,Hamburguesa Clásica,Hamburguesas,22,12.0,264.0,Delivery,No,Ninguna,0,Nublado,20,0,4,14,56,65
2024-06-10,Lunes,6,2024,0,0,Cena,18,22,Pizza Familiar,Pizzas,9,32.0,288.0,Presencial,No,Ninguna,0,Nublado,20,0,4,23,24,41
2024-06-10,Lunes,6,2024,0,0,Cena,18,22,Jugo Natural,Bebidas,22,6.0,112.2,Delivery,Sí,2x1,15,Nublado,20,0,4,2,61,49
2024-06-10,Lunes,6,2024,0,0,Cena,18,22,Alitas BBQ,Pollos,16,20.0,320.0,Presencial,No,Ninguna,0,Nublado,20,0,4,18,43,60
2024-06-11,Martes,6,2024,0,0,Desayuno,7,11,Salchipapa Clásica,Salchipapas,9,10.0,90.0,Presencial,No,Ninguna,0,Nublado,21,0,2,15,37,18
2024-06-11,Martes,6,2024,0,0,Desayuno,7,11,Jugo Natural,Bebidas,12,6.0,54.0,Presencial,Sí,Descuento,25,Nublado,21,0,2,3,38,27
2024-06-11,Martes,6,2024,0,0,Desayuno,7,11,Sándwich de Pollo,Sándwiches,6,11.0,66.0,Presencial,No,Ninguna,0,Nublado,21,0,2,6,29,21
2024-06-11,Martes,6,2024,0,0,Desayuno,7,11,Hamburguesa Clásica,Hamburguesas,9,12.0,108.0,Presencial,No,Ninguna,0,Nublado,21,0,2,8,44,15
2024-06-11,Martes,6,2024,0,0,Desayuno,7,11,Gaseosa,Bebidas,11,4.0,44.0,Presencial,No,Ninguna,0,Nublado,21,0,2,4,48,21
2024-06-11,Martes,6,2024,0,0,Almuerzo,12,16,Pollo Broaster,Pollos,21,18.0,378.0,Delivery,No,Ninguna,0,Nublado,21,0,4,15,50,37
2024-06-11,Martes,6,2024,0,0,Almuerzo,12,16,Hamburguesa BBQ,Hamburguesas,18,16.0,288.0,Delivery,No,Ninguna,0,Nublado,21,0,4,9,41,31
2024-06-11,Martes,6,2024,0,0,Almuerzo,12,16,Alitas BBQ,Pollos,19,20.0,380.0,Delivery,No,Ninguna,0,Nublado,21,0,4,16,48,25
2024-06-11,Martes,6,2024,0,0,Almuerzo,12,16,Pizza Familiar,Pizzas,15,32.0,480.0,Delivery,No,Ninguna,0,Nublado,21,0,4,24,39,30
2024-06-11,Martes,6,2024,0,0,Almuerzo,12,16,Salchipapa Especial,Salchipapas,21,15.0,315.0,Presencial,No,Ninguna,0,Nublado,21,0,4,11,28,26
2024-06-11,Martes,6,2024,0,0,Almuerzo,12,16,Pizza Personal,Pizzas,15,13.0,195.0,Delivery,No,Ninguna,0,Nublado,21,0,4,15,32,34
2024-06-11,Martes,6,2024,0,0,Cena,18,22,Pizza Personal,Pizzas,12,13.0,156.0,Presencial,No,Ninguna,0,Nublado,21,0,7,16,39,65
2024-06-11,Martes,6,2024,0,0,Cena,18,22,Pollo Broaster,Pollos,28,18.0,504.0,Delivery,No,Ninguna,0,Nublado,21,0,7,18,60,55
2024-06-11,Martes,6,2024,0,0,Cena,18,22,Pizza Familiar,Pizzas,13,32.0,416.0,Delivery,No,Ninguna,0,Nublado,21,0,7,21,26,55
2024-06-11,Martes,6,2024,0,0,Cena,18,22,Alitas BBQ,Pollos,22,20.0,440.0,Delivery,No,Ninguna,0,Nublado,21,0,7,19,52,44
2024-06-12,Miércoles,6,2024,0,0,Desayuno,7,11,Gaseosa,Bebidas,14,4.0,56.0,Presencial,No,Ninguna,0,Lluvioso,16,1,3,4,73,28
2024-06-12,Miércoles,6,2024,0,0,Desayuno,7,11,Cheeseburger,Hamburguesas,7,14.0,98.0,Presencial,No,Ninguna,0,Lluvioso,16,1,3,14,16,35
2024-06-12,Miércoles,6,2024,0,0,Desayuno,7,11,Pollo Broaster,Pollos,23,18.0,331.2,Presencial,Sí,2x1,20,Lluvioso,16,1,3,19,48,45
2024-06-12,Miércoles,6,2024,0,0,Almuerzo,12,16,Gaseosa,Bebidas,21,4.0,84.0,Delivery,No,Ninguna,0,Lluvioso,16,1,6,4,80,40
2024-06-12,Miércoles,6,2024,0,0,Almuerzo,12,16,Pizza Familiar,Pizzas,18,32.0,576.0,Presencial,No,Ninguna,0,Lluvioso,16,1,6,15,36,47
2024-06-12,Miércoles,6,2024,0,0,Almuerzo,12,16,Salchipapa Especial,Salchipapas,25,15.0,375.0,Presencial,No,Ninguna,0,Lluvioso,16,1,6,10,48,56
2024-06-12,Miércoles,6,2024,0,0,Cena,18,22,Gaseosa,Bebidas,32,4.0,128.0,Delivery,No,Ninguna,0,Lluvioso,16,1,6,4,87,77
2024-06-12,Miércoles,6,2024,0,0,Cena,18,22,Pollo Broaster,Pollos,32,18.0,576.0,Delivery,No,Ninguna,0,Lluvioso,16,1,6,20,42,80
2024-06-12,Miércoles,6,2024,0,0,Cena,18,22,Alitas BBQ,Pollos,20,20.0,400.0,Delivery,No,Ninguna,0,Lluvioso,16,1,6,14,25,66
2024-06-12,Miércoles,6,2024,0,0,Cena,18,22,Hamburguesa Clásica,Hamburguesas,30,12.0,360.0,Delivery,No,Ninguna,0,Lluvioso,16,1,6,10,44,64
2024-06-12,Miércoles,6,2024,0,0,Cena,18,22,Pizza Familiar,Pizzas,15,32.0,480.0,Web,No,Ninguna,0,Lluvioso,16,1,6,24,32,84
2024-06-13,Jueves,6,2024,0,0,Desayuno,7,11,Salchipapa Clásica,Salchipapas,12,10.0,120.0,Presencial,No,Ninguna,0,Soleado,25,0,4,10,34,22
2024-06-13,Jueves,6,2024,0,0,Desayuno,7,11,Sándwich de Pollo,Sándwiches,9,11.0,99.0,Delivery,No,Ninguna,0,Soleado,25,0,4,7,39,18
2024-06-13,Jueves,6,2024,0,0,Desayuno,7,11,Jugo Natural,Bebidas,10,6.0,60.0,Presencial,No,Ninguna,0,Soleado,25,0,4,2,25,18
2024-06-13,Jueves,6,2024,0,0,Desayuno,7,11,Gaseosa,Bebidas,19,4.0,76.0,Presencial,No,Ninguna,0,Soleado,25,0,4,3,60,23
2024-06-13,Jueves,6,2024,0,0,Almuerzo,12,16,Hamburguesa Clásica,Hamburguesas,37,12.0,444.0,Presencial,No,Ninguna,0,Soleado,25,0,6,8,64,30
2024-06-13,Jueves,6,2024,0,0,Almuerzo,12,16,Pizza Personal,Pizzas,23,13.0,299.0,Presencial,No,Ninguna,0,Soleado,25,0,6,18,39,27
2024-06-13,Jueves,6,2024,0,0,Almuerzo,12,16,Gaseosa,Bebidas,32,4.0,128.0,Delivery,No,Ninguna,0,Soleado,25,0,6,5,52,42
2024-06-13,Jueves,6,2024,0,0,Almuerzo,12,16,Sándwich de Pollo,Sándwiches,21,11.0,173.25,Presencial,Sí,2x1,25,Soleado,25,0,6,6,36,32
2024-06-13,Jueves,6,2024,0,0,Cena,18,22,Alitas BBQ,Pollos,20,20.0,400.0,Web,No,Ninguna,0,Soleado,25,0,4,20,47,53
2024-06-13,Jueves,6,2024,0,0,Cena,18,22,Salchipapa Clásica,Salchipapas,19,10.0,190.0,Presencial,No,Ninguna,0,Soleado,25,0,4,11,32,40
2024-06-13,Jueves,6,2024,0,0,Cena,18,22,Hamburguesa Clásica,Hamburguesas,33,12.0,396.0,Web,No,Ninguna,0,Soleado,25,0,4,13,41,54
2024-06-13,Jueves,6,2024,0,0,Cena,18,22,Pizza Personal,Pizzas,11,13.0,143.0,Delivery,No,Ninguna,0,Soleado,25,0,4,24,24,46
2024-06-14,Viernes,6,2024,0,0,Desayuno,7,11,Jugo Natural,Bebidas,11,6.0,66.0,Presencial,No,Ninguna,0,Nublado,18,0,2,5,59,16
2024-06-14,Viernes,6,2024,0,0,Desayuno,7,11,Salchipapa Especial,Salchipapas,15,15.0,225.0,Delivery,No,Ninguna,0,Nublado,18,0,2,11,45,23
2024-06-14,Viernes,6,2024,0,0,Desayuno,7,11,Hamburguesa Clásica,Hamburguesas,12,12.0,144.0,Presencial,No,Ninguna,0,Nublado,18,0,2,8,33,19
2024-06-14,Viernes,6,2024,0,0,Desayuno,7,11,Gaseosa,Bebidas,21,4.0,84.0,Web,No,Ninguna,0,Nublado,18,0,2,3,47,10
2024-06-14,Viernes,6,2024,0,0,Desayuno,7,11,Sándwich de Pollo,Sándwiches,7,11.0,77.0,Presencial,No,Ninguna,0,Nublado,18,0,2,9,21,15
2024-06-14,Viernes,6,2024,0,0,Desayuno,7,11,Pollo Broaster,Pollos,16,18.0,288.0,Presencial,No,Ninguna,0,Nublado,18,0,2,17,34,18
2024-06-14,Viernes,6,2024,0,0,Almuerzo,12,16,Alitas BBQ,Pollos,25,20.0,500.0,Delivery,No,Ninguna,0,Nublado,18,0,4,14,43,34
2024-06-14,Viernes,6,2024,0,0,Almuerzo,12,16,Gaseosa,Bebidas,41,4.0,164.0,Presencial,No,Ninguna,0,Nublado,18,0,4,5,101,26
2024-06-14,Viernes,6,2024,0,0,Almuerzo,12,16,Salchipapa Especial,Salchipapas,33,15.0,495.0,Presencial,No,Ninguna,0,Nublado,18,0,4,12,43,45
2024-06-14,Viernes,6,2024,0,0,Almuerzo,12,16,Hamburguesa Clásica,Hamburguesas,37,12.0,377.4,Delivery,Sí,Descuento,15,Nublado,18,0,4,12,44,43
2024-06-14,Viernes,6,2024,0,0,Almuerzo,12,16,Cheeseburger,Hamburguesas,22,14.0,308.0,Presencial,No,Ninguna,0,Nublado,18,0,4,11,50,38
2024-06-14,Viernes,6,2024,0,0,Cena,18,22,Hamburguesa BBQ,Hamburguesas,23,16.0,368.0,Presencial,No,Ninguna,0,Nublado,18,0,6,14,42,54
2024-06-14,Viernes,6,2024,0,0,Cena,18,22,Gaseosa,Bebidas,32,4.0,128.0,Web,No,Ninguna,0,Nublado,18,0,6,5,55,51
2024-06-14,Viernes,6,2024,0,0,Cena,18,22,Salchipapa Clásica,Salchipapas,14,10.0,140.0,Delivery,No,Ninguna,0,Nublado,18,0,6,9,30,52
2024-06-15,Sábado,6,2024,1,0,Desayuno,7,11,Jugo Natural,Bebidas,13,6.0,66.3,Presencial,Sí,2x1,15,Nublado,23,0,2,5,29,25
2024-06-15,Sábado,6,2024,1,0,Desayuno,7,11,Gaseosa,Bebidas,23,4.0,92.0,Presencial,No,Ninguna,0,Nublado,23,0,2,3,66,23
2024-06-15,Sábado,6,2024,1,0,Desayuno,7,11,Hamburguesa Clásica,Hamburguesas,13,12.0,156.0,Presencial,No,Ninguna,0,Nublado,23,0,2,13,32,31
2024-06-15,Sábado,6,2024,1,0,Almuerzo,12,16,Pollo Broaster,Pollos,43,18.0,774.0,Web,No,Ninguna,0,Nublado,23,0,5,16,72,45
2024-06-15,Sábado,6,2024,1,0,Almuerzo,12,16,Gaseosa,Bebidas,36,4.0,108.0,Delivery,Sí,Combo,25,Nublado,23,0,5,2,75,56
2024-06-15,Sábado,6,2024,1,0,Almuerzo,12,16,Alitas BBQ,Pollos,20,20.0,400.0,Presencial,No,Ninguna,0,Nublado,23,0,5,20,47,39
2024-06-15,Sábado,6,2024,1,0,Almuerzo,12,16,Sándwich de Pollo,Sándwiches,23,11.0,253.0,Delivery,No,Ninguna,0,Nublado,23,0,5,8,53,51
2024-06-15,Sábado,6,2024,1,0,Almuerzo,12,16,Hamburguesa Clásica,Hamburguesas,38,12.0,456.0,Presencial,No,Ninguna,0,Nublado,23,0,5,9,47,45
2024-06-15,Sábado,6,2024,1,0,Cena,18,22,Hamburguesa Clásica,Hamburguesas,35,12.0,420.0,Delivery,No,Ninguna,0,Nublado,23,0,5,9,58,58
2024-06-15,Sábado,6,2024,1,0,Cena,18,22,Pizza Familiar,Pizzas,23,32.0,736.0,Delivery,No,Ninguna,0,Nublado,23,0,5,17,52,65
2024-06-15,Sábado,6,2024,1,0,Cena,18,22,Gaseosa,Bebidas,43,4.0,172.0,Delivery,No,Ninguna,0,Nublado,23,0,5,3,89,63
2024-06-15,Sábado,6,2024,1,0,Cena,18,22,Salchipapa Especial,Salchipapas,36,15.0,432.0,Web,Sí,Combo,20,Nublado,23,0,5,8,58,77
2024-06-15,Sábado,6,2024,1,0,Cena,18,22,Cheeseburger,Hamburguesas,21,14.0,294.0,Presencial,No,Ninguna,0,Nublado,23,0,5,8,32,57
2024-06-16,Domingo,6,2024,1,0,Desayuno,7,11,Salchipapa Especial,Salchipapas,17,15.0,255.0,Presencial,No,Ninguna,0,Nublado,22,0,4,14,36,14
2024-06-16,Domingo,6,2024,1,0,Desayuno,7,11,Sándwich de Pollo,Sándwiches,9,11.0,84.15,Delivery,Sí,Combo,15,Nublado,22,0,4,7,44,24
2024-06-16,Domingo,6,2024,1,0,Desayuno,7,11,Hamburguesa BBQ,Hamburguesas,12,16.0,192.0,Delivery,No,Ninguna,0,Nublado,22,0,4,14,24,25
2024-06-16,Domingo,6,2024,1,0,Desayuno,7,11,Cheeseburger,Hamburguesas,12,14.0,168.0,Delivery,No,Ninguna,0,Nublado,22,0,4,11,40,24
2024-06-16,Domingo,6,2024,1,0,Desayuno,7,11,Jugo Natural,Bebidas,14,6.0,84.0,Presencial,No,Ninguna,0,Nublado,22,0,4,5,70,30
2024-06-16,Domingo,6,2024,1,0,Almuerzo,12,16,Hamburguesa Clásica,Hamburguesas,35,12.0,420.0,Delivery,No,Ninguna,0,Nublado,22,0,4,14,60,43
2024-06-16,Domingo,6,2024,1,0,Almuerzo,12,16,Pollo Broaster,Pollos,39,18.0,702.0,Presencial,No,Ninguna,0,Nublado,22,0,4,19,45,39
2024-06-16,Domingo,6,2024,1,0,Almuerzo,12,16,Sándwich de Pollo,Sándwiches,19,11.0,209.0,Delivery,No,Ninguna,0,Nublado,22,0,4,10,25,36
2024-06-16,Domingo,6,2024,1,0,Almuerzo,12,16,Hamburguesa BBQ,Hamburguesas,22,16.0,352.0,Presencial,No,Ninguna,0,Nublado,22,0,4,11,44,34
2024-06-16,Domingo,6,2024,1,0,Cena,18,22,Cheeseburger,Hamburguesas,15,14.0,210.0,Delivery,No,Ninguna,0,Nublado,22,0,4,13,28,64
2024-06-16,Domingo,6,2024,1,0,Cena,18,22,Pollo Broaster,Pollos,53,18.0,858.6,Presencial,Sí,Combo,10,Nublado,22,0,4,13,63,68
2024-06-16,Domingo,6,2024,1,0,Cena,18,22,Alitas BBQ,Pollos,25,20.0,500.0,Presencial,No,Ninguna,0,Nublado,22,0,4,12,37,59
2024-06-16,Domingo,6,2024,1,0,Cena,18,22,Gaseosa,Bebidas,35,4.0,140.0,Delivery,No,Ninguna,0,Nublado,22,0,4,4,67,58
2024-06-17,Lunes,6,2024,0,0,Desayuno,7,11,Jugo Natural,Bebidas,9,6.0,54.0,Presencial,No,Ninguna,0,Nublado,20,0,3,3,43,12
2024-06-17,Lunes,6,2024,0,0,Desayuno,7,11,Hamburguesa Clásica,Hamburguesas,10,12.0,120.0,Presencial,No,Ninguna,0,Nublado,20,0,3,9,45,21
2024-06-17,Lunes,6,2024,0,0,Desayuno,7,11,Cheeseburger,Hamburguesas,7,14.0,98.0,Presencial,No,Ninguna,0,Nublado,20,0,3,14,41,21
2024-06-17,Lunes,6,2024,0,0,Desayuno,7,11,Sándwich de Pollo,Sándwiches,8,11.0,88.0,Presencial,No,Ninguna,0,Nublado,20,0,3,7,42,17
2024-06-17,Lunes,6,2024,0,0,Desayuno,7,11,Salchipapa Clásica,Salchipapas,9,10.0,90.0,Presencial,No,Ninguna,0,Nublado,20,0,3,13,21,17
2024-06-17,Lunes,6,2024,0,0,Almuerzo,12,16,Gaseosa,Bebidas,35,4.0,140.0,Delivery,No,Ninguna,0,Nublado,20,0,6,3,57,33
2024-06-17,Lunes,6,2024,0,0,Almuerzo,12,16,Salchipapa Clásica,Salchipapas,19,10.0,190.0,Presencial,No,Ninguna,0,Nublado,20,0,6,12,54,43
2024-06-17,Lunes,6,2024,0,0,Almuerzo,12,16,Pollo Broaster,Pollos,25,18.0,450.0,Presencial,No,Ninguna,0,Nublado,20,0,6,18,31,38
2024-06-17,Lunes,6,2024,0,0,Almuerzo,12,16,Cheeseburger,Hamburguesas,18,14.0,252.0,Delivery,No,Ninguna,0,Nublado,20,0,6,10,41,39
2024-06-17,Lunes,6,2024,0,0,Almuerzo,12,16,Hamburguesa BBQ,Hamburguesas,17,16.0,217.6,Delivery,Sí,Combo,20,Nublado,20,0,6,12,38,51
2024-06-17,Lunes,6,2024,0,0,Cena,18,22,Hamburguesa BBQ,Hamburguesas,16,16.0,256.0,Web,No,Ninguna,0,Nublado,20,0,7,9,49,54
2024-06-17,Lunes,6,2024,0,0,Cena,18,22,Salchipapa Especial,Salchipapas,21,15.0,315.0,Web,No,Ninguna,0,Nublado,20,0,7,11,32,59
2024-06-17,Lunes,6,2024,0,0,Cena,18,22,Hamburguesa Clásica,Hamburguesas,24,12.0,288.0,Delivery,No,Ninguna,0,Nublado,20,0,7,12,43,57
2024-06-17,Lunes,6,2024,0,0,Cena,18,22,Pizza Familiar,Pizzas,9,32.0,288.0,Delivery,No,Ninguna,0,Nublado,20,0,7,15,23,54
2024-06-18,Martes,6,2024,0,0,Desayuno,7,11,Sándwich de Pollo,Sándwiches,8,11.0,88.0,Web,No,Ninguna,0,Soleado,27,0,2,7,25,16
2024-06-18,Martes,6,2024,0,0,Desayuno,7,11,Salchipapa Especial,Salchipapas,14,15.0,189.0,Presencial,Sí,Combo,10,Soleado,27,0,2,9,49,23
2024-06-18,Martes,6,2024,0,0,Desayuno,7,11,Salchipapa Clásica,Salchipapas,9,10.0,90.0,Delivery,No,Ninguna,0,Soleado,27,0,2,9,14,17
2024-06-18,Martes,6,2024,0,0,Desayuno,7,11,Hamburguesa BBQ,Hamburguesas,8,16.0,128.0,Presencial,No,Ninguna,0,Soleado,27,0,2,12,30,25
2024-06-18,Martes,6,2024,0,0,Desayuno,7,11,Hamburguesa Clásica,Hamburguesas,10,12.0,120.0,Delivery,No,Ninguna,0,Soleado,27,0,2,14,36,20
2024-06-18,Martes,6,2024,0,0,Almuerzo,12,16,Pollo Broaster,Pollos,19,18.0,342.0,Presencial,No,Ninguna,0,Soleado,27,0,5,13,43,32
2024-06-18,Martes,6,2024,0,0,Almuerzo,12,16,Sándwich de Pollo,Sándwiches,12,11.0,132.0,Web,No,Ninguna,0,Soleado,27,0,5,10,47,42
2024-06-18,Martes,6,2024,0,0,Almuerzo,12,16,Gaseosa,Bebidas,42,4.0,168.0,Web,No,Ninguna,0,Soleado,27,0,5,3,57,42
2024-06-18,Martes,6,2024,0,0,Almuerzo,12,16,Pizza Familiar,Pizzas,18,32.0,489.6,Delivery,Sí,2x1,15,Soleado,27,0,5,23,36,47
2024-06-18,Martes,6,2024,0,0,Almuerzo,12,16,Cheeseburger,Hamburguesas,22,14.0,308.0,Presencial,No,Ninguna,0,Soleado,27,0,5,14,54,40
2024-06-18,Martes,6,2024,0,0,Almuerzo,12,16,Hamburguesa Clásica,Hamburguesas,26,12.0,249.6,Presencial,Sí,Combo,20,Soleado,27,0,5,8,52,44
2024-06-18,Martes,6,2024,0,0,Cena,18,22,Gaseosa,Bebidas,28,4.0,112.0,Delivery,No,Ninguna,0,Soleado,27,0,7,2,79,46
2024-06-18,Martes,6,2024,0,0,Cena,18,22,Pollo Broaster,Pollos,23,18.0,414.0,Web,No,Ninguna,0,Soleado,27,0,7,13,46,45
2024-06-18,Martes,6,2024,0,0,Cena,18,22,Alitas BBQ,Pollos,18,20.0,360.0,Presencial,No,Ninguna,0,Soleado,27,0,7,14,48,55
2024-06-18,Martes,6,2024,0,0,Cena,18,22,Pizza Familiar,Pizzas,12,32.0,384.0,Presencial,No,Ninguna,0,Soleado,27,0,7,15,41,49
2024-06-19,Miércoles,6,2024,0,0,Desayuno,7,11,Hamburguesa Clásica,Hamburguesas,15,12.0,180.0,Delivery,No,Ninguna,0,Nublado,21,0,2,11,33,12
2024-06-19,Miércoles,6,2024,0,0,Desayuno,7,11,Gaseosa,Bebidas,20,4.0,80.0,Presencial,No,Ninguna,0,Nublado,21,0,2,4,40,12
2024-06-19,Miércoles,6,2024,0,0,Desayuno,7,11,Hamburguesa BBQ,Hamburguesas,7,16.0,112.0,Delivery,No,Ninguna,0,Nublado,21,0,2,10,14,17
2024-06-19,Miércoles,6,2024,0,0,Almuerzo,12,16,Gaseosa,Bebidas,44,4.0,176.0,Presencial,No,Ninguna,0,Nublado,21,0,6,2,79,36
2024-06-19,Miércoles,6,2024,0,0,Almuerzo,12,16,Pizza Familiar,Pizzas,17,32.0,544.0,Presencial,No,Ninguna,0,Nublado,21,0,6,25,33,39
2024-06-19,Miércoles,6,2024,0,0,Almuerzo,12,16,Pollo Broaster,Pollos,23,18.0,414.0,Web,No,Ninguna,0,Nublado,21,0,6,19,28,28
2024-06-19,Miércoles,6,2024,0,0,Almuerzo,12,16,Pizza Personal,Pizzas,25,13.0,276.25,Presencial,Sí,Combo,15,Nublado,21,0,6,23,34,32
2024-06-19,Miércoles,6,2024,0,0,Cena,18,22,Pizza Personal,Pizzas,13,13.0,169.0,Delivery,No,Ninguna,0,Nublado,21,0,5,23,35,63
2024-06-19,Miércoles,6,2024,0,0,Cena,18,22,Pizza Familiar,Pizzas,12,32.0,384.0,Delivery,No,Ninguna,0,Nublado,21,0,5,17,29,48
2024-06-19,Miércoles,6,2024,0,0,Cena,18,22,Pollo Broaster,Pollos,24,18.0,432.0,Delivery,No,Ninguna,0,Nublado,21,0,5,15,56,59
2024-06-19,Miércoles,6,2024,0,0,Cena,18,22,Salchipapa Especial,Salchipapas,22,15.0,330.0,Presencial,No,Ninguna,0,Nublado,21,0,5,11,46,47
2024-06-20,Jueves,6,2024,0,0,Desayuno,7,11,Sándwich de Pollo,Sándwiches,5,11.0,55.0,Delivery,No,Ninguna,0,Lluvioso,18,1,3,6,27,35
2024-06-20,Jueves,6,2024,0,0,Desayuno,7,11,Alitas BBQ,Pollos,8,20.0,160.0,Presencial,No,Ninguna,0,Lluvioso,18,1,3,13,16,32
2024-06-20,Jueves,6,2024,0,0,Desayuno,7,11,Pollo Broaster,Pollos,15,18.0,270.0,Presencial,No,Ninguna,0,Lluvioso,18,1,3,13,23,36
2024-06-20,Jueves,6,2024,0,0,Desayuno,7,11,Hamburguesa Clásica,Hamburguesas,12,12.0,144.0,Presencial,No,Ninguna,0,Lluvioso,18,1,3,9,21,32
2024-06-20,Jueves,6,2024,0,0,Almuerzo,12,16,Hamburguesa Clásica,Hamburguesas,23,12.0,276.0,Delivery,No,Ninguna,0,Lluvioso,18,1,7,14,29,48
2024-06-20,Jueves,6,2024,0,0,Almuerzo,12,16,Sándwich de Pollo,Sándwiches,16,11.0,176.0,Web,No,Ninguna,0,Lluvioso,18,1,7,12,40,49
2024-06-20,Jueves,6,2024,0,0,Almuerzo,12,16,Cheeseburger,Hamburguesas,26,14.0,364.0,Delivery,No,Ninguna,0,Lluvioso,18,1,7,11,44,51
2024-06-20,Jueves,6,2024,0,0,Cena,18,22,Alitas BBQ,Pollos,15,20.0,300.0,Delivery,No,Ninguna,0,Lluvioso,18,1,8,12,24,55
2024-06-20,Jueves,6,2024,0,0,Cena,18,22,Pollo Broaster,Pollos,40,18.0,720.0,Presencial,No,Ninguna,0,Lluvioso,18,1,8,12,55,74
2024-06-20,Jueves,6,2024,0,0,Cena,18,22,Pizza Personal,Pizzas,16,13.0,208.0,Delivery,No,Ninguna,0,Lluvioso,18,1,8,15,32,57
2024-06-21,Viernes,6,2024,0,0,Desayuno,7,11,Sándwich de Pollo,Sándwiches,10,11.0,110.0,Web,No,Ninguna,0,Soleado,31,0,2,7,15,13
2024-06-21,Viernes,6,2024,0,0,Desayuno,7,11,Cheeseburger,Hamburguesas,12,14.0,168.0,Presencial,No,Ninguna,0,Soleado,31,0,2,13,36,20
2024-06-21,Viernes,6,2024,0,0,Desayuno,7,11,Jugo Natural,Bebidas,12,6.0,72.0,Presencial,No,Ninguna,0,Soleado,31,0,2,5,49,13
2024-06-21,Viernes,6,2024,0,0,Desayuno,7,11,Gaseosa,Bebidas,20,4.0,80.0,Delivery,No,Ninguna,0,Soleado,31,0,2,4,75,25
2024-06-21,Viernes,6,2024,0,0,Desayuno,7,11,Hamburguesa BBQ,Hamburguesas,9,16.0,144.0,Presencial,No,Ninguna,0,Soleado,31,0,2,12,23,14
2024-06-21,Viernes,6,2024,0,0,Desayuno,7,11,Hamburguesa Clásica,Hamburguesas,10,12.0,120.0,Presencial,No,Ninguna,0,Soleado,31,0,2,13,32,20
2024-06-21,Viernes,6,2024,0,0,Almuerzo,12,16,Salchipapa Clásica,Salchipapas,26,10.0,260.0,Delivery,No,Ninguna,0,Soleado,31,0,5,10,50,34
2024-06-21,Viernes,6,2024,0,0,Almuerzo,12,16,Salchipapa Especial,Salchipapas,33,15.0,495.0,Presencial,No,Ninguna,0,Soleado,31,0,5,13,60,36
2024-06-21,Viernes,6,2024,0,0,Almuerzo,12,16,Cheeseburger,Hamburguesas,26,14.0,364.0,Presencial,No,Ninguna,0,Soleado,31,0,5,11,57,25
2024-06-21,Viernes,6,2024,0,0,Cena,18,22,Gaseosa,Bebidas,46,4.0,184.0,Delivery,No,Ninguna,0,Soleado,31,0,7,3,73,44
2024-06-21,Viernes,6,2024,0,0,Cena,18,22,Pizza Familiar,Pizzas,15,32.0,480.0,Presencial,No,Ninguna,0,Soleado,31,0,7,18,41,42
2024-06-21,Viernes,6,2024,0,0,Cena,18,22,Hamburguesa BBQ,Hamburguesas,25,16.0,360.0,Web,Sí,Combo,10,Soleado,31,0,7,12,44,58
2024-06-22,Sábado,6,2024,1,0,Desayuno,7,11,Jugo Natural,Bebidas,12,6.0,72.0,Presencial,No,Ninguna,0,Nublado,20,0,4,4,71,22
2024-06-22,Sábado,6,2024,1,0,Desayuno,7,11,Sándwich de Pollo,Sándwiches,12,11.0,132.0,Presencial,No,Ninguna,0,Nublado,20,0,4,11,19,32
2024-06-22,Sábado,6,2024,1,0,Desayuno,7,11,Gaseosa,Bebidas,19,4.0,76.0,Web,No,Ninguna,0,Nublado,20,0,4,4,58,29
2024-06-22,Sábado,6,2024,1,0,Almuerzo,12,16,Salchipapa Clásica,Salchipapas,20,10.0,200.0,Delivery,No,Ninguna,0,Nublado,20,0,8,15,52,31
2024-06-22,Sábado,6,2024,1,0,Almuerzo,12,16,Hamburguesa Clásica,Hamburguesas,30,12.0,360.0,Presencial,No,Ninguna,0,Nublado,20,0,8,8,54,35
2024-06-22,Sábado,6,2024,1,0,Almuerzo,12,16,Salchipapa Especial,Salchipapas,40,15.0,600.0,Presencial,No,Ninguna,0,Nublado,20,0,8,15,51,45
2024-06-22,Sábado,6,2024,1,0,Almuerzo,12,16,Cheeseburger,Hamburguesas,30,14.0,420.0,Presencial,No,Ninguna,0,Nublado,20,0,8,8,40,34
2024-06-22,Sábado,6,2024,1,0,Almuerzo,12,16,Gaseosa,Bebidas,39,4.0,156.0,Presencial,No,Ninguna,0,Nublado,20,0,8,5,78,35
2024-06-22,Sábado,6,2024,1,0,Almuerzo,12,16,Pizza Personal,Pizzas,19,13.0,247.0,Presencial,No,Ninguna,0,Nublado,20,0,8,18,43,52
2024-06-22,Sábado,6,2024,1,0,Cena,18,22,Hamburguesa BBQ,Hamburguesas,16,16.0,256.0,Web,No,Ninguna,0,Nublado,20,0,5,9,45,57
2024-06-22,Sábado,6,2024,1,0,Cena,18,22,Pizza Personal,Pizzas,18,13.0,234.0,Delivery,No,Ninguna,0,Nublado,20,0,5,25,25,62
2024-06-22,Sábado,6,2024,1,0,Cena,18,22,Salchipapa Clásica,Salchipapas,24,10.0,240.0,Web,No,Ninguna,0,Nublado,20,0,5,9,39,61
2024-06-22,Sábado,6,2024,1,0,Cena,18,22,Gaseosa,Bebidas,25,4.0,100.0,Presencial,No,Ninguna,0,Nublado,20,0,5,5,60,68
2024-06-22,Sábado,6,2024,1,0,Cena,18,22,Pizza Familiar,Pizzas,16,32.0,512.0,Delivery,No,Ninguna,0,Nublado,20,0,5,17,50,70
2024-06-22,Sábado,6,2024,1,0,Cena,18,22,Alitas BBQ,Pollos,38,20.0,570.0,Delivery,Sí,Combo,25,Nublado,20,0,5,12,73,53
2024-06-23,Domingo,6,2024,1,0,Desayuno,7,11,Sándwich de Pollo,Sándwiches,11,11.0,121.0,Presencial,No,Ninguna,0,Nublado,20,0,3,8,18,25
2024-06-23,Domingo,6,2024,1,0,Desayuno,7,11,Salchipapa Clásica,Salchipapas,14,10.0,140.0,Presencial,No,Ninguna,0,Nublado,20,0,3,10,47,20
2024-06-23,Domingo,6,2024,1,0,Desayuno,7,11,Jugo Natural,Bebidas,10,6.0,60.0,Presencial,No,Ninguna,0,Nublado,20,0,3,4,57,19
2024-06-23,Domingo,6,2024,1,0,Desayuno,7,11,Hamburguesa Clásica,Hamburguesas,17,12.0,173.4,Delivery,Sí,2x1,15,Nublado,20,0,3,14,23,31
2024-06-23,Domingo,6,2024,1,0,Desayuno,7,11,Gaseosa,Bebidas,20,4.0,80.0,Delivery,No,Ninguna,0,Nublado,20,0,3,5,51,27
2024-06-23,Domingo,6,2024,1,0,Almuerzo,12,16,Cheeseburger,Hamburguesas,25,14.0,350.0,Delivery,No,Ninguna,0,Nublado,20,0,4,10,56,52
2024-06-23,Domingo,6,2024,1,0,Almuerzo,12,16,Hamburguesa Clásica,Hamburguesas,36,12.0,432.0,Delivery,No,Ninguna,0,Nublado,20,0,4,12,64,33
2024-06-23,Domingo,6,2024,1,0,Almuerzo,12,16,Gaseosa,Bebidas,56,4.0,224.0,Presencial,No,Ninguna,0,Nublado,20,0,4,3,80,45
2024-06-23,Domingo,6,2024,1,0,Almuerzo,12,16,Salchipapa Especial,Salchipapas,28,15.0,420.0,Presencial,No,Ninguna,0,Nublado,20,0,4,12,61,44
2024-06-23,Domingo,6,2024,1,0,Almuerzo,12,16,Hamburguesa BBQ,Hamburguesas,27,16.0,432.0,Presencial,No,Ninguna,0,Nublado,20,0,4,12,57,33
2024-06-23,Domingo,6,2024,1,0,Almuerzo,12,16,Alitas BBQ,Pollos,28,20.0,560.0,Delivery,No,Ninguna,0,Nublado,20,0,4,16,33,34
2024-06-23,Domingo,6,2024,1,0,Cena,18,22,Pizza Familiar,Pizzas,14,32.0,448.0,Delivery,No,Ninguna,0,Nublado,20,0,5,17,45,66
2024-06-23,Domingo,6,2024,1,0,Cena,18,22,Hamburguesa Clásica,Hamburguesas,36,12.0,432.0,Delivery,No,Ninguna,0,Nublado,20,0,5,13,56,65
2024-06-23,Domingo,6,2024,1,0,Cena,18,22,Salchipapa Especial,Salchipapas,38,15.0,484.5,Delivery,Sí,2x1,15,Nublado,20,0,5,13,64,54
2024-06-24,Lunes,6,2024,0,0,Desayuno,7,11,Jugo Natural,Bebidas,8,6.0,48.0,Presencial,No,Ninguna,0,Nublado,24,0,2,4,48,18
2024-06-24,Lunes,6,2024,0,0,Desayuno,7,11,Sándwich de Pollo,Sándwiches,10,11.0,82.5,Presencial,Sí,2x1,25,Nublado,24,0,2,11,32,30
2024-06-24,Lunes,6,2024,0,0,Desayuno,7,11,Salchipapa Clásica,Salchipapas,10,10.0,100.0,Presencial,No,Ninguna,0,Nublado,24,0,2,11,27,10
2024-06-24,Lunes,6,2024,0,0,Desayuno,7,11,Pizza Familiar,Pizzas,5,32.0,160.0,Presencial,No,Ninguna,0,Nublado,24,0,2,17,10,11
2024-06-24,Lunes,6,2024,0,0,Almuerzo,12,16,Salchipapa Especial,Salchipapas,18,15.0,270.0,Presencial,No,Ninguna,0,Nublado,24,0,7,13,51,35
2024-06-24,Lunes,6,2024,0,0,Almuerzo,12,16,Sándwich de Pollo,Sándwiches,14,11.0,154.0,Web,No,Ninguna,0,Nublado,24,0,7,8,19,28
2024-06-24,Lunes,6,2024,0,0,Almuerzo,12,16,Cheeseburger,Hamburguesas,19,14.0,199.5,Delivery,Sí,Combo,25,Nublado,24,0,7,9,33,41
2024-06-24,Lunes,6,2024,0,0,Cena,18,22,Alitas BBQ,Pollos,17,20.0,340.0,Presencial,No,Ninguna,0,Nublado,24,0,6,16,22,48
2024-06-24,Lunes,6,2024,0,0,Cena,18,22,Salchipapa Especial,Salchipapas,19,15.0,285.0,Presencial,No,Ninguna,0,Nublado,24,0,6,14,24,46
2024-06-24,Lunes,6,2024,0,0,Cena,18,22,Pollo Broaster,Pollos,28,18.0,504.0,Web,No,Ninguna,0,Nublado,24,0,6,15,46,47
2024-06-24,Lunes,6,2024,0,0,Cena,18,22,Gaseosa,Bebidas,20,4.0,80.0,Delivery,No,Ninguna,0,Nublado,24,0,6,2,46,59
2024-06-24,Lunes,6,2024,0,0,Cena,18,22,Pizza Familiar,Pizzas,16,32.0,460.8,Delivery,Sí,2x1,10,Nublado,24,0,6,16,27,63
2024-06-25,Martes,6,2024,0,0,Desayuno,7,11,Hamburguesa Clásica,Hamburguesas,11,12.0,132.0,Presencial,No,Ninguna,0,Nublado,22,0,3,10,28,25
2024-06-25,Martes,6,2024,0,0,Desayuno,7,11,Gaseosa,Bebidas,17,4.0,68.0,Presencial,No,Ninguna,0,Nublado,22,0,3,4,56,10
2024-06-25,Martes,6,2024,0,0,Desayuno,7,11,Salchipapa Clásica,Salchipapas,10,10.0,100.0,Presencial,No,Ninguna,0,Nublado,22,0,3,13,30,25
2024-06-25,Martes,6,2024,0,0,Almuerzo,12,16,Jugo Natural,Bebidas,22,6.0,132.0,Presencial,No,Ninguna,0,Nublado,22,0,4,3,78,38
2024-06-25,Martes,6,2024,0,0,Almuerzo,12,16,Salchipapa Clásica,Salchipapas,25,10.0,250.0,Delivery,No,Ninguna,0,Nublado,22,0,4,10,40,26
2024-06-25,Martes,6,2024,0,0,Almuerzo,12,16,Hamburguesa BBQ,Hamburguesas,18,16.0,288.0,Web,No,Ninguna,0,Nublado,22,0,4,8,41,44
2024-06-25,Martes,6,2024,0,0,Almuerzo,12,16,Pizza Personal,Pizzas,17,13.0,221.0,Presencial,No,Ninguna,0,Nublado,22,0,4,24,33,39
2024-06-25,Martes,6,2024,0,0,Almuerzo,12,16,Gaseosa,Bebidas,40,4.0,160.0,Delivery,No,Ninguna,0,Nublado,22,0,4,3,55,28
2024-06-25,Martes,6,2024,0,0,Cena,18,22,Pizza Personal,Pizzas,11,13.0,143.0,Web,No,Ninguna,0,Nublado,22,0,7,18,36,65
2024-06-25,Martes,6,2024,0,0,Cena,18,22,Pizza Familiar,Pizzas,11,32.0,352.0,Web,No,Ninguna,0,Nublado,22,0,7,20,39,45
2024-06-25,Martes,6,2024,0,0,Cena,18,22,Gaseosa,Bebidas,25,4.0,100.0,Delivery,No,Ninguna,0,Nublado,22,0,7,5,58,62
2024-06-25,Martes,6,2024,0,0,Cena,18,22,Cheeseburger,Hamburguesas,11,14.0,154.0,Presencial,No,Ninguna,0,Nublado,22,0,7,14,34,46
2024-06-25,Martes,6,2024,0,0,Cena,18,22,Salchipapa Especial,Salchipapas,24,15.0,360.0,Web,No,Ninguna,0,Nublado,22,0,7,10,38,60
2024-06-26,Miércoles,6,2024,0,0,Desayuno,7,11,Salchipapa Clásica,Salchipapas,7,10.0,70.0,Presencial,No,Ninguna,0,Lluvioso,19,1,3,9,26,29
2024-06-26,Miércoles,6,2024,0,0,Desayuno,7,11,Gaseosa,Bebidas,12,4.0,48.0,Delivery,No,Ninguna,0,Lluvioso,19,1,3,2,29,22
2024-06-26,Miércoles,6,2024,0,0,Desayuno,7,11,Jugo Natural,Bebidas,11,6.0,66.0,Delivery,No,Ninguna,0,Lluvioso,19,1,3,4,55,38
2024-06-26,Miércoles,6,2024,0,0,Desayuno,7,11,Cheeseburger,Hamburguesas,10,14.0,140.0,Presencial,No,Ninguna,0,Lluvioso,19,1,3,10,25,34
2024-06-26,Miércoles,6,2024,0,0,Desayuno,7,11,Pollo Broaster,Pollos,20,18.0,360.0,Presencial,No,Ninguna,0,Lluvioso,19,1,3,15,39,30
2024-06-26,Miércoles,6,2024,0,0,Almuerzo,12,16,Salchipapa Especial,Salchipapas,26,15.0,390.0,Delivery,No,Ninguna,0,Lluvioso,19,1,6,12,48,64
2024-06-26,Miércoles,6,2024,0,0,Almuerzo,12,16,Pollo Broaster,Pollos,38,18.0,684.0,Delivery,No,Ninguna,0,Lluvioso,19,1,6,14,50,51
2024-06-26,Miércoles,6,2024,0,0,Almuerzo,12,16,Hamburguesa BBQ,Hamburguesas,25,16.0,400.0,Presencial,No,Ninguna,0,Lluvioso,19,1,6,8,50,40
2024-06-26,Miércoles,6,2024,0,0,Almuerzo,12,16,Hamburguesa Clásica,Hamburguesas,29,12.0,348.0,Web,No,Ninguna,0,Lluvioso,19,1,6,12,54,45
2024-06-26,Miércoles,6,2024,0,0,Almuerzo,12,16,Alitas BBQ,Pollos,28,20.0,560.0,Delivery,No,Ninguna,0,Lluvioso,19,1,6,20,57,61
2024-06-26,Miércoles,6,2024,0,0,Cena,18,22,Pizza Personal,Pizzas,13,13.0,169.0,Presencial,No,Ninguna,0,Lluvioso,19,1,7,17,25,83
2024-06-26,Miércoles,6,2024,0,0,Cena,18,22,Gaseosa,Bebidas,30,4.0,120.0,Delivery,No,Ninguna,0,Lluvioso,19,1,7,3,59,63
2024-06-26,Miércoles,6,2024,0,0,Cena,18,22,Alitas BBQ,Pollos,27,20.0,540.0,Delivery,No,Ninguna,0,Lluvioso,19,1,7,19,61,80
2024-06-27,Jueves,6,2024,0,0,Desayuno,7,11,Gaseosa,Bebidas,14,4.0,56.0,Web,No,Ninguna,0,Soleado,28,0,4,5,29,17
2024-06-27,Jueves,6,2024,0,0,Desayuno,7,11,Jugo Natural,Bebidas,8,6.0,48.0,Presencial,No,Ninguna,0,Soleado,28,0,4,3,29,24
2024-06-27,Jueves,6,2024,0,0,Desayuno,7,11,Hamburguesa Clásica,Hamburguesas,15,12.0,180.0,Presencial,No,Ninguna,0,Soleado,28,0,4,11,41,20
2024-06-27,Jueves,6,2024,0,0,Almuerzo,12,16,Salchipapa Especial,Salchipapas,29,15.0,435.0,Presencial,No,Ninguna,0,Soleado,28,0,6,9,43,33
2024-06-27,Jueves,6,2024,0,0,Almuerzo,12,16,Cheeseburger,Hamburguesas,20,14.0,252.0,Presencial,Sí,Descuento,10,Soleado,28,0,6,13,50,52
2024-06-27,Jueves,6,2024,0,0,Almuerzo,12,16,Salchipapa Clásica,Salchipapas,24,10.0,240.0,Presencial,No,Ninguna,0,Soleado,28,0,6,13,49,26
2024-06-27,Jueves,6,2024,0,0,Almuerzo,12,16,Hamburguesa BBQ,Hamburguesas,26,16.0,416.0,Delivery,No,Ninguna,0,Soleado,28,0,6,11,59,42
2024-06-27,Jueves,6,2024,0,0,Almuerzo,12,16,Alitas BBQ,Pollos,30,20.0,600.0,Presencial,No,Ninguna,0,Soleado,28,0,6,17,48,44
2024-06-27,Jueves,6,2024,0,0,Almuerzo,12,16,Pizza Personal,Pizzas,18,13.0,234.0,Presencial,No,Ninguna,0,Soleado,28,0,6,15,52,33
2024-06-27,Jueves,6,2024,0,0,Cena,18,22,Pollo Broaster,Pollos,42,18.0,642.6,Delivery,Sí,Combo,15,Soleado,28,0,4,15,74,63
2024-06-27,Jueves,6,2024,0,0,Cena,18,22,Pizza Personal,Pizzas,25,13.0,243.75,Delivery,Sí,2x1,25,Soleado,28,0,4,18,33,56
2024-06-27,Jueves,6,2024,0,0,Cena,18,22,Hamburguesa Clásica,Hamburguesas,25,12.0,300.0,Web,No,Ninguna,0,Soleado,28,0,4,12,41,57
2024-06-27,Jueves,6,2024,0,0,Cena,18,22,Alitas BBQ,Pollos,18,20.0,360.0,Delivery,No,Ninguna,0,Soleado,28,0,4,18,50,61
2024-06-27,Jueves,6,2024,0,0,Cena,18,22,Hamburguesa BBQ,Hamburguesas,16,16.0,256.0,Presencial,No,Ninguna,0,Soleado,28,0,4,12,28,51
2024-06-28,Viernes,6,2024,0,0,Desayuno,7,11,Salchipapa Especial,Salchipapas,14,15.0,210.0,Presencial,No,Ninguna,0,Nublado,24,0,3,9,48,22
2024-06-28,Viernes,6,2024,0,0,Desayuno,7,11,Hamburguesa BBQ,Hamburguesas,14,16.0,224.0,Presencial,No,Ninguna,0,Nublado,24,0,3,11,21,18
2024-06-28,Viernes,6,2024,0,0,Desayuno,7,11,Jugo Natural,Bebidas,10,6.0,60.0,Presencial,No,Ninguna,0,Nublado,24,0,3,2,50,20
2024-06-28,Viernes,6,2024,0,0,Desayuno,7,11,Hamburguesa Clásica,Hamburguesas,12,12.0,144.0,Presencial,No,Ninguna,0,Nublado,24,0,3,11,29,12
2024-06-28,Viernes,6,2024,0,0,Almuerzo,12,16,Pollo Broaster,Pollos,41,18.0,738.0,Presencial,No,Ninguna,0,Nublado,24,0,7,18,55,29
2024-06-28,Viernes,6,2024,0,0,Almuerzo,12,16,Hamburguesa BBQ,Hamburguesas,29,16.0,464.0,Web,No,Ninguna,0,Nublado,24,0,7,13,52,32
2024-06-28,Viernes,6,2024,0,0,Almuerzo,12,16,Pizza Personal,Pizzas,25,13.0,325.0,Presencial,No,Ninguna,0,Nublado,24,0,7,22,44,30
2024-06-28,Viernes,6,2024,0,0,Almuerzo,12,16,Salchipapa Especial,Salchipapas,14,15.0,210.0,Web,No,Ninguna,0,Nublado,24,0,7,8,23,37
2024-06-28,Viernes,6,2024,0,0,Almuerzo,12,16,Salchipapa Clásica,Salchipapas,17,10.0,170.0,Web,No,Ninguna,0,Nublado,24,0,7,8,26,37
2024-06-28,Viernes,6,2024,0,0,Cena,18,22,Cheeseburger,Hamburguesas,26,14.0,309.4,Web,Sí,Descuento,15,Nublado,24,0,8,11,42,68
2024-06-28,Viernes,6,2024,0,0,Cena,18,22,Hamburguesa BBQ,Hamburguesas,28,16.0,448.0,Presencial,No,Ninguna,0,Nublado,24,0,8,10,37,40
2024-06-28,Viernes,6,2024,0,0,Cena,18,22,Hamburguesa Clásica,Hamburguesas,23,12.0,276.0,Web,No,Ninguna,0,Nublado,24,0,8,12,33,48
2024-06-28,Viernes,6,2024,0,0,Cena,18,22,Pollo Broaster,Pollos,27,18.0,486.0,Web,No,Ninguna,0,Nublado,24,0,8,18,61,64
2024-06-28,Viernes,6,2024,0,0,Cena,18,22,Gaseosa,Bebidas,29,4.0,116.0,Presencial,No,Ninguna,0,Nublado,24,0,8,5,52,49
2024-06-29,Sábado,6,2024,1,1,Desayuno,7,11,Hamburguesa Clásica,Hamburguesas,20,12.0,240.0,Presencial,No,Ninguna,0,Nublado,18,0,4,8,34,34
2024-06-29,Sábado,6,2024,1,1,Desayuno,7,11,Jugo Natural,Bebidas,15,6.0,90.0,Delivery,No,Ninguna,0,Nublado,18,0,4,3,51,15
2024-06-29,Sábado,6,2024,1,1,Desayuno,7,11,Alitas BBQ,Pollos,17,20.0,340.0,Delivery,No,Ninguna,0,Nublado,18,0,4,20,34,26
2024-06-29,Sábado,6,2024,1,1,Desayuno,7,11,Gaseosa,Bebidas,23,4.0,92.0,Delivery,No,Ninguna,0,Nublado,18,0,4,3,42,23
2024-06-29,Sábado,6,2024,1,1,Desayuno,7,11,Cheeseburger,Hamburguesas,14,14.0,196.0,Presencial,No,Ninguna,0,Nublado,18,0,4,13,34,27
2024-06-29,Sábado,6,2024,1,1,Almuerzo,12,16,Pizza Personal,Pizzas,24,13.0,312.0,Delivery,No,Ninguna,0,Nublado,18,0,9,19,36,39
2024-06-29,Sábado,6,2024,1,1,Almuerzo,12,16,Pollo Broaster,Pollos,51,18.0,918.0,Delivery,No,Ninguna,0,Nublado,18,0,9,20,81,52
2024-06-29,Sábado,6,2024,1,1,Almuerzo,12,16,Hamburguesa Clásica,Hamburguesas,47,12.0,564.0,Presencial,No,Ninguna,0,Nublado,18,0,9,9,54,30
2024-06-29,Sábado,6,2024,1,1,Almuerzo,12,16,Gaseosa,Bebidas,66,4.0,264.0,Presencial,No,Ninguna,0,Nublado,18,0,9,5,111,47
2024-06-29,Sábado,6,2024,1,1,Cena,18,22,Hamburguesa BBQ,Hamburguesas,36,16.0,460.8,Delivery,Sí,2x1,20,Nublado,18,0,9,13,58,62
2024-06-29,Sábado,6,2024,1,1,Cena,18,22,Pizza Familiar,Pizzas,26,32.0,832.0,Web,No,Ninguna,0,Nublado,18,0,9,18,60,45
2024-06-29,Sábado,6,2024,1,1,Cena,18,22,Cheeseburger,Hamburguesas,16,14.0,224.0,Web,No,Ninguna,0,Nublado,18,0,9,8,33,48
2024-06-29,Sábado,6,2024,1,1,Cena,18,22,Gaseosa,Bebidas,48,4.0,172.8,Web,Sí,Combo,10,Nublado,18,0,9,4,71,58
2024-06-29,Sábado,6,2024,1,1,Cena,18,22,Hamburguesa Clásica,Hamburguesas,41,12.0,442.8,Presencial,Sí,Descuento,10,Nublado,18,0,9,10,48,62
2024-06-30,Domingo,6,2024,1,0,Desayuno,7,11,Sándwich de Pollo,Sándwiches,12,11.0,105.6,Presencial,Sí,Descuento,20,Nublado,23,0,4,9,21,19
2024-06-30,Domingo,6,2024,1,0,Desayuno,7,11,Jugo Natural,Bebidas,10,6.0,60.0,Presencial,No,Ninguna,0,Nublado,23,0,4,4,38,22
2024-06-30,Domingo,6,2024,1,0,Desayuno,7,11,Pollo Broaster,Pollos,15,18.0,270.0,Presencial,No,Ninguna,0,Nublado,23,0,4,18,50,18
2024-06-30,Domingo,6,2024,1,0,Desayuno,7,11,Cheeseburger,Hamburguesas,10,14.0,140.0,Presencial,No,Ninguna,0,Nublado,23,0,4,14,28,21
2024-06-30,Domingo,6,2024,1,0,Desayuno,7,11,Gaseosa,Bebidas,15,4.0,60.0,Presencial,No,Ninguna,0,Nublado,23,0,4,4,69,25
2024-06-30,Domingo,6,2024,1,0,Almuerzo,12,16,Alitas BBQ,Pollos,37,20.0,592.0,Delivery,Sí,Combo,20,Nublado,23,0,6,15,50,47
2024-06-30,Domingo,6,2024,1,0,Almuerzo,12,16,Hamburguesa Clásica,Hamburguesas,27,12.0,324.0,Delivery,No,Ninguna,0,Nublado,23,0,6,9,43,51
2024-06-30,Domingo,6,2024,1,0,Almuerzo,12,16,Salchipapa Clásica,Salchipapas,23,10.0,230.0,Delivery,No,Ninguna,0,Nublado,23,0,6,9,36,33
2024-06-30,Domingo,6,2024,1,0,Almuerzo,12,16,Gaseosa,Bebidas,34,4.0,136.0,Presencial,No,Ninguna,0,Nublado,23,0,6,2,88,42
2024-06-30,Domingo,6,2024,1,0,Cena,18,22,Alitas BBQ,Pollos,30,20.0,480.0,Delivery,Sí,Descuento,20,Nublado,23,0,9,20,53,76
2024-06-30,Domingo,6,2024,1,0,Cena,18,22,Pizza Familiar,Pizzas,19,32.0,608.0,Presencial,No,Ninguna,0,Nublado,23,0,9,23,52,69
2024-06-30,Domingo,6,2024,1,0,Cena,18,22,Gaseosa,Bebidas,53,4.0,212.0,Presencial,No,Ninguna,0,Nublado,23,0,9,5,99,52
2024-06-30,Domingo,6,2024,1,0,Cena,18,22,Sándwich de Pollo,Sándwiches,20,11.0,220.0,Presencial,No,Ninguna,0,Nublado,23,0,9,9,52,50
2024-06-30,Domingo,6,2024,1,0,Cena,18,22,Pollo Broaster,Pollos,36,18.0,648.0,Delivery,No,Ninguna,0,Nublado,23,0,9,16,47,58
2024-06-30,Domingo,6,2024,1,0,Cena,18,22,Hamburguesa Clásica,Hamburguesas,29,12.0,348.0,Delivery,No,Ninguna,0,Nublado,23,0,9,13,52,56
2024-07-01,Lunes,7,2024,0,0,Desayuno,7,11,Gaseosa,Bebidas,14,4.0,56.0,Presencial,No,Ninguna,0,Soleado,24,0,4,2,35,12
2024-07-01,Lunes,7,2024,0,0,Desayuno,7,11,Jugo Natural,Bebidas,8,6.0,48.0,Presencial,No,Ninguna,0,Soleado,24,0,4,5,36,16
2024-07-01,Lunes,7,2024,0,0,Desayuno,7,11,Cheeseburger,Hamburguesas,10,14.0,140.0,Presencial,No,Ninguna,0,Soleado,24,0,4,14,15,22
2024-07-01,Lunes,7,2024,0,0,Desayuno,7,11,Salchipapa Clásica,Salchipapas,9,10.0,90.0,Presencial,No,Ninguna,0,Soleado,24,0,4,8,31,18
2024-07-01,Lunes,7,2024,0,0,Almuerzo,12,16,Gaseosa,Bebidas,34,4.0,136.0,Delivery,No,Ninguna,0,Soleado,24,0,5,4,58,34
2024-07-01,Lunes,7,2024,0,0,Almuerzo,12,16,Hamburguesa Clásica,Hamburguesas,30,12.0,360.0,Presencial,No,Ninguna,0,Soleado,24,0,5,14,47,45
2024-07-01,Lunes,7,2024,0,0,Almuerzo,12,16,Salchipapa Especial,Salchipapas,25,15.0,375.0,Presencial,No,Ninguna,0,Soleado,24,0,5,12,30,31
2024-07-01,Lunes,7,2024,0,0,Almuerzo,12,16,Pollo Broaster,Pollos,34,18.0,612.0,Presencial,No,Ninguna,0,Soleado,24,0,5,18,61,43
2024-07-01,Lunes,7,2024,0,0,Almuerzo,12,16,Salchipapa Clásica,Salchipapas,17,10.0,170.0,Presencial,No,Ninguna,0,Soleado,24,0,5,8,35,34
2024-07-01,Lunes,7,2024,0,0,Almuerzo,12,16,Cheeseburger,Hamburguesas,16,14.0,224.0,Presencial,No,Ninguna,0,Soleado,24,0,5,8,24,42
2024-07-01,Lunes,7,2024,0,0,Cena,18,22,Pizza Familiar,Pizzas,14,32.0,448.0,Delivery,No,Ninguna,0,Soleado,24,0,8,18,26,63
2024-07-01,Lunes,7,2024,0,0,Cena,18,22,Salchipapa Especial,Salchipapas,28,15.0,420.0,Presencial,No,Ninguna,0,Soleado,24,0,8,15,54,48
2024-07-01,Lunes,7,2024,0,0,Cena,18,22,Cheeseburger,Hamburguesas,19,14.0,266.0,Delivery,No,Ninguna,0,Soleado,24,0,8,14,42,61
2024-07-01,Lunes,7,2024,0,0,Cena,18,22,Hamburguesa BBQ,Hamburguesas,22,16.0,352.0,Delivery,No,Ninguna,0,Soleado,24,0,8,9,28,62
2024-07-01,Lunes,7,2024,0,0,Cena,18,22,Gaseosa,Bebidas,29,4.0,104.4,Presencial,Sí,Combo,10,Soleado,24,0,8,2,45,48
2024-07-01,Lunes,7,2024,0,0,Cena,18,22,Pizza Personal,Pizzas,21,13.0,232.05,Delivery,Sí,Combo,15,Soleado,24,0,8,21,55,44
2024-07-02,Martes,7,2024,0,0,Desayuno,7,11,Hamburguesa Clásica,Hamburguesas,11,12.0,132.0,Presencial,No,Ninguna,0,Soleado,31,0,2,8,22,20
2024-07-02,Martes,7,2024,0,0,Desayuno,7,11,Sándwich de Pollo,Sándwiches,10,11.0,110.0,Presencial,No,Ninguna,0,Soleado,31,0,2,11,18,12
2024-07-02,Martes,7,2024,0,0,Desayuno,7,11,Cheeseburger,Hamburguesas,8,14.0,112.0,Presencial,No,Ninguna,0,Soleado,31,0,2,10,38,13
2024-07-02,Martes,7,2024,0,0,Desayuno,7,11,Jugo Natural,Bebidas,11,6.0,66.0,Presencial,No,Ninguna,0,Soleado,31,0,2,4,27,12
2024-07-02,Martes,7,2024,0,0,Desayuno,7,11,Gaseosa,Bebidas,20,4.0,80.0,Delivery,No,Ninguna,0,Soleado,31,0,2,2,53,19
2024-07-02,Martes,7,2024,0,0,Desayuno,7,11,Salchipapa Clásica,Salchipapas,11,10.0,82.5,Presencial,Sí,Combo,25,Soleado,31,0,2,11,29,23
2024-07-02,Martes,7,2024,0,0,Almuerzo,12,16,Gaseosa,Bebidas,39,4.0,156.0,Presencial,No,Ninguna,0,Soleado,31,0,4,2,96,27
2024-07-02,Martes,7,2024,0,0,Almuerzo,12,16,Salchipapa Clásica,Salchipapas,24,10.0,240.0,Delivery,No,Ninguna,0,Soleado,31,0,4,12,57,28
2024-07-02,Martes,7,2024,0,0,Almuerzo,12,16,Hamburguesa Clásica,Hamburguesas,29,12.0,313.2,Presencial,Sí,Descuento,10,Soleado,31,0,4,13,39,38
2024-07-02,Martes,7,2024,0,0,Almuerzo,12,16,Hamburguesa BBQ,Hamburguesas,25,16.0,400.0,Delivery,No,Ninguna,0,Soleado,31,0,4,10,35,38
2024-07-02,Martes,7,2024,0,0,Cena,18,22,Salchipapa Especial,Salchipapas,24,15.0,360.0,Web,No,Ninguna,0,Soleado,31,0,7,12,45,42
2024-07-02,Martes,7,2024,0,0,Cena,18,22,Pollo Broaster,Pollos,31,18.0,558.0,Delivery,No,Ninguna,0,Soleado,31,0,7,15,37,51
2024-07-02,Martes,7,2024,0,0,Cena,18,22,Pizza Familiar,Pizzas,17,32.0,435.2,Delivery,Sí,Combo,20,Soleado,31,0,7,20,33,58
2024-07-02,Martes,7,2024,0,0,Cena,18,22,Hamburguesa BBQ,Hamburguesas,21,16.0,336.0,Web,No,Ninguna,0,Soleado,31,0,7,13,49,49
2024-07-02,Martes,7,2024,0,0,Cena,18,22,Gaseosa,Bebidas,37,4.0,111.0,Delivery,Sí,Combo,25,Soleado,31,0,7,5,52,52
2024-07-03,Miércoles,7,2024,0,0,Desayuno,7,11,Jugo Natural,Bebidas,9,6.0,54.0,Web,No,Ninguna,0,Nublado,23,0,2,5,35,10
2024-07-03,Miércoles,7,2024,0,0,Desayuno,7,11,Pizza Familiar,Pizzas,6,32.0,192.0,Presencial,No,Ninguna,0,Nublado,23,0,2,15,32,24
2024-07-03,Miércoles,7,2024,0,0,Desayuno,7,11,Alitas BBQ,Pollos,10,20.0,200.0,Presencial,No,Ninguna,0,Nublado,23,0,2,18,20,13
2024-07-03,Miércoles,7,2024,0,0,Almuerzo,12,16,Cheeseburger,Hamburguesas,18,14.0,252.0,Presencial,No,Ninguna,0,Nublado,23,0,5,8,40,42
2024-07-03,Miércoles,7,2024,0,0,Almuerzo,12,16,Pollo Broaster,Pollos,35,18.0,630.0,Web,No,Ninguna,0,Nublado,23,0,5,16,41,35
2024-07-03,Miércoles,7,2024,0,0,Almuerzo,12,16,Sándwich de Pollo,Sándwiches,18,11.0,158.4,Delivery,Sí,Combo,20,Nublado,23,0,5,12,50,45
2024-07-03,Miércoles,7,2024,0,0,Almuerzo,12,16,Hamburguesa BBQ,Hamburguesas,24,16.0,384.0,Presencial,No,Ninguna,0,Nublado,23,0,5,14,29,35
2024-07-03,Miércoles,7,2024,0,0,Cena,18,22,Salchipapa Especial,Salchipapas,25,15.0,375.0,Web,No,Ninguna,0,Nublado,23,0,8,8,57,59
2024-07-03,Miércoles,7,2024,0,0,Cena,18,22,Pizza Familiar,Pizzas,17,32.0,489.6,Web,Sí,Descuento,10,Nublado,23,0,8,19,24,63
2024-07-03,Miércoles,7,2024,0,0,Cena,18,22,Pizza Personal,Pizzas,22,13.0,286.0,Presencial,No,Ninguna,0,Nublado,23,0,8,16,56,64
2024-07-03,Miércoles,7,2024,0,0,Cena,18,22,Hamburguesa Clásica,Hamburguesas,23,12.0,276.0,Delivery,No,Ninguna,0,Nublado,23,0,8,13,56,49
2024-07-03,Miércoles,7,2024,0,0,Cena,18,22,Jugo Natural,Bebidas,15,6.0,90.0,Presencial,No,Ninguna,0,Nublado,23,0,8,3,31,57
2024-07-04,Jueves,7,2024,0,0,Desayuno,7,11,Pizza Personal,Pizzas,11,13.0,143.0,Presencial,No,Ninguna,0,Nublado,24,0,2,22,24,13
2024-07-04,Jueves,7,2024,0,0,Desayuno,7,11,Gaseosa,Bebidas,15,4.0,60.0,Presencial,No,Ninguna,0,Nublado,24,0,2,4,51,17
2024-07-04,Jueves,7,2024,0,0,Desayuno,7,11,Hamburguesa Clásica,Hamburguesas,15,12.0,180.0,Delivery,No,Ninguna,0,Nublado,24,0,2,10,42,21
2024-07-04,Jueves,7,2024,0,0,Desayuno,7,11,Sándwich de Pollo,Sándwiches,9,11.0,99.0,Presencial,No,Ninguna,0,Nublado,24,0,2,8,25,18
2024-07-04,Jueves,7,2024,0,0,Almuerzo,12,16,Salchipapa Clásica,Salchipapas,22,10.0,220.0,Presencial,No,Ninguna,0,Nublado,24,0,7,8,29,32
2024-07-04,Jueves,7,2024,0,0,Almuerzo,12,16,Alitas BBQ,Pollos,21,20.0,420.0,Presencial,No,Ninguna,0,Nublado,24,0,7,20,28,29
2024-07-04,Jueves,7,2024,0,0,Almuerzo,12,16,Salchipapa Especial,Salchipapas,26,15.0,390.0,Presencial,No,Ninguna,0,Nublado,24,0,7,12,37,42
2024-07-04,Jueves,7,2024,0,0,Almuerzo,12,16,Gaseosa,Bebidas,29,4.0,116.0,Delivery,No,Ninguna,0,Nublado,24,0,7,5,62,37
2024-07-04,Jueves,7,2024,0,0,Almuerzo,12,16,Pizza Personal,Pizzas,20,13.0,260.0,Delivery,No,Ninguna,0,Nublado,24,0,7,20,50,39
2024-07-04,Jueves,7,2024,0,0,Almuerzo,12,16,Hamburguesa Clásica,Hamburguesas,32,12.0,384.0,Presencial,No,Ninguna,0,Nublado,24,0,7,9,65,25
2024-07-04,Jueves,7,2024,0,0,Cena,18,22,Hamburguesa BBQ,Hamburguesas,19,16.0,304.0,Presencial,No,Ninguna,0,Nublado,24,0,7,14,36,49
2024-07-04,Jueves,7,2024,0,0,Cena,18,22,Gaseosa,Bebidas,32,4.0,128.0,Delivery,No,Ninguna,0,Nublado,24,0,7,2,71,50
2024-07-04,Jueves,7,2024,0,0,Cena,18,22,Pizza Personal,Pizzas,16,13.0,208.0,Delivery,No,Ninguna,0,Nublado,24,0,7,17,32,55
2024-07-04,Jueves,7,2024,0,0,Cena,18,22,Pollo Broaster,Pollos,23,18.0,414.0,Web,No,Ninguna,0,Nublado,24,0,7,17,49,47
2024-07-05,Viernes,7,2024,0,0,Desayuno,7,11,Sándwich de Pollo,Sándwiches,11,11.0,121.0,Presencial,No,Ninguna,0,Nublado,20,0,2,11,35,17
2024-07-05,Viernes,7,2024,0,0,Desayuno,7,11,Jugo Natural,Bebidas,11,6.0,66.0,Presencial,No,Ninguna,0,Nublado,20,0,2,3,34,24
2024-07-05,Viernes,7,2024,0,0,Desayuno,7,11,Salchipapa Clásica,Salchipapas,13,10.0,97.5,Presencial,Sí,Combo,25,Nublado,20,0,2,14,30,17
2024-07-05,Viernes,7,2024,0,0,Desayuno,7,11,Salchipapa Especial,Salchipapas,17,15.0,255.0,Delivery,No,Ninguna,0,Nublado,20,0,2,10,48,25
2024-07-05,Viernes,7,2024,0,0,Almuerzo,12,16,Pollo Broaster,Pollos,34,18.0,612.0,Presencial,No,Ninguna,0,Nublado,20,0,4,12,42,36
2024-07-05,Viernes,7,2024,0,0,Almuerzo,12,16,Salchipapa Especial,Salchipapas,32,15.0,480.0,Presencial,No,Ninguna,0,Nublado,20,0,4,15,39,45
2024-07-05,Viernes,7,2024,0,0,Almuerzo,12,16,Sándwich de Pollo,Sándwiches,26,11.0,286.0,Presencial,No,Ninguna,0,Nublado,20,0,4,9,35,25
2024-07-05,Viernes,7,2024,0,0,Almuerzo,12,16,Hamburguesa BBQ,Hamburguesas,29,16.0,464.0,Presencial,No,Ninguna,0,Nublado,20,0,4,11,36,35
2024-07-05,Viernes,7,2024,0,0,Cena,18,22,Alitas BBQ,Pollos,17,20.0,340.0,Presencial,No,Ninguna,0,Nublado,20,0,8,15,26,44
2024-07-05,Viernes,7,2024,0,0,Cena,18,22,Jugo Natural,Bebidas,27,6.0,162.0,Web,No,Ninguna,0,Nublado,20,0,8,2,60,42
2024-07-05,Viernes,7,2024,0,0,Cena,18,22,Pollo Broaster,Pollos,33,18.0,594.0,Delivery,No,Ninguna,0,Nublado,20,0,8,12,63,49
2024-07-05,Viernes,7,2024,0,0,Cena,18,22,Pizza Personal,Pizzas,22,13.0,286.0,Delivery,No,Ninguna,0,Nublado,20,0,8,24,49,59
2024-07-05,Viernes,7,2024,0,0,Cena,18,22,Gaseosa,Bebidas,50,4.0,200.0,Delivery,No,Ninguna,0,Nublado,20,0,8,5,110,42
2024-07-06,Sábado,7,2024,1,0,Desayuno,7,11,Cheeseburger,Hamburguesas,11,14.0,154.0,Presencial,No,Ninguna,0,Nublado,18,0,2,13,35,27
2024-07-06,Sábado,7,2024,1,0,Desayuno,7,11,Gaseosa,Bebidas,28,4.0,100.8,Presencial,Sí,Combo,10,Nublado,18,0,2,5,83,25
2024-07-06,Sábado,7,2024,1,0,Desayuno,7,11,Salchipapa Clásica,Salchipapas,12,10.0,120.0,Presencial,No,Ninguna,0,Nublado,18,0,2,15,20,28
2024-07-06,Sábado,7,2024,1,0,Desayuno,7,11,Sándwich de Pollo,Sándwiches,10,11.0,110.0,Delivery,No,Ninguna,0,Nublado,18,0,2,11,24,18
2024-07-06,Sábado,7,2024,1,0,Almuerzo,12,16,Salchipapa Especial,Salchipapas,31,15.0,395.25,Delivery,Sí,Combo,15,Nublado,18,0,6,10,63,53
2024-07-06,Sábado,7,2024,1,0,Almuerzo,12,16,Hamburguesa Clásica,Hamburguesas,37,12.0,444.0,Presencial,No,Ninguna,0,Nublado,18,0,6,13,58,32
2024-07-06,Sábado,7,2024,1,0,Almuerzo,12,16,Hamburguesa BBQ,Hamburguesas,30,16.0,480.0,Presencial,No,Ninguna,0,Nublado,18,0,6,11,56,45
2024-07-06,Sábado,7,2024,1,0,Almuerzo,12,16,Pollo Broaster,Pollos,59,18.0,1062.0,Presencial,No,Ninguna,0,Nublado,18,0,6,12,90,47
2024-07-06,Sábado,7,2024,1,0,Almuerzo,12,16,Sándwich de Pollo,Sándwiches,27,11.0,297.0,Delivery,No,Ninguna,0,Nublado,18,0,6,9,59,41
2024-07-06,Sábado,7,2024,1,0,Cena,18,22,Hamburguesa BBQ,Hamburguesas,25,16.0,400.0,Web,No,Ninguna,0,Nublado,18,0,7,13,42,57
2024-07-06,Sábado,7,2024,1,0,Cena,18,22,Salchipapa Clásica,Salchipapas,27,10.0,270.0,Delivery,No,Ninguna,0,Nublado,18,0,7,14,37,71
2024-07-06,Sábado,7,2024,1,0,Cena,18,22,Pizza Familiar,Pizzas,18,32.0,460.8,Presencial,Sí,Descuento,20,Nublado,18,0,7,20,23,76
2024-07-06,Sábado,7,2024,1,0,Cena,18,22,Alitas BBQ,Pollos,27,20.0,540.0,Web,No,Ninguna,0,Nublado,18,0,7,17,59,63
2024-07-06,Sábado,7,2024,1,0,Cena,18,22,Salchipapa Especial,Salchipapas,48,15.0,648.0,Web,Sí,Descuento,10,Nublado,18,0,7,15,71,66
2024-07-07,Domingo,7,2024,1,0,Desayuno,7,11,Jugo Natural,Bebidas,16,6.0,96.0,Presencial,No,Ninguna,0,Lluvioso,18,1,5,2,49,37
2024-07-07,Domingo,7,2024,1,0,Desayuno,7,11,Sándwich de Pollo,Sándwiches,12,11.0,132.0,Delivery,No,Ninguna,0,Lluvioso,18,1,5,6,31,51
2024-07-07,Domingo,7,2024,1,0,Desayuno,7,11,Gaseosa,Bebidas,22,4.0,74.8,Delivery,Sí,Combo,15,Lluvioso,18,1,5,5,78,39
2024-07-07,Domingo,7,2024,1,0,Desayuno,7,11,Cheeseburger,Hamburguesas,11,14.0,154.0,Delivery,No,Ninguna,0,Lluvioso,18,1,5,11,31,32
2024-07-07,Domingo,7,2024,1,0,Desayuno,7,11,Salchipapa Clásica,Salchipapas,15,10.0,150.0,Presencial,No,Ninguna,0,Lluvioso,18,1,5,14,26,41
2024-07-07,Domingo,7,2024,1,0,Almuerzo,12,16,Pollo Broaster,Pollos,67,18.0,1206.0,Delivery,No,Ninguna,0,Lluvioso,18,1,5,20,78,54
2024-07-07,Domingo,7,2024,1,0,Almuerzo,12,16,Hamburguesa Clásica,Hamburguesas,39,12.0,468.0,Delivery,No,Ninguna,0,Lluvioso,18,1,5,14,60,57
2024-07-07,Domingo,7,2024,1,0,Almuerzo,12,16,Pizza Personal,Pizzas,23,13.0,224.25,Delivery,Sí,Descuento,25,Lluvioso,18,1,5,25,36,71
2024-07-07,Domingo,7,2024,1,0,Cena,18,22,Pollo Broaster,Pollos,29,18.0,522.0,Web,No,Ninguna,0,Lluvioso,18,1,7,13,63,76
2024-07-07,Domingo,7,2024,1,0,Cena,18,22,Salchipapa Especial,Salchipapas,31,15.0,465.0,Web,No,Ninguna,0,Lluvioso,18,1,7,13,61,65
2024-07-07,Domingo,7,2024,1,0,Cena,18,22,Salchipapa Clásica,Salchipapas,33,10.0,330.0,Delivery,No,Ninguna,0,Lluvioso,18,1,7,8,47,86
2024-07-07,Domingo,7,2024,1,0,Cena,18,22,Pizza Familiar,Pizzas,16,32.0,512.0,Presencial,No,Ninguna,0,Lluvioso,18,1,7,21,49,58
2024-07-07,Domingo,7,2024,1,0,Cena,18,22,Hamburguesa Clásica,Hamburguesas,25,12.0,300.0,Web,No,Ninguna,0,Lluvioso,18,1,7,8,38,67
2024-07-08,Lunes,7,2024,0,0,Desayuno,7,11,Jugo Natural,Bebidas,10,6.0,48.0,Presencial,Sí,Descuento,20,Nublado,19,0,4,4,27,26
2024-07-08,Lunes,7,2024,0,0,Desayuno,7,11,Gaseosa,Bebidas,17,4.0,61.2,Presencial,Sí,Descuento,10,Nublado,19,0,4,3,62,19
2024-07-08,Lunes,7,2024,0,0,Desayuno,7,11,Sándwich de Pollo,Sándwiches,3,11.0,33.0,Presencial,No,Ninguna,0,Nublado,19,0,4,9,33,23
2024-07-08,Lunes,7,2024,0,0,Desayuno,7,11,Cheeseburger,Hamburguesas,8,14.0,112.0,Presencial,No,Ninguna,0,Nublado,19,0,4,14,25,23
2024-07-08,Lunes,7,2024,0,0,Almuerzo,12,16,Salchipapa Clásica,Salchipapas,24,10.0,192.0,Web,Sí,Descuento,20,Nublado,19,0,7,12,40,29
2024-07-08,Lunes,7,2024,0,0,Almuerzo,12,16,Cheeseburger,Hamburguesas,17,14.0,238.0,Presencial,No,Ninguna,0,Nublado,19,0,7,9,39,27
2024-07-08,Lunes,7,2024,0,0,Almuerzo,12,16,Hamburguesa Clásica,Hamburguesas,28,12.0,336.0,Web,No,Ninguna,0,Nublado,19,0,7,9,42,36
2024-07-08,Lunes,7,2024,0,0,Almuerzo,12,16,Pollo Broaster,Pollos,34,18.0,612.0,Delivery,No,Ninguna,0,Nublado,19,0,7,12,41,37
2024-07-08,Lunes,7,2024,0,0,Cena,18,22,Gaseosa,Bebidas,32,4.0,108.8,Delivery,Sí,Descuento,15,Nublado,19,0,5,5,58,43
2024-07-08,Lunes,7,2024,0,0,Cena,18,22,Pollo Broaster,Pollos,28,18.0,504.0,Delivery,No,Ninguna,0,Nublado,19,0,5,16,43,52
2024-07-08,Lunes,7,2024,0,0,Cena,18,22,Salchipapa Especial,Salchipapas,28,15.0,378.0,Presencial,Sí,Combo,10,Nublado,19,0,5,14,36,49
2024-07-08,Lunes,7,2024,0,0,Cena,18,22,Hamburguesa Clásica,Hamburguesas,22,12.0,264.0,Delivery,No,Ninguna,0,Nublado,19,0,5,8,44,40
2024-07-08,Lunes,7,2024,0,0,Cena,18,22,Pizza Personal,Pizzas,13,13.0,169.0,Presencial,No,Ninguna,0,Nublado,19,0,5,23,45,55
2024-07-09,Martes,7,2024,0,0,Desayuno,7,11,Hamburguesa Clásica,Hamburguesas,13,12.0,156.0,Presencial,No,Ninguna,0,Nublado,19,0,4,11,24,20
2024-07-09,Martes,7,2024,0,0,Desayuno,7,11,Jugo Natural,Bebidas,14,6.0,75.6,Presencial,Sí,2x1,10,Nublado,19,0,4,4,72,26
2024-07-09,Martes,7,2024,0,0,Desayuno,7,11,Salchipapa Especial,Salchipapas,14,15.0,210.0,Delivery,No,Ninguna,0,Nublado,19,0,4,15,46,16
2024-07-09,Martes,7,2024,0,0,Desayuno,7,11,Alitas BBQ,Pollos,6,20.0,120.0,Web,No,Ninguna,0,Nublado,19,0,4,18,40,24
2024-07-09,Martes,7,2024,0,0,Desayuno,7,11,Sándwich de Pollo,Sándwiches,7,11.0,77.0,Presencial,No,Ninguna,0,Nublado,19,0,4,8,36,25
2024-07-09,Martes,7,2024,0,0,Desayuno,7,11,Hamburguesa BBQ,Hamburguesas,10,16.0,160.0,Presencial,No,Ninguna,0,Nublado,19,0,4,9,21,24
2024-07-09,Martes,7,2024,0,0,Almuerzo,12,16,Hamburguesa Clásica,Hamburguesas,22,12.0,264.0,Delivery,No,Ninguna,0,Nublado,19,0,6,12,33,37
2024-07-09,Martes,7,2024,0,0,Almuerzo,12,16,Pollo Broaster,Pollos,36,18.0,648.0,Presencial,No,Ninguna,0,Nublado,19,0,6,17,63,30
2024-07-09,Martes,7,2024,0,0,Almuerzo,12,16,Alitas BBQ,Pollos,25,20.0,500.0,Presencial,No,Ninguna,0,Nublado,19,0,6,13,32,32
2024-07-09,Martes,7,2024,0,0,Almuerzo,12,16,Salchipapa Especial,Salchipapas,28,15.0,420.0,Presencial,No,Ninguna,0,Nublado,19,0,6,14,55,35
2024-07-09,Martes,7,2024,0,0,Cena,18,22,Hamburguesa BBQ,Hamburguesas,18,16.0,288.0,Delivery,No,Ninguna,0,Nublado,19,0,8,11,50,61
2024-07-09,Martes,7,2024,0,0,Cena,18,22,Pizza Familiar,Pizzas,11,32.0,352.0,Presencial,No,Ninguna,0,Nublado,19,0,8,18,27,46
2024-07-09,Martes,7,2024,0,0,Cena,18,22,Gaseosa,Bebidas,22,4.0,88.0,Delivery,No,Ninguna,0,Nublado,19,0,8,5,73,42
2024-07-09,Martes,7,2024,0,0,Cena,18,22,Pollo Broaster,Pollos,42,18.0,642.6,Web,Sí,Combo,15,Nublado,19,0,8,16,68,68
2024-07-09,Martes,7,2024,0,0,Cena,18,22,Salchipapa Especial,Salchipapas,16,15.0,240.0,Presencial,No,Ninguna,0,Nublado,19,0,8,14,32,65
2024-07-10,Miércoles,7,2024,0,0,Desayuno,7,11,Jugo Natural,Bebidas,10,6.0,60.0,Presencial,No,Ninguna,0,Soleado,31,0,4,2,69,25
2024-07-10,Miércoles,7,2024,0,0,Desayuno,7,11,Gaseosa,Bebidas,16,4.0,64.0,Presencial,No,Ninguna,0,Soleado,31,0,4,4,73,14
2024-07-10,Miércoles,7,2024,0,0,Desayuno,7,11,Pollo Broaster,Pollos,16,18.0,288.0,Presencial,No,Ninguna,0,Soleado,31,0,4,17,29,10
2024-07-10,Miércoles,7,2024,0,0,Almuerzo,12,16,Pollo Broaster,Pollos,32,18.0,576.0,Web,No,Ninguna,0,Soleado,31,0,4,15,49,31
2024-07-10,Miércoles,7,2024,0,0,Almuerzo,12,16,Sándwich de Pollo,Sándwiches,25,11.0,275.0,Delivery,No,Ninguna,0,Soleado,31,0,4,10,56,31
2024-07-10,Miércoles,7,2024,0,0,Almuerzo,12,16,Gaseosa,Bebidas,38,4.0,152.0,Presencial,No,Ninguna,0,Soleado,31,0,4,2,72,32
2024-07-10,Miércoles,7,2024,0,0,Almuerzo,12,16,Cheeseburger,Hamburguesas,15,14.0,210.0,Web,No,Ninguna,0,Soleado,31,0,4,9,30,42
2024-07-10,Miércoles,7,2024,0,0,Cena,18,22,Pollo Broaster,Pollos,28,18.0,504.0,Presencial,No,Ninguna,0,Soleado,31,0,4,19,46,47
2024-07-10,Miércoles,7,2024,0,0,Cena,18,22,Alitas BBQ,Pollos,20,20.0,400.0,Delivery,No,Ninguna,0,Soleado,31,0,4,12,41,47
2024-07-10,Miércoles,7,2024,0,0,Cena,18,22,Salchipapa Clásica,Salchipapas,15,10.0,150.0,Presencial,No,Ninguna,0,Soleado,31,0,4,9,31,42
2024-07-10,Miércoles,7,2024,0,0,Cena,18,22,Gaseosa,Bebidas,39,4.0,156.0,Delivery,No,Ninguna,0,Soleado,31,0,4,2,56,64
2024-07-10,Miércoles,7,2024,0,0,Cena,18,22,Pizza Familiar,Pizzas,8,32.0,256.0,Delivery,No,Ninguna,0,Soleado,31,0,4,18,13,61
2024-07-11,Jueves,7,2024,0,0,Desayuno,7,11,Sándwich de Pollo,Sándwiches,9,11.0,99.0,Presencial,No,Ninguna,0,Lluvioso,19,1,2,9,37,27
2024-07-11,Jueves,7,2024,0,0,Desayuno,7,11,Gaseosa,Bebidas,18,4.0,72.0,Presencial,No,Ninguna,0,Lluvioso,19,1,2,2,65,21
2024-07-11,Jueves,7,2024,0,0,Desayuno,7,11,Cheeseburger,Hamburguesas,13,14.0,182.0,Delivery,No,Ninguna,0,Lluvioso,19,1,2,11,47,34
2024-07-11,Jueves,7,2024,0,0,Desayuno,7,11,Pizza Personal,Pizzas,12,13.0,156.0,Presencial,No,Ninguna,0,Lluvioso,19,1,2,25,22,31
2024-07-11,Jueves,7,2024,0,0,Almuerzo,12,16,Gaseosa,Bebidas,47,4.0,188.0,Delivery,No,Ninguna,0,Lluvioso,19,1,7,5,67,51
2024-07-11,Jueves,7,2024,0,0,Almuerzo,12,16,Hamburguesa BBQ,Hamburguesas,33,16.0,528.0,Presencial,No,Ninguna,0,Lluvioso,19,1,7,13,55,47
2024-07-11,Jueves,7,2024,0,0,Almuerzo,12,16,Pollo Broaster,Pollos,44,18.0,792.0,Presencial,No,Ninguna,0,Lluvioso,19,1,7,20,52,42
2024-07-11,Jueves,7,2024,0,0,Almuerzo,12,16,Salchipapa Clásica,Salchipapas,26,10.0,260.0,Delivery,No,Ninguna,0,Lluvioso,19,1,7,15,43,54
2024-07-11,Jueves,7,2024,0,0,Cena,18,22,Gaseosa,Bebidas,41,4.0,147.6,Web,Sí,Combo,10,Lluvioso,19,1,8,3,92,78
2024-07-11,Jueves,7,2024,0,0,Cena,18,22,Hamburguesa BBQ,Hamburguesas,25,16.0,320.0,Presencial,Sí,Descuento,20,Lluvioso,19,1,8,8,56,75
2024-07-11,Jueves,7,2024,0,0,Cena,18,22,Salchipapa Especial,Salchipapas,33,15.0,495.0,Presencial,No,Ninguna,0,Lluvioso,19,1,8,8,38,72
2024-07-11,Jueves,7,2024,0,0,Cena,18,22,Jugo Natural,Bebidas,25,6.0,150.0,Delivery,No,Ninguna,0,Lluvioso,19,1,8,5,75,59
2024-07-12,Viernes,7,2024,0,0,Desayuno,7,11,Jugo Natural,Bebidas,15,6.0,90.0,Presencial,No,Ninguna,0,Lluvioso,19,1,2,2,34,21
2024-07-12,Viernes,7,2024,0,0,Desayuno,7,11,Sándwich de Pollo,Sándwiches,9,11.0,99.0,Presencial,No,Ninguna,0,Lluvioso,19,1,2,6,26,42
2024-07-12,Viernes,7,2024,0,0,Desayuno,7,11,Gaseosa,Bebidas,20,4.0,80.0,Web,No,Ninguna,0,Lluvioso,19,1,2,2,75,33
2024-07-12,Viernes,7,2024,0,0,Desayuno,7,11,Cheeseburger,Hamburguesas,12,14.0,168.0,Delivery,No,Ninguna,0,Lluvioso,19,1,2,9,42,34
2024-07-12,Viernes,7,2024,0,0,Almuerzo,12,16,Hamburguesa Clásica,Hamburguesas,36,12.0,432.0,Delivery,No,Ninguna,0,Lluvioso,19,1,7,8,66,60
2024-07-12,Viernes,7,2024,0,0,Almuerzo,12,16,Gaseosa,Bebidas,55,4.0,220.0,Delivery,No,Ninguna,0,Lluvioso,19,1,7,5,113,47
2024-07-12,Viernes,7,2024,0,0,Almuerzo,12,16,Alitas BBQ,Pollos,19,20.0,380.0,Presencial,No,Ninguna,0,Lluvioso,19,1,7,15,35,54
2024-07-12,Viernes,7,2024,0,0,Almuerzo,12,16,Pollo Broaster,Pollos,42,18.0,756.0,Presencial,No,Ninguna,0,Lluvioso,19,1,7,18,67,48
2024-07-12,Viernes,7,2024,0,0,Cena,18,22,Gaseosa,Bebidas,51,4.0,204.0,Delivery,No,Ninguna,0,Lluvioso,19,1,8,3,108,77
2024-07-12,Viernes,7,2024,0,0,Cena,18,22,Salchipapa Especial,Salchipapas,31,15.0,465.0,Delivery,No,Ninguna,0,Lluvioso,19,1,8,14,62,71
2024-07-12,Viernes,7,2024,0,0,Cena,18,22,Cheeseburger,Hamburguesas,23,14.0,322.0,Web,No,Ninguna,0,Lluvioso,19,1,8,8,55,69
2024-07-12,Viernes,7,2024,0,0,Cena,18,22,Pollo Broaster,Pollos,34,18.0,612.0,Delivery,No,Ninguna,0,Lluvioso,19,1,8,16,46,71
2024-07-13,Sábado,7,2024,1,0,Desayuno,7,11,Gaseosa,Bebidas,18,4.0,72.0,Presencial,No,Ninguna,0,Soleado,29,0,5,4,53,30
2024-07-13,Sábado,7,2024,1,0,Desayuno,7,11,Sándwich de Pollo,Sándwiches,10,11.0,110.0,Presencial,No,Ninguna,0,Soleado,29,0,5,9,20,30
2024-07-13,Sábado,7,2024,1,0,Desayuno,7,11,Hamburguesa BBQ,Hamburguesas,17,16.0,272.0,Presencial,No,Ninguna,0,Soleado,29,0,5,12,23,14
2024-07-13,Sábado,7,2024,1,0,Desayuno,7,11,Jugo Natural,Bebidas,14,6.0,84.0,Delivery,No,Ninguna,0,Soleado,29,0,5,4,46,29
2024-07-13,Sábado,7,2024,1,0,Desayuno,7,11,Cheeseburger,Hamburguesas,13,14.0,182.0,Presencial,No,Ninguna,0,Soleado,29,0,5,8,20,30
2024-07-13,Sábado,7,2024,1,0,Almuerzo,12,16,Salchipapa Especial,Salchipapas,35,15.0,525.0,Delivery,No,Ninguna,0,Soleado,29,0,5,9,44,39
2024-07-13,Sábado,7,2024,1,0,Almuerzo,12,16,Pizza Familiar,Pizzas,26,32.0,832.0,Delivery,No,Ninguna,0,Soleado,29,0,5,18,55,50
2024-07-13,Sábado,7,2024,1,0,Almuerzo,12,16,Pollo Broaster,Pollos,41,18.0,738.0,Presencial,No,Ninguna,0,Soleado,29,0,5,17,64,40
2024-07-13,Sábado,7,2024,1,0,Almuerzo,12,16,Hamburguesa Clásica,Hamburguesas,51,12.0,520.2,Web,Sí,Descuento,15,Soleado,29,0,5,11,82,46
2024-07-13,Sábado,7,2024,1,0,Cena,18,22,Salchipapa Clásica,Salchipapas,27,10.0,270.0,Delivery,No,Ninguna,0,Soleado,29,0,7,9,40,66
2024-07-13,Sábado,7,2024,1,0,Cena,18,22,Pizza Personal,Pizzas,29,13.0,377.0,Web,No,Ninguna,0,Soleado,29,0,7,24,41,57
2024-07-13,Sábado,7,2024,1,0,Cena,18,22,Pollo Broaster,Pollos,51,18.0,918.0,Delivery,No,Ninguna,0,Soleado,29,0,7,17,66,49
2024-07-13,Sábado,7,2024,1,0,Cena,18,22,Gaseosa,Bebidas,40,4.0,160.0,Delivery,No,Ninguna,0,Soleado,29,0,7,2,81,56
2024-07-13,Sábado,7,2024,1,0,Cena,18,22,Salchipapa Especial,Salchipapas,46,15.0,690.0,Presencial,No,Ninguna,0,Soleado,29,0,7,15,62,54
2024-07-14,Domingo,7,2024,1,0,Desayuno,7,11,Salchipapa Clásica,Salchipapas,13,10.0,130.0,Delivery,No,Ninguna,0,Lluvioso,21,1,3,8,31,41
2024-07-14,Domingo,7,2024,1,0,Desayuno,7,11,Sándwich de Pollo,Sándwiches,15,11.0,165.0,Presencial,No,Ninguna,0,Lluvioso,21,1,3,6,33,41
2024-07-14,Domingo,7,2024,1,0,Desayuno,7,11,Gaseosa,Bebidas,19,4.0,76.0,Presencial,No,Ninguna,0,Lluvioso,21,1,3,3,42,31
2024-07-14,Domingo,7,2024,1,0,Desayuno,7,11,Alitas BBQ,Pollos,11,20.0,220.0,Delivery,No,Ninguna,0,Lluvioso,21,1,3,15,24,45
2024-07-14,Domingo,7,2024,1,0,Desayuno,7,11,Jugo Natural,Bebidas,14,6.0,84.0,Presencial,No,Ninguna,0,Lluvioso,21,1,3,4,67,33
2024-07-14,Domingo,7,2024,1,0,Almuerzo,12,16,Gaseosa,Bebidas,49,4.0,196.0,Delivery,No,Ninguna,0,Lluvioso,21,1,5,2,71,52
2024-07-14,Domingo,7,2024,1,0,Almuerzo,12,16,Salchipapa Especial,Salchipapas,40,15.0,600.0,Delivery,No,Ninguna,0,Lluvioso,21,1,5,9,61,57
2024-07-14,Domingo,7,2024,1,0,Almuerzo,12,16,Sándwich de Pollo,Sándwiches,33,11.0,363.0,Delivery,No,Ninguna,0,Lluvioso,21,1,5,12,40,57
2024-07-14,Domingo,7,2024,1,0,Almuerzo,12,16,Pollo Broaster,Pollos,47,18.0,846.0,Web,No,Ninguna,0,Lluvioso,21,1,5,13,62,66
2024-07-14,Domingo,7,2024,1,0,Almuerzo,12,16,Hamburguesa Clásica,Hamburguesas,53,12.0,572.4,Web,Sí,Combo,10,Lluvioso,21,1,5,9,74,68
2024-07-14,Domingo,7,2024,1,0,Cena,18,22,Salchipapa Especial,Salchipapas,34,15.0,510.0,Delivery,No,Ninguna,0,Lluvioso,21,1,5,9,64,76
2024-07-14,Domingo,7,2024,1,0,Cena,18,22,Hamburguesa Clásica,Hamburguesas,33,12.0,396.0,Delivery,No,Ninguna,0,Lluvioso,21,1,5,10,42,73
2024-07-14,Domingo,7,2024,1,0,Cena,18,22,Pizza Familiar,Pizzas,20,32.0,640.0,Presencial,No,Ninguna,0,Lluvioso,21,1,5,24,48,85
2024-07-15,Lunes,7,2024,0,0,Desayuno,7,11,Salchipapa Clásica,Salchipapas,12,10.0,108.0,Presencial,Sí,Descuento,10,Nublado,23,0,2,15,34,22
2024-07-15,Lunes,7,2024,0,0,Desayuno,7,11,Sándwich de Pollo,Sándwiches,7,11.0,77.0,Presencial,No,Ninguna,0,Nublado,23,0,2,6,17,16
2024-07-15,Lunes,7,2024,0,0,Desayuno,7,11,Jugo Natural,Bebidas,8,6.0,48.0,Presencial,No,Ninguna,0,Nublado,23,0,2,2,40,22
2024-07-15,Lunes,7,2024,0,0,Almuerzo,12,16,Alitas BBQ,Pollos,22,20.0,440.0,Delivery,No,Ninguna,0,Nublado,23,0,7,15,52,34
2024-07-15,Lunes,7,2024,0,0,Almuerzo,12,16,Cheeseburger,Hamburguesas,15,14.0,210.0,Presencial,No,Ninguna,0,Nublado,23,0,7,12,41,41
2024-07-15,Lunes,7,2024,0,0,Almuerzo,12,16,Hamburguesa Clásica,Hamburguesas,29,12.0,348.0,Presencial,No,Ninguna,0,Nublado,23,0,7,9,41,30
2024-07-15,Lunes,7,2024,0,0,Cena,18,22,Pizza Familiar,Pizzas,13,32.0,416.0,Presencial,No,Ninguna,0,Nublado,23,0,5,23,41,57
2024-07-15,Lunes,7,2024,0,0,Cena,18,22,Gaseosa,Bebidas,33,4.0,132.0,Presencial,No,Ninguna,0,Nublado,23,0,5,2,88,63
2024-07-15,Lunes,7,2024,0,0,Cena,18,22,Pollo Broaster,Pollos,22,18.0,396.0,Web,No,Ninguna,0,Nublado,23,0,5,13,47,53
2024-07-15,Lunes,7,2024,0,0,Cena,18,22,Hamburguesa BBQ,Hamburguesas,20,16.0,320.0,Web,No,Ninguna,0,Nublado,23,0,5,11,48,55
2024-07-16,Martes,7,2024,0,0,Desayuno,7,11,Gaseosa,Bebidas,19,4.0,68.4,Delivery,Sí,2x1,10,Nublado,23,0,2,4,69,16
2024-07-16,Martes,7,2024,0,0,Desayuno,7,11,Jugo Natural,Bebidas,12,6.0,72.0,Presencial,No,Ninguna,0,Nublado,23,0,2,4,33,10
2024-07-16,Martes,7,2024,0,0,Desayuno,7,11,Sándwich de Pollo,Sándwiches,7,11.0,77.0,Presencial,No,Ninguna,0,Nublado,23,0,2,12,30,24
2024-07-16,Martes,7,2024,0,0,Desayuno,7,11,Cheeseburger,Hamburguesas,7,14.0,98.0,Presencial,No,Ninguna,0,Nublado,23,0,2,10,25,18
2024-07-16,Martes,7,2024,0,0,Almuerzo,12,16,Pollo Broaster,Pollos,31,18.0,558.0,Presencial,No,Ninguna,0,Nublado,23,0,7,13,58,27
2024-07-16,Martes,7,2024,0,0,Almuerzo,12,16,Gaseosa,Bebidas,31,4.0,124.0,Delivery,No,Ninguna,0,Nublado,23,0,7,2,54,41
2024-07-16,Martes,7,2024,0,0,Almuerzo,12,16,Salchipapa Clásica,Salchipapas,22,10.0,220.0,Web,No,Ninguna,0,Nublado,23,0,7,8,38,37
2024-07-16,Martes,7,2024,0,0,Almuerzo,12,16,Sándwich de Pollo,Sándwiches,20,11.0,220.0,Presencial,No,Ninguna,0,Nublado,23,0,7,12,26,31
2024-07-16,Martes,7,2024,0,0,Almuerzo,12,16,Cheeseburger,Hamburguesas,22,14.0,308.0,Presencial,No,Ninguna,0,Nublado,23,0,7,10,48,29
2024-07-16,Martes,7,2024,0,0,Cena,18,22,Pizza Familiar,Pizzas,10,32.0,320.0,Presencial,No,Ninguna,0,Nublado,23,0,7,16,40,63
2024-07-16,Martes,7,2024,0,0,Cena,18,22,Alitas BBQ,Pollos,16,20.0,320.0,Presencial,No,Ninguna,0,Nublado,23,0,7,13,32,64
2024-07-16,Martes,7,2024,0,0,Cena,18,22,Salchipapa Especial,Salchipapas,25,15.0,375.0,Presencial,No,Ninguna,0,Nublado,23,0,7,14,38,56
2024-07-16,Martes,7,2024,0,0,Cena,18,22,Gaseosa,Bebidas,29,4.0,116.0,Delivery,No,Ninguna,0,Nublado,23,0,7,5,45,48
2024-07-17,Miércoles,7,2024,0,0,Desayuno,7,11,Salchipapa Especial,Salchipapas,9,15.0,135.0,Presencial,No,Ninguna,0,Nublado,22,0,4,10,37,17
2024-07-17,Miércoles,7,2024,0,0,Desayuno,7,11,Sándwich de Pollo,Sándwiches,8,11.0,88.0,Presencial,No,Ninguna,0,Nublado,22,0,4,8,15,13
2024-07-17,Miércoles,7,2024,0,0,Desayuno,7,11,Jugo Natural,Bebidas,12,6.0,54.0,Presencial,Sí,Combo,25,Nublado,22,0,4,3,44,20
2024-07-17,Miércoles,7,2024,0,0,Desayuno,7,11,Gaseosa,Bebidas,16,4.0,64.0,Presencial,No,Ninguna,0,Nublado,22,0,4,5,72,16
2024-07-17,Miércoles,7,2024,0,0,Desayuno,7,11,Salchipapa Clásica,Salchipapas,15,10.0,120.0,Presencial,Sí,Descuento,20,Nublado,22,0,4,12,46,30
2024-07-17,Miércoles,7,2024,0,0,Almuerzo,12,16,Sándwich de Pollo,Sándwiches,21,11.0,231.0,Presencial,No,Ninguna,0,Nublado,22,0,5,8,39,28
2024-07-17,Miércoles,7,2024,0,0,Almuerzo,12,16,Salchipapa Clásica,Salchipapas,24,10.0,240.0,Presencial,No,Ninguna,0,Nublado,22,0,5,8,42,28
2024-07-17,Miércoles,7,2024,0,0,Almuerzo,12,16,Gaseosa,Bebidas,30,4.0,96.0,Presencial,Sí,Combo,20,Nublado,22,0,5,4,67,46
2024-07-17,Miércoles,7,2024,0,0,Almuerzo,12,16,Hamburguesa BBQ,Hamburguesas,24,16.0,384.0,Delivery,No,Ninguna,0,Nublado,22,0,5,12,38,30
2024-07-17,Miércoles,7,2024,0,0,Almuerzo,12,16,Hamburguesa Clásica,Hamburguesas,29,12.0,348.0,Presencial,No,Ninguna,0,Nublado,22,0,5,12,60,31
2024-07-17,Miércoles,7,2024,0,0,Cena,18,22,Salchipapa Especial,Salchipapas,19,15.0,285.0,Delivery,No,Ninguna,0,Nublado,22,0,5,10,27,43
2024-07-17,Miércoles,7,2024,0,0,Cena,18,22,Hamburguesa Clásica,Hamburguesas,27,12.0,324.0,Web,No,Ninguna,0,Nublado,22,0,5,11,51,65
2024-07-17,Miércoles,7,2024,0,0,Cena,18,22,Gaseosa,Bebidas,28,4.0,112.0,Presencial,No,Ninguna,0,Nublado,22,0,5,2,58,50
2024-07-17,Miércoles,7,2024,0,0,Cena,18,22,Alitas BBQ,Pollos,23,20.0,460.0,Delivery,No,Ninguna,0,Nublado,22,0,5,17,44,45
2024-07-17,Miércoles,7,2024,0,0,Cena,18,22,Pizza Personal,Pizzas,18,13.0,234.0,Delivery,No,Ninguna,0,Nublado,22,0,5,17,38,62
2024-07-17,Miércoles,7,2024,0,0,Cena,18,22,Hamburguesa BBQ,Hamburguesas,20,16.0,320.0,Presencial,No,Ninguna,0,Nublado,22,0,5,10,49,63
2024-07-18,Jueves,7,2024,0,0,Desayuno,7,11,Salchipapa Clásica,Salchipapas,9,10.0,90.0,Delivery,No,Ninguna,0,Lluvioso,18,1,4,14,42,32
2024-07-18,Jueves,7,2024,0,0,Desayuno,7,11,Sándwich de Pollo,Sándwiches,9,11.0,99.0,Delivery,No,Ninguna,0,Lluvioso,18,1,4,11,31,25
2024-07-18,Jueves,7,2024,0,0,Desayuno,7,11,Cheeseburger,Hamburguesas,13,14.0,182.0,Presencial,No,Ninguna,0,Lluvioso,18,1,4,12,26,33
2024-07-18,Jueves,7,2024,0,0,Almuerzo,12,16,Pollo Broaster,Pollos,42,18.0,756.0,Delivery,No,Ninguna,0,Lluvioso,18,1,4,12,67,59
2024-07-18,Jueves,7,2024,0,0,Almuerzo,12,16,Gaseosa,Bebidas,45,4.0,180.0,Web,No,Ninguna,0,Lluvioso,18,1,4,4,62,49
2024-07-18,Jueves,7,2024,0,0,Almuerzo,12,16,Pizza Personal,Pizzas,24,13.0,312.0,Web,No,Ninguna,0,Lluvioso,18,1,4,25,53,63
2024-07-18,Jueves,7,2024,0,0,Almuerzo,12,16,Cheeseburger,Hamburguesas,28,14.0,392.0,Web,No,Ninguna,0,Lluvioso,18,1,4,12,35,55
2024-07-18,Jueves,7,2024,0,0,Cena,18,22,Hamburguesa BBQ,Hamburguesas,25,16.0,400.0,Presencial,No,Ninguna,0,Lluvioso,18,1,7,8,52,67
2024-07-18,Jueves,7,2024,0,0,Cena,18,22,Jugo Natural,Bebidas,27,6.0,162.0,Delivery,No,Ninguna,0,Lluvioso,18,1,7,4,48,61
2024-07-18,Jueves,7,2024,0,0,Cena,18,22,Salchipapa Especial,Salchipapas,20,15.0,300.0,Web,No,Ninguna,0,Lluvioso,18,1,7,14,35,69
2024-07-19,Viernes,7,2024,0,0,Desayuno,7,11,Gaseosa,Bebidas,20,4.0,80.0,Presencial,No,Ninguna,0,Nublado,18,0,3,4,35,18
2024-07-19,Viernes,7,2024,0,0,Desayuno,7,11,Cheeseburger,Hamburguesas,6,14.0,84.0,Presencial,No,Ninguna,0,Nublado,18,0,3,8,14,19
2024-07-19,Viernes,7,2024,0,0,Desayuno,7,11,Sándwich de Pollo,Sándwiches,13,11.0,143.0,Presencial,No,Ninguna,0,Nublado,18,0,3,8,18,23
2024-07-19,Viernes,7,2024,0,0,Almuerzo,12,16,Salchipapa Clásica,Salchipapas,24,10.0,240.0,Presencial,No,Ninguna,0,Nublado,18,0,4,12,55,39
2024-07-19,Viernes,7,2024,0,0,Almuerzo,12,16,Pollo Broaster,Pollos,45,18.0,810.0,Delivery,No,Ninguna,0,Nublado,18,0,4,14,62,27
2024-07-19,Viernes,7,2024,0,0,Almuerzo,12,16,Hamburguesa BBQ,Hamburguesas,22,16.0,352.0,Presencial,No,Ninguna,0,Nublado,18,0,4,12,35,27
2024-07-19,Viernes,7,2024,0,0,Almuerzo,12,16,Salchipapa Especial,Salchipapas,25,15.0,375.0,Delivery,No,Ninguna,0,Nublado,18,0,4,10,37,43
2024-07-19,Viernes,7,2024,0,0,Almuerzo,12,16,Cheeseburger,Hamburguesas,28,14.0,392.0,Presencial,No,Ninguna,0,Nublado,18,0,4,12,44,37
2024-07-19,Viernes,7,2024,0,0,Cena,18,22,Gaseosa,Bebidas,24,4.0,96.0,Delivery,No,Ninguna,0,Nublado,18,0,8,3,56,46
2024-07-19,Viernes,7,2024,0,0,Cena,18,22,Pizza Familiar,Pizzas,15,32.0,480.0,Presencial,No,Ninguna,0,Nublado,18,0,8,23,43,44
2024-07-19,Viernes,7,2024,0,0,Cena,18,22,Pollo Broaster,Pollos,47,18.0,846.0,Presencial,No,Ninguna,0,Nublado,18,0,8,20,71,53
2024-07-19,Viernes,7,2024,0,0,Cena,18,22,Salchipapa Clásica,Salchipapas,24,10.0,240.0,Presencial,No,Ninguna,0,Nublado,18,0,8,14,42,47
2024-07-20,Sábado,7,2024,1,0,Desayuno,7,11,Gaseosa,Bebidas,23,4.0,92.0,Presencial,No,Ninguna,0,Lluvioso,18,1,4,2,74,38
2024-07-20,Sábado,7,2024,1,0,Desayuno,7,11,Salchipapa Clásica,Salchipapas,15,10.0,150.0,Delivery,No,Ninguna,0,Lluvioso,18,1,4,13,39,42
2024-07-20,Sábado,7,2024,1,0,Desayuno,7,11,Jugo Natural,Bebidas,16,6.0,96.0,Presencial,No,Ninguna,0,Lluvioso,18,1,4,5,49,55
2024-07-20,Sábado,7,2024,1,0,Desayuno,7,11,Sándwich de Pollo,Sándwiches,12,11.0,132.0,Delivery,No,Ninguna,0,Lluvioso,18,1,4,8,31,43
2024-07-20,Sábado,7,2024,1,0,Desayuno,7,11,Cheeseburger,Hamburguesas,15,14.0,178.5,Delivery,Sí,2x1,15,Lluvioso,18,1,4,12,50,36
2024-07-20,Sábado,7,2024,1,0,Almuerzo,12,16,Jugo Natural,Bebidas,36,6.0,216.0,Delivery,No,Ninguna,0,Lluvioso,18,1,8,2,77,61
2024-07-20,Sábado,7,2024,1,0,Almuerzo,12,16,Pizza Familiar,Pizzas,28,32.0,896.0,Web,No,Ninguna,0,Lluvioso,18,1,8,15,35,63
2024-07-20,Sábado,7,2024,1,0,Almuerzo,12,16,Cheeseburger,Hamburguesas,31,14.0,434.0,Presencial,No,Ninguna,0,Lluvioso,18,1,8,13,65,65
2024-07-20,Sábado,7,2024,1,0,Almuerzo,12,16,Salchipapa Clásica,Salchipapas,32,10.0,320.0,Delivery,No,Ninguna,0,Lluvioso,18,1,8,13,37,50
2024-07-20,Sábado,7,2024,1,0,Cena,18,22,Pizza Familiar,Pizzas,13,32.0,416.0,Delivery,No,Ninguna,0,Lluvioso,18,1,8,21,36,88
2024-07-20,Sábado,7,2024,1,0,Cena,18,22,Pizza Personal,Pizzas,19,13.0,247.0,Delivery,No,Ninguna,0,Lluvioso,18,1,8,21,37,60
2024-07-20,Sábado,7,2024,1,0,Cena,18,22,Salchipapa Especial,Salchipapas,40,15.0,600.0,Delivery,No,Ninguna,0,Lluvioso,18,1,8,10,70,78
2024-07-20,Sábado,7,2024,1,0,Cena,18,22,Hamburguesa BBQ,Hamburguesas,36,16.0,576.0,Delivery,No,Ninguna,0,Lluvioso,18,1,8,14,55,69
2024-07-20,Sábado,7,2024,1,0,Cena,18,22,Pollo Broaster,Pollos,56,18.0,856.8,Web,Sí,Descuento,15,Lluvioso,18,1,8,19,74,77
2024-07-21,Domingo,7,2024,1,0,Desayuno,7,11,Salchipapa Clásica,Salchipapas,10,10.0,100.0,Presencial,No,Ninguna,0,Nublado,24,0,3,13,31,33
2024-07-21,Domingo,7,2024,1,0,Desayuno,7,11,Gaseosa,Bebidas,23,4.0,92.0,Delivery,No,Ninguna,0,Nublado,24,0,3,5,76,19
2024-07-21,Domingo,7,2024,1,0,Desayuno,7,11,Hamburguesa Clásica,Hamburguesas,16,12.0,192.0,Presencial,No,Ninguna,0,Nublado,24,0,3,10,25,20
2024-07-21,Domingo,7,2024,1,0,Desayuno,7,11,Jugo Natural,Bebidas,11,6.0,66.0,Presencial,No,Ninguna,0,Nublado,24,0,3,3,50,32
2024-07-21,Domingo,7,2024,1,0,Almuerzo,12,16,Pollo Broaster,Pollos,49,18.0,882.0,Presencial,No,Ninguna,0,Nublado,24,0,7,15,61,50
2024-07-21,Domingo,7,2024,1,0,Almuerzo,12,16,Jugo Natural,Bebidas,33,6.0,168.3,Presencial,Sí,Combo,15,Nublado,24,0,7,2,76,40
2024-07-21,Domingo,7,2024,1,0,Almuerzo,12,16,Alitas BBQ,Pollos,36,20.0,720.0,Presencial,No,Ninguna,0,Nublado,24,0,7,18,46,35
2024-07-21,Domingo,7,2024,1,0,Almuerzo,12,16,Salchipapa Especial,Salchipapas,33,15.0,495.0,Presencial,No,Ninguna,0,Nublado,24,0,7,8,54,36
2024-07-21,Domingo,7,2024,1,0,Cena,18,22,Salchipapa Clásica,Salchipapas,28,10.0,280.0,Delivery,No,Ninguna,0,Nublado,24,0,8,13,60,67
2024-07-21,Domingo,7,2024,1,0,Cena,18,22,Cheeseburger,Hamburguesas,24,14.0,268.8,Presencial,Sí,Descuento,20,Nublado,24,0,8,11,38,58
2024-07-21,Domingo,7,2024,1,0,Cena,18,22,Gaseosa,Bebidas,42,4.0,151.2,Delivery,Sí,Descuento,10,Nublado,24,0,8,3,76,67
2024-07-21,Domingo,7,2024,1,0,Cena,18,22,Hamburguesa Clásica,Hamburguesas,24,12.0,216.0,Web,Sí,Combo,25,Nublado,24,0,8,14,30,76
2024-07-21,Domingo,7,2024,1,0,Cena,18,22,Hamburguesa BBQ,Hamburguesas,33,16.0,528.0,Web,No,Ninguna,0,Nublado,24,0,8,10,50,49
2024-07-22,Lunes,7,2024,0,0,Desayuno,7,11,Hamburguesa Clásica,Hamburguesas,10,12.0,120.0,Presencial,No,Ninguna,0,Nublado,22,0,3,9,42,23
2024-07-22,Lunes,7,2024,0,0,Desayuno,7,11,Cheeseburger,Hamburguesas,7,14.0,98.0,Presencial,No,Ninguna,0,Nublado,22,0,3,12,35,23
2024-07-22,Lunes,7,2024,0,0,Desayuno,7,11,Jugo Natural,Bebidas,13,6.0,66.3,Web,Sí,Combo,15,Nublado,22,0,3,2,33,25
2024-07-22,Lunes,7,2024,0,0,Desayuno,7,11,Gaseosa,Bebidas,14,4.0,56.0,Delivery,No,Ninguna,0,Nublado,22,0,3,5,46,22
2024-07-22,Lunes,7,2024,0,0,Almuerzo,12,16,Pollo Broaster,Pollos,39,18.0,702.0,Presencial,No,Ninguna,0,Nublado,22,0,4,18,56,45
2024-07-22,Lunes,7,2024,0,0,Almuerzo,12,16,Alitas BBQ,Pollos,15,20.0,300.0,Delivery,No,Ninguna,0,Nublado,22,0,4,17,42,37
2024-07-22,Lunes,7,2024,0,0,Almuerzo,12,16,Salchipapa Clásica,Salchipapas,22,10.0,220.0,Presencial,No,Ninguna,0,Nublado,22,0,4,9,35,37
2024-07-22,Lunes,7,2024,0,0,Almuerzo,12,16,Gaseosa,Bebidas,38,4.0,152.0,Delivery,No,Ninguna,0,Nublado,22,0,4,4,54,32
2024-07-22,Lunes,7,2024,0,0,Cena,18,22,Cheeseburger,Hamburguesas,18,14.0,226.8,Delivery,Sí,Combo,10,Nublado,22,0,5,10,37,48
2024-07-22,Lunes,7,2024,0,0,Cena,18,22,Gaseosa,Bebidas,33,4.0,132.0,Delivery,No,Ninguna,0,Nublado,22,0,5,4,58,46
2024-07-22,Lunes,7,2024,0,0,Cena,18,22,Salchipapa Especial,Salchipapas,20,15.0,300.0,Web,No,Ninguna,0,Nublado,22,0,5,9,25,49
2024-07-22,Lunes,7,2024,0,0,Cena,18,22,Pollo Broaster,Pollos,17,18.0,306.0,Web,No,Ninguna,0,Nublado,22,0,5,20,37,63
2024-07-23,Martes,7,2024,0,0,Desayuno,7,11,Sándwich de Pollo,Sándwiches,7,11.0,77.0,Presencial,No,Ninguna,0,Nublado,24,0,3,10,33,25
2024-07-23,Martes,7,2024,0,0,Desayuno,7,11,Alitas BBQ,Pollos,9,20.0,180.0,Presencial,No,Ninguna,0,Nublado,24,0,3,18,38,14
2024-07-23,Martes,7,2024,0,0,Desayuno,7,11,Hamburguesa Clásica,Hamburguesas,13,12.0,156.0,Presencial,No,Ninguna,0,Nublado,24,0,3,9,40,12
2024-07-23,Martes,7,2024,0,0,Desayuno,7,11,Salchipapa Clásica,Salchipapas,10,10.0,100.0,Presencial,No,Ninguna,0,Nublado,24,0,3,12,37,20
2024-07-23,Martes,7,2024,0,0,Almuerzo,12,16,Alitas BBQ,Pollos,17,20.0,340.0,Delivery,No,Ninguna,0,Nublado,24,0,4,13,40,36
2024-07-23,Martes,7,2024,0,0,Almuerzo,12,16,Pollo Broaster,Pollos,34,18.0,612.0,Delivery,No,Ninguna,0,Nublado,24,0,4,12,62,42
2024-07-23,Martes,7,2024,0,0,Almuerzo,12,16,Salchipapa Especial,Salchipapas,23,15.0,310.5,Presencial,Sí,Combo,10,Nublado,24,0,4,10,37,41
2024-07-23,Martes,7,2024,0,0,Almuerzo,12,16,Pizza Familiar,Pizzas,19,32.0,608.0,Delivery,No,Ninguna,0,Nublado,24,0,4,18,48,28
2024-07-23,Martes,7,2024,0,0,Almuerzo,12,16,Jugo Natural,Bebidas,20,6.0,120.0,Delivery,No,Ninguna,0,Nublado,24,0,4,3,53,43
2024-07-23,Martes,7,2024,0,0,Almuerzo,12,16,Gaseosa,Bebidas,36,4.0,108.0,Presencial,Sí,Combo,25,Nublado,24,0,4,4,63,30
2024-07-23,Martes,7,2024,0,0,Cena,18,22,Jugo Natural,Bebidas,25,6.0,150.0,Presencial,No,Ninguna,0,Nublado,24,0,4,5,63,57
2024-07-23,Martes,7,2024,0,0,Cena,18,22,Pollo Broaster,Pollos,25,18.0,450.0,Delivery,No,Ninguna,0,Nublado,24,0,4,18,37,49
2024-07-23,Martes,7,2024,0,0,Cena,18,22,Pizza Familiar,Pizzas,22,32.0,704.0,Presencial,No,Ninguna,0,Nublado,24,0,4,24,45,49
2024-07-23,Martes,7,2024,0,0,Cena,18,22,Hamburguesa BBQ,Hamburguesas,20,16.0,256.0,Presencial,Sí,Combo,20,Nublado,24,0,4,12,54,53
2024-07-23,Martes,7,2024,0,0,Cena,18,22,Salchipapa Especial,Salchipapas,21,15.0,315.0,Presencial,No,Ninguna,0,Nublado,24,0,4,8,27,43
2024-07-24,Miércoles,7,2024,0,0,Desayuno,7,11,Hamburguesa Clásica,Hamburguesas,11,12.0,132.0,Delivery,No,Ninguna,0,Lluvioso,22,1,2,9,36,30
2024-07-24,Miércoles,7,2024,0,0,Desayuno,7,11,Gaseosa,Bebidas,15,4.0,60.0,Presencial,No,Ninguna,0,Lluvioso,22,1,2,2,30,34
2024-07-24,Miércoles,7,2024,0,0,Desayuno,7,11,Sándwich de Pollo,Sándwiches,12,11.0,112.2,Delivery,Sí,2x1,15,Lluvioso,22,1,2,11,23,41
2024-07-24,Miércoles,7,2024,0,0,Desayuno,7,11,Jugo Natural,Bebidas,9,6.0,54.0,Delivery,No,Ninguna,0,Lluvioso,22,1,2,5,32,20
2024-07-24,Miércoles,7,2024,0,0,Desayuno,7,11,Alitas BBQ,Pollos,7,20.0,140.0,Presencial,No,Ninguna,0,Lluvioso,22,1,2,13,21,34
2024-07-24,Miércoles,7,2024,0,0,Almuerzo,12,16,Sándwich de Pollo,Sándwiches,18,11.0,198.0,Web,No,Ninguna,0,Lluvioso,22,1,4,6,32,49
2024-07-24,Miércoles,7,2024,0,0,Almuerzo,12,16,Alitas BBQ,Pollos,24,20.0,480.0,Presencial,No,Ninguna,0,Lluvioso,22,1,4,16,57,42
2024-07-24,Miércoles,7,2024,0,0,Almuerzo,12,16,Salchipapa Especial,Salchipapas,32,15.0,480.0,Delivery,No,Ninguna,0,Lluvioso,22,1,4,8,45,55
2024-07-24,Miércoles,7,2024,0,0,Almuerzo,12,16,Pizza Familiar,Pizzas,18,32.0,576.0,Web,No,Ninguna,0,Lluvioso,22,1,4,21,53,63
2024-07-24,Miércoles,7,2024,0,0,Cena,18,22,Hamburguesa BBQ,Hamburguesas,25,16.0,400.0,Delivery,No,Ninguna,0,Lluvioso,22,1,5,11,41,74
2024-07-24,Miércoles,7,2024,0,0,Cena,18,22,Pizza Familiar,Pizzas,12,32.0,384.0,Web,No,Ninguna,0,Lluvioso,22,1,5,15,30,78
2024-07-24,Miércoles,7,2024,0,0,Cena,18,22,Salchipapa Especial,Salchipapas,29,15.0,435.0,Presencial,No,Ninguna,0,Lluvioso,22,1,5,14,34,63
2024-07-24,Miércoles,7,2024,0,0,Cena,18,22,Pizza Personal,Pizzas,12,13.0,156.0,Delivery,No,Ninguna,0,Lluvioso,22,1,5,15,23,74
2024-07-24,Miércoles,7,2024,0,0,Cena,18,22,Gaseosa,Bebidas,38,4.0,152.0,Presencial,No,Ninguna,0,Lluvioso,22,1,5,4,68,61
2024-07-25,Jueves,7,2024,0,0,Desayuno,7,11,Jugo Natural,Bebidas,15,6.0,72.0,Presencial,Sí,Combo,20,Nublado,23,0,4,5,60,27
2024-07-25,Jueves,7,2024,0,0,Desayuno,7,11,Cheeseburger,Hamburguesas,8,14.0,112.0,Presencial,No,Ninguna,0,Nublado,23,0,4,13,36,11
2024-07-25,Jueves,7,2024,0,0,Desayuno,7,11,Salchipapa Clásica,Salchipapas,9,10.0,90.0,Presencial,No,Ninguna,0,Nublado,23,0,4,14,40,10
2024-07-25,Jueves,7,2024,0,0,Desayuno,7,11,Sándwich de Pollo,Sándwiches,7,11.0,77.0,Delivery,No,Ninguna,0,Nublado,23,0,4,7,30,23
2024-07-25,Jueves,7,2024,0,0,Desayuno,7,11,Alitas BBQ,Pollos,13,20.0,260.0,Presencial,No,Ninguna,0,Nublado,23,0,4,14,45,21
2024-07-25,Jueves,7,2024,0,0,Almuerzo,12,16,Salchipapa Clásica,Salchipapas,31,10.0,310.0,Presencial,No,Ninguna,0,Nublado,23,0,5,14,53,31
2024-07-25,Jueves,7,2024,0,0,Almuerzo,12,16,Pollo Broaster,Pollos,34,18.0,612.0,Presencial,No,Ninguna,0,Nublado,23,0,5,12,58,38
2024-07-25,Jueves,7,2024,0,0,Almuerzo,12,16,Hamburguesa BBQ,Hamburguesas,24,16.0,384.0,Presencial,No,Ninguna,0,Nublado,23,0,5,10,52,33
2024-07-25,Jueves,7,2024,0,0,Almuerzo,12,16,Hamburguesa Clásica,Hamburguesas,29,12.0,348.0,Delivery,No,Ninguna,0,Nublado,23,0,5,9,45,35
2024-07-25,Jueves,7,2024,0,0,Almuerzo,12,16,Pizza Personal,Pizzas,18,13.0,234.0,Web,No,Ninguna,0,Nublado,23,0,5,20,42,27
2024-07-25,Jueves,7,2024,0,0,Almuerzo,12,16,Cheeseburger,Hamburguesas,21,14.0,294.0,Delivery,No,Ninguna,0,Nublado,23,0,5,11,56,41
2024-07-25,Jueves,7,2024,0,0,Cena,18,22,Jugo Natural,Bebidas,20,6.0,120.0,Delivery,No,Ninguna,0,Nublado,23,0,7,2,74,45
2024-07-25,Jueves,7,2024,0,0,Cena,18,22,Pizza Familiar,Pizzas,11,32.0,352.0,Presencial,No,Ninguna,0,Nublado,23,0,7,20,41,53
2024-07-25,Jueves,7,2024,0,0,Cena,18,22,Gaseosa,Bebidas,36,4.0,144.0,Delivery,No,Ninguna,0,Nublado,23,0,7,2,90,64
2024-07-25,Jueves,7,2024,0,0,Cena,18,22,Sándwich de Pollo,Sándwiches,13,11.0,143.0,Delivery,No,Ninguna,0,Nublado,23,0,7,12,19,56
2024-07-26,Viernes,7,2024,0,0,Desayuno,7,11,Gaseosa,Bebidas,17,4.0,68.0,Presencial,No,Ninguna,0,Nublado,19,0,2,3,43,12
2024-07-26,Viernes,7,2024,0,0,Desayuno,7,11,Sándwich de Pollo,Sándwiches,9,11.0,99.0,Presencial,No,Ninguna,0,Nublado,19,0,2,11,20,14
2024-07-26,Viernes,7,2024,0,0,Desayuno,7,11,Hamburguesa BBQ,Hamburguesas,11,16.0,176.0,Presencial,No,Ninguna,0,Nublado,19,0,2,13,32,15
2024-07-26,Viernes,7,2024,0,0,Desayuno,7,11,Jugo Natural,Bebidas,13,6.0,78.0,Presencial,No,Ninguna,0,Nublado,19,0,2,2,45,23
2024-07-26,Viernes,7,2024,0,0,Almuerzo,12,16,Hamburguesa Clásica,Hamburguesas,33,12.0,396.0,Web,No,Ninguna,0,Nublado,19,0,4,14,66,35
2024-07-26,Viernes,7,2024,0,0,Almuerzo,12,16,Sándwich de Pollo,Sándwiches,23,11.0,253.0,Web,No,Ninguna,0,Nublado,19,0,4,8,36,37
2024-07-26,Viernes,7,2024,0,0,Almuerzo,12,16,Salchipapa Clásica,Salchipapas,35,10.0,350.0,Presencial,No,Ninguna,0,Nublado,19,0,4,8,59,25
2024-07-26,Viernes,7,2024,0,0,Cena,18,22,Salchipapa Especial,Salchipapas,30,15.0,382.5,Web,Sí,Combo,15,Nublado,19,0,5,9,54,59
2024-07-26,Viernes,7,2024,0,0,Cena,18,22,Pollo Broaster,Pollos,45,18.0,810.0,Delivery,No,Ninguna,0,Nublado,19,0,5,14,75,62
2024-07-26,Viernes,7,2024,0,0,Cena,18,22,Pizza Personal,Pizzas,29,13.0,377.0,Presencial,No,Ninguna,0,Nublado,19,0,5,25,60,63
2024-07-26,Viernes,7,2024,0,0,Cena,18,22,Sándwich de Pollo,Sándwiches,15,11.0,165.0,Presencial,No,Ninguna,0,Nublado,19,0,5,8,47,57
2024-07-26,Viernes,7,2024,0,0,Cena,18,22,Gaseosa,Bebidas,34,4.0,136.0,Presencial,No,Ninguna,0,Nublado,19,0,5,4,62,44
2024-07-26,Viernes,7,2024,0,0,Cena,18,22,Pizza Familiar,Pizzas,17,32.0,544.0,Delivery,No,Ninguna,0,Nublado,19,0,5,21,22,51
2024-07-27,Sábado,7,2024,1,0,Desayuno,7,11,Sándwich de Pollo,Sándwiches,11,11.0,121.0,Presencial,No,Ninguna,0,Nublado,22,0,4,11,38,19
2024-07-27,Sábado,7,2024,1,0,Desayuno,7,11,Gaseosa,Bebidas,24,4.0,96.0,Presencial,No,Ninguna,0,Nublado,22,0,4,2,66,23
2024-07-27,Sábado,7,2024,1,0,Desayuno,7,11,Jugo Natural,Bebidas,16,6.0,96.0,Presencial,No,Ninguna,0,Nublado,22,0,4,4,73,23
2024-07-27,Sábado,7,2024,1,0,Desayuno,7,11,Hamburguesa BBQ,Hamburguesas,10,16.0,160.0,Presencial,No,Ninguna,0,Nublado,22,0,4,12,43,25
2024-07-27,Sábado,7,2024,1,0,Desayuno,7,11,Salchipapa Especial,Salchipapas,21,15.0,252.0,Presencial,Sí,Combo,20,Nublado,22,0,4,12,33,34
2024-07-27,Sábado,7,2024,1,0,Almuerzo,12,16,Gaseosa,Bebidas,63,4.0,252.0,Delivery,No,Ninguna,0,Nublado,22,0,5,3,97,43
2024-07-27,Sábado,7,2024,1,0,Almuerzo,12,16,Salchipapa Clásica,Salchipapas,32,10.0,320.0,Presencial,No,Ninguna,0,Nublado,22,0,5,8,58,41
2024-07-27,Sábado,7,2024,1,0,Almuerzo,12,16,Hamburguesa BBQ,Hamburguesas,31,16.0,396.8,Delivery,Sí,Combo,20,Nublado,22,0,5,10,43,56
2024-07-27,Sábado,7,2024,1,0,Almuerzo,12,16,Hamburguesa Clásica,Hamburguesas,32,12.0,384.0,Delivery,No,Ninguna,0,Nublado,22,0,5,10,51,42
2024-07-27,Sábado,7,2024,1,0,Almuerzo,12,16,Salchipapa Especial,Salchipapas,34,15.0,510.0,Presencial,No,Ninguna,0,Nublado,22,0,5,15,48,42
2024-07-27,Sábado,7,2024,1,0,Almuerzo,12,16,Alitas BBQ,Pollos,56,20.0,896.0,Delivery,Sí,2x1,20,Nublado,22,0,5,17,78,50
2024-07-27,Sábado,7,2024,1,0,Cena,18,22,Pizza Personal,Pizzas,22,13.0,286.0,Delivery,No,Ninguna,0,Nublado,22,0,7,23,51,59
2024-07-27,Sábado,7,2024,1,0,Cena,18,22,Hamburguesa Clásica,Hamburguesas,30,12.0,360.0,Presencial,No,Ninguna,0,Nublado,22,0,7,9,58,69
2024-07-27,Sábado,7,2024,1,0,Cena,18,22,Gaseosa,Bebidas,35,4.0,140.0,Delivery,No,Ninguna,0,Nublado,22,0,7,5,90,74
2024-07-28,Domingo,7,2024,1,1,Desayuno,7,11,Gaseosa,Bebidas,19,4.0,76.0,Presencial,No,Ninguna,0,Nublado,20,0,4,2,41,24
2024-07-28,Domingo,7,2024,1,1,Desayuno,7,11,Cheeseburger,Hamburguesas,11,14.0,154.0,Delivery,No,Ninguna,0,Nublado,20,0,4,13,43,24
2024-07-28,Domingo,7,2024,1,1,Desayuno,7,11,Hamburguesa Clásica,Hamburguesas,22,12.0,237.6,Delivery,Sí,Combo,10,Nublado,20,0,4,9,57,35
2024-07-28,Domingo,7,2024,1,1,Desayuno,7,11,Hamburguesa BBQ,Hamburguesas,16,16.0,256.0,Presencial,No,Ninguna,0,Nublado,20,0,4,13,46,29
2024-07-28,Domingo,7,2024,1,1,Desayuno,7,11,Jugo Natural,Bebidas,18,6.0,108.0,Presencial,No,Ninguna,0,Nublado,20,0,4,5,58,26
2024-07-28,Domingo,7,2024,1,1,Almuerzo,12,16,Salchipapa Especial,Salchipapas,42,15.0,630.0,Presencial,No,Ninguna,0,Nublado,20,0,7,9,77,44
2024-07-28,Domingo,7,2024,1,1,Almuerzo,12,16,Hamburguesa Clásica,Hamburguesas,39,12.0,468.0,Presencial,No,Ninguna,0,Nublado,20,0,7,11,73,46
2024-07-28,Domingo,7,2024,1,1,Almuerzo,12,16,Salchipapa Clásica,Salchipapas,32,10.0,320.0,Delivery,No,Ninguna,0,Nublado,20,0,7,11,47,37
2024-07-28,Domingo,7,2024,1,1,Almuerzo,12,16,Pizza Familiar,Pizzas,26,32.0,832.0,Delivery,No,Ninguna,0,Nublado,20,0,7,15,37,50
2024-07-28,Domingo,7,2024,1,1,Almuerzo,12,16,Gaseosa,Bebidas,53,4.0,212.0,Presencial,No,Ninguna,0,Nublado,20,0,7,4,108,34
2024-07-28,Domingo,7,2024,1,1,Cena,18,22,Alitas BBQ,Pollos,42,20.0,840.0,Delivery,No,Ninguna,0,Nublado,20,0,6,16,69,68
2024-07-28,Domingo,7,2024,1,1,Cena,18,22,Cheeseburger,Hamburguesas,33,14.0,462.0,Web,No,Ninguna,0,Nublado,20,0,6,11,68,47
2024-07-28,Domingo,7,2024,1,1,Cena,18,22,Salchipapa Especial,Salchipapas,31,15.0,465.0,Presencial,No,Ninguna,0,Nublado,20,0,6,10,38,52
2024-07-28,Domingo,7,2024,1,1,Cena,18,22,Pizza Familiar,Pizzas,17,32.0,544.0,Delivery,No,Ninguna,0,Nublado,20,0,6,16,40,66
2024-07-29,Lunes,7,2024,0,1,Desayuno,7,11,Hamburguesa Clásica,Hamburguesas,12,12.0,144.0,Presencial,No,Ninguna,0,Nublado,23,0,4,10,38,18
2024-07-29,Lunes,7,2024,0,1,Desayuno,7,11,Sándwich de Pollo,Sándwiches,7,11.0,77.0,Presencial,No,Ninguna,0,Nublado,23,0,4,12,36,18
2024-07-29,Lunes,7,2024,0,1,Desayuno,7,11,Jugo Natural,Bebidas,10,6.0,60.0,Presencial,No,Ninguna,0,Nublado,23,0,4,2,68,20
2024-07-29,Lunes,7,2024,0,1,Desayuno,7,11,Salchipapa Clásica,Salchipapas,13,10.0,130.0,Presencial,No,Ninguna,0,Nublado,23,0,4,9,40,11
2024-07-29,Lunes,7,2024,0,1,Desayuno,7,11,Gaseosa,Bebidas,19,4.0,76.0,Delivery,No,Ninguna,0,Nublado,23,0,4,2,68,24
2024-07-29,Lunes,7,2024,0,1,Almuerzo,12,16,Salchipapa Especial,Salchipapas,26,15.0,390.0,Presencial,No,Ninguna,0,Nublado,23,0,4,8,59,41
2024-07-29,Lunes,7,2024,0,1,Almuerzo,12,16,Salchipapa Clásica,Salchipapas,28,10.0,238.0,Web,Sí,Combo,15,Nublado,23,0,4,12,47,45
2024-07-29,Lunes,7,2024,0,1,Almuerzo,12,16,Pollo Broaster,Pollos,27,18.0,486.0,Delivery,No,Ninguna,0,Nublado,23,0,4,19,45,26
2024-07-29,Lunes,7,2024,0,1,Almuerzo,12,16,Gaseosa,Bebidas,39,4.0,156.0,Presencial,No,Ninguna,0,Nublado,23,0,4,4,54,42
2024-07-29,Lunes,7,2024,0,1,Almuerzo,12,16,Hamburguesa Clásica,Hamburguesas,38,12.0,456.0,Delivery,No,Ninguna,0,Nublado,23,0,4,9,73,45
2024-07-29,Lunes,7,2024,0,1,Cena,18,22,Hamburguesa BBQ,Hamburguesas,20,16.0,320.0,Delivery,No,Ninguna,0,Nublado,23,0,9,9,26,61
2024-07-29,Lunes,7,2024,0,1,Cena,18,22,Alitas BBQ,Pollos,28,20.0,560.0,Presencial,No,Ninguna,0,Nublado,23,0,9,18,41,61
2024-07-29,Lunes,7,2024,0,1,Cena,18,22,Gaseosa,Bebidas,35,4.0,140.0,Presencial,No,Ninguna,0,Nublado,23,0,9,2,70,54
2024-07-30,Martes,7,2024,0,0,Desayuno,7,11,Gaseosa,Bebidas,13,4.0,52.0,Presencial,No,Ninguna,0,Nublado,23,0,2,2,73,25
2024-07-30,Martes,7,2024,0,0,Desayuno,7,11,Sándwich de Pollo,Sándwiches,10,11.0,110.0,Presencial,No,Ninguna,0,Nublado,23,0,2,6,21,24
2024-07-30,Martes,7,2024,0,0,Desayuno,7,11,Hamburguesa BBQ,Hamburguesas,9,16.0,144.0,Presencial,No,Ninguna,0,Nublado,23,0,2,10,19,14
2024-07-30,Martes,7,2024,0,0,Desayuno,7,11,Jugo Natural,Bebidas,8,6.0,48.0,Delivery,No,Ninguna,0,Nublado,23,0,2,5,31,20
2024-07-30,Martes,7,2024,0,0,Desayuno,7,11,Alitas BBQ,Pollos,8,20.0,160.0,Delivery,No,Ninguna,0,Nublado,23,0,2,12,30,20
2024-07-30,Martes,7,2024,0,0,Almuerzo,12,16,Gaseosa,Bebidas,52,4.0,208.0,Presencial,No,Ninguna,0,Nublado,23,0,5,3,110,36
2024-07-30,Martes,7,2024,0,0,Almuerzo,12,16,Alitas BBQ,Pollos,21,20.0,420.0,Presencial,No,Ninguna,0,Nublado,23,0,5,17,53,45
2024-07-30,Martes,7,2024,0,0,Almuerzo,12,16,Salchipapa Clásica,Salchipapas,28,10.0,224.0,Presencial,Sí,Combo,20,Nublado,23,0,5,8,61,43
2024-07-30,Martes,7,2024,0,0,Almuerzo,12,16,Pollo Broaster,Pollos,25,18.0,450.0,Presencial,No,Ninguna,0,Nublado,23,0,5,15,32,27
2024-07-30,Martes,7,2024,0,0,Almuerzo,12,16,Sándwich de Pollo,Sándwiches,22,11.0,242.0,Presencial,No,Ninguna,0,Nublado,23,0,5,10,45,36
2024-07-30,Martes,7,2024,0,0,Cena,18,22,Hamburguesa BBQ,Hamburguesas,16,16.0,230.4,Presencial,Sí,Descuento,10,Nublado,23,0,7,11,50,62
2024-07-30,Martes,7,2024,0,0,Cena,18,22,Cheeseburger,Hamburguesas,17,14.0,214.2,Web,Sí,2x1,10,Nublado,23,0,7,12,47,48
2024-07-30,Martes,7,2024,0,0,Cena,18,22,Salchipapa Clásica,Salchipapas,20,10.0,200.0,Delivery,No,Ninguna,0,Nublado,23,0,7,15,37,60
2024-07-31,Miércoles,7,2024,0,0,Desayuno,7,11,Jugo Natural,Bebidas,11,6.0,52.8,Delivery,Sí,Combo,20,Nublado,18,0,2,3,31,27
2024-07-31,Miércoles,7,2024,0,0,Desayuno,7,11,Salchipapa Clásica,Salchipapas,8,10.0,80.0,Presencial,No,Ninguna,0,Nublado,18,0,2,12,31,25
2024-07-31,Miércoles,7,2024,0,0,Desayuno,7,11,Gaseosa,Bebidas,18,4.0,72.0,Presencial,No,Ninguna,0,Nublado,18,0,2,4,54,24
2024-07-31,Miércoles,7,2024,0,0,Desayuno,7,11,Pollo Broaster,Pollos,20,18.0,288.0,Presencial,Sí,Combo,20,Nublado,18,0,2,15,51,17
2024-07-31,Miércoles,7,2024,0,0,Desayuno,7,11,Sándwich de Pollo,Sándwiches,6,11.0,66.0,Web,No,Ninguna,0,Nublado,18,0,2,12,20,12
2024-07-31,Miércoles,7,2024,0,0,Almuerzo,12,16,Pollo Broaster,Pollos,33,18.0,594.0,Delivery,No,Ninguna,0,Nublado,18,0,6,13,39,34
2024-07-31,Miércoles,7,2024,0,0,Almuerzo,12,16,Hamburguesa BBQ,Hamburguesas,19,16.0,304.0,Presencial,No,Ninguna,0,Nublado,18,0,6,10,45,43
2024-07-31,Miércoles,7,2024,0,0,Almuerzo,12,16,Sándwich de Pollo,Sándwiches,15,11.0,165.0,Presencial,No,Ninguna,0,Nublado,18,0,6,9,24,38
2024-07-31,Miércoles,7,2024,0,0,Almuerzo,12,16,Pizza Personal,Pizzas,19,13.0,247.0,Presencial,No,Ninguna,0,Nublado,18,0,6,25,24,43
2024-07-31,Miércoles,7,2024,0,0,Cena,18,22,Gaseosa,Bebidas,30,4.0,120.0,Web,No,Ninguna,0,Nublado,18,0,6,3,86,40
2024-07-31,Miércoles,7,2024,0,0,Cena,18,22,Salchipapa Especial,Salchipapas,27,15.0,405.0,Presencial,No,Ninguna,0,Nublado,18,0,6,15,33,53
2024-07-31,Miércoles,7,2024,0,0,Cena,18,22,Hamburguesa BBQ,Hamburguesas,23,16.0,368.0,Web,No,Ninguna,0,Nublado,18,0,6,10,42,54
2024-07-31,Miércoles,7,2024,0,0,Cena,18,22,Pizza Personal,Pizzas,21,13.0,204.75,Presencial,Sí,2x1,25,Nublado,18,0,6,22,28,49
2024-07-31,Miércoles,7,2024,0,0,Cena,18,22,Alitas BBQ,Pollos,20,20.0,400.0,Presencial,No,Ninguna,0,Nublado,18,0,6,17,28,42
2024-08-01,Jueves,8,2024,0,0,Desayuno,7,11,Cheeseburger,Hamburguesas,11,14.0,154.0,Presencial,No,Ninguna,0,Soleado,29,0,2,8,41,15
2024-08-01,Jueves,8,2024,0,0,Desayuno,7,11,Sándwich de Pollo,Sándwiches,7,11.0,77.0,Presencial,No,Ninguna,0,Soleado,29,0,2,12,34,17
2024-08-01,Jueves,8,2024,0,0,Desayuno,7,11,Gaseosa,Bebidas,18,4.0,72.0,Presencial,No,Ninguna,0,Soleado,29,0,2,3,54,22
2024-08-01,Jueves,8,2024,0,0,Desayuno,7,11,Salchipapa Especial,Salchipapas,10,15.0,150.0,Presencial,No,Ninguna,0,Soleado,29,0,2,10,31,22
2024-08-01,Jueves,8,2024,0,0,Almuerzo,12,16,Gaseosa,Bebidas,41,4.0,164.0,Presencial,No,Ninguna,0,Soleado,29,0,6,4,71,42
2024-08-01,Jueves,8,2024,0,0,Almuerzo,12,16,Pizza Personal,Pizzas,23,13.0,269.1,Presencial,Sí,Descuento,10,Soleado,29,0,6,18,42,36
2024-08-01,Jueves,8,2024,0,0,Almuerzo,12,16,Pollo Broaster,Pollos,28,18.0,504.0,Web,No,Ninguna,0,Soleado,29,0,6,19,50,34
2024-08-01,Jueves,8,2024,0,0,Almuerzo,12,16,Salchipapa Clásica,Salchipapas,26,10.0,260.0,Delivery,No,Ninguna,0,Soleado,29,0,6,14,31,38
2024-08-01,Jueves,8,2024,0,0,Cena,18,22,Pizza Familiar,Pizzas,18,32.0,576.0,Web,No,Ninguna,0,Soleado,29,0,4,21,52,41
2024-08-01,Jueves,8,2024,0,0,Cena,18,22,Pizza Personal,Pizzas,19,13.0,247.0,Web,No,Ninguna,0,Soleado,29,0,4,22,42,58
2024-08-01,Jueves,8,2024,0,0,Cena,18,22,Jugo Natural,Bebidas,26,6.0,156.0,Presencial,No,Ninguna,0,Soleado,29,0,4,2,57,55
2024-08-01,Jueves,8,2024,0,0,Cena,18,22,Pollo Broaster,Pollos,29,18.0,522.0,Delivery,No,Ninguna,0,Soleado,29,0,4,13,49,65
2024-08-01,Jueves,8,2024,0,0,Cena,18,22,Alitas BBQ,Pollos,19,20.0,380.0,Delivery,No,Ninguna,0,Soleado,29,0,4,15,30,58
2024-08-02,Viernes,8,2024,0,0,Desayuno,7,11,Sándwich de Pollo,Sándwiches,9,11.0,99.0,Delivery,No,Ninguna,0,Lluvioso,20,1,3,11,34,24
2024-08-02,Viernes,8,2024,0,0,Desayuno,7,11,Jugo Natural,Bebidas,12,6.0,72.0,Presencial,No,Ninguna,0,Lluvioso,20,1,3,5,44,29
2024-08-02,Viernes,8,2024,0,0,Desayuno,7,11,Cheeseburger,Hamburguesas,9,14.0,126.0,Delivery,No,Ninguna,0,Lluvioso,20,1,3,14,28,34
2024-08-02,Viernes,8,2024,0,0,Desayuno,7,11,Salchipapa Clásica,Salchipapas,11,10.0,110.0,Presencial,No,Ninguna,0,Lluvioso,20,1,3,15,24,21
2024-08-02,Viernes,8,2024,0,0,Desayuno,7,11,Gaseosa,Bebidas,18,4.0,72.0,Delivery,No,Ninguna,0,Lluvioso,20,1,3,4,51,24
2024-08-02,Viernes,8,2024,0,0,Almuerzo,12,16,Jugo Natural,Bebidas,30,6.0,180.0,Presencial,No,Ninguna,0,Lluvioso,20,1,7,5,48,50
2024-08-02,Viernes,8,2024,0,0,Almuerzo,12,16,Alitas BBQ,Pollos,30,20.0,600.0,Delivery,No,Ninguna,0,Lluvioso,20,1,7,18,50,48
2024-08-02,Viernes,8,2024,0,0,Almuerzo,12,16,Hamburguesa Clásica,Hamburguesas,31,12.0,297.6,Delivery,Sí,Descuento,20,Lluvioso,20,1,7,13,39,58
2024-08-02,Viernes,8,2024,0,0,Almuerzo,12,16,Salchipapa Clásica,Salchipapas,21,10.0,210.0,Web,No,Ninguna,0,Lluvioso,20,1,7,13,30,59
2024-08-02,Viernes,8,2024,0,0,Almuerzo,12,16,Salchipapa Especial,Salchipapas,37,15.0,555.0,Delivery,No,Ninguna,0,Lluvioso,20,1,7,15,60,48
2024-08-02,Viernes,8,2024,0,0,Cena,18,22,Hamburguesa BBQ,Hamburguesas,25,16.0,400.0,Presencial,No,Ninguna,0,Lluvioso,20,1,6,12,35,76
2024-08-02,Viernes,8,2024,0,0,Cena,18,22,Salchipapa Clásica,Salchipapas,30,10.0,300.0,Delivery,No,Ninguna,0,Lluvioso,20,1,6,9,60,82
2024-08-02,Viernes,8,2024,0,0,Cena,18,22,Alitas BBQ,Pollos,25,20.0,500.0,Delivery,No,Ninguna,0,Lluvioso,20,1,6,18,35,59
2024-08-02,Viernes,8,2024,0,0,Cena,18,22,Jugo Natural,Bebidas,30,6.0,180.0,Presencial,No,Ninguna,0,Lluvioso,20,1,6,2,56,70
2024-08-03,Sábado,8,2024,1,0,Desayuno,7,11,Salchipapa Especial,Salchipapas,13,15.0,195.0,Presencial,No,Ninguna,0,Nublado,22,0,4,13,45,24
2024-08-03,Sábado,8,2024,1,0,Desayuno,7,11,Hamburguesa BBQ,Hamburguesas,15,16.0,240.0,Presencial,No,Ninguna,0,Nublado,22,0,4,10,35,32
2024-08-03,Sábado,8,2024,1,0,Desayuno,7,11,Cheeseburger,Hamburguesas,14,14.0,156.8,Presencial,Sí,Descuento,20,Nublado,22,0,4,12,39,33
2024-08-03,Sábado,8,2024,1,0,Desayuno,7,11,Sándwich de Pollo,Sándwiches,11,11.0,96.8,Presencial,Sí,Combo,20,Nublado,22,0,4,10,18,41
2024-08-03,Sábado,8,2024,1,0,Desayuno,7,11,Pollo Broaster,Pollos,18,18.0,324.0,Presencial,No,Ninguna,0,Nublado,22,0,4,14,35,28
2024-08-03,Sábado,8,2024,1,0,Desayuno,7,11,Gaseosa,Bebidas,28,4.0,112.0,Presencial,No,Ninguna,0,Nublado,22,0,4,3,69,19
2024-08-03,Sábado,8,2024,1,0,Almuerzo,12,16,Hamburguesa Clásica,Hamburguesas,34,12.0,408.0,Presencial,No,Ninguna,0,Nublado,22,0,4,11,48,36
2024-08-03,Sábado,8,2024,1,0,Almuerzo,12,16,Hamburguesa BBQ,Hamburguesas,25,16.0,400.0,Web,No,Ninguna,0,Nublado,22,0,4,14,30,40
2024-08-03,Sábado,8,2024,1,0,Almuerzo,12,16,Pollo Broaster,Pollos,31,18.0,558.0,Delivery,No,Ninguna,0,Nublado,22,0,4,15,42,49
2024-08-03,Sábado,8,2024,1,0,Almuerzo,12,16,Pizza Familiar,Pizzas,13,32.0,416.0,Web,No,Ninguna,0,Nublado,22,0,4,17,23,52
2024-08-03,Sábado,8,2024,1,0,Almuerzo,12,16,Sándwich de Pollo,Sándwiches,24,11.0,264.0,Web,No,Ninguna,0,Nublado,22,0,4,9,58,50
2024-08-03,Sábado,8,2024,1,0,Cena,18,22,Pizza Personal,Pizzas,21,13.0,232.05,Web,Sí,Descuento,15,Nublado,22,0,4,15,49,74
2024-08-03,Sábado,8,2024,1,0,Cena,18,22,Hamburguesa Clásica,Hamburguesas,33,12.0,356.4,Web,Sí,2x1,10,Nublado,22,0,4,11,51,69
2024-08-03,Sábado,8,2024,1,0,Cena,18,22,Pizza Familiar,Pizzas,14,32.0,358.4,Delivery,Sí,Descuento,20,Nublado,22,0,4,20,29,59
2024-08-03,Sábado,8,2024,1,0,Cena,18,22,Alitas BBQ,Pollos,23,20.0,460.0,Web,No,Ninguna,0,Nublado,22,0,4,18,47,50
2024-08-03,Sábado,8,2024,1,0,Cena,18,22,Salchipapa Clásica,Salchipapas,20,10.0,200.0,Delivery,No,Ninguna,0,Nublado,22,0,4,13,50,53
2024-08-04,Domingo,8,2024,1,0,Desayuno,7,11,Sándwich de Pollo,Sándwiches,14,11.0,154.0,Delivery,No,Ninguna,0,Lluvioso,20,1,3,7,35,44
2024-08-04,Domingo,8,2024,1,0,Desayuno,7,11,Salchipapa Especial,Salchipapas,13,15.0,195.0,Presencial,No,Ninguna,0,Lluvioso,20,1,3,8,47,39
2024-08-04,Domingo,8,2024,1,0,Desayuno,7,11,Hamburguesa Clásica,Hamburguesas,17,12.0,204.0,Delivery,No,Ninguna,0,Lluvioso,20,1,3,9,29,38
2024-08-04,Domingo,8,2024,1,0,Desayuno,7,11,Gaseosa,Bebidas,20,4.0,80.0,Presencial,No,Ninguna,0,Lluvioso,20,1,3,4,47,30
2024-08-04,Domingo,8,2024,1,0,Almuerzo,12,16,Gaseosa,Bebidas,68,4.0,217.6,Presencial,Sí,Descuento,20,Lluvioso,20,1,7,5,86,52
2024-08-04,Domingo,8,2024,1,0,Almuerzo,12,16,Pollo Broaster,Pollos,58,18.0,1044.0,Presencial,No,Ninguna,0,Lluvioso,20,1,7,17,75,62
2024-08-04,Domingo,8,2024,1,0,Almuerzo,12,16,Salchipapa Especial,Salchipapas,31,15.0,465.0,Presencial,No,Ninguna,0,Lluvioso,20,1,7,8,66,54
2024-08-04,Domingo,8,2024,1,0,Almuerzo,12,16,Hamburguesa Clásica,Hamburguesas,45,12.0,540.0,Presencial,No,Ninguna,0,Lluvioso,20,1,7,8,61,60
2024-08-04,Domingo,8,2024,1,0,Almuerzo,12,16,Jugo Natural,Bebidas,39,6.0,234.0,Web,No,Ninguna,0,Lluvioso,20,1,7,2,75,54
2024-08-04,Domingo,8,2024,1,0,Cena,18,22,Cheeseburger,Hamburguesas,27,14.0,321.3,Web,Sí,2x1,15,Lluvioso,20,1,7,9,59,71
2024-08-04,Domingo,8,2024,1,0,Cena,18,22,Pollo Broaster,Pollos,38,18.0,684.0,Delivery,No,Ninguna,0,Lluvioso,20,1,7,12,70,90
2024-08-04,Domingo,8,2024,1,0,Cena,18,22,Salchipapa Especial,Salchipapas,30,15.0,450.0,Delivery,No,Ninguna,0,Lluvioso,20,1,7,14,51,74
2024-08-04,Domingo,8,2024,1,0,Cena,18,22,Pizza Familiar,Pizzas,17,32.0,544.0,Delivery,No,Ninguna,0,Lluvioso,20,1,7,18,43,88
2024-08-04,Domingo,8,2024,1,0,Cena,18,22,Jugo Natural,Bebidas,30,6.0,180.0,Presencial,No,Ninguna,0,Lluvioso,20,1,7,2,48,71
2024-08-05,Lunes,8,2024,0,0,Desayuno,7,11,Salchipapa Clásica,Salchipapas,10,10.0,100.0,Presencial,No,Ninguna,0,Nublado,22,0,4,9,27,11
2024-08-05,Lunes,8,2024,0,0,Desayuno,7,11,Gaseosa,Bebidas,14,4.0,56.0,Presencial,No,Ninguna,0,Nublado,22,0,4,4,34,13
2024-08-05,Lunes,8,2024,0,0,Desayuno,7,11,Jugo Natural,Bebidas,8,6.0,48.0,Delivery,No,Ninguna,0,Nublado,22,0,4,5,44,21
2024-08-05,Lunes,8,2024,0,0,Almuerzo,12,16,Alitas BBQ,Pollos,13,20.0,260.0,Delivery,No,Ninguna,0,Nublado,22,0,5,16,32,30
2024-08-05,Lunes,8,2024,0,0,Almuerzo,12,16,Gaseosa,Bebidas,30,4.0,120.0,Presencial,No,Ninguna,0,Nublado,22,0,5,5,78,31
2024-08-05,Lunes,8,2024,0,0,Almuerzo,12,16,Pollo Broaster,Pollos,18,18.0,324.0,Web,No,Ninguna,0,Nublado,22,0,5,19,53,25
2024-08-05,Lunes,8,2024,0,0,Almuerzo,12,16,Salchipapa Clásica,Salchipapas,25,10.0,250.0,Delivery,No,Ninguna,0,Nublado,22,0,5,12,41,44
2024-08-05,Lunes,8,2024,0,0,Almuerzo,12,16,Hamburguesa BBQ,Hamburguesas,14,16.0,224.0,Delivery,No,Ninguna,0,Nublado,22,0,5,10,31,44
2024-08-05,Lunes,8,2024,0,0,Almuerzo,12,16,Hamburguesa Clásica,Hamburguesas,23,12.0,276.0,Presencial,No,Ninguna,0,Nublado,22,0,5,13,41,43
2024-08-05,Lunes,8,2024,0,0,Cena,18,22,Pizza Familiar,Pizzas,10,32.0,320.0,Delivery,No,Ninguna,0,Nublado,22,0,4,20,41,51
2024-08-05,Lunes,8,2024,0,0,Cena,18,22,Gaseosa,Bebidas,32,4.0,128.0,Presencial,No,Ninguna,0,Nublado,22,0,4,5,60,49
2024-08-05,Lunes,8,2024,0,0,Cena,18,22,Pizza Personal,Pizzas,11,13.0,143.0,Presencial,No,Ninguna,0,Nublado,22,0,4,20,29,44
2024-08-05,Lunes,8,2024,0,0,Cena,18,22,Salchipapa Clásica,Salchipapas,22,10.0,220.0,Presencial,No,Ninguna,0,Nublado,22,0,4,15,52,65
2024-08-06,Martes,8,2024,0,0,Desayuno,7,11,Jugo Natural,Bebidas,9,6.0,54.0,Presencial,No,Ninguna,0,Nublado,23,0,2,2,30,13
2024-08-06,Martes,8,2024,0,0,Desayuno,7,11,Hamburguesa Clásica,Hamburguesas,8,12.0,96.0,Presencial,No,Ninguna,0,Nublado,23,0,2,10,23,11
2024-08-06,Martes,8,2024,0,0,Desayuno,7,11,Gaseosa,Bebidas,17,4.0,54.4,Web,Sí,Combo,20,Nublado,23,0,2,2,74,25
2024-08-06,Martes,8,2024,0,0,Desayuno,7,11,Cheeseburger,Hamburguesas,8,14.0,112.0,Presencial,No,Ninguna,0,Nublado,23,0,2,9,29,16
2024-08-06,Martes,8,2024,0,0,Almuerzo,12,16,Pollo Broaster,Pollos,26,18.0,468.0,Delivery,No,Ninguna,0,Nublado,23,0,6,14,50,32
2024-08-06,Martes,8,2024,0,0,Almuerzo,12,16,Gaseosa,Bebidas,31,4.0,124.0,Web,No,Ninguna,0,Nublado,23,0,6,4,52,32
2024-08-06,Martes,8,2024,0,0,Almuerzo,12,16,Salchipapa Clásica,Salchipapas,22,10.0,220.0,Delivery,No,Ninguna,0,Nublado,23,0,6,12,40,43
2024-08-06,Martes,8,2024,0,0,Almuerzo,12,16,Hamburguesa Clásica,Hamburguesas,25,12.0,300.0,Presencial,No,Ninguna,0,Nublado,23,0,6,8,46,29
2024-08-06,Martes,8,2024,0,0,Almuerzo,12,16,Sándwich de Pollo,Sándwiches,17,11.0,187.0,Presencial,No,Ninguna,0,Nublado,23,0,6,8,42,37
2024-08-06,Martes,8,2024,0,0,Cena,18,22,Pizza Familiar,Pizzas,11,32.0,264.0,Web,Sí,Combo,25,Nublado,23,0,6,24,39,62
2024-08-06,Martes,8,2024,0,0,Cena,18,22,Pollo Broaster,Pollos,38,18.0,581.4,Delivery,Sí,Combo,15,Nublado,23,0,6,18,55,72
2024-08-06,Martes,8,2024,0,0,Cena,18,22,Hamburguesa BBQ,Hamburguesas,15,16.0,240.0,Delivery,No,Ninguna,0,Nublado,23,0,6,12,24,62
2024-08-06,Martes,8,2024,0,0,Cena,18,22,Salchipapa Especial,Salchipapas,18,15.0,270.0,Delivery,No,Ninguna,0,Nublado,23,0,6,8,41,57
2024-08-07,Miércoles,8,2024,0,0,Desayuno,7,11,Sándwich de Pollo,Sándwiches,7,11.0,77.0,Presencial,No,Ninguna,0,Nublado,24,0,4,12,20,19
2024-08-07,Miércoles,8,2024,0,0,Desayuno,7,11,Jugo Natural,Bebidas,10,6.0,60.0,Presencial,No,Ninguna,0,Nublado,24,0,4,2,40,14
2024-08-07,Miércoles,8,2024,0,0,Desayuno,7,11,Cheeseburger,Hamburguesas,8,14.0,112.0,Presencial,No,Ninguna,0,Nublado,24,0,4,8,39,17
2024-08-07,Miércoles,8,2024,0,0,Desayuno,7,11,Gaseosa,Bebidas,17,4.0,68.0,Delivery,No,Ninguna,0,Nublado,24,0,4,2,48,13
2024-08-07,Miércoles,8,2024,0,0,Almuerzo,12,16,Hamburguesa BBQ,Hamburguesas,23,16.0,368.0,Delivery,No,Ninguna,0,Nublado,24,0,6,14,31,27
2024-08-07,Miércoles,8,2024,0,0,Almuerzo,12,16,Hamburguesa Clásica,Hamburguesas,23,12.0,276.0,Presencial,No,Ninguna,0,Nublado,24,0,6,11,41,44
2024-08-07,Miércoles,8,2024,0,0,Almuerzo,12,16,Salchipapa Clásica,Salchipapas,26,10.0,260.0,Presencial,No,Ninguna,0,Nublado,24,0,6,9,61,31
2024-08-07,Miércoles,8,2024,0,0,Almuerzo,12,16,Pollo Broaster,Pollos,31,18.0,558.0,Delivery,No,Ninguna,0,Nublado,24,0,6,15,41,42
2024-08-07,Miércoles,8,2024,0,0,Almuerzo,12,16,Salchipapa Especial,Salchipapas,25,15.0,375.0,Presencial,No,Ninguna,0,Nublado,24,0,6,13,43,28
2024-08-07,Miércoles,8,2024,0,0,Cena,18,22,Hamburguesa Clásica,Hamburguesas,23,12.0,276.0,Delivery,No,Ninguna,0,Nublado,24,0,7,8,28,49
2024-08-07,Miércoles,8,2024,0,0,Cena,18,22,Pizza Personal,Pizzas,8,13.0,104.0,Web,No,Ninguna,0,Nublado,24,0,7,19,23,48
2024-08-07,Miércoles,8,2024,0,0,Cena,18,22,Cheeseburger,Hamburguesas,19,14.0,266.0,Presencial,No,Ninguna,0,Nublado,24,0,7,11,47,64
2024-08-08,Jueves,8,2024,0,0,Desayuno,7,11,Pizza Familiar,Pizzas,8,32.0,256.0,Presencial,No,Ninguna,0,Nublado,19,0,4,16,35,24
2024-08-08,Jueves,8,2024,0,0,Desayuno,7,11,Jugo Natural,Bebidas,11,6.0,66.0,Presencial,No,Ninguna,0,Nublado,19,0,4,4,30,19
2024-08-08,Jueves,8,2024,0,0,Desayuno,7,11,Sándwich de Pollo,Sándwiches,10,11.0,93.5,Presencial,Sí,Combo,15,Nublado,19,0,4,6,37,20
2024-08-08,Jueves,8,2024,0,0,Desayuno,7,11,Hamburguesa Clásica,Hamburguesas,14,12.0,168.0,Presencial,No,Ninguna,0,Nublado,19,0,4,8,40,11
2024-08-08,Jueves,8,2024,0,0,Almuerzo,12,16,Pollo Broaster,Pollos,33,18.0,594.0,Presencial,No,Ninguna,0,Nublado,19,0,4,12,46,32
2024-08-08,Jueves,8,2024,0,0,Almuerzo,12,16,Pizza Familiar,Pizzas,20,32.0,640.0,Presencial,No,Ninguna,0,Nublado,19,0,4,21,49,41
2024-08-08,Jueves,8,2024,0,0,Almuerzo,12,16,Hamburguesa BBQ,Hamburguesas,23,16.0,368.0,Delivery,No,Ninguna,0,Nublado,19,0,4,12,30,43
2024-08-08,Jueves,8,2024,0,0,Almuerzo,12,16,Cheeseburger,Hamburguesas,15,14.0,210.0,Presencial,No,Ninguna,0,Nublado,19,0,4,14,47,45
2024-08-08,Jueves,8,2024,0,0,Almuerzo,12,16,Salchipapa Especial,Salchipapas,37,15.0,555.0,Presencial,No,Ninguna,0,Nublado,19,0,4,11,68,40
2024-08-08,Jueves,8,2024,0,0,Cena,18,22,Pizza Familiar,Pizzas,12,32.0,384.0,Presencial,No,Ninguna,0,Nublado,19,0,7,20,27,41
2024-08-08,Jueves,8,2024,0,0,Cena,18,22,Gaseosa,Bebidas,29,4.0,116.0,Delivery,No,Ninguna,0,Nublado,19,0,7,4,86,53
2024-08-08,Jueves,8,2024,0,0,Cena,18,22,Hamburguesa BBQ,Hamburguesas,23,16.0,368.0,Web,No,Ninguna,0,Nublado,19,0,7,9,35,53
2024-08-08,Jueves,8,2024,0,0,Cena,18,22,Salchipapa Clásica,Salchipapas,27,10.0,270.0,Delivery,No,Ninguna,0,Nublado,19,0,7,11,43,43
2024-08-08,Jueves,8,2024,0,0,Cena,18,22,Salchipapa Especial,Salchipapas,27,15.0,405.0,Web,No,Ninguna,0,Nublado,19,0,7,10,44,40
2024-08-08,Jueves,8,2024,0,0,Cena,18,22,Hamburguesa Clásica,Hamburguesas,24,12.0,288.0,Presencial,No,Ninguna,0,Nublado,19,0,7,13,48,51
2024-08-09,Viernes,8,2024,0,0,Desayuno,7,11,Sándwich de Pollo,Sándwiches,10,11.0,110.0,Presencial,No,Ninguna,0,Nublado,24,0,3,7,40,14
2024-08-09,Viernes,8,2024,0,0,Desayuno,7,11,Gaseosa,Bebidas,17,4.0,68.0,Delivery,No,Ninguna,0,Nublado,24,0,3,3,71,21
2024-08-09,Viernes,8,2024,0,0,Desayuno,7,11,Pizza Personal,Pizzas,8,13.0,104.0,Presencial,No,Ninguna,0,Nublado,24,0,3,16,21,25
2024-08-09,Viernes,8,2024,0,0,Desayuno,7,11,Pollo Broaster,Pollos,15,18.0,270.0,Presencial,No,Ninguna,0,Nublado,24,0,3,19,49,17
2024-08-09,Viernes,8,2024,0,0,Almuerzo,12,16,Gaseosa,Bebidas,37,4.0,148.0,Presencial,No,Ninguna,0,Nublado,24,0,7,2,77,35
2024-08-09,Viernes,8,2024,0,0,Almuerzo,12,16,Pollo Broaster,Pollos,45,18.0,810.0,Delivery,No,Ninguna,0,Nublado,24,0,7,18,56,43
2024-08-09,Viernes,8,2024,0,0,Almuerzo,12,16,Hamburguesa Clásica,Hamburguesas,32,12.0,384.0,Delivery,No,Ninguna,0,Nublado,24,0,7,10,58,42
2024-08-09,Viernes,8,2024,0,0,Almuerzo,12,16,Hamburguesa BBQ,Hamburguesas,24,16.0,384.0,Presencial,No,Ninguna,0,Nublado,24,0,7,9,48,45
2024-08-09,Viernes,8,2024,0,0,Almuerzo,12,16,Alitas BBQ,Pollos,26,20.0,520.0,Delivery,No,Ninguna,0,Nublado,24,0,7,13,54,33
2024-08-09,Viernes,8,2024,0,0,Cena,18,22,Alitas BBQ,Pollos,23,20.0,460.0,Presencial,No,Ninguna,0,Nublado,24,0,8,12,49,60
2024-08-09,Viernes,8,2024,0,0,Cena,18,22,Jugo Natural,Bebidas,22,6.0,118.8,Web,Sí,Descuento,10,Nublado,24,0,8,2,63,69
2024-08-09,Viernes,8,2024,0,0,Cena,18,22,Gaseosa,Bebidas,51,4.0,173.4,Web,Sí,2x1,15,Nublado,24,0,8,2,80,61
2024-08-09,Viernes,8,2024,0,0,Cena,18,22,Pizza Familiar,Pizzas,27,32.0,734.4,Presencial,Sí,2x1,15,Nublado,24,0,8,21,58,68
2024-08-09,Viernes,8,2024,0,0,Cena,18,22,Pollo Broaster,Pollos,52,18.0,936.0,Delivery,No,Ninguna,0,Nublado,24,0,8,20,84,41
2024-08-10,Sábado,8,2024,1,0,Desayuno,7,11,Alitas BBQ,Pollos,14,20.0,280.0,Presencial,No,Ninguna,0,Nublado,19,0,3,14,23,33
2024-08-10,Sábado,8,2024,1,0,Desayuno,7,11,Sándwich de Pollo,Sándwiches,10,11.0,110.0,Presencial,No,Ninguna,0,Nublado,19,0,3,11,27,19
2024-08-10,Sábado,8,2024,1,0,Desayuno,7,11,Jugo Natural,Bebidas,14,6.0,84.0,Presencial,No,Ninguna,0,Nublado,19,0,3,3,30,20
2024-08-10,Sábado,8,2024,1,0,Desayuno,7,11,Gaseosa,Bebidas,25,4.0,90.0,Presencial,Sí,Combo,10,Nublado,19,0,3,5,67,34
2024-08-10,Sábado,8,2024,1,0,Almuerzo,12,16,Pizza Personal,Pizzas,28,13.0,364.0,Web,No,Ninguna,0,Nublado,19,0,5,24,40,39
2024-08-10,Sábado,8,2024,1,0,Almuerzo,12,16,Pollo Broaster,Pollos,51,18.0,918.0,Web,No,Ninguna,0,Nublado,19,0,5,14,85,41
2024-08-10,Sábado,8,2024,1,0,Almuerzo,12,16,Alitas BBQ,Pollos,49,20.0,735.0,Delivery,Sí,Combo,25,Nublado,19,0,5,18,78,43
2024-08-10,Sábado,8,2024,1,0,Almuerzo,12,16,Hamburguesa BBQ,Hamburguesas,23,16.0,368.0,Delivery,No,Ninguna,0,Nublado,19,0,5,12,28,49
2024-08-10,Sábado,8,2024,1,0,Cena,18,22,Salchipapa Especial,Salchipapas,38,15.0,570.0,Web,No,Ninguna,0,Nublado,19,0,8,8,48,61
2024-08-10,Sábado,8,2024,1,0,Cena,18,22,Pizza Familiar,Pizzas,18,32.0,576.0,Delivery,No,Ninguna,0,Nublado,19,0,8,17,51,62
2024-08-10,Sábado,8,2024,1,0,Cena,18,22,Alitas BBQ,Pollos,24,20.0,480.0,Delivery,No,Ninguna,0,Nublado,19,0,8,20,38,59
2024-08-10,Sábado,8,2024,1,0,Cena,18,22,Pizza Personal,Pizzas,38,13.0,419.9,Delivery,Sí,Descuento,15,Nublado,19,0,8,22,67,69
2024-08-11,Domingo,8,2024,1,0,Desayuno,7,11,Hamburguesa Clásica,Hamburguesas,13,12.0,156.0,Presencial,No,Ninguna,0,Nublado,21,0,3,8,33,20
2024-08-11,Domingo,8,2024,1,0,Desayuno,7,11,Sándwich de Pollo,Sándwiches,11,11.0,121.0,Presencial,No,Ninguna,0,Nublado,21,0,3,8,28,29
2024-08-11,Domingo,8,2024,1,0,Desayuno,7,11,Hamburguesa BBQ,Hamburguesas,9,16.0,144.0,Presencial,No,Ninguna,0,Nublado,21,0,3,12,23,34
2024-08-11,Domingo,8,2024,1,0,Desayuno,7,11,Pizza Personal,Pizzas,11,13.0,143.0,Presencial,No,Ninguna,0,Nublado,21,0,3,20,28,20
2024-08-11,Domingo,8,2024,1,0,Desayuno,7,11,Salchipapa Clásica,Salchipapas,14,10.0,140.0,Delivery,No,Ninguna,0,Nublado,21,0,3,10,39,20
2024-08-11,Domingo,8,2024,1,0,Desayuno,7,11,Jugo Natural,Bebidas,10,6.0,60.0,Presencial,No,Ninguna,0,Nublado,21,0,3,5,68,22
2024-08-11,Domingo,8,2024,1,0,Almuerzo,12,16,Salchipapa Clásica,Salchipapas,28,10.0,280.0,Presencial,No,Ninguna,0,Nublado,21,0,7,12,37,34
2024-08-11,Domingo,8,2024,1,0,Almuerzo,12,16,Pollo Broaster,Pollos,38,18.0,684.0,Delivery,No,Ninguna,0,Nublado,21,0,7,19,62,43
2024-08-11,Domingo,8,2024,1,0,Almuerzo,12,16,Cheeseburger,Hamburguesas,27,14.0,378.0,Presencial,No,Ninguna,0,Nublado,21,0,7,8,53,40
2024-08-11,Domingo,8,2024,1,0,Almuerzo,12,16,Salchipapa Especial,Salchipapas,29,15.0,435.0,Web,No,Ninguna,0,Nublado,21,0,7,12,56,31
2024-08-11,Domingo,8,2024,1,0,Almuerzo,12,16,Gaseosa,Bebidas,45,4.0,153.0,Presencial,Sí,Combo,15,Nublado,21,0,7,2,69,42
2024-08-11,Domingo,8,2024,1,0,Cena,18,22,Salchipapa Especial,Salchipapas,23,15.0,345.0,Presencial,No,Ninguna,0,Nublado,21,0,6,10,55,60
2024-08-11,Domingo,8,2024,1,0,Cena,18,22,Pizza Familiar,Pizzas,23,32.0,736.0,Delivery,No,Ninguna,0,Nublado,21,0,6,18,31,50
2024-08-11,Domingo,8,2024,1,0,Cena,18,22,Salchipapa Clásica,Salchipapas,29,10.0,290.0,Delivery,No,Ninguna,0,Nublado,21,0,6,12,34,72
2024-08-11,Domingo,8,2024,1,0,Cena,18,22,Hamburguesa Clásica,Hamburguesas,27,12.0,324.0,Delivery,No,Ninguna,0,Nublado,21,0,6,8,32,46
2024-08-11,Domingo,8,2024,1,0,Cena,18,22,Gaseosa,Bebidas,37,4.0,148.0,Web,No,Ninguna,0,Nublado,21,0,6,4,93,55
2024-08-12,Lunes,8,2024,0,0,Desayuno,7,11,Gaseosa,Bebidas,13,4.0,52.0,Presencial,No,Ninguna,0,Soleado,29,0,4,5,34,13
2024-08-12,Lunes,8,2024,0,0,Desayuno,7,11,Jugo Natural,Bebidas,12,6.0,72.0,Presencial,No,Ninguna,0,Soleado,29,0,4,4,37,16
2024-08-12,Lunes,8,2024,0,0,Desayuno,7,11,Salchipapa Clásica,Salchipapas,10,10.0,100.0,Presencial,No,Ninguna,0,Soleado,29,0,4,8,25,15
2024-08-12,Lunes,8,2024,0,0,Desayuno,7,11,Cheeseburger,Hamburguesas,8,14.0,112.0,Web,No,Ninguna,0,Soleado,29,0,4,9,24,16
2024-08-12,Lunes,8,2024,0,0,Almuerzo,12,16,Cheeseburger,Hamburguesas,15,14.0,210.0,Presencial,No,Ninguna,0,Soleado,29,0,6,9,46,31
2024-08-12,Lunes,8,2024,0,0,Almuerzo,12,16,Jugo Natural,Bebidas,25,6.0,150.0,Delivery,No,Ninguna,0,Soleado,29,0,6,3,65,41
2024-08-12,Lunes,8,2024,0,0,Almuerzo,12,16,Pizza Personal,Pizzas,23,13.0,224.25,Delivery,Sí,Combo,25,Soleado,29,0,6,23,56,39
2024-08-12,Lunes,8,2024,0,0,Almuerzo,12,16,Hamburguesa Clásica,Hamburguesas,26,12.0,312.0,Delivery,No,Ninguna,0,Soleado,29,0,6,12,44,25
2024-08-12,Lunes,8,2024,0,0,Almuerzo,12,16,Pizza Familiar,Pizzas,19,32.0,486.4,Delivery,Sí,Descuento,20,Soleado,29,0,6,20,54,32
2024-08-12,Lunes,8,2024,0,0,Almuerzo,12,16,Pollo Broaster,Pollos,20,18.0,360.0,Delivery,No,Ninguna,0,Soleado,29,0,6,12,35,34
2024-08-12,Lunes,8,2024,0,0,Cena,18,22,Alitas BBQ,Pollos,17,20.0,255.0,Delivery,Sí,Combo,25,Soleado,29,0,4,17,36,66
2024-08-12,Lunes,8,2024,0,0,Cena,18,22,Salchipapa Especial,Salchipapas,15,15.0,225.0,Delivery,No,Ninguna,0,Soleado,29,0,4,9,22,44
2024-08-12,Lunes,8,2024,0,0,Cena,18,22,Pollo Broaster,Pollos,15,18.0,270.0,Delivery,No,Ninguna,0,Soleado,29,0,4,15,32,40
2024-08-12,Lunes,8,2024,0,0,Cena,18,22,Gaseosa,Bebidas,24,4.0,96.0,Web,No,Ninguna,0,Soleado,29,0,4,2,47,59
2024-08-12,Lunes,8,2024,0,0,Cena,18,22,Pizza Personal,Pizzas,15,13.0,195.0,Delivery,No,Ninguna,0,Soleado,29,0,4,18,20,60
2024-08-13,Martes,8,2024,0,0,Desayuno,7,11,Hamburguesa BBQ,Hamburguesas,11,16.0,176.0,Presencial,No,Ninguna,0,Nublado,21,0,4,11,19,25
2024-08-13,Martes,8,2024,0,0,Desayuno,7,11,Cheeseburger,Hamburguesas,9,14.0,126.0,Presencial,No,Ninguna,0,Nublado,21,0,4,12,35,20
2024-08-13,Martes,8,2024,0,0,Desayuno,7,11,Hamburguesa Clásica,Hamburguesas,9,12.0,108.0,Delivery,No,Ninguna,0,Nublado,21,0,4,13,44,21
2024-08-13,Martes,8,2024,0,0,Desayuno,7,11,Gaseosa,Bebidas,13,4.0,52.0,Presencial,No,Ninguna,0,Nublado,21,0,4,5,53,22
2024-08-13,Martes,8,2024,0,0,Almuerzo,12,16,Pollo Broaster,Pollos,36,18.0,648.0,Delivery,No,Ninguna,0,Nublado,21,0,7,16,66,44
2024-08-13,Martes,8,2024,0,0,Almuerzo,12,16,Sándwich de Pollo,Sándwiches,19,11.0,209.0,Delivery,No,Ninguna,0,Nublado,21,0,7,12,33,39
2024-08-13,Martes,8,2024,0,0,Almuerzo,12,16,Hamburguesa BBQ,Hamburguesas,23,16.0,368.0,Presencial,No,Ninguna,0,Nublado,21,0,7,13,41,26
2024-08-13,Martes,8,2024,0,0,Almuerzo,12,16,Cheeseburger,Hamburguesas,16,14.0,224.0,Delivery,No,Ninguna,0,Nublado,21,0,7,10,45,45
2024-08-13,Martes,8,2024,0,0,Almuerzo,12,16,Gaseosa,Bebidas,27,4.0,108.0,Web,No,Ninguna,0,Nublado,21,0,7,4,57,36
2024-08-13,Martes,8,2024,0,0,Cena,18,22,Gaseosa,Bebidas,34,4.0,136.0,Web,No,Ninguna,0,Nublado,21,0,8,5,72,54
2024-08-13,Martes,8,2024,0,0,Cena,18,22,Salchipapa Especial,Salchipapas,22,15.0,330.0,Delivery,No,Ninguna,0,Nublado,21,0,8,9,39,50
2024-08-13,Martes,8,2024,0,0,Cena,18,22,Salchipapa Clásica,Salchipapas,16,10.0,160.0,Web,No,Ninguna,0,Nublado,21,0,8,8,36,49
2024-08-13,Martes,8,2024,0,0,Cena,18,22,Alitas BBQ,Pollos,14,20.0,280.0,Presencial,No,Ninguna,0,Nublado,21,0,8,13,47,62
2024-08-14,Miércoles,8,2024,0,0,Desayuno,7,11,Jugo Natural,Bebidas,9,6.0,54.0,Presencial,No,Ninguna,0,Lluvioso,21,1,2,4,32,34
2024-08-14,Miércoles,8,2024,0,0,Desayuno,7,11,Sándwich de Pollo,Sándwiches,10,11.0,110.0,Delivery,No,Ninguna,0,Lluvioso,21,1,2,12,45,40
2024-08-14,Miércoles,8,2024,0,0,Desayuno,7,11,Hamburguesa Clásica,Hamburguesas,12,12.0,144.0,Presencial,No,Ninguna,0,Lluvioso,21,1,2,13,39,37
2024-08-14,Miércoles,8,2024,0,0,Desayuno,7,11,Cheeseburger,Hamburguesas,6,14.0,84.0,Delivery,No,Ninguna,0,Lluvioso,21,1,2,8,17,27
2024-08-14,Miércoles,8,2024,0,0,Desayuno,7,11,Salchipapa Clásica,Salchipapas,10,10.0,100.0,Presencial,No,Ninguna,0,Lluvioso,21,1,2,13,43,27
2024-08-14,Miércoles,8,2024,0,0,Desayuno,7,11,Gaseosa,Bebidas,18,4.0,57.6,Delivery,Sí,Combo,20,Lluvioso,21,1,2,2,45,39
2024-08-14,Miércoles,8,2024,0,0,Almuerzo,12,16,Salchipapa Especial,Salchipapas,37,15.0,555.0,Presencial,No,Ninguna,0,Lluvioso,21,1,7,9,72,40
2024-08-14,Miércoles,8,2024,0,0,Almuerzo,12,16,Jugo Natural,Bebidas,22,6.0,132.0,Delivery,No,Ninguna,0,Lluvioso,21,1,7,5,43,60
2024-08-14,Miércoles,8,2024,0,0,Almuerzo,12,16,Alitas BBQ,Pollos,25,20.0,500.0,Web,No,Ninguna,0,Lluvioso,21,1,7,12,41,42
2024-08-14,Miércoles,8,2024,0,0,Almuerzo,12,16,Salchipapa Clásica,Salchipapas,21,10.0,210.0,Delivery,No,Ninguna,0,Lluvioso,21,1,7,12,37,50
2024-08-14,Miércoles,8,2024,0,0,Cena,18,22,Pizza Personal,Pizzas,17,13.0,221.0,Presencial,No,Ninguna,0,Lluvioso,21,1,7,24,47,66
2024-08-14,Miércoles,8,2024,0,0,Cena,18,22,Pollo Broaster,Pollos,25,18.0,450.0,Delivery,No,Ninguna,0,Lluvioso,21,1,7,15,48,78
2024-08-14,Miércoles,8,2024,0,0,Cena,18,22,Alitas BBQ,Pollos,20,20.0,400.0,Delivery,No,Ninguna,0,Lluvioso,21,1,7,14,47,55
2024-08-14,Miércoles,8,2024,0,0,Cena,18,22,Pizza Familiar,Pizzas,9,32.0,288.0,Delivery,No,Ninguna,0,Lluvioso,21,1,7,15,19,63
2024-08-15,Jueves,8,2024,0,0,Desayuno,7,11,Gaseosa,Bebidas,26,4.0,104.0,Presencial,No,Ninguna,0,Lluvioso,17,1,2,2,45,43
2024-08-15,Jueves,8,2024,0,0,Desayuno,7,11,Jugo Natural,Bebidas,9,6.0,54.0,Presencial,No,Ninguna,0,Lluvioso,17,1,2,5,51,25
2024-08-15,Jueves,8,2024,0,0,Desayuno,7,11,Sándwich de Pollo,Sándwiches,11,11.0,121.0,Presencial,No,Ninguna,0,Lluvioso,17,1,2,7,37,26
2024-08-15,Jueves,8,2024,0,0,Almuerzo,12,16,Cheeseburger,Hamburguesas,27,14.0,378.0,Web,No,Ninguna,0,Lluvioso,17,1,4,8,32,49
2024-08-15,Jueves,8,2024,0,0,Almuerzo,12,16,Hamburguesa Clásica,Hamburguesas,35,12.0,420.0,Delivery,No,Ninguna,0,Lluvioso,17,1,4,12,47,42
2024-08-15,Jueves,8,2024,0,0,Almuerzo,12,16,Alitas BBQ,Pollos,29,20.0,580.0,Presencial,No,Ninguna,0,Lluvioso,17,1,4,20,44,53
2024-08-15,Jueves,8,2024,0,0,Almuerzo,12,16,Sándwich de Pollo,Sándwiches,20,11.0,220.0,Web,No,Ninguna,0,Lluvioso,17,1,4,11,41,60
2024-08-15,Jueves,8,2024,0,0,Cena,18,22,Pizza Personal,Pizzas,17,13.0,221.0,Delivery,No,Ninguna,0,Lluvioso,17,1,8,20,26,63
2024-08-15,Jueves,8,2024,0,0,Cena,18,22,Pizza Familiar,Pizzas,17,32.0,544.0,Delivery,No,Ninguna,0,Lluvioso,17,1,8,15,42,65
2024-08-15,Jueves,8,2024,0,0,Cena,18,22,Hamburguesa BBQ,Hamburguesas,30,16.0,480.0,Delivery,No,Ninguna,0,Lluvioso,17,1,8,10,40,65
2024-08-15,Jueves,8,2024,0,0,Cena,18,22,Sándwich de Pollo,Sándwiches,21,11.0,231.0,Delivery,No,Ninguna,0,Lluvioso,17,1,8,10,54,63
2024-08-15,Jueves,8,2024,0,0,Cena,18,22,Salchipapa Especial,Salchipapas,31,15.0,465.0,Presencial,No,Ninguna,0,Lluvioso,17,1,8,14,46,57
2024-08-16,Viernes,8,2024,0,0,Desayuno,7,11,Sándwich de Pollo,Sándwiches,8,11.0,88.0,Presencial,No,Ninguna,0,Nublado,21,0,3,12,32,14
2024-08-16,Viernes,8,2024,0,0,Desayuno,7,11,Gaseosa,Bebidas,19,4.0,76.0,Delivery,No,Ninguna,0,Nublado,21,0,3,5,50,14
2024-08-16,Viernes,8,2024,0,0,Desayuno,7,11,Jugo Natural,Bebidas,9,6.0,54.0,Presencial,No,Ninguna,0,Nublado,21,0,3,5,26,10
2024-08-16,Viernes,8,2024,0,0,Desayuno,7,11,Salchipapa Clásica,Salchipapas,11,10.0,110.0,Presencial,No,Ninguna,0,Nublado,21,0,3,15,43,22
2024-08-16,Viernes,8,2024,0,0,Desayuno,7,11,Hamburguesa Clásica,Hamburguesas,10,12.0,120.0,Presencial,No,Ninguna,0,Nublado,21,0,3,9,43,21
2024-08-16,Viernes,8,2024,0,0,Almuerzo,12,16,Hamburguesa Clásica,Hamburguesas,18,12.0,216.0,Delivery,No,Ninguna,0,Nublado,21,0,6,14,23,36
2024-08-16,Viernes,8,2024,0,0,Almuerzo,12,16,Alitas BBQ,Pollos,34,20.0,544.0,Delivery,Sí,2x1,20,Nublado,21,0,6,18,54,44
2024-08-16,Viernes,8,2024,0,0,Almuerzo,12,16,Salchipapa Especial,Salchipapas,24,15.0,360.0,Presencial,No,Ninguna,0,Nublado,21,0,6,9,52,28
2024-08-16,Viernes,8,2024,0,0,Cena,18,22,Salchipapa Especial,Salchipapas,30,15.0,450.0,Delivery,No,Ninguna,0,Nublado,21,0,7,9,56,54
2024-08-16,Viernes,8,2024,0,0,Cena,18,22,Pollo Broaster,Pollos,41,18.0,664.2,Delivery,Sí,Descuento,10,Nublado,21,0,7,14,46,49
2024-08-16,Viernes,8,2024,0,0,Cena,18,22,Alitas BBQ,Pollos,21,20.0,420.0,Presencial,No,Ninguna,0,Nublado,21,0,7,15,48,44
2024-08-16,Viernes,8,2024,0,0,Cena,18,22,Hamburguesa BBQ,Hamburguesas,29,16.0,464.0,Presencial,No,Ninguna,0,Nublado,21,0,7,10,62,45
2024-08-16,Viernes,8,2024,0,0,Cena,18,22,Sándwich de Pollo,Sándwiches,23,11.0,253.0,Delivery,No,Ninguna,0,Nublado,21,0,7,11,49,59
2024-08-16,Viernes,8,2024,0,0,Cena,18,22,Hamburguesa Clásica,Hamburguesas,34,12.0,408.0,Delivery,No,Ninguna,0,Nublado,21,0,7,12,66,50
2024-08-17,Sábado,8,2024,1,0,Desayuno,7,11,Jugo Natural,Bebidas,12,6.0,72.0,Presencial,No,Ninguna,0,Nublado,21,0,5,3,55,19
2024-08-17,Sábado,8,2024,1,0,Desayuno,7,11,Salchipapa Clásica,Salchipapas,18,10.0,180.0,Delivery,No,Ninguna,0,Nublado,21,0,5,14,46,25
2024-08-17,Sábado,8,2024,1,0,Desayuno,7,11,Gaseosa,Bebidas,21,4.0,84.0,Presencial,No,Ninguna,0,Nublado,21,0,5,2,65,31
2024-08-17,Sábado,8,2024,1,0,Desayuno,7,11,Sándwich de Pollo,Sándwiches,9,11.0,99.0,Presencial,No,Ninguna,0,Nublado,21,0,5,10,30,21
2024-08-17,Sábado,8,2024,1,0,Desayuno,7,11,Hamburguesa BBQ,Hamburguesas,14,16.0,201.6,Delivery,Sí,Combo,10,Nublado,21,0,5,13,20,24
2024-08-17,Sábado,8,2024,1,0,Almuerzo,12,16,Gaseosa,Bebidas,47,4.0,188.0,Presencial,No,Ninguna,0,Nublado,21,0,5,2,69,38
2024-08-17,Sábado,8,2024,1,0,Almuerzo,12,16,Hamburguesa Clásica,Hamburguesas,40,12.0,384.0,Presencial,Sí,Descuento,20,Nublado,21,0,5,12,66,39
2024-08-17,Sábado,8,2024,1,0,Almuerzo,12,16,Pollo Broaster,Pollos,39,18.0,702.0,Presencial,No,Ninguna,0,Nublado,21,0,5,18,47,43
2024-08-17,Sábado,8,2024,1,0,Almuerzo,12,16,Alitas BBQ,Pollos,29,20.0,580.0,Delivery,No,Ninguna,0,Nublado,21,0,5,16,56,35
2024-08-17,Sábado,8,2024,1,0,Almuerzo,12,16,Cheeseburger,Hamburguesas,29,14.0,406.0,Web,No,Ninguna,0,Nublado,21,0,5,9,45,46
2024-08-17,Sábado,8,2024,1,0,Cena,18,22,Jugo Natural,Bebidas,26,6.0,156.0,Web,No,Ninguna,0,Nublado,21,0,8,2,86,66
2024-08-17,Sábado,8,2024,1,0,Cena,18,22,Gaseosa,Bebidas,31,4.0,124.0,Delivery,No,Ninguna,0,Nublado,21,0,8,4,74,52
2024-08-17,Sábado,8,2024,1,0,Cena,18,22,Pizza Familiar,Pizzas,15,32.0,480.0,Presencial,No,Ninguna,0,Nublado,21,0,8,16,35,46
2024-08-17,Sábado,8,2024,1,0,Cena,18,22,Alitas BBQ,Pollos,30,20.0,600.0,Delivery,No,Ninguna,0,Nublado,21,0,8,16,48,57
2024-08-17,Sábado,8,2024,1,0,Cena,18,22,Salchipapa Especial,Salchipapas,47,15.0,564.0,Delivery,Sí,Combo,20,Nublado,21,0,8,10,65,69
2024-08-18,Domingo,8,2024,1,0,Desayuno,7,11,Pollo Broaster,Pollos,18,18.0,324.0,Presencial,No,Ninguna,0,Nublado,24,0,5,16,53,26
2024-08-18,Domingo,8,2024,1,0,Desayuno,7,11,Gaseosa,Bebidas,28,4.0,100.8,Web,Sí,Combo,10,Nublado,24,0,5,2,87,29
2024-08-18,Domingo,8,2024,1,0,Desayuno,7,11,Cheeseburger,Hamburguesas,10,14.0,140.0,Presencial,No,Ninguna,0,Nublado,24,0,5,9,41,28
2024-08-18,Domingo,8,2024,1,0,Desayuno,7,11,Jugo Natural,Bebidas,12,6.0,72.0,Presencial,No,Ninguna,0,Nublado,24,0,5,4,53,29
2024-08-18,Domingo,8,2024,1,0,Almuerzo,12,16,Sándwich de Pollo,Sándwiches,18,11.0,198.0,Web,No,Ninguna,0,Nublado,24,0,7,10,31,42
2024-08-18,Domingo,8,2024,1,0,Almuerzo,12,16,Pizza Familiar,Pizzas,15,32.0,480.0,Presencial,No,Ninguna,0,Nublado,24,0,7,18,27,40
2024-08-18,Domingo,8,2024,1,0,Almuerzo,12,16,Salchipapa Especial,Salchipapas,30,15.0,382.5,Web,Sí,Descuento,15,Nublado,24,0,7,10,44,62
2024-08-18,Domingo,8,2024,1,0,Cena,18,22,Cheeseburger,Hamburguesas,21,14.0,294.0,Delivery,No,Ninguna,0,Nublado,24,0,4,12,54,54
2024-08-18,Domingo,8,2024,1,0,Cena,18,22,Alitas BBQ,Pollos,24,20.0,480.0,Presencial,No,Ninguna,0,Nublado,24,0,4,16,40,74
2024-08-18,Domingo,8,2024,1,0,Cena,18,22,Hamburguesa BBQ,Hamburguesas,22,16.0,352.0,Delivery,No,Ninguna,0,Nublado,24,0,4,10,49,62
2024-08-18,Domingo,8,2024,1,0,Cena,18,22,Pizza Familiar,Pizzas,17,32.0,544.0,Web,No,Ninguna,0,Nublado,24,0,4,17,24,50
2024-08-19,Lunes,8,2024,0,0,Desayuno,7,11,Gaseosa,Bebidas,14,4.0,56.0,Presencial,No,Ninguna,0,Lluvioso,21,1,4,3,31,31
2024-08-19,Lunes,8,2024,0,0,Desayuno,7,11,Jugo Natural,Bebidas,10,6.0,60.0,Presencial,No,Ninguna,0,Lluvioso,21,1,4,5,30,37
2024-08-19,Lunes,8,2024,0,0,Desayuno,7,11,Sándwich de Pollo,Sándwiches,9,11.0,99.0,Delivery,No,Ninguna,0,Lluvioso,21,1,4,9,44,28
2024-08-19,Lunes,8,2024,0,0,Desayuno,7,11,Salchipapa Especial,Salchipapas,9,15.0,135.0,Presencial,No,Ninguna,0,Lluvioso,21,1,4,15,31,37
2024-08-19,Lunes,8,2024,0,0,Desayuno,7,11,Pollo Broaster,Pollos,15,18.0,270.0,Delivery,No,Ninguna,0,Lluvioso,21,1,4,14,36,41
2024-08-19,Lunes,8,2024,0,0,Almuerzo,12,16,Salchipapa Especial,Salchipapas,24,15.0,360.0,Delivery,No,Ninguna,0,Lluvioso,21,1,7,11,55,46
2024-08-19,Lunes,8,2024,0,0,Almuerzo,12,16,Pollo Broaster,Pollos,31,18.0,558.0,Delivery,No,Ninguna,0,Lluvioso,21,1,7,18,41,65
2024-08-19,Lunes,8,2024,0,0,Almuerzo,12,16,Gaseosa,Bebidas,41,4.0,164.0,Web,No,Ninguna,0,Lluvioso,21,1,7,2,59,57
2024-08-19,Lunes,8,2024,0,0,Almuerzo,12,16,Hamburguesa Clásica,Hamburguesas,29,12.0,348.0,Delivery,No,Ninguna,0,Lluvioso,21,1,7,8,64,46
2024-08-19,Lunes,8,2024,0,0,Cena,18,22,Salchipapa Especial,Salchipapas,24,15.0,360.0,Web,No,Ninguna,0,Lluvioso,21,1,5,13,39,68
2024-08-19,Lunes,8,2024,0,0,Cena,18,22,Pizza Personal,Pizzas,19,13.0,247.0,Delivery,No,Ninguna,0,Lluvioso,21,1,5,24,49,71
2024-08-19,Lunes,8,2024,0,0,Cena,18,22,Gaseosa,Bebidas,24,4.0,96.0,Presencial,No,Ninguna,0,Lluvioso,21,1,5,2,62,74
2024-08-20,Martes,8,2024,0,0,Desayuno,7,11,Salchipapa Clásica,Salchipapas,8,10.0,80.0,Web,No,Ninguna,0,Lluvioso,19,1,3,12,36,24
2024-08-20,Martes,8,2024,0,0,Desayuno,7,11,Jugo Natural,Bebidas,11,6.0,66.0,Presencial,No,Ninguna,0,Lluvioso,19,1,3,2,70,38
2024-08-20,Martes,8,2024,0,0,Desayuno,7,11,Cheeseburger,Hamburguesas,10,14.0,140.0,Delivery,No,Ninguna,0,Lluvioso,19,1,3,8,36,35
2024-08-20,Martes,8,2024,0,0,Desayuno,7,11,Sándwich de Pollo,Sándwiches,7,11.0,77.0,Delivery,No,Ninguna,0,Lluvioso,19,1,3,12,30,28
2024-08-20,Martes,8,2024,0,0,Desayuno,7,11,Gaseosa,Bebidas,12,4.0,48.0,Presencial,No,Ninguna,0,Lluvioso,19,1,3,4,40,30
2024-08-20,Martes,8,2024,0,0,Almuerzo,12,16,Pollo Broaster,Pollos,43,18.0,774.0,Presencial,No,Ninguna,0,Lluvioso,19,1,5,18,52,36
2024-08-20,Martes,8,2024,0,0,Almuerzo,12,16,Alitas BBQ,Pollos,24,20.0,480.0,Delivery,No,Ninguna,0,Lluvioso,19,1,5,20,53,47
2024-08-20,Martes,8,2024,0,0,Almuerzo,12,16,Salchipapa Especial,Salchipapas,33,15.0,495.0,Delivery,No,Ninguna,0,Lluvioso,19,1,5,11,44,44
2024-08-20,Martes,8,2024,0,0,Cena,18,22,Cheeseburger,Hamburguesas,16,14.0,224.0,Presencial,No,Ninguna,0,Lluvioso,19,1,7,12,34,73
2024-08-20,Martes,8,2024,0,0,Cena,18,22,Hamburguesa BBQ,Hamburguesas,23,16.0,368.0,Delivery,No,Ninguna,0,Lluvioso,19,1,7,10,58,68
2024-08-20,Martes,8,2024,0,0,Cena,18,22,Salchipapa Especial,Salchipapas,22,15.0,330.0,Delivery,No,Ninguna,0,Lluvioso,19,1,7,13,37,73
2024-08-20,Martes,8,2024,0,0,Cena,18,22,Pizza Familiar,Pizzas,14,32.0,448.0,Delivery,No,Ninguna,0,Lluvioso,19,1,7,22,22,67
2024-08-21,Miércoles,8,2024,0,0,Desayuno,7,11,Salchipapa Especial,Salchipapas,12,15.0,180.0,Presencial,No,Ninguna,0,Nublado,20,0,3,9,29,21
2024-08-21,Miércoles,8,2024,0,0,Desayuno,7,11,Jugo Natural,Bebidas,10,6.0,60.0,Presencial,No,Ninguna,0,Nublado,20,0,3,2,44,13
2024-08-21,Miércoles,8,2024,0,0,Desayuno,7,11,Sándwich de Pollo,Sándwiches,9,11.0,99.0,Presencial,No,Ninguna,0,Nublado,20,0,3,6,39,21
2024-08-21,Miércoles,8,2024,0,0,Desayuno,7,11,Gaseosa,Bebidas,14,4.0,56.0,Presencial,No,Ninguna,0,Nublado,20,0,3,4,58,14
2024-08-21,Miércoles,8,2024,0,0,Desayuno,7,11,Hamburguesa Clásica,Hamburguesas,8,12.0,96.0,Presencial,No,Ninguna,0,Nublado,20,0,3,9,36,14
2024-08-21,Miércoles,8,2024,0,0,Desayuno,7,11,Cheeseburger,Hamburguesas,8,14.0,112.0,Presencial,No,Ninguna,0,Nublado,20,0,3,14,38,15
2024-08-21,Miércoles,8,2024,0,0,Almuerzo,12,16,Salchipapa Clásica,Salchipapas,23,10.0,230.0,Presencial,No,Ninguna,0,Nublado,20,0,4,8,50,30
2024-08-21,Miércoles,8,2024,0,0,Almuerzo,12,16,Pollo Broaster,Pollos,48,18.0,648.0,Presencial,Sí,Descuento,25,Nublado,20,0,4,14,63,48
2024-08-21,Miércoles,8,2024,0,0,Almuerzo,12,16,Pizza Personal,Pizzas,24,13.0,312.0,Presencial,No,Ninguna,0,Nublado,20,0,4,18,37,25
2024-08-21,Miércoles,8,2024,0,0,Almuerzo,12,16,Hamburguesa Clásica,Hamburguesas,21,12.0,252.0,Presencial,No,Ninguna,0,Nublado,20,0,4,13,45,36
2024-08-21,Miércoles,8,2024,0,0,Almuerzo,12,16,Cheeseburger,Hamburguesas,19,14.0,266.0,Web,No,Ninguna,0,Nublado,20,0,4,9,39,30
2024-08-21,Miércoles,8,2024,0,0,Cena,18,22,Pizza Personal,Pizzas,18,13.0,234.0,Delivery,No,Ninguna,0,Nublado,20,0,5,15,25,62
2024-08-21,Miércoles,8,2024,0,0,Cena,18,22,Pizza Familiar,Pizzas,10,32.0,320.0,Delivery,No,Ninguna,0,Nublado,20,0,5,24,16,49
2024-08-21,Miércoles,8,2024,0,0,Cena,18,22,Hamburguesa BBQ,Hamburguesas,14,16.0,224.0,Delivery,No,Ninguna,0,Nublado,20,0,5,11,28,60
2024-08-21,Miércoles,8,2024,0,0,Cena,18,22,Pollo Broaster,Pollos,32,18.0,576.0,Presencial,No,Ninguna,0,Nublado,20,0,5,12,53,45
2024-08-22,Jueves,8,2024,0,0,Desayuno,7,11,Jugo Natural,Bebidas,13,6.0,78.0,Presencial,No,Ninguna,0,Soleado,26,0,3,5,31,17
2024-08-22,Jueves,8,2024,0,0,Desayuno,7,11,Cheeseburger,Hamburguesas,7,14.0,98.0,Delivery,No,Ninguna,0,Soleado,26,0,3,12,14,12
2024-08-22,Jueves,8,2024,0,0,Desayuno,7,11,Hamburguesa BBQ,Hamburguesas,6,16.0,96.0,Presencial,No,Ninguna,0,Soleado,26,0,3,8,18,25
2024-08-22,Jueves,8,2024,0,0,Desayuno,7,11,Sándwich de Pollo,Sándwiches,10,11.0,110.0,Presencial,No,Ninguna,0,Soleado,26,0,3,12,23,15
2024-08-22,Jueves,8,2024,0,0,Almuerzo,12,16,Gaseosa,Bebidas,43,4.0,172.0,Presencial,No,Ninguna,0,Soleado,26,0,7,5,67,40
2024-08-22,Jueves,8,2024,0,0,Almuerzo,12,16,Jugo Natural,Bebidas,21,6.0,126.0,Delivery,No,Ninguna,0,Soleado,26,0,7,3,78,37
2024-08-22,Jueves,8,2024,0,0,Almuerzo,12,16,Pollo Broaster,Pollos,40,18.0,720.0,Delivery,No,Ninguna,0,Soleado,26,0,7,19,72,45
2024-08-22,Jueves,8,2024,0,0,Almuerzo,12,16,Sándwich de Pollo,Sándwiches,22,11.0,242.0,Delivery,No,Ninguna,0,Soleado,26,0,7,12,33,31
2024-08-22,Jueves,8,2024,0,0,Almuerzo,12,16,Salchipapa Clásica,Salchipapas,30,10.0,225.0,Presencial,Sí,Combo,25,Soleado,26,0,7,14,47,27
2024-08-22,Jueves,8,2024,0,0,Cena,18,22,Pollo Broaster,Pollos,26,18.0,374.4,Presencial,Sí,Combo,20,Soleado,26,0,4,13,39,64
2024-08-22,Jueves,8,2024,0,0,Cena,18,22,Hamburguesa Clásica,Hamburguesas,23,12.0,276.0,Delivery,No,Ninguna,0,Soleado,26,0,4,9,55,57
2024-08-22,Jueves,8,2024,0,0,Cena,18,22,Sándwich de Pollo,Sándwiches,17,11.0,149.6,Delivery,Sí,Descuento,20,Soleado,26,0,4,11,38,65
2024-08-22,Jueves,8,2024,0,0,Cena,18,22,Hamburguesa BBQ,Hamburguesas,16,16.0,256.0,Web,No,Ninguna,0,Soleado,26,0,4,12,44,59
2024-08-22,Jueves,8,2024,0,0,Cena,18,22,Pizza Personal,Pizzas,20,13.0,221.0,Web,Sí,2x1,15,Soleado,26,0,4,17,46,50
2024-08-23,Viernes,8,2024,0,0,Desayuno,7,11,Jugo Natural,Bebidas,14,6.0,84.0,Delivery,No,Ninguna,0,Nublado,20,0,4,3,44,10
2024-08-23,Viernes,8,2024,0,0,Desayuno,7,11,Pizza Familiar,Pizzas,8,32.0,256.0,Presencial,No,Ninguna,0,Nublado,20,0,4,24,39,16
2024-08-23,Viernes,8,2024,0,0,Desayuno,7,11,Sándwich de Pollo,Sándwiches,10,11.0,110.0,Delivery,No,Ninguna,0,Nublado,20,0,4,11,22,14
2024-08-23,Viernes,8,2024,0,0,Desayuno,7,11,Hamburguesa Clásica,Hamburguesas,12,12.0,144.0,Presencial,No,Ninguna,0,Nublado,20,0,4,14,25,24
2024-08-23,Viernes,8,2024,0,0,Desayuno,7,11,Gaseosa,Bebidas,16,4.0,64.0,Delivery,No,Ninguna,0,Nublado,20,0,4,5,36,25
2024-08-23,Viernes,8,2024,0,0,Almuerzo,12,16,Gaseosa,Bebidas,35,4.0,140.0,Presencial,No,Ninguna,0,Nublado,20,0,5,4,50,40
2024-08-23,Viernes,8,2024,0,0,Almuerzo,12,16,Pollo Broaster,Pollos,26,18.0,468.0,Delivery,No,Ninguna,0,Nublado,20,0,5,17,45,28
2024-08-23,Viernes,8,2024,0,0,Almuerzo,12,16,Salchipapa Clásica,Salchipapas,33,10.0,330.0,Delivery,No,Ninguna,0,Nublado,20,0,5,9,40,28
2024-08-23,Viernes,8,2024,0,0,Cena,18,22,Alitas BBQ,Pollos,25,20.0,500.0,Presencial,No,Ninguna,0,Nublado,20,0,5,12,55,42
2024-08-23,Viernes,8,2024,0,0,Cena,18,22,Pizza Familiar,Pizzas,18,32.0,576.0,Delivery,No,Ninguna,0,Nublado,20,0,5,21,39,50
2024-08-23,Viernes,8,2024,0,0,Cena,18,22,Salchipapa Especial,Salchipapas,24,15.0,360.0,Delivery,No,Ninguna,0,Nublado,20,0,5,12,54,52
2024-08-23,Viernes,8,2024,0,0,Cena,18,22,Hamburguesa BBQ,Hamburguesas,24,16.0,307.2,Delivery,Sí,Combo,20,Nublado,20,0,5,11,29,67
2024-08-24,Sábado,8,2024,1,0,Desayuno,7,11,Sándwich de Pollo,Sándwiches,13,11.0,143.0,Presencial,No,Ninguna,0,Soleado,23,0,3,11,48,31
2024-08-24,Sábado,8,2024,1,0,Desayuno,7,11,Salchipapa Especial,Salchipapas,14,15.0,210.0,Delivery,No,Ninguna,0,Soleado,23,0,3,8,49,23
2024-08-24,Sábado,8,2024,1,0,Desayuno,7,11,Cheeseburger,Hamburguesas,12,14.0,168.0,Web,No,Ninguna,0,Soleado,23,0,3,14,39,28
2024-08-24,Sábado,8,2024,1,0,Desayuno,7,11,Jugo Natural,Bebidas,11,6.0,66.0,Presencial,No,Ninguna,0,Soleado,23,0,3,4,27,19
2024-08-24,Sábado,8,2024,1,0,Desayuno,7,11,Hamburguesa Clásica,Hamburguesas,17,12.0,204.0,Presencial,No,Ninguna,0,Soleado,23,0,3,11,51,26
2024-08-24,Sábado,8,2024,1,0,Desayuno,7,11,Gaseosa,Bebidas,26,4.0,104.0,Presencial,No,Ninguna,0,Soleado,23,0,3,4,57,29
2024-08-24,Sábado,8,2024,1,0,Almuerzo,12,16,Cheeseburger,Hamburguesas,27,14.0,378.0,Presencial,No,Ninguna,0,Soleado,23,0,5,8,62,46
2024-08-24,Sábado,8,2024,1,0,Almuerzo,12,16,Gaseosa,Bebidas,58,4.0,208.8,Presencial,Sí,Combo,10,Soleado,23,0,5,4,117,55
2024-08-24,Sábado,8,2024,1,0,Almuerzo,12,16,Hamburguesa Clásica,Hamburguesas,49,12.0,588.0,Presencial,No,Ninguna,0,Soleado,23,0,5,13,60,48
2024-08-24,Sábado,8,2024,1,0,Almuerzo,12,16,Pollo Broaster,Pollos,55,18.0,990.0,Presencial,No,Ninguna,0,Soleado,23,0,5,13,81,37
2024-08-24,Sábado,8,2024,1,0,Cena,18,22,Cheeseburger,Hamburguesas,19,14.0,266.0,Delivery,No,Ninguna,0,Soleado,23,0,9,14,54,57
2024-08-24,Sábado,8,2024,1,0,Cena,18,22,Pizza Familiar,Pizzas,26,32.0,832.0,Presencial,No,Ninguna,0,Soleado,23,0,9,17,51,57
2024-08-24,Sábado,8,2024,1,0,Cena,18,22,Salchipapa Especial,Salchipapas,24,15.0,360.0,Web,No,Ninguna,0,Soleado,23,0,9,10,54,70
2024-08-24,Sábado,8,2024,1,0,Cena,18,22,Gaseosa,Bebidas,44,4.0,176.0,Delivery,No,Ninguna,0,Soleado,23,0,9,5,104,62
2024-08-24,Sábado,8,2024,1,0,Cena,18,22,Sándwich de Pollo,Sándwiches,23,11.0,253.0,Delivery,No,Ninguna,0,Soleado,23,0,9,8,48,61
2024-08-24,Sábado,8,2024,1,0,Cena,18,22,Hamburguesa BBQ,Hamburguesas,19,16.0,304.0,Presencial,No,Ninguna,0,Soleado,23,0,9,9,52,69
2024-08-25,Domingo,8,2024,1,0,Desayuno,7,11,Salchipapa Clásica,Salchipapas,12,10.0,108.0,Presencial,Sí,Descuento,10,Nublado,18,0,5,12,29,40
2024-08-25,Domingo,8,2024,1,0,Desayuno,7,11,Salchipapa Especial,Salchipapas,16,15.0,240.0,Web,No,Ninguna,0,Nublado,18,0,5,15,32,16
2024-08-25,Domingo,8,2024,1,0,Desayuno,7,11,Alitas BBQ,Pollos,14,20.0,280.0,Presencial,No,Ninguna,0,Nublado,18,0,5,20,48,24
2024-08-25,Domingo,8,2024,1,0,Desayuno,7,11,Gaseosa,Bebidas,19,4.0,76.0,Presencial,No,Ninguna,0,Nublado,18,0,5,5,52,29
2024-08-25,Domingo,8,2024,1,0,Desayuno,7,11,Jugo Natural,Bebidas,12,6.0,72.0,Presencial,No,Ninguna,0,Nublado,18,0,5,2,67,32
2024-08-25,Domingo,8,2024,1,0,Almuerzo,12,16,Hamburguesa Clásica,Hamburguesas,28,12.0,336.0,Presencial,No,Ninguna,0,Nublado,18,0,4,8,52,40
2024-08-25,Domingo,8,2024,1,0,Almuerzo,12,16,Gaseosa,Bebidas,36,4.0,144.0,Delivery,No,Ninguna,0,Nublado,18,0,4,3,86,44
2024-08-25,Domingo,8,2024,1,0,Almuerzo,12,16,Pollo Broaster,Pollos,40,18.0,720.0,Web,No,Ninguna,0,Nublado,18,0,4,18,69,52
2024-08-25,Domingo,8,2024,1,0,Cena,18,22,Salchipapa Especial,Salchipapas,25,15.0,375.0,Web,No,Ninguna,0,Nublado,18,0,7,8,46,71
2024-08-25,Domingo,8,2024,1,0,Cena,18,22,Sándwich de Pollo,Sándwiches,27,11.0,297.0,Delivery,No,Ninguna,0,Nublado,18,0,7,12,57,73
2024-08-25,Domingo,8,2024,1,0,Cena,18,22,Pizza Personal,Pizzas,28,13.0,364.0,Presencial,No,Ninguna,0,Nublado,18,0,7,15,51,52
2024-08-25,Domingo,8,2024,1,0,Cena,18,22,Pizza Familiar,Pizzas,15,32.0,480.0,Delivery,No,Ninguna,0,Nublado,18,0,7,21,35,61
2024-08-25,Domingo,8,2024,1,0,Cena,18,22,Hamburguesa BBQ,Hamburguesas,22,16.0,352.0,Web,No,Ninguna,0,Nublado,18,0,7,11,52,64
2024-08-26,Lunes,8,2024,0,0,Desayuno,7,11,Jugo Natural,Bebidas,8,6.0,48.0,Presencial,No,Ninguna,0,Nublado,24,0,3,5,60,12
2024-08-26,Lunes,8,2024,0,0,Desayuno,7,11,Gaseosa,Bebidas,11,4.0,44.0,Presencial,No,Ninguna,0,Nublado,24,0,3,3,35,25
2024-08-26,Lunes,8,2024,0,0,Desayuno,7,11,Sándwich de Pollo,Sándwiches,8,11.0,74.8,Web,Sí,Combo,15,Nublado,24,0,3,12,36,28
2024-08-26,Lunes,8,2024,0,0,Desayuno,7,11,Hamburguesa Clásica,Hamburguesas,12,12.0,144.0,Presencial,No,Ninguna,0,Nublado,24,0,3,11,24,18
2024-08-26,Lunes,8,2024,0,0,Almuerzo,12,16,Hamburguesa BBQ,Hamburguesas,17,16.0,272.0,Delivery,No,Ninguna,0,Nublado,24,0,6,12,32,26
2024-08-26,Lunes,8,2024,0,0,Almuerzo,12,16,Cheeseburger,Hamburguesas,16,14.0,224.0,Presencial,No,Ninguna,0,Nublado,24,0,6,8,25,29
2024-08-26,Lunes,8,2024,0,0,Almuerzo,12,16,Pollo Broaster,Pollos,35,18.0,630.0,Presencial,No,Ninguna,0,Nublado,24,0,6,12,41,42
2024-08-26,Lunes,8,2024,0,0,Almuerzo,12,16,Pizza Familiar,Pizzas,16,32.0,512.0,Delivery,No,Ninguna,0,Nublado,24,0,6,21,40,36
2024-08-26,Lunes,8,2024,0,0,Cena,18,22,Hamburguesa BBQ,Hamburguesas,18,16.0,288.0,Delivery,No,Ninguna,0,Nublado,24,0,6,9,51,45
2024-08-26,Lunes,8,2024,0,0,Cena,18,22,Gaseosa,Bebidas,24,4.0,96.0,Delivery,No,Ninguna,0,Nublado,24,0,6,3,45,47
2024-08-26,Lunes,8,2024,0,0,Cena,18,22,Pollo Broaster,Pollos,32,18.0,432.0,Delivery,Sí,Descuento,25,Nublado,24,0,6,15,45,71
2024-08-26,Lunes,8,2024,0,0,Cena,18,22,Sándwich de Pollo,Sándwiches,15,11.0,165.0,Presencial,No,Ninguna,0,Nublado,24,0,6,7,27,41
2024-08-26,Lunes,8,2024,0,0,Cena,18,22,Pizza Familiar,Pizzas,13,32.0,416.0,Delivery,No,Ninguna,0,Nublado,24,0,6,23,24,46
2024-08-26,Lunes,8,2024,0,0,Cena,18,22,Hamburguesa Clásica,Hamburguesas,23,12.0,276.0,Delivery,No,Ninguna,0,Nublado,24,0,6,10,48,51
2024-08-27,Martes,8,2024,0,0,Desayuno,7,11,Sándwich de Pollo,Sándwiches,7,11.0,77.0,Presencial,No,Ninguna,0,Nublado,22,0,4,10,12,13
2024-08-27,Martes,8,2024,0,0,Desayuno,7,11,Gaseosa,Bebidas,17,4.0,68.0,Presencial,No,Ninguna,0,Nublado,22,0,4,4,76,22
2024-08-27,Martes,8,2024,0,0,Desayuno,7,11,Cheeseburger,Hamburguesas,10,14.0,140.0,Presencial,No,Ninguna,0,Nublado,22,0,4,11,34,21
2024-08-27,Martes,8,2024,0,0,Desayuno,7,11,Hamburguesa Clásica,Hamburguesas,9,12.0,108.0,Presencial,No,Ninguna,0,Nublado,22,0,4,13,40,23
2024-08-27,Martes,8,2024,0,0,Desayuno,7,11,Pollo Broaster,Pollos,12,18.0,216.0,Presencial,No,Ninguna,0,Nublado,22,0,4,14,33,23
2024-08-27,Martes,8,2024,0,0,Almuerzo,12,16,Hamburguesa Clásica,Hamburguesas,27,12.0,324.0,Delivery,No,Ninguna,0,Nublado,22,0,5,12,58,27
2024-08-27,Martes,8,2024,0,0,Almuerzo,12,16,Pizza Personal,Pizzas,21,13.0,273.0,Delivery,No,Ninguna,0,Nublado,22,0,5,15,30,36
2024-08-27,Martes,8,2024,0,0,Almuerzo,12,16,Pollo Broaster,Pollos,32,18.0,576.0,Presencial,No,Ninguna,0,Nublado,22,0,5,12,49,37
2024-08-27,Martes,8,2024,0,0,Almuerzo,12,16,Hamburguesa BBQ,Hamburguesas,20,16.0,320.0,Web,No,Ninguna,0,Nublado,22,0,5,14,34,32
2024-08-27,Martes,8,2024,0,0,Almuerzo,12,16,Cheeseburger,Hamburguesas,18,14.0,252.0,Delivery,No,Ninguna,0,Nublado,22,0,5,12,34,43
2024-08-27,Martes,8,2024,0,0,Almuerzo,12,16,Salchipapa Clásica,Salchipapas,19,10.0,190.0,Delivery,No,Ninguna,0,Nublado,22,0,5,15,36,27
2024-08-27,Martes,8,2024,0,0,Cena,18,22,Pizza Familiar,Pizzas,11,32.0,352.0,Delivery,No,Ninguna,0,Nublado,22,0,7,19,35,58
2024-08-27,Martes,8,2024,0,0,Cena,18,22,Salchipapa Especial,Salchipapas,17,15.0,255.0,Delivery,No,Ninguna,0,Nublado,22,0,7,13,47,59
2024-08-27,Martes,8,2024,0,0,Cena,18,22,Pizza Personal,Pizzas,18,13.0,234.0,Delivery,No,Ninguna,0,Nublado,22,0,7,18,25,53
2024-08-27,Martes,8,2024,0,0,Cena,18,22,Pollo Broaster,Pollos,27,18.0,486.0,Delivery,No,Ninguna,0,Nublado,22,0,7,18,39,56
2024-08-28,Miércoles,8,2024,0,0,Desayuno,7,11,Jugo Natural,Bebidas,9,6.0,54.0,Presencial,No,Ninguna,0,Nublado,19,0,2,3,62,16
2024-08-28,Miércoles,8,2024,0,0,Desayuno,7,11,Salchipapa Clásica,Salchipapas,7,10.0,70.0,Presencial,No,Ninguna,0,Nublado,19,0,2,12,29,23
2024-08-28,Miércoles,8,2024,0,0,Desayuno,7,11,Sándwich de Pollo,Sándwiches,10,11.0,110.0,Presencial,No,Ninguna,0,Nublado,19,0,2,7,42,22
2024-08-28,Miércoles,8,2024,0,0,Desayuno,7,11,Hamburguesa Clásica,Hamburguesas,14,12.0,168.0,Presencial,No,Ninguna,0,Nublado,19,0,2,14,36,23
2024-08-28,Miércoles,8,2024,0,0,Almuerzo,12,16,Hamburguesa BBQ,Hamburguesas,26,16.0,416.0,Delivery,No,Ninguna,0,Nublado,19,0,4,8,50,38
2024-08-28,Miércoles,8,2024,0,0,Almuerzo,12,16,Hamburguesa Clásica,Hamburguesas,32,12.0,384.0,Web,No,Ninguna,0,Nublado,19,0,4,13,67,28
2024-08-28,Miércoles,8,2024,0,0,Almuerzo,12,16,Gaseosa,Bebidas,51,4.0,204.0,Presencial,No,Ninguna,0,Nublado,19,0,4,4,92,25
2024-08-28,Miércoles,8,2024,0,0,Almuerzo,12,16,Salchipapa Especial,Salchipapas,23,15.0,345.0,Delivery,No,Ninguna,0,Nublado,19,0,4,11,50,43
2024-08-28,Miércoles,8,2024,0,0,Almuerzo,12,16,Salchipapa Clásica,Salchipapas,30,10.0,300.0,Presencial,No,Ninguna,0,Nublado,19,0,4,13,39,32
2024-08-28,Miércoles,8,2024,0,0,Almuerzo,12,16,Pizza Familiar,Pizzas,13,32.0,416.0,Presencial,No,Ninguna,0,Nublado,19,0,4,16,35,43
2024-08-28,Miércoles,8,2024,0,0,Cena,18,22,Gaseosa,Bebidas,27,4.0,108.0,Delivery,No,Ninguna,0,Nublado,19,0,8,3,58,64
2024-08-28,Miércoles,8,2024,0,0,Cena,18,22,Salchipapa Clásica,Salchipapas,20,10.0,200.0,Web,No,Ninguna,0,Nublado,19,0,8,8,37,59
2024-08-28,Miércoles,8,2024,0,0,Cena,18,22,Hamburguesa Clásica,Hamburguesas,29,12.0,295.8,Delivery,Sí,Combo,15,Nublado,19,0,8,13,46,49
2024-08-28,Miércoles,8,2024,0,0,Cena,18,22,Pollo Broaster,Pollos,30,18.0,540.0,Delivery,No,Ninguna,0,Nublado,19,0,8,15,44,65
2024-08-29,Jueves,8,2024,0,0,Desayuno,7,11,Gaseosa,Bebidas,17,4.0,68.0,Delivery,No,Ninguna,0,Lluvioso,17,1,2,2,45,32
2024-08-29,Jueves,8,2024,0,0,Desayuno,7,11,Cheeseburger,Hamburguesas,6,14.0,84.0,Delivery,No,Ninguna,0,Lluvioso,17,1,2,9,26,35
2024-08-29,Jueves,8,2024,0,0,Desayuno,7,11,Sándwich de Pollo,Sándwiches,11,11.0,121.0,Presencial,No,Ninguna,0,Lluvioso,17,1,2,11,39,38
2024-08-29,Jueves,8,2024,0,0,Desayuno,7,11,Jugo Natural,Bebidas,9,6.0,54.0,Presencial,No,Ninguna,0,Lluvioso,17,1,2,3,60,34
2024-08-29,Jueves,8,2024,0,0,Almuerzo,12,16,Gaseosa,Bebidas,45,4.0,180.0,Presencial,No,Ninguna,0,Lluvioso,17,1,4,3,73,55
2024-08-29,Jueves,8,2024,0,0,Almuerzo,12,16,Hamburguesa Clásica,Hamburguesas,34,12.0,408.0,Delivery,No,Ninguna,0,Lluvioso,17,1,4,8,65,47
2024-08-29,Jueves,8,2024,0,0,Almuerzo,12,16,Salchipapa Especial,Salchipapas,34,15.0,510.0,Delivery,No,Ninguna,0,Lluvioso,17,1,4,15,45,50
2024-08-29,Jueves,8,2024,0,0,Almuerzo,12,16,Pizza Personal,Pizzas,23,13.0,299.0,Web,No,Ninguna,0,Lluvioso,17,1,4,23,29,36
2024-08-29,Jueves,8,2024,0,0,Almuerzo,12,16,Alitas BBQ,Pollos,29,20.0,580.0,Delivery,No,Ninguna,0,Lluvioso,17,1,4,13,40,56
2024-08-29,Jueves,8,2024,0,0,Cena,18,22,Gaseosa,Bebidas,27,4.0,108.0,Delivery,No,Ninguna,0,Lluvioso,17,1,8,5,46,74
2024-08-29,Jueves,8,2024,0,0,Cena,18,22,Pizza Personal,Pizzas,18,13.0,234.0,Delivery,No,Ninguna,0,Lluvioso,17,1,8,18,45,67
2024-08-29,Jueves,8,2024,0,0,Cena,18,22,Pizza Familiar,Pizzas,16,32.0,409.6,Presencial,Sí,Descuento,20,Lluvioso,17,1,8,24,28,64
2024-08-29,Jueves,8,2024,0,0,Cena,18,22,Alitas BBQ,Pollos,20,20.0,400.0,Delivery,No,Ninguna,0,Lluvioso,17,1,8,14,26,55
2024-08-29,Jueves,8,2024,0,0,Cena,18,22,Hamburguesa BBQ,Hamburguesas,21,16.0,336.0,Presencial,No,Ninguna,0,Lluvioso,17,1,8,10,38,78
2024-08-29,Jueves,8,2024,0,0,Cena,18,22,Pollo Broaster,Pollos,32,18.0,518.4,Presencial,Sí,Combo,10,Lluvioso,17,1,8,14,60,70
2024-08-30,Viernes,8,2024,0,0,Desayuno,7,11,Pizza Familiar,Pizzas,9,32.0,288.0,Presencial,No,Ninguna,0,Soleado,26,0,2,25,37,13
2024-08-30,Viernes,8,2024,0,0,Desayuno,7,11,Gaseosa,Bebidas,21,4.0,84.0,Delivery,No,Ninguna,0,Soleado,26,0,2,3,48,17
2024-08-30,Viernes,8,2024,0,0,Desayuno,7,11,Salchipapa Clásica,Salchipapas,12,10.0,90.0,Presencial,Sí,Combo,25,Soleado,26,0,2,12,43,16
2024-08-30,Viernes,8,2024,0,0,Desayuno,7,11,Salchipapa Especial,Salchipapas,17,15.0,255.0,Presencial,No,Ninguna,0,Soleado,26,0,2,9,49,23
2024-08-30,Viernes,8,2024,0,0,Desayuno,7,11,Jugo Natural,Bebidas,11,6.0,49.5,Presencial,Sí,2x1,25,Soleado,26,0,2,5,28,19
2024-08-30,Viernes,8,2024,0,0,Desayuno,7,11,Cheeseburger,Hamburguesas,10,14.0,140.0,Presencial,No,Ninguna,0,Soleado,26,0,2,8,40,12
2024-08-30,Viernes,8,2024,0,0,Almuerzo,12,16,Pizza Personal,Pizzas,23,13.0,239.2,Presencial,Sí,Combo,20,Soleado,26,0,6,24,45,43
2024-08-30,Viernes,8,2024,0,0,Almuerzo,12,16,Hamburguesa Clásica,Hamburguesas,40,12.0,480.0,Delivery,No,Ninguna,0,Soleado,26,0,6,13,46,44
2024-08-30,Viernes,8,2024,0,0,Almuerzo,12,16,Salchipapa Clásica,Salchipapas,25,10.0,250.0,Presencial,No,Ninguna,0,Soleado,26,0,6,8,39,29
2024-08-30,Viernes,8,2024,0,0,Almuerzo,12,16,Salchipapa Especial,Salchipapas,33,15.0,495.0,Web,No,Ninguna,0,Soleado,26,0,6,11,59,39
2024-08-30,Viernes,8,2024,0,0,Almuerzo,12,16,Hamburguesa BBQ,Hamburguesas,25,16.0,400.0,Presencial,No,Ninguna,0,Soleado,26,0,6,8,58,42
2024-08-30,Viernes,8,2024,0,0,Cena,18,22,Alitas BBQ,Pollos,24,20.0,480.0,Delivery,No,Ninguna,0,Soleado,26,0,5,18,57,60
2024-08-30,Viernes,8,2024,0,0,Cena,18,22,Pizza Familiar,Pizzas,17,32.0,544.0,Web,No,Ninguna,0,Soleado,26,0,5,22,52,58
2024-08-30,Viernes,8,2024,0,0,Cena,18,22,Salchipapa Especial,Salchipapas,25,15.0,375.0,Delivery,No,Ninguna,0,Soleado,26,0,5,14,43,43
2024-08-30,Viernes,8,2024,0,0,Cena,18,22,Salchipapa Clásica,Salchipapas,37,10.0,314.5,Web,Sí,Combo,15,Soleado,26,0,5,14,57,56
2024-08-30,Viernes,8,2024,0,0,Cena,18,22,Pollo Broaster,Pollos,28,18.0,504.0,Delivery,No,Ninguna,0,Soleado,26,0,5,19,59,43
2024-08-31,Sábado,8,2024,1,0,Desayuno,7,11,Hamburguesa BBQ,Hamburguesas,11,16.0,176.0,Delivery,No,Ninguna,0,Nublado,18,0,2,13,28,23
2024-08-31,Sábado,8,2024,1,0,Desayuno,7,11,Hamburguesa Clásica,Hamburguesas,14,12.0,168.0,Presencial,No,Ninguna,0,Nublado,18,0,2,8,33,18
2024-08-31,Sábado,8,2024,1,0,Desayuno,7,11,Jugo Natural,Bebidas,11,6.0,66.0,Presencial,No,Ninguna,0,Nublado,18,0,2,3,47,31
2024-08-31,Sábado,8,2024,1,0,Desayuno,7,11,Sándwich de Pollo,Sándwiches,11,11.0,121.0,Presencial,No,Ninguna,0,Nublado,18,0,2,9,16,17
2024-08-31,Sábado,8,2024,1,0,Almuerzo,12,16,Jugo Natural,Bebidas,39,6.0,234.0,Delivery,No,Ninguna,0,Nublado,18,0,5,3,60,32
2024-08-31,Sábado,8,2024,1,0,Almuerzo,12,16,Salchipapa Clásica,Salchipapas,37,10.0,370.0,Delivery,No,Ninguna,0,Nublado,18,0,5,15,58,42
2024-08-31,Sábado,8,2024,1,0,Almuerzo,12,16,Hamburguesa Clásica,Hamburguesas,34,12.0,408.0,Delivery,No,Ninguna,0,Nublado,18,0,5,12,63,40
2024-08-31,Sábado,8,2024,1,0,Almuerzo,12,16,Pollo Broaster,Pollos,34,18.0,612.0,Delivery,No,Ninguna,0,Nublado,18,0,5,20,41,38
2024-08-31,Sábado,8,2024,1,0,Cena,18,22,Gaseosa,Bebidas,50,4.0,200.0,Delivery,No,Ninguna,0,Nublado,18,0,6,3,108,58
2024-08-31,Sábado,8,2024,1,0,Cena,18,22,Jugo Natural,Bebidas,25,6.0,150.0,Delivery,No,Ninguna,0,Nublado,18,0,6,3,84,63
2024-08-31,Sábado,8,2024,1,0,Cena,18,22,Pizza Personal,Pizzas,24,13.0,312.0,Presencial,No,Ninguna,0,Nublado,18,0,6,19,38,64
2024-08-31,Sábado,8,2024,1,0,Cena,18,22,Salchipapa Especial,Salchipapas,30,15.0,450.0,Delivery,No,Ninguna,0,Nublado,18,0,6,15,51,53
2024-08-31,Sábado,8,2024,1,0,Cena,18,22,Pizza Familiar,Pizzas,16,32.0,512.0,Delivery,No,Ninguna,0,Nublado,18,0,6,23,44,69
2024-09-01,Domingo,9,2024,1,0,Desayuno,7,11,Sándwich de Pollo,Sándwiches,11,11.0,121.0,Presencial,No,Ninguna,0,Nublado,22,0,2,6,39,31
2024-09-01,Domingo,9,2024,1,0,Desayuno,7,11,Pizza Personal,Pizzas,7,13.0,91.0,Presencial,No,Ninguna,0,Nublado,22,0,2,18,34,20
2024-09-01,Domingo,9,2024,1,0,Desayuno,7,11,Gaseosa,Bebidas,15,4.0,60.0,Presencial,No,Ninguna,0,Nublado,22,0,2,3,55,29
2024-09-01,Domingo,9,2024,1,0,Desayuno,7,11,Cheeseburger,Hamburguesas,15,14.0,189.0,Delivery,Sí,2x1,10,Nublado,22,0,2,10,27,39
2024-09-01,Domingo,9,2024,1,0,Desayuno,7,11,Jugo Natural,Bebidas,12,6.0,64.8,Delivery,Sí,Descuento,10,Nublado,22,0,2,5,46,30
2024-09-01,Domingo,9,2024,1,0,Desayuno,7,11,Salchipapa Clásica,Salchipapas,13,10.0,130.0,Presencial,No,Ninguna,0,Nublado,22,0,2,11,46,30
2024-09-01,Domingo,9,2024,1,0,Almuerzo,12,16,Salchipapa Clásica,Salchipapas,33,10.0,280.5,Presencial,Sí,Descuento,15,Nublado,22,0,7,13,64,54
2024-09-01,Domingo,9,2024,1,0,Almuerzo,12,16,Gaseosa,Bebidas,45,4.0,180.0,Presencial,No,Ninguna,0,Nublado,22,0,7,5,92,47
2024-09-01,Domingo,9,2024,1,0,Almuerzo,12,16,Cheeseburger,Hamburguesas,25,14.0,350.0,Presencial,No,Ninguna,0,Nublado,22,0,7,10,36,33
2024-09-01,Domingo,9,2024,1,0,Almuerzo,12,16,Sándwich de Pollo,Sándwiches,31,11.0,341.0,Presencial,No,Ninguna,0,Nublado,22,0,7,6,66,40
2024-09-01,Domingo,9,2024,1,0,Cena,18,22,Hamburguesa BBQ,Hamburguesas,19,16.0,304.0,Presencial,No,Ninguna,0,Nublado,22,0,7,11,33,55
2024-09-01,Domingo,9,2024,1,0,Cena,18,22,Pollo Broaster,Pollos,33,18.0,594.0,Delivery,No,Ninguna,0,Nublado,22,0,7,17,50,73
2024-09-01,Domingo,9,2024,1,0,Cena,18,22,Alitas BBQ,Pollos,39,20.0,585.0,Presencial,Sí,2x1,25,Nublado,22,0,7,14,47,64
2024-09-01,Domingo,9,2024,1,0,Cena,18,22,Salchipapa Clásica,Salchipapas,9,10.0,90.0,Web,No,Ninguna,0,Nublado,22,0,7,10,29,56
2024-09-01,Domingo,9,2024,1,0,Cena,18,22,Salchipapa Especial,Salchipapas,26,15.0,390.0,Delivery,No,Ninguna,0,Nublado,22,0,7,11,50,58
2024-09-01,Domingo,9,2024,1,0,Cena,18,22,Hamburguesa Clásica,Hamburguesas,40,12.0,384.0,Delivery,Sí,Descuento,20,Nublado,22,0,7,11,46,77
2024-09-02,Lunes,9,2024,0,0,Desayuno,7,11,Sándwich de Pollo,Sándwiches,8,11.0,88.0,Delivery,No,Ninguna,0,Lluvioso,20,1,2,10,34,37
2024-09-02,Lunes,9,2024,0,0,Desayuno,7,11,Jugo Natural,Bebidas,7,6.0,42.0,Presencial,No,Ninguna,0,Lluvioso,20,1,2,3,51,38
2024-09-02,Lunes,9,2024,0,0,Desayuno,7,11,Gaseosa,Bebidas,15,4.0,60.0,Delivery,No,Ninguna,0,Lluvioso,20,1,2,5,46,29
2024-09-02,Lunes,9,2024,0,0,Desayuno,7,11,Salchipapa Especial,Salchipapas,12,15.0,180.0,Delivery,No,Ninguna,0,Lluvioso,20,1,2,13,40,24
2024-09-02,Lunes,9,2024,0,0,Almuerzo,12,16,Salchipapa Clásica,Salchipapas,24,10.0,240.0,Presencial,No,Ninguna,0,Lluvioso,20,1,7,14,39,42
2024-09-02,Lunes,9,2024,0,0,Almuerzo,12,16,Hamburguesa BBQ,Hamburguesas,19,16.0,304.0,Delivery,No,Ninguna,0,Lluvioso,20,1,7,11,35,47
2024-09-02,Lunes,9,2024,0,0,Almuerzo,12,16,Salchipapa Especial,Salchipapas,15,15.0,225.0,Delivery,No,Ninguna,0,Lluvioso,20,1,7,9,35,54
2024-09-02,Lunes,9,2024,0,0,Almuerzo,12,16,Jugo Natural,Bebidas,11,6.0,66.0,Delivery,No,Ninguna,0,Lluvioso,20,1,7,2,61,55
2024-09-02,Lunes,9,2024,0,0,Almuerzo,12,16,Pollo Broaster,Pollos,31,18.0,558.0,Delivery,No,Ninguna,0,Lluvioso,20,1,7,15,55,46
2024-09-02,Lunes,9,2024,0,0,Almuerzo,12,16,Alitas BBQ,Pollos,17,20.0,340.0,Presencial,No,Ninguna,0,Lluvioso,20,1,7,13,32,56
2024-09-02,Lunes,9,2024,0,0,Cena,18,22,Jugo Natural,Bebidas,19,6.0,114.0,Delivery,No,Ninguna,0,Lluvioso,20,1,6,2,67,56
2024-09-02,Lunes,9,2024,0,0,Cena,18,22,Pollo Broaster,Pollos,31,18.0,558.0,Web,No,Ninguna,0,Lluvioso,20,1,6,19,58,59
2024-09-02,Lunes,9,2024,0,0,Cena,18,22,Hamburguesa BBQ,Hamburguesas,19,16.0,304.0,Web,No,Ninguna,0,Lluvioso,20,1,6,8,34,69
2024-09-02,Lunes,9,2024,0,0,Cena,18,22,Alitas BBQ,Pollos,22,20.0,440.0,Delivery,No,Ninguna,0,Lluvioso,20,1,6,18,41,68
2024-09-03,Martes,9,2024,0,0,Desayuno,7,11,Pizza Personal,Pizzas,6,13.0,78.0,Presencial,No,Ninguna,0,Nublado,21,0,2,15,22,24
2024-09-03,Martes,9,2024,0,0,Desayuno,7,11,Gaseosa,Bebidas,13,4.0,52.0,Presencial,No,Ninguna,0,Nublado,21,0,2,4,51,22
2024-09-03,Martes,9,2024,0,0,Desayuno,7,11,Jugo Natural,Bebidas,11,6.0,66.0,Presencial,No,Ninguna,0,Nublado,21,0,2,4,69,25
2024-09-03,Martes,9,2024,0,0,Desayuno,7,11,Sándwich de Pollo,Sándwiches,9,11.0,99.0,Presencial,No,Ninguna,0,Nublado,21,0,2,6,17,16
2024-09-03,Martes,9,2024,0,0,Almuerzo,12,16,Salchipapa Especial,Salchipapas,31,15.0,465.0,Presencial,No,Ninguna,0,Nublado,21,0,5,13,49,38
2024-09-03,Martes,9,2024,0,0,Almuerzo,12,16,Hamburguesa BBQ,Hamburguesas,21,16.0,336.0,Web,No,Ninguna,0,Nublado,21,0,5,8,27,42
2024-09-03,Martes,9,2024,0,0,Almuerzo,12,16,Pizza Personal,Pizzas,17,13.0,221.0,Presencial,No,Ninguna,0,Nublado,21,0,5,20,38,41
2024-09-03,Martes,9,2024,0,0,Almuerzo,12,16,Gaseosa,Bebidas,30,4.0,120.0,Web,No,Ninguna,0,Nublado,21,0,5,3,71,40
2024-09-03,Martes,9,2024,0,0,Almuerzo,12,16,Salchipapa Clásica,Salchipapas,20,10.0,200.0,Presencial,No,Ninguna,0,Nublado,21,0,5,14,51,40
2024-09-03,Martes,9,2024,0,0,Cena,18,22,Alitas BBQ,Pollos,20,20.0,400.0,Delivery,No,Ninguna,0,Nublado,21,0,6,16,51,56
2024-09-03,Martes,9,2024,0,0,Cena,18,22,Pizza Personal,Pizzas,16,13.0,208.0,Web,No,Ninguna,0,Nublado,21,0,6,25,46,48
2024-09-03,Martes,9,2024,0,0,Cena,18,22,Salchipapa Clásica,Salchipapas,21,10.0,210.0,Web,No,Ninguna,0,Nublado,21,0,6,10,34,48
2024-09-03,Martes,9,2024,0,0,Cena,18,22,Gaseosa,Bebidas,41,4.0,123.0,Delivery,Sí,Combo,25,Nublado,21,0,6,5,76,58
2024-09-04,Miércoles,9,2024,0,0,Desayuno,7,11,Jugo Natural,Bebidas,9,6.0,54.0,Presencial,No,Ninguna,0,Lluvioso,21,1,2,4,49,43
2024-09-04,Miércoles,9,2024,0,0,Desayuno,7,11,Sándwich de Pollo,Sándwiches,8,11.0,88.0,Presencial,No,Ninguna,0,Lluvioso,21,1,2,11,29,34
2024-09-04,Miércoles,9,2024,0,0,Desayuno,7,11,Cheeseburger,Hamburguesas,11,14.0,138.6,Presencial,Sí,Descuento,10,Lluvioso,21,1,2,14,38,43
2024-09-04,Miércoles,9,2024,0,0,Desayuno,7,11,Pollo Broaster,Pollos,14,18.0,252.0,Presencial,No,Ninguna,0,Lluvioso,21,1,2,20,33,25
2024-09-04,Miércoles,9,2024,0,0,Desayuno,7,11,Gaseosa,Bebidas,14,4.0,56.0,Presencial,No,Ninguna,0,Lluvioso,21,1,2,4,70,36
2024-09-04,Miércoles,9,2024,0,0,Almuerzo,12,16,Cheeseburger,Hamburguesas,11,14.0,154.0,Web,No,Ninguna,0,Lluvioso,21,1,7,12,31,45
2024-09-04,Miércoles,9,2024,0,0,Almuerzo,12,16,Pizza Familiar,Pizzas,18,32.0,576.0,Presencial,No,Ninguna,0,Lluvioso,21,1,7,16,24,54
2024-09-04,Miércoles,9,2024,0,0,Almuerzo,12,16,Sándwich de Pollo,Sándwiches,20,11.0,220.0,Delivery,No,Ninguna,0,Lluvioso,21,1,7,10,28,37
2024-09-04,Miércoles,9,2024,0,0,Almuerzo,12,16,Salchipapa Especial,Salchipapas,24,15.0,360.0,Presencial,No,Ninguna,0,Lluvioso,21,1,7,15,44,59
2024-09-04,Miércoles,9,2024,0,0,Cena,18,22,Salchipapa Especial,Salchipapas,26,15.0,390.0,Delivery,No,Ninguna,0,Lluvioso,21,1,4,15,47,61
2024-09-04,Miércoles,9,2024,0,0,Cena,18,22,Gaseosa,Bebidas,41,4.0,164.0,Web,No,Ninguna,0,Lluvioso,21,1,4,5,58,60
2024-09-04,Miércoles,9,2024,0,0,Cena,18,22,Sándwich de Pollo,Sándwiches,21,11.0,231.0,Delivery,No,Ninguna,0,Lluvioso,21,1,4,9,50,64
2024-09-04,Miércoles,9,2024,0,0,Cena,18,22,Cheeseburger,Hamburguesas,23,14.0,322.0,Delivery,No,Ninguna,0,Lluvioso,21,1,4,8,58,66
2024-09-04,Miércoles,9,2024,0,0,Cena,18,22,Pizza Familiar,Pizzas,13,32.0,312.0,Presencial,Sí,Combo,25,Lluvioso,21,1,4,20,37,62
2024-09-05,Jueves,9,2024,0,0,Desayuno,7,11,Salchipapa Especial,Salchipapas,12,15.0,180.0,Delivery,No,Ninguna,0,Nublado,22,0,4,15,35,20
2024-09-05,Jueves,9,2024,0,0,Desayuno,7,11,Sándwich de Pollo,Sándwiches,11,11.0,90.75,Delivery,Sí,Combo,25,Nublado,22,0,4,9,17,23
2024-09-05,Jueves,9,2024,0,0,Desayuno,7,11,Hamburguesa Clásica,Hamburguesas,12,12.0,144.0,Presencial,No,Ninguna,0,Nublado,22,0,4,12,40,16
2024-09-05,Jueves,9,2024,0,0,Desayuno,7,11,Jugo Natural,Bebidas,8,6.0,48.0,Presencial,No,Ninguna,0,Nublado,22,0,4,4,52,16
2024-09-05,Jueves,9,2024,0,0,Desayuno,7,11,Alitas BBQ,Pollos,9,20.0,180.0,Presencial,No,Ninguna,0,Nublado,22,0,4,14,29,20
2024-09-05,Jueves,9,2024,0,0,Desayuno,7,11,Cheeseburger,Hamburguesas,9,14.0,126.0,Presencial,No,Ninguna,0,Nublado,22,0,4,9,39,11
2024-09-05,Jueves,9,2024,0,0,Almuerzo,12,16,Gaseosa,Bebidas,46,4.0,184.0,Delivery,No,Ninguna,0,Nublado,22,0,6,4,98,41
2024-09-05,Jueves,9,2024,0,0,Almuerzo,12,16,Pizza Familiar,Pizzas,16,32.0,512.0,Web,No,Ninguna,0,Nublado,22,0,6,15,48,31
2024-09-05,Jueves,9,2024,0,0,Almuerzo,12,16,Hamburguesa Clásica,Hamburguesas,32,12.0,384.0,Presencial,No,Ninguna,0,Nublado,22,0,6,8,60,35
2024-09-05,Jueves,9,2024,0,0,Almuerzo,12,16,Jugo Natural,Bebidas,33,6.0,198.0,Delivery,No,Ninguna,0,Nublado,22,0,6,5,72,31
2024-09-05,Jueves,9,2024,0,0,Almuerzo,12,16,Salchipapa Clásica,Salchipapas,26,10.0,260.0,Web,No,Ninguna,0,Nublado,22,0,6,11,42,25
2024-09-05,Jueves,9,2024,0,0,Cena,18,22,Alitas BBQ,Pollos,21,20.0,378.0,Delivery,Sí,Combo,10,Nublado,22,0,8,13,30,68
2024-09-05,Jueves,9,2024,0,0,Cena,18,22,Pollo Broaster,Pollos,23,18.0,414.0,Delivery,No,Ninguna,0,Nublado,22,0,8,17,28,60
2024-09-05,Jueves,9,2024,0,0,Cena,18,22,Pizza Familiar,Pizzas,8,32.0,230.4,Presencial,Sí,Combo,10,Nublado,22,0,8,15,31,67
2024-09-05,Jueves,9,2024,0,0,Cena,18,22,Salchipapa Especial,Salchipapas,21,15.0,315.0,Web,No,Ninguna,0,Nublado,22,0,8,15,32,41
2024-09-05,Jueves,9,2024,0,0,Cena,18,22,Hamburguesa Clásica,Hamburguesas,30,12.0,360.0,Delivery,No,Ninguna,0,Nublado,22,0,8,9,53,51
2024-09-06,Viernes,9,2024,0,0,Desayuno,7,11,Salchipapa Clásica,Salchipapas,8,10.0,80.0,Presencial,No,Ninguna,0,Lluvioso,21,1,2,10,26,30
2024-09-06,Viernes,9,2024,0,0,Desayuno,7,11,Jugo Natural,Bebidas,15,6.0,90.0,Presencial,No,Ninguna,0,Lluvioso,21,1,2,3,53,33
2024-09-06,Viernes,9,2024,0,0,Desayuno,7,11,Cheeseburger,Hamburguesas,10,14.0,140.0,Presencial,No,Ninguna,0,Lluvioso,21,1,2,13,17,44
2024-09-06,Viernes,9,2024,0,0,Desayuno,7,11,Sándwich de Pollo,Sándwiches,7,11.0,77.0,Presencial,No,Ninguna,0,Lluvioso,21,1,2,10,25,39
2024-09-06,Viernes,9,2024,0,0,Almuerzo,12,16,Pizza Personal,Pizzas,37,13.0,432.9,Delivery,Sí,Descuento,10,Lluvioso,21,1,7,23,60,58
2024-09-06,Viernes,9,2024,0,0,Almuerzo,12,16,Salchipapa Clásica,Salchipapas,26,10.0,260.0,Delivery,No,Ninguna,0,Lluvioso,21,1,7,13,31,47
2024-09-06,Viernes,9,2024,0,0,Almuerzo,12,16,Alitas BBQ,Pollos,26,20.0,520.0,Web,No,Ninguna,0,Lluvioso,21,1,7,15,42,57
2024-09-06,Viernes,9,2024,0,0,Almuerzo,12,16,Hamburguesa Clásica,Hamburguesas,29,12.0,348.0,Presencial,No,Ninguna,0,Lluvioso,21,1,7,11,58,59
2024-09-06,Viernes,9,2024,0,0,Almuerzo,12,16,Gaseosa,Bebidas,54,4.0,216.0,Delivery,No,Ninguna,0,Lluvioso,21,1,7,3,92,56
2024-09-06,Viernes,9,2024,0,0,Cena,18,22,Hamburguesa Clásica,Hamburguesas,29,12.0,348.0,Delivery,No,Ninguna,0,Lluvioso,21,1,6,11,35,78
2024-09-06,Viernes,9,2024,0,0,Cena,18,22,Pizza Familiar,Pizzas,10,32.0,320.0,Delivery,No,Ninguna,0,Lluvioso,21,1,6,24,37,65
2024-09-06,Viernes,9,2024,0,0,Cena,18,22,Salchipapa Especial,Salchipapas,33,15.0,495.0,Web,No,Ninguna,0,Lluvioso,21,1,6,14,42,68
2024-09-06,Viernes,9,2024,0,0,Cena,18,22,Hamburguesa BBQ,Hamburguesas,25,16.0,400.0,Web,No,Ninguna,0,Lluvioso,21,1,6,9,40,73
2024-09-07,Sábado,9,2024,1,0,Desayuno,7,11,Sándwich de Pollo,Sándwiches,12,11.0,132.0,Presencial,No,Ninguna,0,Nublado,19,0,4,7,38,23
2024-09-07,Sábado,9,2024,1,0,Desayuno,7,11,Jugo Natural,Bebidas,11,6.0,66.0,Delivery,No,Ninguna,0,Nublado,19,0,4,2,29,26
2024-09-07,Sábado,9,2024,1,0,Desayuno,7,11,Cheeseburger,Hamburguesas,12,14.0,168.0,Presencial,No,Ninguna,0,Nublado,19,0,4,12,47,27
2024-09-07,Sábado,9,2024,1,0,Desayuno,7,11,Hamburguesa Clásica,Hamburguesas,19,12.0,228.0,Delivery,No,Ninguna,0,Nublado,19,0,4,12,54,28
2024-09-07,Sábado,9,2024,1,0,Almuerzo,12,16,Hamburguesa Clásica,Hamburguesas,27,12.0,324.0,Delivery,No,Ninguna,0,Nublado,19,0,8,14,54,52
2024-09-07,Sábado,9,2024,1,0,Almuerzo,12,16,Gaseosa,Bebidas,60,4.0,180.0,Delivery,Sí,Combo,25,Nublado,19,0,8,2,115,37
2024-09-07,Sábado,9,2024,1,0,Almuerzo,12,16,Pizza Familiar,Pizzas,19,32.0,608.0,Presencial,No,Ninguna,0,Nublado,19,0,8,15,48,47
2024-09-07,Sábado,9,2024,1,0,Almuerzo,12,16,Cheeseburger,Hamburguesas,27,14.0,378.0,Presencial,No,Ninguna,0,Nublado,19,0,8,12,62,42
2024-09-07,Sábado,9,2024,1,0,Almuerzo,12,16,Alitas BBQ,Pollos,31,20.0,620.0,Delivery,No,Ninguna,0,Nublado,19,0,8,13,37,49
2024-09-07,Sábado,9,2024,1,0,Almuerzo,12,16,Sándwich de Pollo,Sándwiches,21,11.0,231.0,Delivery,No,Ninguna,0,Nublado,19,0,8,7,31,47
2024-09-07,Sábado,9,2024,1,0,Cena,18,22,Alitas BBQ,Pollos,27,20.0,540.0,Delivery,No,Ninguna,0,Nublado,19,0,5,12,53,65
2024-09-07,Sábado,9,2024,1,0,Cena,18,22,Pizza Familiar,Pizzas,17,32.0,544.0,Delivery,No,Ninguna,0,Nublado,19,0,5,25,52,55
2024-09-07,Sábado,9,2024,1,0,Cena,18,22,Hamburguesa Clásica,Hamburguesas,40,12.0,408.0,Web,Sí,2x1,15,Nublado,19,0,5,14,58,66
2024-09-08,Domingo,9,2024,1,0,Desayuno,7,11,Hamburguesa Clásica,Hamburguesas,17,12.0,204.0,Presencial,No,Ninguna,0,Lluvioso,19,1,2,11,30,30
2024-09-08,Domingo,9,2024,1,0,Desayuno,7,11,Jugo Natural,Bebidas,10,6.0,48.0,Delivery,Sí,Descuento,20,Lluvioso,19,1,2,3,56,39
2024-09-08,Domingo,9,2024,1,0,Desayuno,7,11,Hamburguesa BBQ,Hamburguesas,13,16.0,208.0,Presencial,No,Ninguna,0,Lluvioso,19,1,2,8,39,44
2024-09-08,Domingo,9,2024,1,0,Desayuno,7,11,Sándwich de Pollo,Sándwiches,9,11.0,99.0,Delivery,No,Ninguna,0,Lluvioso,19,1,2,8,26,52
2024-09-08,Domingo,9,2024,1,0,Almuerzo,12,16,Hamburguesa BBQ,Hamburguesas,39,16.0,468.0,Delivery,Sí,Combo,25,Lluvioso,19,1,6,12,68,63
2024-09-08,Domingo,9,2024,1,0,Almuerzo,12,16,Salchipapa Especial,Salchipapas,31,15.0,348.75,Delivery,Sí,2x1,25,Lluvioso,19,1,6,10,44,64
2024-09-08,Domingo,9,2024,1,0,Almuerzo,12,16,Jugo Natural,Bebidas,26,6.0,156.0,Web,No,Ninguna,0,Lluvioso,19,1,6,5,86,57
2024-09-08,Domingo,9,2024,1,0,Almuerzo,12,16,Gaseosa,Bebidas,34,4.0,136.0,Delivery,No,Ninguna,0,Lluvioso,19,1,6,5,68,50
2024-09-08,Domingo,9,2024,1,0,Almuerzo,12,16,Cheeseburger,Hamburguesas,21,14.0,294.0,Delivery,No,Ninguna,0,Lluvioso,19,1,6,10,36,63
2024-09-08,Domingo,9,2024,1,0,Cena,18,22,Hamburguesa Clásica,Hamburguesas,29,12.0,348.0,Presencial,No,Ninguna,0,Lluvioso,19,1,7,13,38,81
2024-09-08,Domingo,9,2024,1,0,Cena,18,22,Salchipapa Clásica,Salchipapas,19,10.0,190.0,Delivery,No,Ninguna,0,Lluvioso,19,1,7,12,54,86
2024-09-08,Domingo,9,2024,1,0,Cena,18,22,Pollo Broaster,Pollos,30,18.0,540.0,Delivery,No,Ninguna,0,Lluvioso,19,1,7,13,56,70
2024-09-08,Domingo,9,2024,1,0,Cena,18,22,Pizza Personal,Pizzas,23,13.0,299.0,Delivery,No,Ninguna,0,Lluvioso,19,1,7,18,38,75
2024-09-08,Domingo,9,2024,1,0,Cena,18,22,Gaseosa,Bebidas,51,4.0,163.2,Delivery,Sí,2x1,20,Lluvioso,19,1,7,3,86,90
2024-09-09,Lunes,9,2024,0,0,Desayuno,7,11,Gaseosa,Bebidas,14,4.0,56.0,Presencial,No,Ninguna,0,Lluvioso,20,1,2,2,46,41
2024-09-09,Lunes,9,2024,0,0,Desayuno,7,11,Cheeseburger,Hamburguesas,10,14.0,126.0,Delivery,Sí,Combo,10,Lluvioso,20,1,2,8,38,28
2024-09-09,Lunes,9,2024,0,0,Desayuno,7,11,Pizza Personal,Pizzas,6,13.0,78.0,Presencial,No,Ninguna,0,Lluvioso,20,1,2,25,35,21
2024-09-09,Lunes,9,2024,0,0,Desayuno,7,11,Pollo Broaster,Pollos,12,18.0,216.0,Delivery,No,Ninguna,0,Lluvioso,20,1,2,12,27,38
2024-09-09,Lunes,9,2024,0,0,Almuerzo,12,16,Gaseosa,Bebidas,34,4.0,136.0,Web,No,Ninguna,0,Lluvioso,20,1,4,4,49,46
2024-09-09,Lunes,9,2024,0,0,Almuerzo,12,16,Cheeseburger,Hamburguesas,19,14.0,266.0,Presencial,No,Ninguna,0,Lluvioso,20,1,4,9,27,55
2024-09-09,Lunes,9,2024,0,0,Almuerzo,12,16,Salchipapa Especial,Salchipapas,28,15.0,420.0,Delivery,No,Ninguna,0,Lluvioso,20,1,4,15,36,60
2024-09-09,Lunes,9,2024,0,0,Almuerzo,12,16,Hamburguesa BBQ,Hamburguesas,17,16.0,272.0,Web,No,Ninguna,0,Lluvioso,20,1,4,8,41,52
2024-09-09,Lunes,9,2024,0,0,Almuerzo,12,16,Pollo Broaster,Pollos,35,18.0,567.0,Delivery,Sí,Combo,10,Lluvioso,20,1,4,15,46,51
2024-09-09,Lunes,9,2024,0,0,Cena,18,22,Salchipapa Clásica,Salchipapas,11,10.0,110.0,Delivery,No,Ninguna,0,Lluvioso,20,1,5,8,37,65
2024-09-09,Lunes,9,2024,0,0,Cena,18,22,Jugo Natural,Bebidas,11,6.0,66.0,Web,No,Ninguna,0,Lluvioso,20,1,5,2,26,77
2024-09-09,Lunes,9,2024,0,0,Cena,18,22,Pollo Broaster,Pollos,21,18.0,283.5,Delivery,Sí,Descuento,25,Lluvioso,20,1,5,13,53,76
2024-09-09,Lunes,9,2024,0,0,Cena,18,22,Pizza Familiar,Pizzas,11,32.0,352.0,Delivery,No,Ninguna,0,Lluvioso,20,1,5,18,34,81
2024-09-10,Martes,9,2024,0,0,Desayuno,7,11,Sándwich de Pollo,Sándwiches,8,11.0,88.0,Presencial,No,Ninguna,0,Lluvioso,22,1,4,12,16,28
2024-09-10,Martes,9,2024,0,0,Desayuno,7,11,Cheeseburger,Hamburguesas,6,14.0,84.0,Presencial,No,Ninguna,0,Lluvioso,22,1,4,11,34,27
2024-09-10,Martes,9,2024,0,0,Desayuno,7,11,Gaseosa,Bebidas,14,4.0,56.0,Delivery,No,Ninguna,0,Lluvioso,22,1,4,2,38,40
2024-09-10,Martes,9,2024,0,0,Desayuno,7,11,Hamburguesa Clásica,Hamburguesas,12,12.0,144.0,Delivery,No,Ninguna,0,Lluvioso,22,1,4,13,26,30
2024-09-10,Martes,9,2024,0,0,Desayuno,7,11,Hamburguesa BBQ,Hamburguesas,9,16.0,144.0,Presencial,No,Ninguna,0,Lluvioso,22,1,4,11,38,26
2024-09-10,Martes,9,2024,0,0,Almuerzo,12,16,Hamburguesa Clásica,Hamburguesas,28,12.0,336.0,Presencial,No,Ninguna,0,Lluvioso,22,1,6,12,59,50
2024-09-10,Martes,9,2024,0,0,Almuerzo,12,16,Pizza Familiar,Pizzas,16,32.0,512.0,Delivery,No,Ninguna,0,Lluvioso,22,1,6,22,21,45
2024-09-10,Martes,9,2024,0,0,Almuerzo,12,16,Salchipapa Especial,Salchipapas,31,15.0,465.0,Presencial,No,Ninguna,0,Lluvioso,22,1,6,10,53,50
2024-09-10,Martes,9,2024,0,0,Almuerzo,12,16,Gaseosa,Bebidas,39,4.0,156.0,Web,No,Ninguna,0,Lluvioso,22,1,6,5,59,45
2024-09-10,Martes,9,2024,0,0,Cena,18,22,Cheeseburger,Hamburguesas,12,14.0,168.0,Delivery,No,Ninguna,0,Lluvioso,22,1,7,12,24,61
2024-09-10,Martes,9,2024,0,0,Cena,18,22,Salchipapa Especial,Salchipapas,22,15.0,297.0,Delivery,Sí,Descuento,10,Lluvioso,22,1,7,11,34,83
2024-09-10,Martes,9,2024,0,0,Cena,18,22,Pollo Broaster,Pollos,35,18.0,630.0,Delivery,No,Ninguna,0,Lluvioso,22,1,7,19,40,59
2024-09-10,Martes,9,2024,0,0,Cena,18,22,Pizza Familiar,Pizzas,10,32.0,320.0,Delivery,No,Ninguna,0,Lluvioso,22,1,7,25,24,76
2024-09-11,Miércoles,9,2024,0,0,Desayuno,7,11,Sándwich de Pollo,Sándwiches,9,11.0,99.0,Delivery,No,Ninguna,0,Lluvioso,22,1,3,9,18,41
2024-09-11,Miércoles,9,2024,0,0,Desayuno,7,11,Hamburguesa Clásica,Hamburguesas,12,12.0,144.0,Presencial,No,Ninguna,0,Lluvioso,22,1,3,8,41,32
2024-09-11,Miércoles,9,2024,0,0,Desayuno,7,11,Gaseosa,Bebidas,13,4.0,52.0,Presencial,No,Ninguna,0,Lluvioso,22,1,3,2,35,33
2024-09-11,Miércoles,9,2024,0,0,Desayuno,7,11,Salchipapa Especial,Salchipapas,18,15.0,229.5,Delivery,Sí,2x1,15,Lluvioso,22,1,3,8,49,39
2024-09-11,Miércoles,9,2024,0,0,Almuerzo,12,16,Hamburguesa BBQ,Hamburguesas,29,16.0,464.0,Delivery,No,Ninguna,0,Lluvioso,22,1,7,13,50,51
2024-09-11,Miércoles,9,2024,0,0,Almuerzo,12,16,Pollo Broaster,Pollos,33,18.0,594.0,Delivery,No,Ninguna,0,Lluvioso,22,1,7,20,42,57
2024-09-11,Miércoles,9,2024,0,0,Almuerzo,12,16,Sándwich de Pollo,Sándwiches,19,11.0,209.0,Delivery,No,Ninguna,0,Lluvioso,22,1,7,11,43,39
2024-09-11,Miércoles,9,2024,0,0,Almuerzo,12,16,Pizza Familiar,Pizzas,16,32.0,512.0,Presencial,No,Ninguna,0,Lluvioso,22,1,7,20,51,50
2024-09-11,Miércoles,9,2024,0,0,Almuerzo,12,16,Gaseosa,Bebidas,31,4.0,124.0,Delivery,No,Ninguna,0,Lluvioso,22,1,7,2,59,56
2024-09-11,Miércoles,9,2024,0,0,Cena,18,22,Pollo Broaster,Pollos,31,18.0,558.0,Web,No,Ninguna,0,Lluvioso,22,1,7,12,51,81
2024-09-11,Miércoles,9,2024,0,0,Cena,18,22,Salchipapa Clásica,Salchipapas,19,10.0,190.0,Delivery,No,Ninguna,0,Lluvioso,22,1,7,13,41,70
2024-09-11,Miércoles,9,2024,0,0,Cena,18,22,Pizza Personal,Pizzas,23,13.0,269.1,Delivery,Sí,Combo,10,Lluvioso,22,1,7,22,47,76
2024-09-11,Miércoles,9,2024,0,0,Cena,18,22,Jugo Natural,Bebidas,18,6.0,108.0,Delivery,No,Ninguna,0,Lluvioso,22,1,7,4,57,78
2024-09-12,Jueves,9,2024,0,0,Desayuno,7,11,Sándwich de Pollo,Sándwiches,8,11.0,88.0,Delivery,No,Ninguna,0,Nublado,22,0,4,7,25,22
2024-09-12,Jueves,9,2024,0,0,Desayuno,7,11,Gaseosa,Bebidas,24,4.0,96.0,Presencial,No,Ninguna,0,Nublado,22,0,4,3,52,13
2024-09-12,Jueves,9,2024,0,0,Desayuno,7,11,Salchipapa Clásica,Salchipapas,9,10.0,90.0,Presencial,No,Ninguna,0,Nublado,22,0,4,13,34,11
2024-09-12,Jueves,9,2024,0,0,Desayuno,7,11,Pollo Broaster,Pollos,19,18.0,342.0,Presencial,No,Ninguna,0,Nublado,22,0,4,17,31,14
2024-09-12,Jueves,9,2024,0,0,Almuerzo,12,16,Pizza Personal,Pizzas,18,13.0,234.0,Presencial,No,Ninguna,0,Nublado,22,0,6,23,28,40
2024-09-12,Jueves,9,2024,0,0,Almuerzo,12,16,Hamburguesa Clásica,Hamburguesas,30,12.0,360.0,Presencial,No,Ninguna,0,Nublado,22,0,6,9,53,43
2024-09-12,Jueves,9,2024,0,0,Almuerzo,12,16,Cheeseburger,Hamburguesas,17,14.0,238.0,Presencial,No,Ninguna,0,Nublado,22,0,6,11,38,29
2024-09-12,Jueves,9,2024,0,0,Almuerzo,12,16,Pollo Broaster,Pollos,34,18.0,612.0,Delivery,No,Ninguna,0,Nublado,22,0,6,19,50,25
2024-09-12,Jueves,9,2024,0,0,Cena,18,22,Gaseosa,Bebidas,30,4.0,120.0,Presencial,No,Ninguna,0,Nublado,22,0,7,3,87,58
2024-09-12,Jueves,9,2024,0,0,Cena,18,22,Pizza Familiar,Pizzas,12,32.0,384.0,Delivery,No,Ninguna,0,Nublado,22,0,7,16,19,49
2024-09-12,Jueves,9,2024,0,0,Cena,18,22,Alitas BBQ,Pollos,22,20.0,440.0,Delivery,No,Ninguna,0,Nublado,22,0,7,19,32,55
2024-09-12,Jueves,9,2024,0,0,Cena,18,22,Hamburguesa Clásica,Hamburguesas,34,12.0,367.2,Delivery,Sí,Combo,10,Nublado,22,0,7,11,59,71
2024-09-12,Jueves,9,2024,0,0,Cena,18,22,Pizza Personal,Pizzas,17,13.0,221.0,Presencial,No,Ninguna,0,Nublado,22,0,7,24,25,53
2024-09-13,Viernes,9,2024,0,0,Desayuno,7,11,Hamburguesa Clásica,Hamburguesas,11,12.0,132.0,Presencial,No,Ninguna,0,Nublado,21,0,3,14,31,18
2024-09-13,Viernes,9,2024,0,0,Desayuno,7,11,Pizza Personal,Pizzas,8,13.0,104.0,Presencial,No,Ninguna,0,Nublado,21,0,3,24,17,25
2024-09-13,Viernes,9,2024,0,0,Desayuno,7,11,Salchipapa Clásica,Salchipapas,11,10.0,110.0,Presencial,No,Ninguna,0,Nublado,21,0,3,14,35,10
2024-09-13,Viernes,9,2024,0,0,Desayuno,7,11,Jugo Natural,Bebidas,12,6.0,72.0,Presencial,No,Ninguna,0,Nublado,21,0,3,5,47,13
2024-09-13,Viernes,9,2024,0,0,Desayuno,7,11,Sándwich de Pollo,Sándwiches,9,11.0,99.0,Presencial,No,Ninguna,0,Nublado,21,0,3,11,16,19
2024-09-13,Viernes,9,2024,0,0,Desayuno,7,11,Gaseosa,Bebidas,17,4.0,68.0,Presencial,No,Ninguna,0,Nublado,21,0,3,4,52,23
2024-09-13,Viernes,9,2024,0,0,Almuerzo,12,16,Pizza Familiar,Pizzas,20,32.0,640.0,Delivery,No,Ninguna,0,Nublado,21,0,5,17,46,33
2024-09-13,Viernes,9,2024,0,0,Almuerzo,12,16,Pollo Broaster,Pollos,36,18.0,648.0,Presencial,No,Ninguna,0,Nublado,21,0,5,15,49,34
2024-09-13,Viernes,9,2024,0,0,Almuerzo,12,16,Salchipapa Especial,Salchipapas,36,15.0,540.0,Web,No,Ninguna,0,Nublado,21,0,5,8,64,26
2024-09-13,Viernes,9,2024,0,0,Almuerzo,12,16,Hamburguesa Clásica,Hamburguesas,48,12.0,576.0,Presencial,No,Ninguna,0,Nublado,21,0,5,8,67,38
2024-09-13,Viernes,9,2024,0,0,Cena,18,22,Pizza Personal,Pizzas,13,13.0,169.0,Web,No,Ninguna,0,Nublado,21,0,4,22,28,40
2024-09-13,Viernes,9,2024,0,0,Cena,18,22,Pizza Familiar,Pizzas,18,32.0,576.0,Delivery,No,Ninguna,0,Nublado,21,0,4,19,44,52
2024-09-13,Viernes,9,2024,0,0,Cena,18,22,Pollo Broaster,Pollos,39,18.0,702.0,Delivery,No,Ninguna,0,Nublado,21,0,4,15,50,56
2024-09-13,Viernes,9,2024,0,0,Cena,18,22,Hamburguesa BBQ,Hamburguesas,27,16.0,432.0,Delivery,No,Ninguna,0,Nublado,21,0,4,12,57,53
2024-09-13,Viernes,9,2024,0,0,Cena,18,22,Salchipapa Especial,Salchipapas,41,15.0,615.0,Web,No,Ninguna,0,Nublado,21,0,4,9,60,50
2024-09-14,Sábado,9,2024,1,0,Desayuno,7,11,Hamburguesa Clásica,Hamburguesas,18,12.0,194.4,Presencial,Sí,Descuento,10,Nublado,18,0,3,12,26,26
2024-09-14,Sábado,9,2024,1,0,Desayuno,7,11,Gaseosa,Bebidas,16,4.0,64.0,Presencial,No,Ninguna,0,Nublado,18,0,3,4,75,23
2024-09-14,Sábado,9,2024,1,0,Desayuno,7,11,Jugo Natural,Bebidas,15,6.0,90.0,Presencial,No,Ninguna,0,Nublado,18,0,3,3,30,24
2024-09-14,Sábado,9,2024,1,0,Desayuno,7,11,Salchipapa Clásica,Salchipapas,10,10.0,100.0,Presencial,No,Ninguna,0,Nublado,18,0,3,8,19,25
2024-09-14,Sábado,9,2024,1,0,Desayuno,7,11,Sándwich de Pollo,Sándwiches,12,11.0,105.6,Web,Sí,Descuento,20,Nublado,18,0,3,9,28,32
2024-09-14,Sábado,9,2024,1,0,Almuerzo,12,16,Salchipapa Clásica,Salchipapas,31,10.0,310.0,Presencial,No,Ninguna,0,Nublado,18,0,4,14,45,48
2024-09-14,Sábado,9,2024,1,0,Almuerzo,12,16,Cheeseburger,Hamburguesas,30,14.0,420.0,Presencial,No,Ninguna,0,Nublado,18,0,4,14,39,53
2024-09-14,Sábado,9,2024,1,0,Almuerzo,12,16,Pollo Broaster,Pollos,37,18.0,666.0,Presencial,No,Ninguna,0,Nublado,18,0,4,20,52,51
2024-09-14,Sábado,9,2024,1,0,Almuerzo,12,16,Salchipapa Especial,Salchipapas,43,15.0,645.0,Presencial,No,Ninguna,0,Nublado,18,0,4,10,76,35
2024-09-14,Sábado,9,2024,1,0,Almuerzo,12,16,Sándwich de Pollo,Sándwiches,28,11.0,308.0,Delivery,No,Ninguna,0,Nublado,18,0,4,11,61,39
2024-09-14,Sábado,9,2024,1,0,Cena,18,22,Pollo Broaster,Pollos,29,18.0,522.0,Web,No,Ninguna,0,Nublado,18,0,5,19,59,55
2024-09-14,Sábado,9,2024,1,0,Cena,18,22,Hamburguesa BBQ,Hamburguesas,33,16.0,396.0,Presencial,Sí,Combo,25,Nublado,18,0,5,13,67,54
2024-09-14,Sábado,9,2024,1,0,Cena,18,22,Salchipapa Especial,Salchipapas,46,15.0,690.0,Delivery,No,Ninguna,0,Nublado,18,0,5,14,73,68
2024-09-14,Sábado,9,2024,1,0,Cena,18,22,Salchipapa Clásica,Salchipapas,28,10.0,280.0,Presencial,No,Ninguna,0,Nublado,18,0,5,15,48,61
2024-09-14,Sábado,9,2024,1,0,Cena,18,22,Hamburguesa Clásica,Hamburguesas,23,12.0,276.0,Delivery,No,Ninguna,0,Nublado,18,0,5,14,50,46
2024-09-15,Domingo,9,2024,1,0,Desayuno,7,11,Cheeseburger,Hamburguesas,11,14.0,154.0,Presencial,No,Ninguna,0,Soleado,26,0,5,10,21,20
2024-09-15,Domingo,9,2024,1,0,Desayuno,7,11,Hamburguesa BBQ,Hamburguesas,12,16.0,192.0,Presencial,No,Ninguna,0,Soleado,26,0,5,9,32,23
2024-09-15,Domingo,9,2024,1,0,Desayuno,7,11,Jugo Natural,Bebidas,15,6.0,90.0,Delivery,No,Ninguna,0,Soleado,26,0,5,4,74,33
2024-09-15,Domingo,9,2024,1,0,Desayuno,7,11,Sándwich de Pollo,Sándwiches,12,11.0,132.0,Presencial,No,Ninguna,0,Soleado,26,0,5,7,46,23
2024-09-15,Domingo,9,2024,1,0,Desayuno,7,11,Salchipapa Clásica,Salchipapas,14,10.0,140.0,Presencial,No,Ninguna,0,Soleado,26,0,5,14,35,25
2024-09-15,Domingo,9,2024,1,0,Almuerzo,12,16,Sándwich de Pollo,Sándwiches,16,11.0,176.0,Delivery,No,Ninguna,0,Soleado,26,0,5,8,39,49
2024-09-15,Domingo,9,2024,1,0,Almuerzo,12,16,Cheeseburger,Hamburguesas,25,14.0,350.0,Presencial,No,Ninguna,0,Soleado,26,0,5,8,50,36
2024-09-15,Domingo,9,2024,1,0,Almuerzo,12,16,Pollo Broaster,Pollos,52,18.0,702.0,Delivery,Sí,Combo,25,Soleado,26,0,5,18,63,34
2024-09-15,Domingo,9,2024,1,0,Cena,18,22,Salchipapa Especial,Salchipapas,33,15.0,495.0,Presencial,No,Ninguna,0,Soleado,26,0,5,12,61,64
2024-09-15,Domingo,9,2024,1,0,Cena,18,22,Gaseosa,Bebidas,37,4.0,148.0,Presencial,No,Ninguna,0,Soleado,26,0,5,2,64,68
2024-09-15,Domingo,9,2024,1,0,Cena,18,22,Pizza Personal,Pizzas,19,13.0,247.0,Presencial,No,Ninguna,0,Soleado,26,0,5,19,27,55
2024-09-15,Domingo,9,2024,1,0,Cena,18,22,Pollo Broaster,Pollos,39,18.0,702.0,Delivery,No,Ninguna,0,Soleado,26,0,5,17,47,55
2024-09-15,Domingo,9,2024,1,0,Cena,18,22,Cheeseburger,Hamburguesas,28,14.0,392.0,Delivery,No,Ninguna,0,Soleado,26,0,5,8,63,72
2024-09-16,Lunes,9,2024,0,0,Desayuno,7,11,Sándwich de Pollo,Sándwiches,11,11.0,121.0,Presencial,No,Ninguna,0,Lluvioso,21,1,2,12,41,30
2024-09-16,Lunes,9,2024,0,0,Desayuno,7,11,Jugo Natural,Bebidas,10,6.0,60.0,Delivery,No,Ninguna,0,Lluvioso,21,1,2,2,33,24
2024-09-16,Lunes,9,2024,0,0,Desayuno,7,11,Alitas BBQ,Pollos,10,20.0,200.0,Delivery,No,Ninguna,0,Lluvioso,21,1,2,15,26,35
2024-09-16,Lunes,9,2024,0,0,Almuerzo,12,16,Salchipapa Especial,Salchipapas,30,15.0,360.0,Delivery,Sí,Combo,20,Lluvioso,21,1,4,9,37,62
2024-09-16,Lunes,9,2024,0,0,Almuerzo,12,16,Gaseosa,Bebidas,34,4.0,136.0,Web,No,Ninguna,0,Lluvioso,21,1,4,3,52,44
2024-09-16,Lunes,9,2024,0,0,Almuerzo,12,16,Alitas BBQ,Pollos,22,20.0,440.0,Web,No,Ninguna,0,Lluvioso,21,1,4,15,53,54
2024-09-16,Lunes,9,2024,0,0,Almuerzo,12,16,Pizza Personal,Pizzas,14,13.0,182.0,Delivery,No,Ninguna,0,Lluvioso,21,1,4,23,49,46
2024-09-16,Lunes,9,2024,0,0,Almuerzo,12,16,Sándwich de Pollo,Sándwiches,15,11.0,165.0,Presencial,No,Ninguna,0,Lluvioso,21,1,4,9,21,47
2024-09-16,Lunes,9,2024,0,0,Almuerzo,12,16,Pizza Familiar,Pizzas,15,32.0,480.0,Presencial,No,Ninguna,0,Lluvioso,21,1,4,22,40,49
2024-09-16,Lunes,9,2024,0,0,Cena,18,22,Hamburguesa BBQ,Hamburguesas,19,16.0,304.0,Delivery,No,Ninguna,0,Lluvioso,21,1,4,10,30,54
2024-09-16,Lunes,9,2024,0,0,Cena,18,22,Pizza Personal,Pizzas,11,13.0,143.0,Presencial,No,Ninguna,0,Lluvioso,21,1,4,15,41,63
2024-09-16,Lunes,9,2024,0,0,Cena,18,22,Alitas BBQ,Pollos,18,20.0,324.0,Delivery,Sí,Descuento,10,Lluvioso,21,1,4,17,33,59
2024-09-16,Lunes,9,2024,0,0,Cena,18,22,Gaseosa,Bebidas,21,4.0,84.0,Delivery,No,Ninguna,0,Lluvioso,21,1,4,3,79,73
2024-09-16,Lunes,9,2024,0,0,Cena,18,22,Salchipapa Especial,Salchipapas,18,15.0,270.0,Delivery,No,Ninguna,0,Lluvioso,21,1,4,15,27,74
2024-09-17,Martes,9,2024,0,0,Desayuno,7,11,Hamburguesa Clásica,Hamburguesas,10,12.0,120.0,Presencial,No,Ninguna,0,Nublado,21,0,4,11,44,25
2024-09-17,Martes,9,2024,0,0,Desayuno,7,11,Cheeseburger,Hamburguesas,7,14.0,98.0,Presencial,No,Ninguna,0,Nublado,21,0,4,9,37,12
2024-09-17,Martes,9,2024,0,0,Desayuno,7,11,Salchipapa Clásica,Salchipapas,9,10.0,90.0,Presencial,No,Ninguna,0,Nublado,21,0,4,10,15,12
2024-09-17,Martes,9,2024,0,0,Desayuno,7,11,Jugo Natural,Bebidas,8,6.0,48.0,Presencial,No,Ninguna,0,Nublado,21,0,4,4,43,25
2024-09-17,Martes,9,2024,0,0,Almuerzo,12,16,Gaseosa,Bebidas,37,4.0,148.0,Presencial,No,Ninguna,0,Nublado,21,0,7,2,83,32
2024-09-17,Martes,9,2024,0,0,Almuerzo,12,16,Jugo Natural,Bebidas,27,6.0,162.0,Delivery,No,Ninguna,0,Nublado,21,0,7,2,57,43
2024-09-17,Martes,9,2024,0,0,Almuerzo,12,16,Alitas BBQ,Pollos,20,20.0,400.0,Presencial,No,Ninguna,0,Nublado,21,0,7,17,44,28
2024-09-17,Martes,9,2024,0,0,Almuerzo,12,16,Pollo Broaster,Pollos,26,18.0,468.0,Presencial,No,Ninguna,0,Nublado,21,0,7,14,32,43
2024-09-17,Martes,9,2024,0,0,Cena,18,22,Pollo Broaster,Pollos,23,18.0,414.0,Delivery,No,Ninguna,0,Nublado,21,0,5,18,56,61
2024-09-17,Martes,9,2024,0,0,Cena,18,22,Alitas BBQ,Pollos,14,20.0,280.0,Web,No,Ninguna,0,Nublado,21,0,5,19,36,44
2024-09-17,Martes,9,2024,0,0,Cena,18,22,Hamburguesa BBQ,Hamburguesas,20,16.0,320.0,Presencial,No,Ninguna,0,Nublado,21,0,5,13,36,45
2024-09-17,Martes,9,2024,0,0,Cena,18,22,Salchipapa Especial,Salchipapas,20,15.0,300.0,Presencial,No,Ninguna,0,Nublado,21,0,5,8,39,64
2024-09-18,Miércoles,9,2024,0,0,Desayuno,7,11,Cheeseburger,Hamburguesas,12,14.0,168.0,Delivery,No,Ninguna,0,Lluvioso,20,1,4,8,40,35
2024-09-18,Miércoles,9,2024,0,0,Desayuno,7,11,Jugo Natural,Bebidas,9,6.0,48.6,Delivery,Sí,Descuento,10,Lluvioso,20,1,4,2,31,36
2024-09-18,Miércoles,9,2024,0,0,Desayuno,7,11,Hamburguesa Clásica,Hamburguesas,11,12.0,132.0,Presencial,No,Ninguna,0,Lluvioso,20,1,4,12,38,35
2024-09-18,Miércoles,9,2024,0,0,Desayuno,7,11,Gaseosa,Bebidas,18,4.0,64.8,Presencial,Sí,Descuento,10,Lluvioso,20,1,4,4,50,30
2024-09-18,Miércoles,9,2024,0,0,Desayuno,7,11,Sándwich de Pollo,Sándwiches,8,11.0,88.0,Delivery,No,Ninguna,0,Lluvioso,20,1,4,10,30,35
2024-09-18,Miércoles,9,2024,0,0,Almuerzo,12,16,Pollo Broaster,Pollos,34,18.0,612.0,Presencial,No,Ninguna,0,Lluvioso,20,1,7,16,60,45
2024-09-18,Miércoles,9,2024,0,0,Almuerzo,12,16,Pizza Personal,Pizzas,17,13.0,221.0,Presencial,No,Ninguna,0,Lluvioso,20,1,7,21,46,42
2024-09-18,Miércoles,9,2024,0,0,Almuerzo,12,16,Pizza Familiar,Pizzas,9,32.0,288.0,Delivery,No,Ninguna,0,Lluvioso,20,1,7,25,15,61
2024-09-18,Miércoles,9,2024,0,0,Almuerzo,12,16,Salchipapa Clásica,Salchipapas,30,10.0,300.0,Delivery,No,Ninguna,0,Lluvioso,20,1,7,9,60,55
2024-09-18,Miércoles,9,2024,0,0,Cena,18,22,Gaseosa,Bebidas,35,4.0,140.0,Delivery,No,Ninguna,0,Lluvioso,20,1,5,5,68,70
2024-09-18,Miércoles,9,2024,0,0,Cena,18,22,Salchipapa Clásica,Salchipapas,23,10.0,230.0,Web,No,Ninguna,0,Lluvioso,20,1,5,9,33,58
2024-09-18,Miércoles,9,2024,0,0,Cena,18,22,Alitas BBQ,Pollos,20,20.0,400.0,Web,No,Ninguna,0,Lluvioso,20,1,5,16,32,70
2024-09-18,Miércoles,9,2024,0,0,Cena,18,22,Salchipapa Especial,Salchipapas,28,15.0,420.0,Delivery,No,Ninguna,0,Lluvioso,20,1,5,14,58,68
2024-09-19,Jueves,9,2024,0,0,Desayuno,7,11,Salchipapa Clásica,Salchipapas,10,10.0,100.0,Presencial,No,Ninguna,0,Nublado,20,0,2,9,17,20
2024-09-19,Jueves,9,2024,0,0,Desayuno,7,11,Salchipapa Especial,Salchipapas,8,15.0,120.0,Presencial,No,Ninguna,0,Nublado,20,0,2,8,33,18
2024-09-19,Jueves,9,2024,0,0,Desayuno,7,11,Gaseosa,Bebidas,16,4.0,64.0,Presencial,No,Ninguna,0,Nublado,20,0,2,2,54,22
2024-09-19,Jueves,9,2024,0,0,Almuerzo,12,16,Hamburguesa Clásica,Hamburguesas,26,12.0,312.0,Delivery,No,Ninguna,0,Nublado,20,0,7,10,52,32
2024-09-19,Jueves,9,2024,0,0,Almuerzo,12,16,Pizza Familiar,Pizzas,17,32.0,544.0,Presencial,No,Ninguna,0,Nublado,20,0,7,25,32,38
2024-09-19,Jueves,9,2024,0,0,Almuerzo,12,16,Salchipapa Especial,Salchipapas,29,15.0,435.0,Delivery,No,Ninguna,0,Nublado,20,0,7,10,47,44
2024-09-19,Jueves,9,2024,0,0,Almuerzo,12,16,Pollo Broaster,Pollos,39,18.0,702.0,Presencial,No,Ninguna,0,Nublado,20,0,7,15,58,27
2024-09-19,Jueves,9,2024,0,0,Almuerzo,12,16,Sándwich de Pollo,Sándwiches,15,11.0,165.0,Presencial,No,Ninguna,0,Nublado,20,0,7,11,40,35
2024-09-19,Jueves,9,2024,0,0,Almuerzo,12,16,Alitas BBQ,Pollos,19,20.0,380.0,Presencial,No,Ninguna,0,Nublado,20,0,7,16,54,26
2024-09-19,Jueves,9,2024,0,0,Cena,18,22,Pizza Personal,Pizzas,19,13.0,247.0,Delivery,No,Ninguna,0,Nublado,20,0,6,25,29,51
2024-09-19,Jueves,9,2024,0,0,Cena,18,22,Hamburguesa BBQ,Hamburguesas,23,16.0,368.0,Presencial,No,Ninguna,0,Nublado,20,0,6,8,55,40
2024-09-19,Jueves,9,2024,0,0,Cena,18,22,Alitas BBQ,Pollos,24,20.0,480.0,Delivery,No,Ninguna,0,Nublado,20,0,6,19,54,61
2024-09-20,Viernes,9,2024,0,0,Desayuno,7,11,Salchipapa Clásica,Salchipapas,14,10.0,140.0,Presencial,No,Ninguna,0,Nublado,20,0,3,12,44,18
2024-09-20,Viernes,9,2024,0,0,Desayuno,7,11,Pollo Broaster,Pollos,15,18.0,270.0,Presencial,No,Ninguna,0,Nublado,20,0,3,18,20,11
2024-09-20,Viernes,9,2024,0,0,Desayuno,7,11,Jugo Natural,Bebidas,11,6.0,66.0,Presencial,No,Ninguna,0,Nublado,20,0,3,5,49,14
2024-09-20,Viernes,9,2024,0,0,Desayuno,7,11,Sándwich de Pollo,Sándwiches,11,11.0,121.0,Presencial,No,Ninguna,0,Nublado,20,0,3,12,33,16
2024-09-20,Viernes,9,2024,0,0,Desayuno,7,11,Hamburguesa Clásica,Hamburguesas,12,12.0,144.0,Presencial,No,Ninguna,0,Nublado,20,0,3,9,20,19
2024-09-20,Viernes,9,2024,0,0,Almuerzo,12,16,Pizza Personal,Pizzas,22,13.0,286.0,Delivery,No,Ninguna,0,Nublado,20,0,6,21,28,36
2024-09-20,Viernes,9,2024,0,0,Almuerzo,12,16,Pollo Broaster,Pollos,43,18.0,774.0,Web,No,Ninguna,0,Nublado,20,0,6,16,62,44
2024-09-20,Viernes,9,2024,0,0,Almuerzo,12,16,Salchipapa Especial,Salchipapas,41,15.0,461.25,Delivery,Sí,2x1,25,Nublado,20,0,6,14,70,33
2024-09-20,Viernes,9,2024,0,0,Cena,18,22,Hamburguesa BBQ,Hamburguesas,21,16.0,336.0,Delivery,No,Ninguna,0,Nublado,20,0,8,10,56,61
2024-09-20,Viernes,9,2024,0,0,Cena,18,22,Pizza Familiar,Pizzas,18,32.0,460.8,Web,Sí,2x1,20,Nublado,20,0,8,22,41,51
2024-09-20,Viernes,9,2024,0,0,Cena,18,22,Cheeseburger,Hamburguesas,16,14.0,224.0,Delivery,No,Ninguna,0,Nublado,20,0,8,10,43,58
2024-09-21,Sábado,9,2024,1,0,Desayuno,7,11,Gaseosa,Bebidas,21,4.0,84.0,Presencial,No,Ninguna,0,Nublado,24,0,3,2,69,28
2024-09-21,Sábado,9,2024,1,0,Desayuno,7,11,Sándwich de Pollo,Sándwiches,13,11.0,143.0,Presencial,No,Ninguna,0,Nublado,24,0,3,11,47,23
2024-09-21,Sábado,9,2024,1,0,Desayuno,7,11,Cheeseburger,Hamburguesas,14,14.0,147.0,Delivery,Sí,Combo,25,Nublado,24,0,3,8,27,37
2024-09-21,Sábado,9,2024,1,0,Desayuno,7,11,Jugo Natural,Bebidas,11,6.0,66.0,Presencial,No,Ninguna,0,Nublado,24,0,3,5,40,28
2024-09-21,Sábado,9,2024,1,0,Almuerzo,12,16,Jugo Natural,Bebidas,25,6.0,120.0,Delivery,Sí,Descuento,20,Nublado,24,0,5,5,71,57
2024-09-21,Sábado,9,2024,1,0,Almuerzo,12,16,Sándwich de Pollo,Sándwiches,18,11.0,198.0,Presencial,No,Ninguna,0,Nublado,24,0,5,7,52,38
2024-09-21,Sábado,9,2024,1,0,Almuerzo,12,16,Salchipapa Especial,Salchipapas,47,15.0,705.0,Presencial,No,Ninguna,0,Nublado,24,0,5,11,71,52
2024-09-21,Sábado,9,2024,1,0,Almuerzo,12,16,Pizza Personal,Pizzas,18,13.0,234.0,Presencial,No,Ninguna,0,Nublado,24,0,5,22,37,48
2024-09-21,Sábado,9,2024,1,0,Almuerzo,12,16,Hamburguesa BBQ,Hamburguesas,29,16.0,464.0,Presencial,No,Ninguna,0,Nublado,24,0,5,13,50,33
2024-09-21,Sábado,9,2024,1,0,Cena,18,22,Cheeseburger,Hamburguesas,22,14.0,308.0,Web,No,Ninguna,0,Nublado,24,0,6,8,38,48
2024-09-21,Sábado,9,2024,1,0,Cena,18,22,Gaseosa,Bebidas,60,4.0,204.0,Presencial,Sí,2x1,15,Nublado,24,0,6,4,78,55
2024-09-21,Sábado,9,2024,1,0,Cena,18,22,Pollo Broaster,Pollos,34,18.0,612.0,Presencial,No,Ninguna,0,Nublado,24,0,6,15,42,56
2024-09-21,Sábado,9,2024,1,0,Cena,18,22,Pizza Personal,Pizzas,24,13.0,312.0,Web,No,Ninguna,0,Nublado,24,0,6,16,52,66
2024-09-22,Domingo,9,2024,1,0,Desayuno,7,11,Pizza Personal,Pizzas,9,13.0,117.0,Presencial,No,Ninguna,0,Nublado,20,0,5,24,15,18
2024-09-22,Domingo,9,2024,1,0,Desayuno,7,11,Sándwich de Pollo,Sándwiches,10,11.0,110.0,Presencial,No,Ninguna,0,Nublado,20,0,5,7,45,19
2024-09-22,Domingo,9,2024,1,0,Desayuno,7,11,Hamburguesa Clásica,Hamburguesas,15,12.0,180.0,Presencial,No,Ninguna,0,Nublado,20,0,5,10,38,24
2024-09-22,Domingo,9,2024,1,0,Almuerzo,12,16,Pollo Broaster,Pollos,61,18.0,988.2,Presencial,Sí,Combo,10,Nublado,20,0,8,12,91,39
2024-09-22,Domingo,9,2024,1,0,Almuerzo,12,16,Salchipapa Especial,Salchipapas,26,15.0,390.0,Presencial,No,Ninguna,0,Nublado,20,0,8,10,61,33
2024-09-22,Domingo,9,2024,1,0,Almuerzo,12,16,Hamburguesa Clásica,Hamburguesas,33,12.0,396.0,Web,No,Ninguna,0,Nublado,20,0,8,11,58,37
2024-09-22,Domingo,9,2024,1,0,Almuerzo,12,16,Salchipapa Clásica,Salchipapas,34,10.0,340.0,Presencial,No,Ninguna,0,Nublado,20,0,8,8,57,46
2024-09-22,Domingo,9,2024,1,0,Cena,18,22,Pizza Personal,Pizzas,20,13.0,260.0,Delivery,No,Ninguna,0,Nublado,20,0,7,17,41,59
2024-09-22,Domingo,9,2024,1,0,Cena,18,22,Pollo Broaster,Pollos,29,18.0,522.0,Delivery,No,Ninguna,0,Nublado,20,0,7,15,54,54
2024-09-22,Domingo,9,2024,1,0,Cena,18,22,Pizza Familiar,Pizzas,14,32.0,448.0,Delivery,No,Ninguna,0,Nublado,20,0,7,16,34,73
2024-09-22,Domingo,9,2024,1,0,Cena,18,22,Gaseosa,Bebidas,20,4.0,80.0,Presencial,No,Ninguna,0,Nublado,20,0,7,4,41,57
2024-09-23,Lunes,9,2024,0,0,Desayuno,7,11,Jugo Natural,Bebidas,11,6.0,66.0,Presencial,No,Ninguna,0,Nublado,23,0,4,4,60,23
2024-09-23,Lunes,9,2024,0,0,Desayuno,7,11,Sándwich de Pollo,Sándwiches,6,11.0,66.0,Presencial,No,Ninguna,0,Nublado,23,0,4,9,25,18
2024-09-23,Lunes,9,2024,0,0,Desayuno,7,11,Gaseosa,Bebidas,10,4.0,40.0,Presencial,No,Ninguna,0,Nublado,23,0,4,3,66,23
2024-09-23,Lunes,9,2024,0,0,Desayuno,7,11,Salchipapa Clásica,Salchipapas,8,10.0,80.0,Presencial,No,Ninguna,0,Nublado,23,0,4,10,21,20
2024-09-23,Lunes,9,2024,0,0,Desayuno,7,11,Hamburguesa BBQ,Hamburguesas,6,16.0,96.0,Presencial,No,Ninguna,0,Nublado,23,0,4,12,27,13
2024-09-23,Lunes,9,2024,0,0,Almuerzo,12,16,Sándwich de Pollo,Sándwiches,14,11.0,154.0,Delivery,No,Ninguna,0,Nublado,23,0,4,12,35,40
2024-09-23,Lunes,9,2024,0,0,Almuerzo,12,16,Hamburguesa Clásica,Hamburguesas,25,12.0,300.0,Presencial,No,Ninguna,0,Nublado,23,0,4,10,42,36
2024-09-23,Lunes,9,2024,0,0,Almuerzo,12,16,Salchipapa Especial,Salchipapas,20,15.0,300.0,Web,No,Ninguna,0,Nublado,23,0,4,8,42,30
2024-09-23,Lunes,9,2024,0,0,Almuerzo,12,16,Jugo Natural,Bebidas,23,6.0,138.0,Delivery,No,Ninguna,0,Nublado,23,0,4,2,61,39
2024-09-23,Lunes,9,2024,0,0,Almuerzo,12,16,Hamburguesa BBQ,Hamburguesas,21,16.0,336.0,Presencial,No,Ninguna,0,Nublado,23,0,4,8,44,34
2024-09-23,Lunes,9,2024,0,0,Almuerzo,12,16,Gaseosa,Bebidas,28,4.0,112.0,Delivery,No,Ninguna,0,Nublado,23,0,4,3,69,25
2024-09-23,Lunes,9,2024,0,0,Cena,18,22,Pizza Familiar,Pizzas,9,32.0,288.0,Delivery,No,Ninguna,0,Nublado,23,0,5,20,27,52
2024-09-23,Lunes,9,2024,0,0,Cena,18,22,Jugo Natural,Bebidas,22,6.0,132.0,Presencial,No,Ninguna,0,Nublado,23,0,5,5,65,57
2024-09-23,Lunes,9,2024,0,0,Cena,18,22,Hamburguesa BBQ,Hamburguesas,18,16.0,288.0,Delivery,No,Ninguna,0,Nublado,23,0,5,8,38,40
2024-09-23,Lunes,9,2024,0,0,Cena,18,22,Salchipapa Clásica,Salchipapas,15,10.0,150.0,Presencial,No,Ninguna,0,Nublado,23,0,5,15,21,52
2024-09-23,Lunes,9,2024,0,0,Cena,18,22,Alitas BBQ,Pollos,19,20.0,380.0,Delivery,No,Ninguna,0,Nublado,23,0,5,19,33,65
2024-09-24,Martes,9,2024,0,0,Desayuno,7,11,Gaseosa,Bebidas,12,4.0,48.0,Presencial,No,Ninguna,0,Lluvioso,18,1,3,5,72,40
2024-09-24,Martes,9,2024,0,0,Desayuno,7,11,Sándwich de Pollo,Sándwiches,7,11.0,77.0,Delivery,No,Ninguna,0,Lluvioso,18,1,3,10,25,29
2024-09-24,Martes,9,2024,0,0,Desayuno,7,11,Salchipapa Clásica,Salchipapas,10,10.0,100.0,Delivery,No,Ninguna,0,Lluvioso,18,1,3,12,20,28
2024-09-24,Martes,9,2024,0,0,Desayuno,7,11,Pollo Broaster,Pollos,10,18.0,180.0,Delivery,No,Ninguna,0,Lluvioso,18,1,3,20,31,34
2024-09-24,Martes,9,2024,0,0,Almuerzo,12,16,Gaseosa,Bebidas,43,4.0,172.0,Web,No,Ninguna,0,Lluvioso,18,1,5,3,65,51
2024-09-24,Martes,9,2024,0,0,Almuerzo,12,16,Cheeseburger,Hamburguesas,22,14.0,308.0,Delivery,No,Ninguna,0,Lluvioso,18,1,5,9,48,35
2024-09-24,Martes,9,2024,0,0,Almuerzo,12,16,Hamburguesa BBQ,Hamburguesas,14,16.0,224.0,Web,No,Ninguna,0,Lluvioso,18,1,5,11,33,48
2024-09-24,Martes,9,2024,0,0,Almuerzo,12,16,Pollo Broaster,Pollos,37,18.0,666.0,Delivery,No,Ninguna,0,Lluvioso,18,1,5,19,62,51
2024-09-24,Martes,9,2024,0,0,Cena,18,22,Alitas BBQ,Pollos,17,20.0,340.0,Web,No,Ninguna,0,Lluvioso,18,1,4,18,37,72
2024-09-24,Martes,9,2024,0,0,Cena,18,22,Pollo Broaster,Pollos,27,18.0,486.0,Web,No,Ninguna,0,Lluvioso,18,1,4,19,55,78
2024-09-24,Martes,9,2024,0,0,Cena,18,22,Gaseosa,Bebidas,29,4.0,116.0,Delivery,No,Ninguna,0,Lluvioso,18,1,4,3,44,66
2024-09-24,Martes,9,2024,0,0,Cena,18,22,Hamburguesa Clásica,Hamburguesas,19,12.0,228.0,Web,No,Ninguna,0,Lluvioso,18,1,4,10,52,78
2024-09-24,Martes,9,2024,0,0,Cena,18,22,Hamburguesa BBQ,Hamburguesas,12,16.0,192.0,Delivery,No,Ninguna,0,Lluvioso,18,1,4,12,33,56
2024-09-25,Miércoles,9,2024,0,0,Desayuno,7,11,Gaseosa,Bebidas,17,4.0,54.4,Delivery,Sí,Combo,20,Nublado,19,0,2,5,75,16
2024-09-25,Miércoles,9,2024,0,0,Desayuno,7,11,Pizza Familiar,Pizzas,6,32.0,192.0,Presencial,No,Ninguna,0,Nublado,19,0,2,21,17,11
2024-09-25,Miércoles,9,2024,0,0,Desayuno,7,11,Jugo Natural,Bebidas,10,6.0,60.0,Presencial,No,Ninguna,0,Nublado,19,0,2,2,37,17
2024-09-25,Miércoles,9,2024,0,0,Desayuno,7,11,Sándwich de Pollo,Sándwiches,12,11.0,112.2,Presencial,Sí,2x1,15,Nublado,19,0,2,11,17,25
2024-09-25,Miércoles,9,2024,0,0,Desayuno,7,11,Hamburguesa Clásica,Hamburguesas,10,12.0,120.0,Presencial,No,Ninguna,0,Nublado,19,0,2,10,26,18
2024-09-25,Miércoles,9,2024,0,0,Almuerzo,12,16,Salchipapa Especial,Salchipapas,23,15.0,258.75,Presencial,Sí,Combo,25,Nublado,19,0,6,11,48,37
2024-09-25,Miércoles,9,2024,0,0,Almuerzo,12,16,Pollo Broaster,Pollos,26,18.0,468.0,Delivery,No,Ninguna,0,Nublado,19,0,6,15,56,27
2024-09-25,Miércoles,9,2024,0,0,Almuerzo,12,16,Salchipapa Clásica,Salchipapas,27,10.0,270.0,Presencial,No,Ninguna,0,Nublado,19,0,6,12,34,43
2024-09-25,Miércoles,9,2024,0,0,Cena,18,22,Gaseosa,Bebidas,31,4.0,124.0,Delivery,No,Ninguna,0,Nublado,19,0,4,5,54,59
2024-09-25,Miércoles,9,2024,0,0,Cena,18,22,Hamburguesa BBQ,Hamburguesas,16,16.0,256.0,Web,No,Ninguna,0,Nublado,19,0,4,13,51,53
2024-09-25,Miércoles,9,2024,0,0,Cena,18,22,Jugo Natural,Bebidas,17,6.0,102.0,Delivery,No,Ninguna,0,Nublado,19,0,4,4,39,46
2024-09-25,Miércoles,9,2024,0,0,Cena,18,22,Alitas BBQ,Pollos,18,20.0,360.0,Delivery,No,Ninguna,0,Nublado,19,0,4,12,25,58
2024-09-26,Jueves,9,2024,0,0,Desayuno,7,11,Pizza Personal,Pizzas,10,13.0,130.0,Delivery,No,Ninguna,0,Lluvioso,16,1,2,25,42,31
2024-09-26,Jueves,9,2024,0,0,Desayuno,7,11,Hamburguesa Clásica,Hamburguesas,17,12.0,153.0,Presencial,Sí,Combo,25,Lluvioso,16,1,2,8,40,29
2024-09-26,Jueves,9,2024,0,0,Desayuno,7,11,Jugo Natural,Bebidas,13,6.0,62.4,Presencial,Sí,Combo,20,Lluvioso,16,1,2,2,53,42
2024-09-26,Jueves,9,2024,0,0,Almuerzo,12,16,Gaseosa,Bebidas,49,4.0,166.6,Delivery,Sí,Combo,15,Lluvioso,16,1,6,4,64,48
2024-09-26,Jueves,9,2024,0,0,Almuerzo,12,16,Cheeseburger,Hamburguesas,29,14.0,406.0,Delivery,No,Ninguna,0,Lluvioso,16,1,6,12,60,62
2024-09-26,Jueves,9,2024,0,0,Almuerzo,12,16,Hamburguesa Clásica,Hamburguesas,37,12.0,444.0,Presencial,No,Ninguna,0,Lluvioso,16,1,6,9,66,45
2024-09-26,Jueves,9,2024,0,0,Almuerzo,12,16,Pollo Broaster,Pollos,40,18.0,720.0,Presencial,No,Ninguna,0,Lluvioso,16,1,6,15,75,43
2024-09-26,Jueves,9,2024,0,0,Cena,18,22,Pizza Familiar,Pizzas,18,32.0,518.4,Presencial,Sí,Combo,10,Lluvioso,16,1,7,16,44,64
2024-09-26,Jueves,9,2024,0,0,Cena,18,22,Gaseosa,Bebidas,34,4.0,136.0,Delivery,No,Ninguna,0,Lluvioso,16,1,7,5,76,67
2024-09-26,Jueves,9,2024,0,0,Cena,18,22,Jugo Natural,Bebidas,21,6.0,126.0,Delivery,No,Ninguna,0,Lluvioso,16,1,7,5,50,65
2024-09-26,Jueves,9,2024,0,0,Cena,18,22,Salchipapa Especial,Salchipapas,22,15.0,330.0,Web,No,Ninguna,0,Lluvioso,16,1,7,14,30,67
2024-09-27,Viernes,9,2024,0,0,Desayuno,7,11,Sándwich de Pollo,Sándwiches,12,11.0,132.0,Presencial,No,Ninguna,0,Nublado,23,0,3,11,20,11
2024-09-27,Viernes,9,2024,0,0,Desayuno,7,11,Salchipapa Clásica,Salchipapas,10,10.0,100.0,Presencial,No,Ninguna,0,Nublado,23,0,3,8,28,18
2024-09-27,Viernes,9,2024,0,0,Desayuno,7,11,Hamburguesa Clásica,Hamburguesas,13,12.0,156.0,Presencial,No,Ninguna,0,Nublado,23,0,3,14,36,20
2024-09-27,Viernes,9,2024,0,0,Desayuno,7,11,Jugo Natural,Bebidas,14,6.0,75.6,Delivery,Sí,Combo,10,Nublado,23,0,3,5,51,22
2024-09-27,Viernes,9,2024,0,0,Almuerzo,12,16,Salchipapa Clásica,Salchipapas,23,10.0,230.0,Delivery,No,Ninguna,0,Nublado,23,0,6,14,55,27
2024-09-27,Viernes,9,2024,0,0,Almuerzo,12,16,Alitas BBQ,Pollos,30,20.0,600.0,Delivery,No,Ninguna,0,Nublado,23,0,6,16,63,35
2024-09-27,Viernes,9,2024,0,0,Almuerzo,12,16,Hamburguesa Clásica,Hamburguesas,28,12.0,336.0,Presencial,No,Ninguna,0,Nublado,23,0,6,14,51,33
2024-09-27,Viernes,9,2024,0,0,Almuerzo,12,16,Cheeseburger,Hamburguesas,21,14.0,294.0,Delivery,No,Ninguna,0,Nublado,23,0,6,14,55,38
2024-09-27,Viernes,9,2024,0,0,Almuerzo,12,16,Pollo Broaster,Pollos,40,18.0,720.0,Presencial,No,Ninguna,0,Nublado,23,0,6,19,57,45
2024-09-27,Viernes,9,2024,0,0,Cena,18,22,Pollo Broaster,Pollos,23,18.0,414.0,Delivery,No,Ninguna,0,Nublado,23,0,7,15,34,50
2024-09-27,Viernes,9,2024,0,0,Cena,18,22,Hamburguesa BBQ,Hamburguesas,29,16.0,464.0,Presencial,No,Ninguna,0,Nublado,23,0,7,9,54,51
2024-09-27,Viernes,9,2024,0,0,Cena,18,22,Gaseosa,Bebidas,48,4.0,192.0,Delivery,No,Ninguna,0,Nublado,23,0,7,5,91,50
2024-09-27,Viernes,9,2024,0,0,Cena,18,22,Salchipapa Clásica,Salchipapas,23,10.0,230.0,Delivery,No,Ninguna,0,Nublado,23,0,7,10,45,49
2024-09-27,Viernes,9,2024,0,0,Cena,18,22,Salchipapa Especial,Salchipapas,24,15.0,360.0,Delivery,No,Ninguna,0,Nublado,23,0,7,14,49,54
2024-09-28,Sábado,9,2024,1,0,Desayuno,7,11,Salchipapa Clásica,Salchipapas,12,10.0,120.0,Presencial,No,Ninguna,0,Nublado,19,0,5,9,31,18
2024-09-28,Sábado,9,2024,1,0,Desayuno,7,11,Jugo Natural,Bebidas,18,6.0,108.0,Web,No,Ninguna,0,Nublado,19,0,5,4,39,22
2024-09-28,Sábado,9,2024,1,0,Desayuno,7,11,Hamburguesa Clásica,Hamburguesas,13,12.0,156.0,Presencial,No,Ninguna,0,Nublado,19,0,5,12,29,32
2024-09-28,Sábado,9,2024,1,0,Desayuno,7,11,Cheeseburger,Hamburguesas,13,14.0,182.0,Delivery,No,Ninguna,0,Nublado,19,0,5,9,40,29
2024-09-28,Sábado,9,2024,1,0,Desayuno,7,11,Sándwich de Pollo,Sándwiches,15,11.0,165.0,Presencial,No,Ninguna,0,Nublado,19,0,5,10,28,25
2024-09-28,Sábado,9,2024,1,0,Almuerzo,12,16,Pollo Broaster,Pollos,49,18.0,882.0,Presencial,No,Ninguna,0,Nublado,19,0,7,14,61,52
2024-09-28,Sábado,9,2024,1,0,Almuerzo,12,16,Hamburguesa BBQ,Hamburguesas,26,16.0,416.0,Presencial,No,Ninguna,0,Nublado,19,0,7,12,58,42
2024-09-28,Sábado,9,2024,1,0,Almuerzo,12,16,Salchipapa Especial,Salchipapas,35,15.0,525.0,Presencial,No,Ninguna,0,Nublado,19,0,7,10,43,46
2024-09-28,Sábado,9,2024,1,0,Almuerzo,12,16,Sándwich de Pollo,Sándwiches,21,11.0,184.8,Presencial,Sí,Descuento,20,Nublado,19,0,7,8,27,58
2024-09-28,Sábado,9,2024,1,0,Almuerzo,12,16,Gaseosa,Bebidas,63,4.0,201.6,Delivery,Sí,Descuento,20,Nublado,19,0,7,4,90,53
2024-09-28,Sábado,9,2024,1,0,Cena,18,22,Salchipapa Clásica,Salchipapas,33,10.0,330.0,Presencial,No,Ninguna,0,Nublado,19,0,8,12,47,63
2024-09-28,Sábado,9,2024,1,0,Cena,18,22,Salchipapa Especial,Salchipapas,33,15.0,495.0,Delivery,No,Ninguna,0,Nublado,19,0,8,8,59,59
2024-09-28,Sábado,9,2024,1,0,Cena,18,22,Jugo Natural,Bebidas,25,6.0,150.0,Presencial,No,Ninguna,0,Nublado,19,0,8,4,41,66
2024-09-28,Sábado,9,2024,1,0,Cena,18,22,Gaseosa,Bebidas,48,4.0,192.0,Presencial,No,Ninguna,0,Nublado,19,0,8,5,74,58
2024-09-28,Sábado,9,2024,1,0,Cena,18,22,Hamburguesa Clásica,Hamburguesas,25,12.0,300.0,Web,No,Ninguna,0,Nublado,19,0,8,14,35,68
2024-09-29,Domingo,9,2024,1,0,Desayuno,7,11,Cheeseburger,Hamburguesas,8,14.0,112.0,Presencial,No,Ninguna,0,Nublado,23,0,3,11,26,26
2024-09-29,Domingo,9,2024,1,0,Desayuno,7,11,Hamburguesa BBQ,Hamburguesas,12,16.0,192.0,Presencial,No,Ninguna,0,Nublado,23,0,3,8,29,17
2024-09-29,Domingo,9,2024,1,0,Desayuno,7,11,Alitas BBQ,Pollos,12,20.0,240.0,Presencial,No,Ninguna,0,Nublado,23,0,3,20,39,27
2024-09-29,Domingo,9,2024,1,0,Desayuno,7,11,Hamburguesa Clásica,Hamburguesas,12,12.0,144.0,Web,No,Ninguna,0,Nublado,23,0,3,10,45,33
2024-09-29,Domingo,9,2024,1,0,Desayuno,7,11,Gaseosa,Bebidas,16,4.0,51.2,Presencial,Sí,Combo,20,Nublado,23,0,3,3,73,25
2024-09-29,Domingo,9,2024,1,0,Desayuno,7,11,Sándwich de Pollo,Sándwiches,10,11.0,110.0,Presencial,No,Ninguna,0,Nublado,23,0,3,7,42,21
2024-09-29,Domingo,9,2024,1,0,Almuerzo,12,16,Hamburguesa Clásica,Hamburguesas,40,12.0,480.0,Delivery,No,Ninguna,0,Nublado,23,0,6,9,60,47
2024-09-29,Domingo,9,2024,1,0,Almuerzo,12,16,Pollo Broaster,Pollos,46,18.0,828.0,Presencial,No,Ninguna,0,Nublado,23,0,6,12,53,54
2024-09-29,Domingo,9,2024,1,0,Almuerzo,12,16,Salchipapa Clásica,Salchipapas,20,10.0,200.0,Delivery,No,Ninguna,0,Nublado,23,0,6,13,29,36
2024-09-29,Domingo,9,2024,1,0,Cena,18,22,Salchipapa Clásica,Salchipapas,18,10.0,180.0,Delivery,No,Ninguna,0,Nublado,23,0,5,10,30,48
2024-09-29,Domingo,9,2024,1,0,Cena,18,22,Pollo Broaster,Pollos,39,18.0,526.5,Web,Sí,2x1,25,Nublado,23,0,5,12,72,62
2024-09-29,Domingo,9,2024,1,0,Cena,18,22,Pizza Personal,Pizzas,18,13.0,234.0,Delivery,No,Ninguna,0,Nublado,23,0,5,21,51,51
2024-09-29,Domingo,9,2024,1,0,Cena,18,22,Gaseosa,Bebidas,36,4.0,144.0,Presencial,No,Ninguna,0,Nublado,23,0,5,3,62,66
2024-09-30,Lunes,9,2024,0,0,Desayuno,7,11,Sándwich de Pollo,Sándwiches,8,11.0,88.0,Presencial,No,Ninguna,0,Lluvioso,22,1,3,6,16,27
2024-09-30,Lunes,9,2024,0,0,Desayuno,7,11,Pizza Familiar,Pizzas,5,32.0,160.0,Presencial,No,Ninguna,0,Lluvioso,22,1,3,17,38,29
2024-09-30,Lunes,9,2024,0,0,Desayuno,7,11,Salchipapa Clásica,Salchipapas,12,10.0,108.0,Delivery,Sí,Combo,10,Lluvioso,22,1,3,9,22,44
2024-09-30,Lunes,9,2024,0,0,Desayuno,7,11,Gaseosa,Bebidas,12,4.0,48.0,Presencial,No,Ninguna,0,Lluvioso,22,1,3,2,61,26
2024-09-30,Lunes,9,2024,0,0,Almuerzo,12,16,Cheeseburger,Hamburguesas,17,14.0,238.0,Web,No,Ninguna,0,Lluvioso,22,1,5,13,31,55
2024-09-30,Lunes,9,2024,0,0,Almuerzo,12,16,Alitas BBQ,Pollos,21,20.0,420.0,Web,No,Ninguna,0,Lluvioso,22,1,5,13,38,43
2024-09-30,Lunes,9,2024,0,0,Almuerzo,12,16,Hamburguesa Clásica,Hamburguesas,32,12.0,384.0,Delivery,No,Ninguna,0,Lluvioso,22,1,5,14,60,39
2024-09-30,Lunes,9,2024,0,0,Almuerzo,12,16,Gaseosa,Bebidas,31,4.0,124.0,Presencial,No,Ninguna,0,Lluvioso,22,1,5,5,62,48
2024-09-30,Lunes,9,2024,0,0,Cena,18,22,Salchipapa Especial,Salchipapas,31,15.0,372.0,Presencial,Sí,2x1,20,Lluvioso,22,1,6,12,60,74
2024-09-30,Lunes,9,2024,0,0,Cena,18,22,Hamburguesa BBQ,Hamburguesas,23,16.0,331.2,Delivery,Sí,2x1,10,Lluvioso,22,1,6,9,45,77
2024-09-30,Lunes,9,2024,0,0,Cena,18,22,Pizza Familiar,Pizzas,14,32.0,448.0,Presencial,No,Ninguna,0,Lluvioso,22,1,6,21,33,72
2024-09-30,Lunes,9,2024,0,0,Cena,18,22,Alitas BBQ,Pollos,20,20.0,400.0,Delivery,No,Ninguna,0,Lluvioso,22,1,6,16,51,51
2024-09-30,Lunes,9,2024,0,0,Cena,18,22,Pizza Personal,Pizzas,16,13.0,176.8,Web,Sí,Descuento,15,Lluvioso,22,1,6,24,35,72
2024-10-01,Martes,10,2024,0,0,Desayuno,7,11,Gaseosa,Bebidas,14,4.0,56.0,Presencial,No,Ninguna,0,Soleado,25,0,3,2,52,15
2024-10-01,Martes,10,2024,0,0,Desayuno,7,11,Sándwich de Pollo,Sándwiches,9,11.0,74.25,Presencial,Sí,Combo,25,Soleado,25,0,3,8,41,22
2024-10-01,Martes,10,2024,0,0,Desayuno,7,11,Salchipapa Clásica,Salchipapas,9,10.0,90.0,Presencial,No,Ninguna,0,Soleado,25,0,3,12,31,12
2024-10-01,Martes,10,2024,0,0,Desayuno,7,11,Salchipapa Especial,Salchipapas,14,15.0,210.0,Presencial,No,Ninguna,0,Soleado,25,0,3,11,39,24
2024-10-01,Martes,10,2024,0,0,Desayuno,7,11,Jugo Natural,Bebidas,10,6.0,60.0,Delivery,No,Ninguna,0,Soleado,25,0,3,2,53,15
2024-10-01,Martes,10,2024,0,0,Almuerzo,12,16,Hamburguesa BBQ,Hamburguesas,23,16.0,368.0,Presencial,No,Ninguna,0,Soleado,25,0,4,11,43,28
2024-10-01,Martes,10,2024,0,0,Almuerzo,12,16,Salchipapa Especial,Salchipapas,25,15.0,375.0,Presencial,No,Ninguna,0,Soleado,25,0,4,13,34,37
2024-10-01,Martes,10,2024,0,0,Almuerzo,12,16,Hamburguesa Clásica,Hamburguesas,25,12.0,300.0,Delivery,No,Ninguna,0,Soleado,25,0,4,11,57,37
2024-10-01,Martes,10,2024,0,0,Almuerzo,12,16,Alitas BBQ,Pollos,18,20.0,360.0,Presencial,No,Ninguna,0,Soleado,25,0,4,12,31,26
2024-10-01,Martes,10,2024,0,0,Almuerzo,12,16,Jugo Natural,Bebidas,19,6.0,114.0,Web,No,Ninguna,0,Soleado,25,0,4,3,62,36
2024-10-01,Martes,10,2024,0,0,Cena,18,22,Hamburguesa BBQ,Hamburguesas,18,16.0,288.0,Delivery,No,Ninguna,0,Soleado,25,0,6,12,38,60
2024-10-01,Martes,10,2024,0,0,Cena,18,22,Cheeseburger,Hamburguesas,16,14.0,224.0,Delivery,No,Ninguna,0,Soleado,25,0,6,9,40,51
2024-10-01,Martes,10,2024,0,0,Cena,18,22,Hamburguesa Clásica,Hamburguesas,27,12.0,324.0,Presencial,No,Ninguna,0,Soleado,25,0,6,13,52,46
2024-10-01,Martes,10,2024,0,0,Cena,18,22,Pizza Familiar,Pizzas,15,32.0,384.0,Delivery,Sí,Descuento,20,Soleado,25,0,6,21,26,48
2024-10-02,Miércoles,10,2024,0,0,Desayuno,7,11,Hamburguesa Clásica,Hamburguesas,10,12.0,120.0,Presencial,No,Ninguna,0,Nublado,24,0,4,9,37,20
2024-10-02,Miércoles,10,2024,0,0,Desayuno,7,11,Jugo Natural,Bebidas,10,6.0,60.0,Presencial,No,Ninguna,0,Nublado,24,0,4,5,35,12
2024-10-02,Miércoles,10,2024,0,0,Desayuno,7,11,Sándwich de Pollo,Sándwiches,7,11.0,77.0,Presencial,No,Ninguna,0,Nublado,24,0,4,8,40,14
2024-10-02,Miércoles,10,2024,0,0,Desayuno,7,11,Gaseosa,Bebidas,17,4.0,57.8,Presencial,Sí,Combo,15,Nublado,24,0,4,2,39,19
2024-10-02,Miércoles,10,2024,0,0,Desayuno,7,11,Salchipapa Clásica,Salchipapas,9,10.0,90.0,Presencial,No,Ninguna,0,Nublado,24,0,4,13,19,14
2024-10-02,Miércoles,10,2024,0,0,Almuerzo,12,16,Gaseosa,Bebidas,31,4.0,124.0,Presencial,No,Ninguna,0,Nublado,24,0,5,2,87,26
2024-10-02,Miércoles,10,2024,0,0,Almuerzo,12,16,Salchipapa Especial,Salchipapas,24,15.0,360.0,Presencial,No,Ninguna,0,Nublado,24,0,5,9,32,31
2024-10-02,Miércoles,10,2024,0,0,Almuerzo,12,16,Pizza Personal,Pizzas,15,13.0,195.0,Web,No,Ninguna,0,Nublado,24,0,5,17,44,33
2024-10-02,Miércoles,10,2024,0,0,Almuerzo,12,16,Hamburguesa BBQ,Hamburguesas,22,16.0,352.0,Delivery,No,Ninguna,0,Nublado,24,0,5,13,51,45
2024-10-02,Miércoles,10,2024,0,0,Almuerzo,12,16,Hamburguesa Clásica,Hamburguesas,27,12.0,324.0,Presencial,No,Ninguna,0,Nublado,24,0,5,11,40,32
2024-10-02,Miércoles,10,2024,0,0,Almuerzo,12,16,Jugo Natural,Bebidas,30,6.0,180.0,Delivery,No,Ninguna,0,Nublado,24,0,5,4,56,45
2024-10-02,Miércoles,10,2024,0,0,Cena,18,22,Cheeseburger,Hamburguesas,19,14.0,266.0,Delivery,No,Ninguna,0,Nublado,24,0,5,13,42,59
2024-10-02,Miércoles,10,2024,0,0,Cena,18,22,Sándwich de Pollo,Sándwiches,18,11.0,198.0,Presencial,No,Ninguna,0,Nublado,24,0,5,11,25,51
2024-10-02,Miércoles,10,2024,0,0,Cena,18,22,Hamburguesa BBQ,Hamburguesas,17,16.0,272.0,Web,No,Ninguna,0,Nublado,24,0,5,13,50,47
2024-10-02,Miércoles,10,2024,0,0,Cena,18,22,Salchipapa Especial,Salchipapas,28,15.0,420.0,Web,No,Ninguna,0,Nublado,24,0,5,12,43,50
2024-10-02,Miércoles,10,2024,0,0,Cena,18,22,Pollo Broaster,Pollos,28,18.0,504.0,Presencial,No,Ninguna,0,Nublado,24,0,5,18,42,42
2024-10-03,Jueves,10,2024,0,0,Desayuno,7,11,Gaseosa,Bebidas,17,4.0,61.2,Presencial,Sí,Descuento,10,Lluvioso,17,1,4,5,39,43
2024-10-03,Jueves,10,2024,0,0,Desayuno,7,11,Hamburguesa Clásica,Hamburguesas,11,12.0,132.0,Delivery,No,Ninguna,0,Lluvioso,17,1,4,10,35,41
2024-10-03,Jueves,10,2024,0,0,Desayuno,7,11,Pizza Personal,Pizzas,9,13.0,105.3,Delivery,Sí,Descuento,10,Lluvioso,17,1,4,15,17,51
2024-10-03,Jueves,10,2024,0,0,Desayuno,7,11,Alitas BBQ,Pollos,12,20.0,216.0,Presencial,Sí,Combo,10,Lluvioso,17,1,4,20,30,29
2024-10-03,Jueves,10,2024,0,0,Desayuno,7,11,Sándwich de Pollo,Sándwiches,9,11.0,99.0,Presencial,No,Ninguna,0,Lluvioso,17,1,4,11,36,37
2024-10-03,Jueves,10,2024,0,0,Almuerzo,12,16,Salchipapa Especial,Salchipapas,24,15.0,360.0,Presencial,No,Ninguna,0,Lluvioso,17,1,7,15,36,45
2024-10-03,Jueves,10,2024,0,0,Almuerzo,12,16,Gaseosa,Bebidas,40,4.0,160.0,Delivery,No,Ninguna,0,Lluvioso,17,1,7,4,92,43
2024-10-03,Jueves,10,2024,0,0,Almuerzo,12,16,Sándwich de Pollo,Sándwiches,25,11.0,275.0,Delivery,No,Ninguna,0,Lluvioso,17,1,7,9,40,56
2024-10-03,Jueves,10,2024,0,0,Almuerzo,12,16,Cheeseburger,Hamburguesas,22,14.0,308.0,Web,No,Ninguna,0,Lluvioso,17,1,7,9,27,51
2024-10-03,Jueves,10,2024,0,0,Almuerzo,12,16,Alitas BBQ,Pollos,28,20.0,560.0,Delivery,No,Ninguna,0,Lluvioso,17,1,7,20,60,57
2024-10-03,Jueves,10,2024,0,0,Cena,18,22,Alitas BBQ,Pollos,22,20.0,440.0,Delivery,No,Ninguna,0,Lluvioso,17,1,6,16,53,73
2024-10-03,Jueves,10,2024,0,0,Cena,18,22,Salchipapa Especial,Salchipapas,19,15.0,285.0,Web,No,Ninguna,0,Lluvioso,17,1,6,8,51,68
2024-10-03,Jueves,10,2024,0,0,Cena,18,22,Gaseosa,Bebidas,35,4.0,105.0,Delivery,Sí,Combo,25,Lluvioso,17,1,6,5,75,84
2024-10-03,Jueves,10,2024,0,0,Cena,18,22,Pizza Personal,Pizzas,22,13.0,257.4,Presencial,Sí,2x1,10,Lluvioso,17,1,6,17,48,79
2024-10-03,Jueves,10,2024,0,0,Cena,18,22,Pizza Familiar,Pizzas,14,32.0,358.4,Web,Sí,Combo,20,Lluvioso,17,1,6,24,28,63
2024-10-04,Viernes,10,2024,0,0,Desayuno,7,11,Gaseosa,Bebidas,22,4.0,88.0,Presencial,No,Ninguna,0,Soleado,28,0,2,5,63,24
2024-10-04,Viernes,10,2024,0,0,Desayuno,7,11,Sándwich de Pollo,Sándwiches,5,11.0,55.0,Presencial,No,Ninguna,0,Soleado,28,0,2,9,38,21
2024-10-04,Viernes,10,2024,0,0,Desayuno,7,11,Cheeseburger,Hamburguesas,11,14.0,154.0,Presencial,No,Ninguna,0,Soleado,28,0,2,9,21,21
2024-10-04,Viernes,10,2024,0,0,Desayuno,7,11,Jugo Natural,Bebidas,16,6.0,96.0,Presencial,No,Ninguna,0,Soleado,28,0,2,3,61,19
2024-10-04,Viernes,10,2024,0,0,Desayuno,7,11,Hamburguesa Clásica,Hamburguesas,15,12.0,180.0,Presencial,No,Ninguna,0,Soleado,28,0,2,11,30,15
2024-10-04,Viernes,10,2024,0,0,Desayuno,7,11,Salchipapa Clásica,Salchipapas,11,10.0,110.0,Presencial,No,Ninguna,0,Soleado,28,0,2,8,20,16
2024-10-04,Viernes,10,2024,0,0,Almuerzo,12,16,Hamburguesa Clásica,Hamburguesas,51,12.0,550.8,Delivery,Sí,2x1,10,Soleado,28,0,7,11,74,41
2024-10-04,Viernes,10,2024,0,0,Almuerzo,12,16,Salchipapa Clásica,Salchipapas,20,10.0,200.0,Web,No,Ninguna,0,Soleado,28,0,7,13,27,40
2024-10-04,Viernes,10,2024,0,0,Almuerzo,12,16,Salchipapa Especial,Salchipapas,35,15.0,525.0,Delivery,No,Ninguna,0,Soleado,28,0,7,11,50,31
2024-10-04,Viernes,10,2024,0,0,Cena,18,22,Pollo Broaster,Pollos,37,18.0,532.8,Delivery,Sí,Combo,20,Soleado,28,0,5,18,44,46
2024-10-04,Viernes,10,2024,0,0,Cena,18,22,Pizza Familiar,Pizzas,17,32.0,408.0,Presencial,Sí,2x1,25,Soleado,28,0,5,20,41,51
2024-10-04,Viernes,10,2024,0,0,Cena,18,22,Hamburguesa BBQ,Hamburguesas,24,16.0,384.0,Delivery,No,Ninguna,0,Soleado,28,0,5,8,51,46
2024-10-04,Viernes,10,2024,0,0,Cena,18,22,Gaseosa,Bebidas,31,4.0,124.0,Delivery,No,Ninguna,0,Soleado,28,0,5,3,49,42
2024-10-05,Sábado,10,2024,1,0,Desayuno,7,11,Sándwich de Pollo,Sándwiches,9,11.0,99.0,Presencial,No,Ninguna,0,Nublado,20,0,3,10,31,19
2024-10-05,Sábado,10,2024,1,0,Desayuno,7,11,Hamburguesa Clásica,Hamburguesas,14,12.0,151.2,Delivery,Sí,Combo,10,Nublado,20,0,3,11,34,22
2024-10-05,Sábado,10,2024,1,0,Desayuno,7,11,Jugo Natural,Bebidas,11,6.0,66.0,Presencial,No,Ninguna,0,Nublado,20,0,3,5,50,31
2024-10-05,Sábado,10,2024,1,0,Desayuno,7,11,Salchipapa Clásica,Salchipapas,14,10.0,140.0,Presencial,No,Ninguna,0,Nublado,20,0,3,9,38,27
2024-10-05,Sábado,10,2024,1,0,Almuerzo,12,16,Pizza Personal,Pizzas,25,13.0,325.0,Delivery,No,Ninguna,0,Nublado,20,0,4,18,56,36
2024-10-05,Sábado,10,2024,1,0,Almuerzo,12,16,Hamburguesa Clásica,Hamburguesas,39,12.0,397.8,Presencial,Sí,2x1,15,Nublado,20,0,4,8,53,43
2024-10-05,Sábado,10,2024,1,0,Almuerzo,12,16,Gaseosa,Bebidas,55,4.0,220.0,Presencial,No,Ninguna,0,Nublado,20,0,4,3,94,47
2024-10-05,Sábado,10,2024,1,0,Almuerzo,12,16,Alitas BBQ,Pollos,28,20.0,560.0,Delivery,No,Ninguna,0,Nublado,20,0,4,16,55,43
2024-10-05,Sábado,10,2024,1,0,Cena,18,22,Gaseosa,Bebidas,42,4.0,168.0,Web,No,Ninguna,0,Nublado,20,0,7,4,99,50
2024-10-05,Sábado,10,2024,1,0,Cena,18,22,Pizza Familiar,Pizzas,15,32.0,360.0,Delivery,Sí,2x1,25,Nublado,20,0,7,22,49,54
2024-10-05,Sábado,10,2024,1,0,Cena,18,22,Cheeseburger,Hamburguesas,34,14.0,428.4,Web,Sí,Combo,10,Nublado,20,0,7,9,53,57
2024-10-06,Domingo,10,2024,1,0,Desayuno,7,11,Gaseosa,Bebidas,23,4.0,92.0,Presencial,No,Ninguna,0,Nublado,18,0,4,4,77,29
2024-10-06,Domingo,10,2024,1,0,Desayuno,7,11,Jugo Natural,Bebidas,13,6.0,78.0,Delivery,No,Ninguna,0,Nublado,18,0,4,2,29,24
2024-10-06,Domingo,10,2024,1,0,Desayuno,7,11,Cheeseburger,Hamburguesas,12,14.0,168.0,Presencial,No,Ninguna,0,Nublado,18,0,4,11,34,26
2024-10-06,Domingo,10,2024,1,0,Desayuno,7,11,Hamburguesa BBQ,Hamburguesas,13,16.0,208.0,Delivery,No,Ninguna,0,Nublado,18,0,4,11,42,25
2024-10-06,Domingo,10,2024,1,0,Almuerzo,12,16,Cheeseburger,Hamburguesas,23,14.0,322.0,Delivery,No,Ninguna,0,Nublado,18,0,8,13,58,53
2024-10-06,Domingo,10,2024,1,0,Almuerzo,12,16,Alitas BBQ,Pollos,27,20.0,540.0,Presencial,No,Ninguna,0,Nublado,18,0,8,16,53,35
2024-10-06,Domingo,10,2024,1,0,Almuerzo,12,16,Pollo Broaster,Pollos,45,18.0,729.0,Presencial,Sí,2x1,10,Nublado,18,0,8,15,71,55
2024-10-06,Domingo,10,2024,1,0,Almuerzo,12,16,Hamburguesa BBQ,Hamburguesas,35,16.0,560.0,Delivery,No,Ninguna,0,Nublado,18,0,8,11,68,48
2024-10-06,Domingo,10,2024,1,0,Cena,18,22,Salchipapa Especial,Salchipapas,28,15.0,420.0,Web,No,Ninguna,0,Nublado,18,0,5,13,62,72
2024-10-06,Domingo,10,2024,1,0,Cena,18,22,Cheeseburger,Hamburguesas,19,14.0,239.4,Web,Sí,Combo,10,Nublado,18,0,5,11,27,66
2024-10-06,Domingo,10,2024,1,0,Cena,18,22,Alitas BBQ,Pollos,19,20.0,380.0,Delivery,No,Ninguna,0,Nublado,18,0,5,18,41,61
2024-10-06,Domingo,10,2024,1,0,Cena,18,22,Hamburguesa BBQ,Hamburguesas,20,16.0,320.0,Delivery,No,Ninguna,0,Nublado,18,0,5,11,33,53
2024-10-07,Lunes,10,2024,0,0,Desayuno,7,11,Hamburguesa BBQ,Hamburguesas,7,16.0,112.0,Presencial,No,Ninguna,0,Nublado,18,0,2,10,41,20
2024-10-07,Lunes,10,2024,0,0,Desayuno,7,11,Jugo Natural,Bebidas,9,6.0,40.5,Presencial,Sí,Combo,25,Nublado,18,0,2,4,59,24
2024-10-07,Lunes,10,2024,0,0,Desayuno,7,11,Hamburguesa Clásica,Hamburguesas,10,12.0,120.0,Presencial,No,Ninguna,0,Nublado,18,0,2,12,39,22
2024-10-07,Lunes,10,2024,0,0,Desayuno,7,11,Sándwich de Pollo,Sándwiches,5,11.0,55.0,Presencial,No,Ninguna,0,Nublado,18,0,2,7,11,23
2024-10-07,Lunes,10,2024,0,0,Almuerzo,12,16,Gaseosa,Bebidas,35,4.0,140.0,Delivery,No,Ninguna,0,Nublado,18,0,5,3,65,36
2024-10-07,Lunes,10,2024,0,0,Almuerzo,12,16,Pollo Broaster,Pollos,33,18.0,445.5,Delivery,Sí,Combo,25,Nublado,18,0,5,13,62,39
2024-10-07,Lunes,10,2024,0,0,Almuerzo,12,16,Alitas BBQ,Pollos,22,20.0,440.0,Delivery,No,Ninguna,0,Nublado,18,0,5,12,53,43
2024-10-07,Lunes,10,2024,0,0,Almuerzo,12,16,Salchipapa Clásica,Salchipapas,18,10.0,180.0,Presencial,No,Ninguna,0,Nublado,18,0,5,10,28,36
2024-10-07,Lunes,10,2024,0,0,Cena,18,22,Alitas BBQ,Pollos,18,20.0,360.0,Delivery,No,Ninguna,0,Nublado,18,0,6,20,32,51
2024-10-07,Lunes,10,2024,0,0,Cena,18,22,Pollo Broaster,Pollos,27,18.0,486.0,Delivery,No,Ninguna,0,Nublado,18,0,6,14,47,40
2024-10-07,Lunes,10,2024,0,0,Cena,18,22,Gaseosa,Bebidas,24,4.0,96.0,Delivery,No,Ninguna,0,Nublado,18,0,6,5,58,46
2024-10-07,Lunes,10,2024,0,0,Cena,18,22,Pizza Personal,Pizzas,15,13.0,195.0,Presencial,No,Ninguna,0,Nublado,18,0,6,18,45,52
2024-10-08,Martes,10,2024,0,1,Desayuno,7,11,Gaseosa,Bebidas,20,4.0,80.0,Delivery,No,Ninguna,0,Soleado,29,0,2,4,67,23
2024-10-08,Martes,10,2024,0,1,Desayuno,7,11,Hamburguesa Clásica,Hamburguesas,14,12.0,168.0,Web,No,Ninguna,0,Soleado,29,0,2,9,48,23
2024-10-08,Martes,10,2024,0,1,Desayuno,7,11,Sándwich de Pollo,Sándwiches,9,11.0,99.0,Presencial,No,Ninguna,0,Soleado,29,0,2,9,39,12
2024-10-08,Martes,10,2024,0,1,Almuerzo,12,16,Alitas BBQ,Pollos,22,20.0,440.0,Presencial,No,Ninguna,0,Soleado,29,0,7,17,27,27
2024-10-08,Martes,10,2024,0,1,Almuerzo,12,16,Hamburguesa Clásica,Hamburguesas,36,12.0,432.0,Delivery,No,Ninguna,0,Soleado,29,0,7,12,49,40
2024-10-08,Martes,10,2024,0,1,Almuerzo,12,16,Gaseosa,Bebidas,40,4.0,160.0,Delivery,No,Ninguna,0,Soleado,29,0,7,3,97,25
2024-10-08,Martes,10,2024,0,1,Almuerzo,12,16,Salchipapa Especial,Salchipapas,27,15.0,405.0,Presencial,No,Ninguna,0,Soleado,29,0,7,15,62,31
2024-10-08,Martes,10,2024,0,1,Almuerzo,12,16,Pollo Broaster,Pollos,25,18.0,450.0,Presencial,No,Ninguna,0,Soleado,29,0,7,12,56,38
2024-10-08,Martes,10,2024,0,1,Cena,18,22,Pizza Personal,Pizzas,23,13.0,224.25,Presencial,Sí,Descuento,25,Soleado,29,0,7,23,47,53
2024-10-08,Martes,10,2024,0,1,Cena,18,22,Pollo Broaster,Pollos,40,18.0,612.0,Web,Sí,Combo,15,Soleado,29,0,7,18,53,62
2024-10-08,Martes,10,2024,0,1,Cena,18,22,Alitas BBQ,Pollos,19,20.0,380.0,Delivery,No,Ninguna,0,Soleado,29,0,7,14,40,47
2024-10-08,Martes,10,2024,0,1,Cena,18,22,Gaseosa,Bebidas,46,4.0,184.0,Web,No,Ninguna,0,Soleado,29,0,7,5,67,45
2024-10-08,Martes,10,2024,0,1,Cena,18,22,Salchipapa Especial,Salchipapas,28,15.0,420.0,Delivery,No,Ninguna,0,Soleado,29,0,7,10,51,60
2024-10-09,Miércoles,10,2024,0,0,Desayuno,7,11,Jugo Natural,Bebidas,12,6.0,72.0,Delivery,No,Ninguna,0,Soleado,27,0,3,5,48,23
2024-10-09,Miércoles,10,2024,0,0,Desayuno,7,11,Hamburguesa Clásica,Hamburguesas,13,12.0,156.0,Presencial,No,Ninguna,0,Soleado,27,0,3,8,40,10
2024-10-09,Miércoles,10,2024,0,0,Desayuno,7,11,Salchipapa Clásica,Salchipapas,11,10.0,110.0,Presencial,No,Ninguna,0,Soleado,27,0,3,10,46,21
2024-10-09,Miércoles,10,2024,0,0,Desayuno,7,11,Sándwich de Pollo,Sándwiches,11,11.0,121.0,Delivery,No,Ninguna,0,Soleado,27,0,3,9,41,21
2024-10-09,Miércoles,10,2024,0,0,Desayuno,7,11,Salchipapa Especial,Salchipapas,10,15.0,120.0,Presencial,Sí,Combo,20,Soleado,27,0,3,13,36,15
2024-10-09,Miércoles,10,2024,0,0,Almuerzo,12,16,Pollo Broaster,Pollos,38,18.0,684.0,Presencial,No,Ninguna,0,Soleado,27,0,7,15,60,29
2024-10-09,Miércoles,10,2024,0,0,Almuerzo,12,16,Salchipapa Clásica,Salchipapas,23,10.0,230.0,Web,No,Ninguna,0,Soleado,27,0,7,15,41,28
2024-10-09,Miércoles,10,2024,0,0,Almuerzo,12,16,Hamburguesa BBQ,Hamburguesas,13,16.0,208.0,Presencial,No,Ninguna,0,Soleado,27,0,7,12,25,39
2024-10-09,Miércoles,10,2024,0,0,Almuerzo,12,16,Pizza Familiar,Pizzas,15,32.0,480.0,Presencial,No,Ninguna,0,Soleado,27,0,7,16,38,37
2024-10-09,Miércoles,10,2024,0,0,Cena,18,22,Pizza Familiar,Pizzas,12,32.0,384.0,Delivery,No,Ninguna,0,Soleado,27,0,5,22,23,55
2024-10-09,Miércoles,10,2024,0,0,Cena,18,22,Salchipapa Especial,Salchipapas,21,15.0,315.0,Presencial,No,Ninguna,0,Soleado,27,0,5,15,49,42
2024-10-09,Miércoles,10,2024,0,0,Cena,18,22,Salchipapa Clásica,Salchipapas,23,10.0,230.0,Delivery,No,Ninguna,0,Soleado,27,0,5,14,45,62
2024-10-09,Miércoles,10,2024,0,0,Cena,18,22,Gaseosa,Bebidas,37,4.0,118.4,Presencial,Sí,Descuento,20,Soleado,27,0,5,5,60,48
2024-10-09,Miércoles,10,2024,0,0,Cena,18,22,Pollo Broaster,Pollos,30,18.0,540.0,Web,No,Ninguna,0,Soleado,27,0,5,16,35,55
2024-10-10,Jueves,10,2024,0,0,Desayuno,7,11,Sándwich de Pollo,Sándwiches,10,11.0,99.0,Presencial,Sí,Combo,10,Nublado,24,0,2,9,29,16
2024-10-10,Jueves,10,2024,0,0,Desayuno,7,11,Gaseosa,Bebidas,17,4.0,68.0,Presencial,No,Ninguna,0,Nublado,24,0,2,5,68,17
2024-10-10,Jueves,10,2024,0,0,Desayuno,7,11,Hamburguesa BBQ,Hamburguesas,8,16.0,128.0,Presencial,No,Ninguna,0,Nublado,24,0,2,12,29,11
2024-10-10,Jueves,10,2024,0,0,Desayuno,7,11,Salchipapa Clásica,Salchipapas,10,10.0,100.0,Presencial,No,Ninguna,0,Nublado,24,0,2,11,45,22
2024-10-10,Jueves,10,2024,0,0,Almuerzo,12,16,Salchipapa Especial,Salchipapas,37,15.0,555.0,Presencial,No,Ninguna,0,Nublado,24,0,6,11,66,30
2024-10-10,Jueves,10,2024,0,0,Almuerzo,12,16,Jugo Natural,Bebidas,24,6.0,144.0,Delivery,No,Ninguna,0,Nublado,24,0,6,3,59,34
2024-10-10,Jueves,10,2024,0,0,Almuerzo,12,16,Salchipapa Clásica,Salchipapas,28,10.0,280.0,Delivery,No,Ninguna,0,Nublado,24,0,6,10,40,44
2024-10-10,Jueves,10,2024,0,0,Cena,18,22,Hamburguesa Clásica,Hamburguesas,25,12.0,300.0,Delivery,No,Ninguna,0,Nublado,24,0,7,10,39,63
2024-10-10,Jueves,10,2024,0,0,Cena,18,22,Gaseosa,Bebidas,32,4.0,128.0,Presencial,No,Ninguna,0,Nublado,24,0,7,5,62,60
2024-10-10,Jueves,10,2024,0,0,Cena,18,22,Sándwich de Pollo,Sándwiches,13,11.0,143.0,Delivery,No,Ninguna,0,Nublado,24,0,7,11,44,64
2024-10-10,Jueves,10,2024,0,0,Cena,18,22,Pollo Broaster,Pollos,32,18.0,576.0,Presencial,No,Ninguna,0,Nublado,24,0,7,14,65,40
2024-10-10,Jueves,10,2024,0,0,Cena,18,22,Alitas BBQ,Pollos,20,20.0,320.0,Delivery,Sí,Combo,20,Nublado,24,0,7,13,27,59
2024-10-11,Viernes,10,2024,0,0,Desayuno,7,11,Jugo Natural,Bebidas,13,6.0,78.0,Presencial,No,Ninguna,0,Nublado,22,0,2,5,45,14
2024-10-11,Viernes,10,2024,0,0,Desayuno,7,11,Salchipapa Clásica,Salchipapas,14,10.0,119.0,Delivery,Sí,2x1,15,Nublado,22,0,2,9,38,24
2024-10-11,Viernes,10,2024,0,0,Desayuno,7,11,Gaseosa,Bebidas,19,4.0,76.0,Presencial,No,Ninguna,0,Nublado,22,0,2,3,58,15
2024-10-11,Viernes,10,2024,0,0,Desayuno,7,11,Cheeseburger,Hamburguesas,11,14.0,154.0,Presencial,No,Ninguna,0,Nublado,22,0,2,14,29,24
2024-10-11,Viernes,10,2024,0,0,Almuerzo,12,16,Hamburguesa Clásica,Hamburguesas,21,12.0,252.0,Presencial,No,Ninguna,0,Nublado,22,0,5,14,42,30
2024-10-11,Viernes,10,2024,0,0,Almuerzo,12,16,Gaseosa,Bebidas,35,4.0,140.0,Presencial,No,Ninguna,0,Nublado,22,0,5,2,95,35
2024-10-11,Viernes,10,2024,0,0,Almuerzo,12,16,Alitas BBQ,Pollos,39,20.0,702.0,Presencial,Sí,2x1,10,Nublado,22,0,5,15,69,36
2024-10-11,Viernes,10,2024,0,0,Almuerzo,12,16,Salchipapa Especial,Salchipapas,31,15.0,465.0,Presencial,No,Ninguna,0,Nublado,22,0,5,14,51,36
2024-10-11,Viernes,10,2024,0,0,Cena,18,22,Gaseosa,Bebidas,31,4.0,124.0,Delivery,No,Ninguna,0,Nublado,22,0,8,2,57,56
2024-10-11,Viernes,10,2024,0,0,Cena,18,22,Pizza Familiar,Pizzas,15,32.0,480.0,Delivery,No,Ninguna,0,Nublado,22,0,8,25,29,50
2024-10-11,Viernes,10,2024,0,0,Cena,18,22,Salchipapa Especial,Salchipapas,38,15.0,570.0,Delivery,No,Ninguna,0,Nublado,22,0,8,10,50,51
2024-10-11,Viernes,10,2024,0,0,Cena,18,22,Salchipapa Clásica,Salchipapas,26,10.0,260.0,Presencial,No,Ninguna,0,Nublado,22,0,8,13,33,51
2024-10-11,Viernes,10,2024,0,0,Cena,18,22,Sándwich de Pollo,Sándwiches,21,11.0,231.0,Delivery,No,Ninguna,0,Nublado,22,0,8,10,43,50
2024-10-11,Viernes,10,2024,0,0,Cena,18,22,Hamburguesa BBQ,Hamburguesas,34,16.0,462.4,Delivery,Sí,2x1,15,Nublado,22,0,8,11,42,55
2024-10-12,Sábado,10,2024,1,0,Desayuno,7,11,Hamburguesa Clásica,Hamburguesas,14,12.0,168.0,Presencial,No,Ninguna,0,Nublado,23,0,4,14,46,20
2024-10-12,Sábado,10,2024,1,0,Desayuno,7,11,Cheeseburger,Hamburguesas,8,14.0,112.0,Presencial,No,Ninguna,0,Nublado,23,0,4,9,36,31
2024-10-12,Sábado,10,2024,1,0,Desayuno,7,11,Gaseosa,Bebidas,21,4.0,84.0,Presencial,No,Ninguna,0,Nublado,23,0,4,3,44,22
2024-10-12,Sábado,10,2024,1,0,Desayuno,7,11,Alitas BBQ,Pollos,16,20.0,320.0,Delivery,No,Ninguna,0,Nublado,23,0,4,17,28,20
2024-10-12,Sábado,10,2024,1,0,Desayuno,7,11,Jugo Natural,Bebidas,15,6.0,90.0,Presencial,No,Ninguna,0,Nublado,23,0,4,4,53,28
2024-10-12,Sábado,10,2024,1,0,Almuerzo,12,16,Pizza Personal,Pizzas,22,13.0,286.0,Web,No,Ninguna,0,Nublado,23,0,5,18,55,29
2024-10-12,Sábado,10,2024,1,0,Almuerzo,12,16,Salchipapa Clásica,Salchipapas,21,10.0,210.0,Presencial,No,Ninguna,0,Nublado,23,0,5,8,35,46
2024-10-12,Sábado,10,2024,1,0,Almuerzo,12,16,Hamburguesa Clásica,Hamburguesas,43,12.0,516.0,Delivery,No,Ninguna,0,Nublado,23,0,5,8,61,53
2024-10-12,Sábado,10,2024,1,0,Almuerzo,12,16,Sándwich de Pollo,Sándwiches,27,11.0,297.0,Delivery,No,Ninguna,0,Nublado,23,0,5,7,56,49
2024-10-12,Sábado,10,2024,1,0,Cena,18,22,Alitas BBQ,Pollos,23,20.0,460.0,Delivery,No,Ninguna,0,Nublado,23,0,7,20,54,65
2024-10-12,Sábado,10,2024,1,0,Cena,18,22,Gaseosa,Bebidas,48,4.0,192.0,Presencial,No,Ninguna,0,Nublado,23,0,7,5,74,62
2024-10-12,Sábado,10,2024,1,0,Cena,18,22,Hamburguesa BBQ,Hamburguesas,12,16.0,192.0,Delivery,No,Ninguna,0,Nublado,23,0,7,13,23,74
2024-10-12,Sábado,10,2024,1,0,Cena,18,22,Hamburguesa Clásica,Hamburguesas,30,12.0,360.0,Presencial,No,Ninguna,0,Nublado,23,0,7,9,58,49
2024-10-12,Sábado,10,2024,1,0,Cena,18,22,Jugo Natural,Bebidas,23,6.0,138.0,Delivery,No,Ninguna,0,Nublado,23,0,7,5,57,52
2024-10-13,Domingo,10,2024,1,0,Desayuno,7,11,Jugo Natural,Bebidas,9,6.0,54.0,Web,No,Ninguna,0,Nublado,22,0,3,5,51,27
2024-10-13,Domingo,10,2024,1,0,Desayuno,7,11,Pollo Broaster,Pollos,20,18.0,306.0,Presencial,Sí,Descuento,15,Nublado,22,0,3,18,29,32
2024-10-13,Domingo,10,2024,1,0,Desayuno,7,11,Gaseosa,Bebidas,24,4.0,86.4,Presencial,Sí,2x1,10,Nublado,22,0,3,5,65,24
2024-10-13,Domingo,10,2024,1,0,Desayuno,7,11,Cheeseburger,Hamburguesas,12,14.0,168.0,Delivery,No,Ninguna,0,Nublado,22,0,3,12,17,16
2024-10-13,Domingo,10,2024,1,0,Desayuno,7,11,Hamburguesa Clásica,Hamburguesas,12,12.0,144.0,Presencial,No,Ninguna,0,Nublado,22,0,3,13,36,30
2024-10-13,Domingo,10,2024,1,0,Almuerzo,12,16,Alitas BBQ,Pollos,29,20.0,435.0,Delivery,Sí,Combo,25,Nublado,22,0,7,15,61,58
2024-10-13,Domingo,10,2024,1,0,Almuerzo,12,16,Salchipapa Especial,Salchipapas,39,15.0,585.0,Presencial,No,Ninguna,0,Nublado,22,0,7,13,52,34
2024-10-13,Domingo,10,2024,1,0,Almuerzo,12,16,Pizza Personal,Pizzas,27,13.0,351.0,Presencial,No,Ninguna,0,Nublado,22,0,7,24,48,32
2024-10-13,Domingo,10,2024,1,0,Cena,18,22,Hamburguesa BBQ,Hamburguesas,20,16.0,320.0,Delivery,No,Ninguna,0,Nublado,22,0,5,9,49,49
2024-10-13,Domingo,10,2024,1,0,Cena,18,22,Hamburguesa Clásica,Hamburguesas,20,12.0,192.0,Delivery,Sí,Descuento,20,Nublado,22,0,5,9,43,70
2024-10-13,Domingo,10,2024,1,0,Cena,18,22,Pizza Familiar,Pizzas,19,32.0,608.0,Presencial,No,Ninguna,0,Nublado,22,0,5,17,24,66
2024-10-13,Domingo,10,2024,1,0,Cena,18,22,Salchipapa Especial,Salchipapas,32,15.0,480.0,Web,No,Ninguna,0,Nublado,22,0,5,13,41,53
2024-10-14,Lunes,10,2024,0,0,Desayuno,7,11,Gaseosa,Bebidas,10,4.0,40.0,Presencial,No,Ninguna,0,Soleado,30,0,2,4,63,11
2024-10-14,Lunes,10,2024,0,0,Desayuno,7,11,Sándwich de Pollo,Sándwiches,7,11.0,61.6,Presencial,Sí,Descuento,20,Soleado,30,0,2,7,27,19
2024-10-14,Lunes,10,2024,0,0,Desayuno,7,11,Hamburguesa BBQ,Hamburguesas,9,16.0,144.0,Delivery,No,Ninguna,0,Soleado,30,0,2,9,30,22
2024-10-14,Lunes,10,2024,0,0,Desayuno,7,11,Cheeseburger,Hamburguesas,7,14.0,98.0,Presencial,No,Ninguna,0,Soleado,30,0,2,10,18,19
2024-10-14,Lunes,10,2024,0,0,Desayuno,7,11,Jugo Natural,Bebidas,11,6.0,66.0,Presencial,No,Ninguna,0,Soleado,30,0,2,2,38,18
2024-10-14,Lunes,10,2024,0,0,Desayuno,7,11,Salchipapa Clásica,Salchipapas,11,10.0,110.0,Presencial,No,Ninguna,0,Soleado,30,0,2,12,33,10
2024-10-14,Lunes,10,2024,0,0,Almuerzo,12,16,Hamburguesa Clásica,Hamburguesas,19,12.0,228.0,Delivery,No,Ninguna,0,Soleado,30,0,4,14,39,26
2024-10-14,Lunes,10,2024,0,0,Almuerzo,12,16,Pollo Broaster,Pollos,33,18.0,594.0,Delivery,No,Ninguna,0,Soleado,30,0,4,14,67,35
2024-10-14,Lunes,10,2024,0,0,Almuerzo,12,16,Cheeseburger,Hamburguesas,16,14.0,224.0,Presencial,No,Ninguna,0,Soleado,30,0,4,12,43,40
2024-10-14,Lunes,10,2024,0,0,Almuerzo,12,16,Hamburguesa BBQ,Hamburguesas,18,16.0,288.0,Delivery,No,Ninguna,0,Soleado,30,0,4,10,50,28
2024-10-14,Lunes,10,2024,0,0,Cena,18,22,Pizza Familiar,Pizzas,13,32.0,416.0,Delivery,No,Ninguna,0,Soleado,30,0,6,18,33,56
2024-10-14,Lunes,10,2024,0,0,Cena,18,22,Hamburguesa Clásica,Hamburguesas,10,12.0,120.0,Delivery,No,Ninguna,0,Soleado,30,0,6,11,19,48
2024-10-14,Lunes,10,2024,0,0,Cena,18,22,Alitas BBQ,Pollos,20,20.0,400.0,Delivery,No,Ninguna,0,Soleado,30,0,6,14,25,52
2024-10-14,Lunes,10,2024,0,0,Cena,18,22,Gaseosa,Bebidas,27,4.0,108.0,Presencial,No,Ninguna,0,Soleado,30,0,6,3,64,57
2024-10-14,Lunes,10,2024,0,0,Cena,18,22,Salchipapa Clásica,Salchipapas,20,10.0,200.0,Delivery,No,Ninguna,0,Soleado,30,0,6,12,25,44
2024-10-15,Martes,10,2024,0,0,Desayuno,7,11,Sándwich de Pollo,Sándwiches,7,11.0,77.0,Presencial,No,Ninguna,0,Soleado,26,0,3,6,18,23
2024-10-15,Martes,10,2024,0,0,Desayuno,7,11,Jugo Natural,Bebidas,8,6.0,48.0,Presencial,No,Ninguna,0,Soleado,26,0,3,5,43,13
2024-10-15,Martes,10,2024,0,0,Desayuno,7,11,Cheeseburger,Hamburguesas,7,14.0,98.0,Presencial,No,Ninguna,0,Soleado,26,0,3,10,17,12
2024-10-15,Martes,10,2024,0,0,Desayuno,7,11,Hamburguesa BBQ,Hamburguesas,7,16.0,112.0,Presencial,No,Ninguna,0,Soleado,26,0,3,12,36,17
2024-10-15,Martes,10,2024,0,0,Desayuno,7,11,Gaseosa,Bebidas,9,4.0,36.0,Presencial,No,Ninguna,0,Soleado,26,0,3,5,26,17
2024-10-15,Martes,10,2024,0,0,Almuerzo,12,16,Salchipapa Clásica,Salchipapas,13,10.0,130.0,Presencial,No,Ninguna,0,Soleado,26,0,5,15,44,25
2024-10-15,Martes,10,2024,0,0,Almuerzo,12,16,Salchipapa Especial,Salchipapas,22,15.0,330.0,Web,No,Ninguna,0,Soleado,26,0,5,15,54,39
2024-10-15,Martes,10,2024,0,0,Almuerzo,12,16,Pollo Broaster,Pollos,40,18.0,720.0,Delivery,No,Ninguna,0,Soleado,26,0,5,13,64,33
2024-10-15,Martes,10,2024,0,0,Almuerzo,12,16,Pizza Personal,Pizzas,15,13.0,195.0,Web,No,Ninguna,0,Soleado,26,0,5,22,27,37
2024-10-15,Martes,10,2024,0,0,Almuerzo,12,16,Sándwich de Pollo,Sándwiches,17,11.0,187.0,Delivery,No,Ninguna,0,Soleado,26,0,5,9,39,28
2024-10-15,Martes,10,2024,0,0,Cena,18,22,Hamburguesa Clásica,Hamburguesas,31,12.0,372.0,Delivery,No,Ninguna,0,Soleado,26,0,7,8,51,50
2024-10-15,Martes,10,2024,0,0,Cena,18,22,Pizza Familiar,Pizzas,15,32.0,480.0,Web,No,Ninguna,0,Soleado,26,0,7,23,34,45
2024-10-15,Martes,10,2024,0,0,Cena,18,22,Hamburguesa BBQ,Hamburguesas,18,16.0,288.0,Presencial,No,Ninguna,0,Soleado,26,0,7,10,39,65
2024-10-15,Martes,10,2024,0,0,Cena,18,22,Salchipapa Clásica,Salchipapas,17,10.0,170.0,Delivery,No,Ninguna,0,Soleado,26,0,7,8,30,47
2024-10-15,Martes,10,2024,0,0,Cena,18,22,Pollo Broaster,Pollos,29,18.0,522.0,Delivery,No,Ninguna,0,Soleado,26,0,7,19,63,50
2024-10-15,Martes,10,2024,0,0,Cena,18,22,Cheeseburger,Hamburguesas,21,14.0,294.0,Presencial,No,Ninguna,0,Soleado,26,0,7,12,52,44
2024-10-16,Miércoles,10,2024,0,0,Desayuno,7,11,Gaseosa,Bebidas,16,4.0,64.0,Presencial,No,Ninguna,0,Soleado,25,0,4,4,37,15
2024-10-16,Miércoles,10,2024,0,0,Desayuno,7,11,Sándwich de Pollo,Sándwiches,8,11.0,88.0,Presencial,No,Ninguna,0,Soleado,25,0,4,8,19,21
2024-10-16,Miércoles,10,2024,0,0,Desayuno,7,11,Pollo Broaster,Pollos,15,18.0,270.0,Presencial,No,Ninguna,0,Soleado,25,0,4,18,26,17
2024-10-16,Miércoles,10,2024,0,0,Desayuno,7,11,Salchipapa Clásica,Salchipapas,9,10.0,90.0,Presencial,No,Ninguna,0,Soleado,25,0,4,15,40,20
2024-10-16,Miércoles,10,2024,0,0,Desayuno,7,11,Cheeseburger,Hamburguesas,11,14.0,123.2,Presencial,Sí,Descuento,20,Soleado,25,0,4,10,16,24
2024-10-16,Miércoles,10,2024,0,0,Almuerzo,12,16,Cheeseburger,Hamburguesas,22,14.0,308.0,Presencial,No,Ninguna,0,Soleado,25,0,6,13,40,29
2024-10-16,Miércoles,10,2024,0,0,Almuerzo,12,16,Hamburguesa Clásica,Hamburguesas,29,12.0,348.0,Presencial,No,Ninguna,0,Soleado,25,0,6,9,39,26
2024-10-16,Miércoles,10,2024,0,0,Almuerzo,12,16,Pizza Personal,Pizzas,13,13.0,169.0,Delivery,No,Ninguna,0,Soleado,25,0,6,17,32,41
2024-10-16,Miércoles,10,2024,0,0,Cena,18,22,Hamburguesa Clásica,Hamburguesas,23,12.0,207.0,Web,Sí,Descuento,25,Soleado,25,0,6,10,36,65
2024-10-16,Miércoles,10,2024,0,0,Cena,18,22,Pollo Broaster,Pollos,31,18.0,558.0,Delivery,No,Ninguna,0,Soleado,25,0,6,12,61,51
2024-10-16,Miércoles,10,2024,0,0,Cena,18,22,Gaseosa,Bebidas,26,4.0,104.0,Delivery,No,Ninguna,0,Soleado,25,0,6,5,41,65
2024-10-16,Miércoles,10,2024,0,0,Cena,18,22,Salchipapa Especial,Salchipapas,20,15.0,300.0,Delivery,No,Ninguna,0,Soleado,25,0,6,8,26,43
2024-10-16,Miércoles,10,2024,0,0,Cena,18,22,Salchipapa Clásica,Salchipapas,19,10.0,190.0,Web,No,Ninguna,0,Soleado,25,0,6,15,38,46
2024-10-16,Miércoles,10,2024,0,0,Cena,18,22,Alitas BBQ,Pollos,16,20.0,320.0,Web,No,Ninguna,0,Soleado,25,0,6,19,24,55
2024-10-17,Jueves,10,2024,0,0,Desayuno,7,11,Jugo Natural,Bebidas,8,6.0,48.0,Presencial,No,Ninguna,0,Nublado,19,0,3,2,54,10
2024-10-17,Jueves,10,2024,0,0,Desayuno,7,11,Gaseosa,Bebidas,18,4.0,72.0,Presencial,No,Ninguna,0,Nublado,19,0,3,3,55,23
2024-10-17,Jueves,10,2024,0,0,Desayuno,7,11,Hamburguesa BBQ,Hamburguesas,6,16.0,96.0,Presencial,No,Ninguna,0,Nublado,19,0,3,11,19,12
2024-10-17,Jueves,10,2024,0,0,Desayuno,7,11,Sándwich de Pollo,Sándwiches,7,11.0,77.0,Presencial,No,Ninguna,0,Nublado,19,0,3,12,26,14
2024-10-17,Jueves,10,2024,0,0,Desayuno,7,11,Pizza Familiar,Pizzas,7,32.0,224.0,Web,No,Ninguna,0,Nublado,19,0,3,16,22,15
2024-10-17,Jueves,10,2024,0,0,Almuerzo,12,16,Cheeseburger,Hamburguesas,25,14.0,262.5,Delivery,Sí,2x1,25,Nublado,19,0,6,11,40,34
2024-10-17,Jueves,10,2024,0,0,Almuerzo,12,16,Pollo Broaster,Pollos,36,18.0,648.0,Presencial,No,Ninguna,0,Nublado,19,0,6,14,61,25
2024-10-17,Jueves,10,2024,0,0,Almuerzo,12,16,Pizza Personal,Pizzas,17,13.0,221.0,Delivery,No,Ninguna,0,Nublado,19,0,6,18,32,28
2024-10-17,Jueves,10,2024,0,0,Almuerzo,12,16,Gaseosa,Bebidas,36,4.0,144.0,Web,No,Ninguna,0,Nublado,19,0,6,2,80,30
2024-10-17,Jueves,10,2024,0,0,Almuerzo,12,16,Hamburguesa Clásica,Hamburguesas,32,12.0,384.0,Presencial,No,Ninguna,0,Nublado,19,0,6,12,38,25
2024-10-17,Jueves,10,2024,0,0,Cena,18,22,Salchipapa Especial,Salchipapas,22,15.0,330.0,Delivery,No,Ninguna,0,Nublado,19,0,8,13,30,51
2024-10-17,Jueves,10,2024,0,0,Cena,18,22,Hamburguesa BBQ,Hamburguesas,17,16.0,217.6,Web,Sí,Combo,20,Nublado,19,0,8,11,50,65
2024-10-17,Jueves,10,2024,0,0,Cena,18,22,Pollo Broaster,Pollos,33,18.0,594.0,Presencial,No,Ninguna,0,Nublado,19,0,8,20,56,49
2024-10-17,Jueves,10,2024,0,0,Cena,18,22,Cheeseburger,Hamburguesas,16,14.0,224.0,Web,No,Ninguna,0,Nublado,19,0,8,9,48,45
2024-10-17,Jueves,10,2024,0,0,Cena,18,22,Gaseosa,Bebidas,29,4.0,116.0,Delivery,No,Ninguna,0,Nublado,19,0,8,4,49,50
2024-10-17,Jueves,10,2024,0,0,Cena,18,22,Hamburguesa Clásica,Hamburguesas,29,12.0,348.0,Web,No,Ninguna,0,Nublado,19,0,8,10,36,64
2024-10-18,Viernes,10,2024,0,0,Desayuno,7,11,Gaseosa,Bebidas,19,4.0,76.0,Delivery,No,Ninguna,0,Lluvioso,17,1,2,2,73,30
2024-10-18,Viernes,10,2024,0,0,Desayuno,7,11,Cheeseburger,Hamburguesas,13,14.0,182.0,Presencial,No,Ninguna,0,Lluvioso,17,1,2,8,30,35
2024-10-18,Viernes,10,2024,0,0,Desayuno,7,11,Sándwich de Pollo,Sándwiches,10,11.0,110.0,Presencial,No,Ninguna,0,Lluvioso,17,1,2,7,40,33
2024-10-18,Viernes,10,2024,0,0,Desayuno,7,11,Pollo Broaster,Pollos,18,18.0,324.0,Presencial,No,Ninguna,0,Lluvioso,17,1,2,12,26,35
2024-10-18,Viernes,10,2024,0,0,Almuerzo,12,16,Cheeseburger,Hamburguesas,23,14.0,257.6,Delivery,Sí,Descuento,20,Lluvioso,17,1,6,14,48,57
2024-10-18,Viernes,10,2024,0,0,Almuerzo,12,16,Hamburguesa Clásica,Hamburguesas,34,12.0,408.0,Web,No,Ninguna,0,Lluvioso,17,1,6,12,46,40
2024-10-18,Viernes,10,2024,0,0,Almuerzo,12,16,Alitas BBQ,Pollos,35,20.0,630.0,Web,Sí,Combo,10,Lluvioso,17,1,6,20,41,59
2024-10-18,Viernes,10,2024,0,0,Almuerzo,12,16,Pollo Broaster,Pollos,24,18.0,432.0,Presencial,No,Ninguna,0,Lluvioso,17,1,6,17,30,43
2024-10-18,Viernes,10,2024,0,0,Cena,18,22,Hamburguesa Clásica,Hamburguesas,37,12.0,444.0,Delivery,No,Ninguna,0,Lluvioso,17,1,5,12,60,78
2024-10-18,Viernes,10,2024,0,0,Cena,18,22,Gaseosa,Bebidas,53,4.0,190.8,Delivery,Sí,Combo,10,Lluvioso,17,1,5,5,69,79
2024-10-18,Viernes,10,2024,0,0,Cena,18,22,Salchipapa Clásica,Salchipapas,30,10.0,300.0,Delivery,No,Ninguna,0,Lluvioso,17,1,5,14,65,71
2024-10-18,Viernes,10,2024,0,0,Cena,18,22,Pollo Broaster,Pollos,40,18.0,720.0,Delivery,No,Ninguna,0,Lluvioso,17,1,5,20,72,67
2024-10-18,Viernes,10,2024,0,0,Cena,18,22,Sándwich de Pollo,Sándwiches,24,11.0,264.0,Presencial,No,Ninguna,0,Lluvioso,17,1,5,10,55,76
2024-10-19,Sábado,10,2024,1,0,Desayuno,7,11,Hamburguesa BBQ,Hamburguesas,13,16.0,208.0,Presencial,No,Ninguna,0,Nublado,24,0,3,13,29,18
2024-10-19,Sábado,10,2024,1,0,Desayuno,7,11,Cheeseburger,Hamburguesas,8,14.0,112.0,Presencial,No,Ninguna,0,Nublado,24,0,3,12,33,23
2024-10-19,Sábado,10,2024,1,0,Desayuno,7,11,Gaseosa,Bebidas,26,4.0,83.2,Delivery,Sí,Combo,20,Nublado,24,0,3,4,82,20
2024-10-19,Sábado,10,2024,1,0,Desayuno,7,11,Salchipapa Clásica,Salchipapas,15,10.0,135.0,Delivery,Sí,Combo,10,Nublado,24,0,3,10,44,34
2024-10-19,Sábado,10,2024,1,0,Almuerzo,12,16,Hamburguesa Clásica,Hamburguesas,49,12.0,588.0,Presencial,No,Ninguna,0,Nublado,24,0,7,12,65,33
2024-10-19,Sábado,10,2024,1,0,Almuerzo,12,16,Salchipapa Clásica,Salchipapas,30,10.0,300.0,Presencial,No,Ninguna,0,Nublado,24,0,7,8,57,43
2024-10-19,Sábado,10,2024,1,0,Almuerzo,12,16,Pollo Broaster,Pollos,44,18.0,792.0,Delivery,No,Ninguna,0,Nublado,24,0,7,16,75,46
2024-10-19,Sábado,10,2024,1,0,Cena,18,22,Gaseosa,Bebidas,37,4.0,148.0,Delivery,No,Ninguna,0,Nublado,24,0,8,3,75,47
2024-10-19,Sábado,10,2024,1,0,Cena,18,22,Salchipapa Especial,Salchipapas,39,15.0,585.0,Web,No,Ninguna,0,Nublado,24,0,8,10,48,66
2024-10-19,Sábado,10,2024,1,0,Cena,18,22,Pollo Broaster,Pollos,32,18.0,518.4,Delivery,Sí,2x1,10,Nublado,24,0,8,17,67,75
2024-10-20,Domingo,10,2024,1,0,Desayuno,7,11,Salchipapa Clásica,Salchipapas,8,10.0,72.0,Presencial,Sí,2x1,10,Soleado,30,0,2,10,36,20
2024-10-20,Domingo,10,2024,1,0,Desayuno,7,11,Hamburguesa Clásica,Hamburguesas,18,12.0,216.0,Presencial,No,Ninguna,0,Soleado,30,0,2,10,26,25
2024-10-20,Domingo,10,2024,1,0,Desayuno,7,11,Sándwich de Pollo,Sándwiches,9,11.0,99.0,Presencial,No,Ninguna,0,Soleado,30,0,2,11,17,28
2024-10-20,Domingo,10,2024,1,0,Desayuno,7,11,Alitas BBQ,Pollos,11,20.0,220.0,Presencial,No,Ninguna,0,Soleado,30,0,2,12,44,33
2024-10-20,Domingo,10,2024,1,0,Desayuno,7,11,Cheeseburger,Hamburguesas,10,14.0,140.0,Presencial,No,Ninguna,0,Soleado,30,0,2,14,16,34
2024-10-20,Domingo,10,2024,1,0,Almuerzo,12,16,Pollo Broaster,Pollos,52,18.0,936.0,Presencial,No,Ninguna,0,Soleado,30,0,6,19,72,47
2024-10-20,Domingo,10,2024,1,0,Almuerzo,12,16,Cheeseburger,Hamburguesas,27,14.0,378.0,Presencial,No,Ninguna,0,Soleado,30,0,6,9,42,54
2024-10-20,Domingo,10,2024,1,0,Almuerzo,12,16,Hamburguesa Clásica,Hamburguesas,30,12.0,360.0,Presencial,No,Ninguna,0,Soleado,30,0,6,14,50,40
2024-10-20,Domingo,10,2024,1,0,Almuerzo,12,16,Salchipapa Especial,Salchipapas,30,15.0,450.0,Presencial,No,Ninguna,0,Soleado,30,0,6,8,40,37
2024-10-20,Domingo,10,2024,1,0,Almuerzo,12,16,Gaseosa,Bebidas,41,4.0,164.0,Web,No,Ninguna,0,Soleado,30,0,6,4,89,49
2024-10-20,Domingo,10,2024,1,0,Cena,18,22,Sándwich de Pollo,Sándwiches,22,11.0,242.0,Delivery,No,Ninguna,0,Soleado,30,0,9,12,52,64
2024-10-20,Domingo,10,2024,1,0,Cena,18,22,Hamburguesa BBQ,Hamburguesas,20,16.0,256.0,Delivery,Sí,Descuento,20,Soleado,30,0,9,14,44,67
2024-10-20,Domingo,10,2024,1,0,Cena,18,22,Salchipapa Especial,Salchipapas,26,15.0,390.0,Presencial,No,Ninguna,0,Soleado,30,0,9,11,52,71
2024-10-20,Domingo,10,2024,1,0,Cena,18,22,Gaseosa,Bebidas,42,4.0,168.0,Presencial,No,Ninguna,0,Soleado,30,0,9,4,76,62
2024-10-21,Lunes,10,2024,0,0,Desayuno,7,11,Cheeseburger,Hamburguesas,8,14.0,112.0,Presencial,No,Ninguna,0,Nublado,24,0,4,14,31,24
2024-10-21,Lunes,10,2024,0,0,Desayuno,7,11,Gaseosa,Bebidas,9,4.0,36.0,Presencial,No,Ninguna,0,Nublado,24,0,4,3,60,23
2024-10-21,Lunes,10,2024,0,0,Desayuno,7,11,Jugo Natural,Bebidas,6,6.0,36.0,Presencial,No,Ninguna,0,Nublado,24,0,4,3,66,19
2024-10-21,Lunes,10,2024,0,0,Desayuno,7,11,Sándwich de Pollo,Sándwiches,6,11.0,66.0,Presencial,No,Ninguna,0,Nublado,24,0,4,7,41,13
2024-10-21,Lunes,10,2024,0,0,Almuerzo,12,16,Jugo Natural,Bebidas,22,6.0,132.0,Presencial,No,Ninguna,0,Nublado,24,0,7,4,55,31
2024-10-21,Lunes,10,2024,0,0,Almuerzo,12,16,Pollo Broaster,Pollos,39,18.0,702.0,Web,No,Ninguna,0,Nublado,24,0,7,13,66,43
2024-10-21,Lunes,10,2024,0,0,Almuerzo,12,16,Hamburguesa BBQ,Hamburguesas,19,16.0,304.0,Delivery,No,Ninguna,0,Nublado,24,0,7,8,27,45
2024-10-21,Lunes,10,2024,0,0,Almuerzo,12,16,Gaseosa,Bebidas,29,4.0,116.0,Presencial,No,Ninguna,0,Nublado,24,0,7,2,69,30
2024-10-21,Lunes,10,2024,0,0,Almuerzo,12,16,Salchipapa Clásica,Salchipapas,18,10.0,180.0,Presencial,No,Ninguna,0,Nublado,24,0,7,12,50,27
2024-10-21,Lunes,10,2024,0,0,Cena,18,22,Pizza Personal,Pizzas,14,13.0,182.0,Presencial,No,Ninguna,0,Nublado,24,0,4,17,27,40
2024-10-21,Lunes,10,2024,0,0,Cena,18,22,Pizza Familiar,Pizzas,13,32.0,332.8,Delivery,Sí,Combo,20,Nublado,24,0,4,25,22,70
2024-10-21,Lunes,10,2024,0,0,Cena,18,22,Hamburguesa Clásica,Hamburguesas,19,12.0,228.0,Presencial,No,Ninguna,0,Nublado,24,0,4,8,29,56
2024-10-21,Lunes,10,2024,0,0,Cena,18,22,Salchipapa Especial,Salchipapas,24,15.0,360.0,Presencial,No,Ninguna,0,Nublado,24,0,4,14,43,48
2024-10-21,Lunes,10,2024,0,0,Cena,18,22,Gaseosa,Bebidas,27,4.0,108.0,Delivery,No,Ninguna,0,Nublado,24,0,4,3,66,54
2024-10-22,Martes,10,2024,0,0,Desayuno,7,11,Salchipapa Clásica,Salchipapas,7,10.0,70.0,Presencial,No,Ninguna,0,Nublado,24,0,3,15,14,24
2024-10-22,Martes,10,2024,0,0,Desayuno,7,11,Jugo Natural,Bebidas,9,6.0,54.0,Delivery,No,Ninguna,0,Nublado,24,0,3,4,49,15
2024-10-22,Martes,10,2024,0,0,Desayuno,7,11,Sándwich de Pollo,Sándwiches,7,11.0,77.0,Presencial,No,Ninguna,0,Nublado,24,0,3,9,16,23
2024-10-22,Martes,10,2024,0,0,Desayuno,7,11,Gaseosa,Bebidas,15,4.0,60.0,Presencial,No,Ninguna,0,Nublado,24,0,3,3,53,12
2024-10-22,Martes,10,2024,0,0,Almuerzo,12,16,Gaseosa,Bebidas,31,4.0,124.0,Presencial,No,Ninguna,0,Nublado,24,0,5,4,66,31
2024-10-22,Martes,10,2024,0,0,Almuerzo,12,16,Pizza Personal,Pizzas,20,13.0,260.0,Presencial,No,Ninguna,0,Nublado,24,0,5,17,41,37
2024-10-22,Martes,10,2024,0,0,Almuerzo,12,16,Alitas BBQ,Pollos,15,20.0,300.0,Delivery,No,Ninguna,0,Nublado,24,0,5,13,25,45
2024-10-22,Martes,10,2024,0,0,Almuerzo,12,16,Hamburguesa BBQ,Hamburguesas,25,16.0,400.0,Presencial,No,Ninguna,0,Nublado,24,0,5,9,51,27
2024-10-22,Martes,10,2024,0,0,Cena,18,22,Salchipapa Clásica,Salchipapas,14,10.0,140.0,Delivery,No,Ninguna,0,Nublado,24,0,7,13,31,62
2024-10-22,Martes,10,2024,0,0,Cena,18,22,Pizza Familiar,Pizzas,11,32.0,352.0,Presencial,No,Ninguna,0,Nublado,24,0,7,16,41,52
2024-10-22,Martes,10,2024,0,0,Cena,18,22,Gaseosa,Bebidas,28,4.0,112.0,Delivery,No,Ninguna,0,Nublado,24,0,7,5,88,51
2024-10-22,Martes,10,2024,0,0,Cena,18,22,Pollo Broaster,Pollos,32,18.0,576.0,Web,No,Ninguna,0,Nublado,24,0,7,13,43,41
2024-10-23,Miércoles,10,2024,0,0,Desayuno,7,11,Hamburguesa BBQ,Hamburguesas,9,16.0,144.0,Presencial,No,Ninguna,0,Nublado,20,0,4,12,26,23
2024-10-23,Miércoles,10,2024,0,0,Desayuno,7,11,Sándwich de Pollo,Sándwiches,7,11.0,77.0,Presencial,No,Ninguna,0,Nublado,20,0,4,10,30,25
2024-10-23,Miércoles,10,2024,0,0,Desayuno,7,11,Salchipapa Especial,Salchipapas,13,15.0,195.0,Presencial,No,Ninguna,0,Nublado,20,0,4,9,28,11
2024-10-23,Miércoles,10,2024,0,0,Desayuno,7,11,Hamburguesa Clásica,Hamburguesas,12,12.0,144.0,Delivery,No,Ninguna,0,Nublado,20,0,4,9,41,15
2024-10-23,Miércoles,10,2024,0,0,Desayuno,7,11,Cheeseburger,Hamburguesas,6,14.0,84.0,Presencial,No,Ninguna,0,Nublado,20,0,4,9,26,13
2024-10-23,Miércoles,10,2024,0,0,Almuerzo,12,16,Gaseosa,Bebidas,37,4.0,133.2,Delivery,Sí,2x1,10,Nublado,20,0,6,4,56,36
2024-10-23,Miércoles,10,2024,0,0,Almuerzo,12,16,Pollo Broaster,Pollos,36,18.0,648.0,Delivery,No,Ninguna,0,Nublado,20,0,6,17,51,36
2024-10-23,Miércoles,10,2024,0,0,Almuerzo,12,16,Salchipapa Especial,Salchipapas,28,15.0,420.0,Presencial,No,Ninguna,0,Nublado,20,0,6,10,55,30
2024-10-23,Miércoles,10,2024,0,0,Almuerzo,12,16,Pizza Personal,Pizzas,17,13.0,221.0,Delivery,No,Ninguna,0,Nublado,20,0,6,25,26,42
2024-10-23,Miércoles,10,2024,0,0,Almuerzo,12,16,Sándwich de Pollo,Sándwiches,22,11.0,242.0,Delivery,No,Ninguna,0,Nublado,20,0,6,7,52,42
2024-10-23,Miércoles,10,2024,0,0,Cena,18,22,Jugo Natural,Bebidas,26,6.0,156.0,Presencial,No,Ninguna,0,Nublado,20,0,4,4,72,46
2024-10-23,Miércoles,10,2024,0,0,Cena,18,22,Salchipapa Especial,Salchipapas,18,15.0,270.0,Delivery,No,Ninguna,0,Nublado,20,0,4,12,36,53
2024-10-23,Miércoles,10,2024,0,0,Cena,18,22,Alitas BBQ,Pollos,19,20.0,380.0,Presencial,No,Ninguna,0,Nublado,20,0,4,20,31,51
2024-10-23,Miércoles,10,2024,0,0,Cena,18,22,Hamburguesa Clásica,Hamburguesas,19,12.0,205.2,Delivery,Sí,Combo,10,Nublado,20,0,4,12,39,61
2024-10-24,Jueves,10,2024,0,0,Desayuno,7,11,Alitas BBQ,Pollos,10,20.0,200.0,Presencial,No,Ninguna,0,Soleado,27,0,2,18,30,10
2024-10-24,Jueves,10,2024,0,0,Desayuno,7,11,Hamburguesa Clásica,Hamburguesas,11,12.0,132.0,Presencial,No,Ninguna,0,Soleado,27,0,2,11,33,18
2024-10-24,Jueves,10,2024,0,0,Desayuno,7,11,Cheeseburger,Hamburguesas,6,14.0,84.0,Presencial,No,Ninguna,0,Soleado,27,0,2,9,40,23
2024-10-24,Jueves,10,2024,0,0,Desayuno,7,11,Jugo Natural,Bebidas,9,6.0,54.0,Presencial,No,Ninguna,0,Soleado,27,0,2,5,38,19
2024-10-24,Jueves,10,2024,0,0,Desayuno,7,11,Sándwich de Pollo,Sándwiches,10,11.0,110.0,Presencial,No,Ninguna,0,Soleado,27,0,2,12,44,25
2024-10-24,Jueves,10,2024,0,0,Almuerzo,12,16,Sándwich de Pollo,Sándwiches,25,11.0,275.0,Presencial,No,Ninguna,0,Soleado,27,0,5,8,40,34
2024-10-24,Jueves,10,2024,0,0,Almuerzo,12,16,Hamburguesa Clásica,Hamburguesas,32,12.0,345.6,Presencial,Sí,Descuento,10,Soleado,27,0,5,8,56,48
2024-10-24,Jueves,10,2024,0,0,Almuerzo,12,16,Pollo Broaster,Pollos,31,18.0,558.0,Delivery,No,Ninguna,0,Soleado,27,0,5,19,43,45
2024-10-24,Jueves,10,2024,0,0,Almuerzo,12,16,Jugo Natural,Bebidas,26,6.0,156.0,Presencial,No,Ninguna,0,Soleado,27,0,5,4,78,38
2024-10-24,Jueves,10,2024,0,0,Almuerzo,12,16,Gaseosa,Bebidas,44,4.0,176.0,Presencial,No,Ninguna,0,Soleado,27,0,5,3,83,42
2024-10-24,Jueves,10,2024,0,0,Cena,18,22,Hamburguesa BBQ,Hamburguesas,21,16.0,336.0,Delivery,No,Ninguna,0,Soleado,27,0,7,13,53,56
2024-10-24,Jueves,10,2024,0,0,Cena,18,22,Salchipapa Especial,Salchipapas,31,15.0,465.0,Presencial,No,Ninguna,0,Soleado,27,0,7,12,66,43
2024-10-24,Jueves,10,2024,0,0,Cena,18,22,Gaseosa,Bebidas,29,4.0,116.0,Delivery,No,Ninguna,0,Soleado,27,0,7,4,55,65
2024-10-24,Jueves,10,2024,0,0,Cena,18,22,Alitas BBQ,Pollos,21,20.0,420.0,Delivery,No,Ninguna,0,Soleado,27,0,7,14,28,48
2024-10-25,Viernes,10,2024,0,0,Desayuno,7,11,Jugo Natural,Bebidas,19,6.0,85.5,Presencial,Sí,2x1,25,Soleado,31,0,4,3,42,24
2024-10-25,Viernes,10,2024,0,0,Desayuno,7,11,Gaseosa,Bebidas,19,4.0,76.0,Presencial,No,Ninguna,0,Soleado,31,0,4,4,41,11
2024-10-25,Viernes,10,2024,0,0,Desayuno,7,11,Alitas BBQ,Pollos,11,20.0,220.0,Presencial,No,Ninguna,0,Soleado,31,0,4,13,34,22
2024-10-25,Viernes,10,2024,0,0,Desayuno,7,11,Sándwich de Pollo,Sándwiches,9,11.0,99.0,Delivery,No,Ninguna,0,Soleado,31,0,4,11,37,19
2024-10-25,Viernes,10,2024,0,0,Almuerzo,12,16,Pollo Broaster,Pollos,42,18.0,756.0,Presencial,No,Ninguna,0,Soleado,31,0,7,18,72,31
2024-10-25,Viernes,10,2024,0,0,Almuerzo,12,16,Hamburguesa Clásica,Hamburguesas,26,12.0,312.0,Delivery,No,Ninguna,0,Soleado,31,0,7,8,47,30
2024-10-25,Viernes,10,2024,0,0,Almuerzo,12,16,Cheeseburger,Hamburguesas,21,14.0,294.0,Delivery,No,Ninguna,0,Soleado,31,0,7,13,53,40
2024-10-25,Viernes,10,2024,0,0,Almuerzo,12,16,Gaseosa,Bebidas,36,4.0,144.0,Web,No,Ninguna,0,Soleado,31,0,7,3,54,40
2024-10-25,Viernes,10,2024,0,0,Almuerzo,12,16,Jugo Natural,Bebidas,31,6.0,186.0,Presencial,No,Ninguna,0,Soleado,31,0,7,3,73,40
2024-10-25,Viernes,10,2024,0,0,Almuerzo,12,16,Salchipapa Especial,Salchipapas,33,15.0,495.0,Presencial,No,Ninguna,0,Soleado,31,0,7,15,54,38
2024-10-25,Viernes,10,2024,0,0,Cena,18,22,Salchipapa Clásica,Salchipapas,23,10.0,230.0,Delivery,No,Ninguna,0,Soleado,31,0,6,14,33,51
2024-10-25,Viernes,10,2024,0,0,Cena,18,22,Sándwich de Pollo,Sándwiches,23,11.0,253.0,Web,No,Ninguna,0,Soleado,31,0,6,11,58,63
2024-10-25,Viernes,10,2024,0,0,Cena,18,22,Hamburguesa Clásica,Hamburguesas,32,12.0,288.0,Delivery,Sí,Combo,25,Soleado,31,0,6,12,46,59
2024-10-25,Viernes,10,2024,0,0,Cena,18,22,Gaseosa,Bebidas,38,4.0,152.0,Delivery,No,Ninguna,0,Soleado,31,0,6,5,73,63
2024-10-25,Viernes,10,2024,0,0,Cena,18,22,Salchipapa Especial,Salchipapas,28,15.0,420.0,Web,No,Ninguna,0,Soleado,31,0,6,13,50,57
2024-10-26,Sábado,10,2024,1,0,Desayuno,7,11,Sándwich de Pollo,Sándwiches,10,11.0,110.0,Presencial,No,Ninguna,0,Soleado,31,0,4,9,19,16
2024-10-26,Sábado,10,2024,1,0,Desayuno,7,11,Gaseosa,Bebidas,17,4.0,68.0,Presencial,No,Ninguna,0,Soleado,31,0,4,2,54,26
2024-10-26,Sábado,10,2024,1,0,Desayuno,7,11,Cheeseburger,Hamburguesas,11,14.0,138.6,Presencial,Sí,Combo,10,Soleado,31,0,4,9,33,36
2024-10-26,Sábado,10,2024,1,0,Desayuno,7,11,Jugo Natural,Bebidas,12,6.0,72.0,Delivery,No,Ninguna,0,Soleado,31,0,4,4,41,20
2024-10-26,Sábado,10,2024,1,0,Almuerzo,12,16,Pizza Personal,Pizzas,36,13.0,351.0,Web,Sí,2x1,25,Soleado,31,0,6,23,52,44
2024-10-26,Sábado,10,2024,1,0,Almuerzo,12,16,Salchipapa Clásica,Salchipapas,34,10.0,340.0,Presencial,No,Ninguna,0,Soleado,31,0,6,14,63,33
2024-10-26,Sábado,10,2024,1,0,Almuerzo,12,16,Pollo Broaster,Pollos,35,18.0,630.0,Presencial,No,Ninguna,0,Soleado,31,0,6,18,50,45
2024-10-26,Sábado,10,2024,1,0,Almuerzo,12,16,Salchipapa Especial,Salchipapas,38,15.0,570.0,Presencial,No,Ninguna,0,Soleado,31,0,6,11,66,33
2024-10-26,Sábado,10,2024,1,0,Cena,18,22,Pizza Personal,Pizzas,20,13.0,260.0,Web,No,Ninguna,0,Soleado,31,0,8,23,45,50
2024-10-26,Sábado,10,2024,1,0,Cena,18,22,Pollo Broaster,Pollos,57,18.0,1026.0,Presencial,No,Ninguna,0,Soleado,31,0,8,17,78,64
2024-10-26,Sábado,10,2024,1,0,Cena,18,22,Cheeseburger,Hamburguesas,21,14.0,294.0,Delivery,No,Ninguna,0,Soleado,31,0,8,11,46,52
2024-10-26,Sábado,10,2024,1,0,Cena,18,22,Alitas BBQ,Pollos,28,20.0,476.0,Web,Sí,2x1,15,Soleado,31,0,8,16,51,55
2024-10-26,Sábado,10,2024,1,0,Cena,18,22,Hamburguesa Clásica,Hamburguesas,35,12.0,420.0,Presencial,No,Ninguna,0,Soleado,31,0,8,13,66,59
2024-10-26,Sábado,10,2024,1,0,Cena,18,22,Gaseosa,Bebidas,53,4.0,169.6,Presencial,Sí,Combo,20,Soleado,31,0,8,4,96,72
2024-10-27,Domingo,10,2024,1,0,Desayuno,7,11,Sándwich de Pollo,Sándwiches,11,11.0,121.0,Presencial,No,Ninguna,0,Nublado,20,0,3,11,28,19
2024-10-27,Domingo,10,2024,1,0,Desayuno,7,11,Salchipapa Clásica,Salchipapas,11,10.0,110.0,Presencial,No,Ninguna,0,Nublado,20,0,3,8,45,27
2024-10-27,Domingo,10,2024,1,0,Desayuno,7,11,Gaseosa,Bebidas,17,4.0,68.0,Presencial,No,Ninguna,0,Nublado,20,0,3,3,51,27
2024-10-27,Domingo,10,2024,1,0,Almuerzo,12,16,Alitas BBQ,Pollos,24,20.0,480.0,Delivery,No,Ninguna,0,Nublado,20,0,5,18,41,44
2024-10-27,Domingo,10,2024,1,0,Almuerzo,12,16,Sándwich de Pollo,Sándwiches,26,11.0,286.0,Delivery,No,Ninguna,0,Nublado,20,0,5,7,49,48
2024-10-27,Domingo,10,2024,1,0,Almuerzo,12,16,Pollo Broaster,Pollos,43,18.0,774.0,Presencial,No,Ninguna,0,Nublado,20,0,5,18,63,46
2024-10-27,Domingo,10,2024,1,0,Almuerzo,12,16,Hamburguesa Clásica,Hamburguesas,36,12.0,432.0,Presencial,No,Ninguna,0,Nublado,20,0,5,13,55,39
2024-10-27,Domingo,10,2024,1,0,Cena,18,22,Gaseosa,Bebidas,44,4.0,176.0,Web,No,Ninguna,0,Nublado,20,0,7,4,83,60
2024-10-27,Domingo,10,2024,1,0,Cena,18,22,Jugo Natural,Bebidas,23,6.0,138.0,Delivery,No,Ninguna,0,Nublado,20,0,7,4,58,66
2024-10-27,Domingo,10,2024,1,0,Cena,18,22,Hamburguesa BBQ,Hamburguesas,21,16.0,336.0,Web,No,Ninguna,0,Nublado,20,0,7,9,53,60
2024-10-28,Lunes,10,2024,0,0,Desayuno,7,11,Jugo Natural,Bebidas,11,6.0,66.0,Presencial,No,Ninguna,0,Soleado,29,0,2,5,66,15
2024-10-28,Lunes,10,2024,0,0,Desayuno,7,11,Cheeseburger,Hamburguesas,7,14.0,98.0,Presencial,No,Ninguna,0,Soleado,29,0,2,13,30,19
2024-10-28,Lunes,10,2024,0,0,Desayuno,7,11,Gaseosa,Bebidas,18,4.0,72.0,Presencial,No,Ninguna,0,Soleado,29,0,2,2,54,24
2024-10-28,Lunes,10,2024,0,0,Almuerzo,12,16,Pollo Broaster,Pollos,35,18.0,630.0,Presencial,No,Ninguna,0,Soleado,29,0,4,16,48,33
2024-10-28,Lunes,10,2024,0,0,Almuerzo,12,16,Gaseosa,Bebidas,36,4.0,144.0,Presencial,No,Ninguna,0,Soleado,29,0,4,3,89,36
2024-10-28,Lunes,10,2024,0,0,Almuerzo,12,16,Sándwich de Pollo,Sándwiches,14,11.0,154.0,Delivery,No,Ninguna,0,Soleado,29,0,4,12,37,38
2024-10-28,Lunes,10,2024,0,0,Almuerzo,12,16,Hamburguesa Clásica,Hamburguesas,25,12.0,300.0,Delivery,No,Ninguna,0,Soleado,29,0,4,12,45,28
2024-10-28,Lunes,10,2024,0,0,Almuerzo,12,16,Jugo Natural,Bebidas,16,6.0,96.0,Presencial,No,Ninguna,0,Soleado,29,0,4,3,59,29
2024-10-28,Lunes,10,2024,0,0,Cena,18,22,Alitas BBQ,Pollos,17,20.0,340.0,Delivery,No,Ninguna,0,Soleado,29,0,7,13,31,40
2024-10-28,Lunes,10,2024,0,0,Cena,18,22,Pollo Broaster,Pollos,28,18.0,504.0,Web,No,Ninguna,0,Soleado,29,0,7,15,42,64
2024-10-28,Lunes,10,2024,0,0,Cena,18,22,Hamburguesa BBQ,Hamburguesas,23,16.0,276.0,Presencial,Sí,Combo,25,Soleado,29,0,7,9,54,48
2024-10-28,Lunes,10,2024,0,0,Cena,18,22,Salchipapa Clásica,Salchipapas,29,10.0,261.0,Delivery,Sí,2x1,10,Soleado,29,0,7,13,42,66
2024-10-29,Martes,10,2024,0,0,Desayuno,7,11,Jugo Natural,Bebidas,9,6.0,45.9,Presencial,Sí,Descuento,15,Lluvioso,22,1,4,4,26,30
2024-10-29,Martes,10,2024,0,0,Desayuno,7,11,Sándwich de Pollo,Sándwiches,8,11.0,88.0,Delivery,No,Ninguna,0,Lluvioso,22,1,4,11,38,35
2024-10-29,Martes,10,2024,0,0,Desayuno,7,11,Cheeseburger,Hamburguesas,7,14.0,98.0,Presencial,No,Ninguna,0,Lluvioso,22,1,4,11,16,40
2024-10-29,Martes,10,2024,0,0,Desayuno,7,11,Gaseosa,Bebidas,18,4.0,72.0,Presencial,No,Ninguna,0,Lluvioso,22,1,4,2,70,40
2024-10-29,Martes,10,2024,0,0,Desayuno,7,11,Salchipapa Clásica,Salchipapas,9,10.0,90.0,Delivery,No,Ninguna,0,Lluvioso,22,1,4,12,32,35
2024-10-29,Martes,10,2024,0,0,Desayuno,7,11,Pollo Broaster,Pollos,13,18.0,234.0,Delivery,No,Ninguna,0,Lluvioso,22,1,4,19,23,33
2024-10-29,Martes,10,2024,0,0,Almuerzo,12,16,Pizza Personal,Pizzas,17,13.0,221.0,Delivery,No,Ninguna,0,Lluvioso,22,1,4,23,28,48
2024-10-29,Martes,10,2024,0,0,Almuerzo,12,16,Cheeseburger,Hamburguesas,19,14.0,266.0,Presencial,No,Ninguna,0,Lluvioso,22,1,4,10,31,39
2024-10-29,Martes,10,2024,0,0,Almuerzo,12,16,Salchipapa Especial,Salchipapas,24,15.0,360.0,Delivery,No,Ninguna,0,Lluvioso,22,1,4,13,54,49
2024-10-29,Martes,10,2024,0,0,Almuerzo,12,16,Gaseosa,Bebidas,34,4.0,136.0,Presencial,No,Ninguna,0,Lluvioso,22,1,4,2,59,46
2024-10-29,Martes,10,2024,0,0,Almuerzo,12,16,Alitas BBQ,Pollos,16,20.0,320.0,Presencial,No,Ninguna,0,Lluvioso,22,1,4,20,37,47
2024-10-29,Martes,10,2024,0,0,Almuerzo,12,16,Salchipapa Clásica,Salchipapas,18,10.0,180.0,Web,No,Ninguna,0,Lluvioso,22,1,4,11,41,64
2024-10-29,Martes,10,2024,0,0,Cena,18,22,Salchipapa Clásica,Salchipapas,19,10.0,190.0,Delivery,No,Ninguna,0,Lluvioso,22,1,6,14,35,52
2024-10-29,Martes,10,2024,0,0,Cena,18,22,Alitas BBQ,Pollos,24,20.0,408.0,Web,Sí,Combo,15,Lluvioso,22,1,6,14,58,76
2024-10-29,Martes,10,2024,0,0,Cena,18,22,Hamburguesa BBQ,Hamburguesas,19,16.0,304.0,Delivery,No,Ninguna,0,Lluvioso,22,1,6,14,54,61
2024-10-29,Martes,10,2024,0,0,Cena,18,22,Pizza Personal,Pizzas,17,13.0,221.0,Web,No,Ninguna,0,Lluvioso,22,1,6,21,26,71
2024-10-30,Miércoles,10,2024,0,0,Desayuno,7,11,Sándwich de Pollo,Sándwiches,6,11.0,66.0,Presencial,No,Ninguna,0,Soleado,31,0,3,10,26,10
2024-10-30,Miércoles,10,2024,0,0,Desayuno,7,11,Hamburguesa BBQ,Hamburguesas,8,16.0,128.0,Delivery,No,Ninguna,0,Soleado,31,0,3,10,14,15
2024-10-30,Miércoles,10,2024,0,0,Desayuno,7,11,Salchipapa Clásica,Salchipapas,7,10.0,70.0,Presencial,No,Ninguna,0,Soleado,31,0,3,10,15,16
2024-10-30,Miércoles,10,2024,0,0,Desayuno,7,11,Pollo Broaster,Pollos,14,18.0,252.0,Delivery,No,Ninguna,0,Soleado,31,0,3,20,40,24
2024-10-30,Miércoles,10,2024,0,0,Almuerzo,12,16,Pollo Broaster,Pollos,38,18.0,513.0,Delivery,Sí,Combo,25,Soleado,31,0,5,16,58,35
2024-10-30,Miércoles,10,2024,0,0,Almuerzo,12,16,Gaseosa,Bebidas,35,4.0,140.0,Web,No,Ninguna,0,Soleado,31,0,5,3,54,35
2024-10-30,Miércoles,10,2024,0,0,Almuerzo,12,16,Salchipapa Especial,Salchipapas,22,15.0,330.0,Presencial,No,Ninguna,0,Soleado,31,0,5,10,31,39
2024-10-30,Miércoles,10,2024,0,0,Almuerzo,12,16,Hamburguesa Clásica,Hamburguesas,29,12.0,348.0,Presencial,No,Ninguna,0,Soleado,31,0,5,9,64,31
2024-10-30,Miércoles,10,2024,0,0,Almuerzo,12,16,Alitas BBQ,Pollos,18,20.0,360.0,Presencial,No,Ninguna,0,Soleado,31,0,5,15,40,33
2024-10-30,Miércoles,10,2024,0,0,Almuerzo,12,16,Pizza Personal,Pizzas,21,13.0,273.0,Presencial,No,Ninguna,0,Soleado,31,0,5,25,28,34
2024-10-30,Miércoles,10,2024,0,0,Cena,18,22,Alitas BBQ,Pollos,17,20.0,340.0,Presencial,No,Ninguna,0,Soleado,31,0,7,20,29,58
2024-10-30,Miércoles,10,2024,0,0,Cena,18,22,Pollo Broaster,Pollos,31,18.0,558.0,Delivery,No,Ninguna,0,Soleado,31,0,7,12,44,51
2024-10-30,Miércoles,10,2024,0,0,Cena,18,22,Hamburguesa Clásica,Hamburguesas,24,12.0,288.0,Delivery,No,Ninguna,0,Soleado,31,0,7,8,56,50
2024-10-30,Miércoles,10,2024,0,0,Cena,18,22,Salchipapa Especial,Salchipapas,25,15.0,375.0,Delivery,No,Ninguna,0,Soleado,31,0,7,10,33,63
2024-10-30,Miércoles,10,2024,0,0,Cena,18,22,Pizza Familiar,Pizzas,11,32.0,352.0,Delivery,No,Ninguna,0,Soleado,31,0,7,20,37,42
2024-10-31,Jueves,10,2024,0,0,Desayuno,7,11,Sándwich de Pollo,Sándwiches,7,11.0,77.0,Presencial,No,Ninguna,0,Nublado,21,0,4,9,13,16
2024-10-31,Jueves,10,2024,0,0,Desayuno,7,11,Jugo Natural,Bebidas,9,6.0,54.0,Presencial,No,Ninguna,0,Nublado,21,0,4,5,49,16
2024-10-31,Jueves,10,2024,0,0,Desayuno,7,11,Cheeseburger,Hamburguesas,8,14.0,112.0,Presencial,No,Ninguna,0,Nublado,21,0,4,12,43,17
2024-10-31,Jueves,10,2024,0,0,Desayuno,7,11,Gaseosa,Bebidas,15,4.0,60.0,Presencial,No,Ninguna,0,Nublado,21,0,4,2,68,13
2024-10-31,Jueves,10,2024,0,0,Almuerzo,12,16,Salchipapa Especial,Salchipapas,38,15.0,513.0,Delivery,Sí,Combo,10,Nublado,21,0,6,15,68,33
2024-10-31,Jueves,10,2024,0,0,Almuerzo,12,16,Salchipapa Clásica,Salchipapas,21,10.0,210.0,Presencial,No,Ninguna,0,Nublado,21,0,6,15,51,45
2024-10-31,Jueves,10,2024,0,0,Almuerzo,12,16,Alitas BBQ,Pollos,15,20.0,300.0,Presencial,No,Ninguna,0,Nublado,21,0,6,12,24,36
2024-10-31,Jueves,10,2024,0,0,Almuerzo,12,16,Pollo Broaster,Pollos,26,18.0,468.0,Delivery,No,Ninguna,0,Nublado,21,0,6,18,31,41
2024-10-31,Jueves,10,2024,0,0,Almuerzo,12,16,Pizza Personal,Pizzas,18,13.0,234.0,Presencial,No,Ninguna,0,Nublado,21,0,6,25,32,43
2024-10-31,Jueves,10,2024,0,0,Cena,18,22,Alitas BBQ,Pollos,22,20.0,440.0,Delivery,No,Ninguna,0,Nublado,21,0,8,18,30,55
2024-10-31,Jueves,10,2024,0,0,Cena,18,22,Pizza Familiar,Pizzas,14,32.0,448.0,Web,No,Ninguna,0,Nublado,21,0,8,23,38,54
2024-10-31,Jueves,10,2024,0,0,Cena,18,22,Salchipapa Especial,Salchipapas,20,15.0,300.0,Delivery,No,Ninguna,0,Nublado,21,0,8,12,28,43
2024-10-31,Jueves,10,2024,0,0,Cena,18,22,Hamburguesa BBQ,Hamburguesas,21,16.0,268.8,Web,Sí,Descuento,20,Nublado,21,0,8,13,55,55
2024-10-31,Jueves,10,2024,0,0,Cena,18,22,Cheeseburger,Hamburguesas,16,14.0,224.0,Web,No,Ninguna,0,Nublado,21,0,8,13,29,42
2024-11-01,Viernes,11,2024,0,1,Desayuno,7,11,Jugo Natural,Bebidas,14,6.0,84.0,Presencial,No,Ninguna,0,Soleado,23,0,4,2,58,10
2024-11-01,Viernes,11,2024,0,1,Desayuno,7,11,Gaseosa,Bebidas,25,4.0,90.0,Presencial,Sí,Combo,10,Soleado,23,0,4,2,82,15
2024-11-01,Viernes,11,2024,0,1,Desayuno,7,11,Alitas BBQ,Pollos,12,20.0,240.0,Presencial,No,Ninguna,0,Soleado,23,0,4,17,47,12
2024-11-01,Viernes,11,2024,0,1,Desayuno,7,11,Sándwich de Pollo,Sándwiches,15,11.0,165.0,Presencial,No,Ninguna,0,Soleado,23,0,4,11,49,18
2024-11-01,Viernes,11,2024,0,1,Desayuno,7,11,Cheeseburger,Hamburguesas,15,14.0,210.0,Presencial,No,Ninguna,0,Soleado,23,0,4,14,34,14
2024-11-01,Viernes,11,2024,0,1,Almuerzo,12,16,Jugo Natural,Bebidas,31,6.0,186.0,Delivery,No,Ninguna,0,Soleado,23,0,6,5,73,27
2024-11-01,Viernes,11,2024,0,1,Almuerzo,12,16,Alitas BBQ,Pollos,47,20.0,940.0,Presencial,No,Ninguna,0,Soleado,23,0,6,16,56,41
2024-11-01,Viernes,11,2024,0,1,Almuerzo,12,16,Pollo Broaster,Pollos,49,18.0,882.0,Presencial,No,Ninguna,0,Soleado,23,0,6,15,70,27
2024-11-01,Viernes,11,2024,0,1,Almuerzo,12,16,Gaseosa,Bebidas,55,4.0,220.0,Delivery,No,Ninguna,0,Soleado,23,0,6,5,95,44
2024-11-01,Viernes,11,2024,0,1,Almuerzo,12,16,Salchipapa Especial,Salchipapas,40,15.0,600.0,Delivery,No,Ninguna,0,Soleado,23,0,6,13,51,27
2024-11-01,Viernes,11,2024,0,1,Cena,18,22,Pollo Broaster,Pollos,37,18.0,532.8,Delivery,Sí,Combo,20,Soleado,23,0,5,18,65,45
2024-11-01,Viernes,11,2024,0,1,Cena,18,22,Jugo Natural,Bebidas,29,6.0,174.0,Delivery,No,Ninguna,0,Soleado,23,0,5,2,84,47
2024-11-01,Viernes,11,2024,0,1,Cena,18,22,Pizza Personal,Pizzas,25,13.0,325.0,Delivery,No,Ninguna,0,Soleado,23,0,5,21,31,53
2024-11-01,Viernes,11,2024,0,1,Cena,18,22,Hamburguesa BBQ,Hamburguesas,36,16.0,489.6,Presencial,Sí,Descuento,15,Soleado,23,0,5,10,61,44
2024-11-01,Viernes,11,2024,0,1,Cena,18,22,Cheeseburger,Hamburguesas,22,14.0,308.0,Web,No,Ninguna,0,Soleado,23,0,5,9,38,49
2024-11-02,Sábado,11,2024,1,0,Desayuno,7,11,Gaseosa,Bebidas,29,4.0,98.6,Delivery,Sí,Descuento,15,Lluvioso,22,1,4,4,44,50
2024-11-02,Sábado,11,2024,1,0,Desayuno,7,11,Sándwich de Pollo,Sándwiches,14,11.0,154.0,Presencial,No,Ninguna,0,Lluvioso,22,1,4,10,31,37
2024-11-02,Sábado,11,2024,1,0,Desayuno,7,11,Salchipapa Clásica,Salchipapas,14,10.0,140.0,Presencial,No,Ninguna,0,Lluvioso,22,1,4,8,29,47
2024-11-02,Sábado,11,2024,1,0,Desayuno,7,11,Cheeseburger,Hamburguesas,10,14.0,140.0,Presencial,No,Ninguna,0,Lluvioso,22,1,4,13,19,39
2024-11-02,Sábado,11,2024,1,0,Desayuno,7,11,Jugo Natural,Bebidas,15,6.0,90.0,Delivery,No,Ninguna,0,Lluvioso,22,1,4,3,48,32
2024-11-02,Sábado,11,2024,1,0,Almuerzo,12,16,Jugo Natural,Bebidas,34,6.0,204.0,Delivery,No,Ninguna,0,Lluvioso,22,1,6,2,81,66
2024-11-02,Sábado,11,2024,1,0,Almuerzo,12,16,Pollo Broaster,Pollos,30,18.0,540.0,Delivery,No,Ninguna,0,Lluvioso,22,1,6,14,65,62
2024-11-02,Sábado,11,2024,1,0,Almuerzo,12,16,Hamburguesa BBQ,Hamburguesas,23,16.0,368.0,Delivery,No,Ninguna,0,Lluvioso,22,1,6,14,54,53
2024-11-02,Sábado,11,2024,1,0,Cena,18,22,Hamburguesa BBQ,Hamburguesas,26,16.0,416.0,Delivery,No,Ninguna,0,Lluvioso,22,1,6,10,33,71
2024-11-02,Sábado,11,2024,1,0,Cena,18,22,Jugo Natural,Bebidas,35,6.0,157.5,Delivery,Sí,Descuento,25,Lluvioso,22,1,6,5,66,85
2024-11-02,Sábado,11,2024,1,0,Cena,18,22,Pollo Broaster,Pollos,57,18.0,820.8,Delivery,Sí,Descuento,20,Lluvioso,22,1,6,17,82,85
2024-11-02,Sábado,11,2024,1,0,Cena,18,22,Salchipapa Especial,Salchipapas,40,15.0,600.0,Delivery,No,Ninguna,0,Lluvioso,22,1,6,10,66,70
2024-11-02,Sábado,11,2024,1,0,Cena,18,22,Gaseosa,Bebidas,40,4.0,160.0,Web,No,Ninguna,0,Lluvioso,22,1,6,5,86,85
2024-11-02,Sábado,11,2024,1,0,Cena,18,22,Alitas BBQ,Pollos,31,20.0,620.0,Delivery,No,Ninguna,0,Lluvioso,22,1,6,15,50,86
2024-11-03,Domingo,11,2024,1,0,Desayuno,7,11,Gaseosa,Bebidas,24,4.0,81.6,Presencial,Sí,Combo,15,Nublado,21,0,4,3,42,26
2024-11-03,Domingo,11,2024,1,0,Desayuno,7,11,Cheeseburger,Hamburguesas,16,14.0,190.4,Presencial,Sí,2x1,15,Nublado,21,0,4,12,29,38
2024-11-03,Domingo,11,2024,1,0,Desayuno,7,11,Jugo Natural,Bebidas,10,6.0,60.0,Presencial,No,Ninguna,0,Nublado,21,0,4,3,36,28
2024-11-03,Domingo,11,2024,1,0,Almuerzo,12,16,Hamburguesa Clásica,Hamburguesas,39,12.0,374.4,Web,Sí,Descuento,20,Nublado,21,0,7,11,74,47
2024-11-03,Domingo,11,2024,1,0,Almuerzo,12,16,Pollo Broaster,Pollos,23,18.0,414.0,Presencial,No,Ninguna,0,Nublado,21,0,7,20,33,48
2024-11-03,Domingo,11,2024,1,0,Almuerzo,12,16,Hamburguesa BBQ,Hamburguesas,39,16.0,561.6,Presencial,Sí,2x1,10,Nublado,21,0,7,13,63,60
2024-11-03,Domingo,11,2024,1,0,Almuerzo,12,16,Gaseosa,Bebidas,44,4.0,176.0,Presencial,No,Ninguna,0,Nublado,21,0,7,5,73,40
2024-11-03,Domingo,11,2024,1,0,Cena,18,22,Pizza Familiar,Pizzas,16,32.0,512.0,Delivery,No,Ninguna,0,Nublado,21,0,7,15,21,57
2024-11-03,Domingo,11,2024,1,0,Cena,18,22,Pizza Personal,Pizzas,25,13.0,325.0,Delivery,No,Ninguna,0,Nublado,21,0,7,18,59,53
2024-11-03,Domingo,11,2024,1,0,Cena,18,22,Salchipapa Especial,Salchipapas,30,15.0,450.0,Delivery,No,Ninguna,0,Nublado,21,0,7,11,51,67
2024-11-03,Domingo,11,2024,1,0,Cena,18,22,Hamburguesa Clásica,Hamburguesas,34,12.0,408.0,Web,No,Ninguna,0,Nublado,21,0,7,11,54,51
2024-11-03,Domingo,11,2024,1,0,Cena,18,22,Gaseosa,Bebidas,35,4.0,140.0,Presencial,No,Ninguna,0,Nublado,21,0,7,4,64,67
2024-11-04,Lunes,11,2024,0,0,Desayuno,7,11,Jugo Natural,Bebidas,8,6.0,48.0,Presencial,No,Ninguna,0,Nublado,20,0,2,5,26,24
2024-11-04,Lunes,11,2024,0,0,Desayuno,7,11,Gaseosa,Bebidas,16,4.0,64.0,Presencial,No,Ninguna,0,Nublado,20,0,2,2,68,22
2024-11-04,Lunes,11,2024,0,0,Desayuno,7,11,Pollo Broaster,Pollos,11,18.0,198.0,Presencial,No,Ninguna,0,Nublado,20,0,2,13,42,17
2024-11-04,Lunes,11,2024,0,0,Desayuno,7,11,Salchipapa Especial,Salchipapas,10,15.0,150.0,Presencial,No,Ninguna,0,Nublado,20,0,2,15,15,11
2024-11-04,Lunes,11,2024,0,0,Almuerzo,12,16,Hamburguesa Clásica,Hamburguesas,30,12.0,360.0,Presencial,No,Ninguna,0,Nublado,20,0,5,8,50,25
2024-11-04,Lunes,11,2024,0,0,Almuerzo,12,16,Hamburguesa BBQ,Hamburguesas,22,16.0,352.0,Presencial,No,Ninguna,0,Nublado,20,0,5,13,36,28
2024-11-04,Lunes,11,2024,0,0,Almuerzo,12,16,Cheeseburger,Hamburguesas,16,14.0,179.2,Presencial,Sí,Combo,20,Nublado,20,0,5,10,47,43
2024-11-04,Lunes,11,2024,0,0,Almuerzo,12,16,Pollo Broaster,Pollos,32,18.0,576.0,Presencial,No,Ninguna,0,Nublado,20,0,5,19,56,44
2024-11-04,Lunes,11,2024,0,0,Almuerzo,12,16,Salchipapa Especial,Salchipapas,24,15.0,360.0,Presencial,No,Ninguna,0,Nublado,20,0,5,8,48,29
2024-11-04,Lunes,11,2024,0,0,Cena,18,22,Gaseosa,Bebidas,36,4.0,144.0,Delivery,No,Ninguna,0,Nublado,20,0,6,5,85,62
2024-11-04,Lunes,11,2024,0,0,Cena,18,22,Hamburguesa Clásica,Hamburguesas,19,12.0,228.0,Delivery,No,Ninguna,0,Nublado,20,0,6,13,38,63
2024-11-04,Lunes,11,2024,0,0,Cena,18,22,Salchipapa Especial,Salchipapas,21,15.0,315.0,Delivery,No,Ninguna,0,Nublado,20,0,6,15,34,63
2024-11-04,Lunes,11,2024,0,0,Cena,18,22,Salchipapa Clásica,Salchipapas,16,10.0,160.0,Presencial,No,Ninguna,0,Nublado,20,0,6,13,49,45
2024-11-05,Martes,11,2024,0,0,Desayuno,7,11,Cheeseburger,Hamburguesas,9,14.0,126.0,Delivery,No,Ninguna,0,Soleado,28,0,2,9,15,25
2024-11-05,Martes,11,2024,0,0,Desayuno,7,11,Jugo Natural,Bebidas,8,6.0,48.0,Presencial,No,Ninguna,0,Soleado,28,0,2,2,47,10
2024-11-05,Martes,11,2024,0,0,Desayuno,7,11,Salchipapa Clásica,Salchipapas,8,10.0,80.0,Presencial,No,Ninguna,0,Soleado,28,0,2,12,29,10
2024-11-05,Martes,11,2024,0,0,Desayuno,7,11,Sándwich de Pollo,Sándwiches,7,11.0,77.0,Presencial,No,Ninguna,0,Soleado,28,0,2,12,23,11
2024-11-05,Martes,11,2024,0,0,Desayuno,7,11,Hamburguesa Clásica,Hamburguesas,12,12.0,144.0,Presencial,No,Ninguna,0,Soleado,28,0,2,12,42,24
2024-11-05,Martes,11,2024,0,0,Desayuno,7,11,Gaseosa,Bebidas,15,4.0,60.0,Presencial,No,Ninguna,0,Soleado,28,0,2,4,55,15
2024-11-05,Martes,11,2024,0,0,Almuerzo,12,16,Salchipapa Especial,Salchipapas,17,15.0,255.0,Presencial,No,Ninguna,0,Soleado,28,0,4,9,47,44
2024-11-05,Martes,11,2024,0,0,Almuerzo,12,16,Gaseosa,Bebidas,37,4.0,148.0,Presencial,No,Ninguna,0,Soleado,28,0,4,2,75,36
2024-11-05,Martes,11,2024,0,0,Almuerzo,12,16,Pollo Broaster,Pollos,28,18.0,504.0,Presencial,No,Ninguna,0,Soleado,28,0,4,12,47,44
2024-11-05,Martes,11,2024,0,0,Almuerzo,12,16,Hamburguesa Clásica,Hamburguesas,21,12.0,252.0,Delivery,No,Ninguna,0,Soleado,28,0,4,13,34,27
2024-11-05,Martes,11,2024,0,0,Cena,18,22,Pizza Personal,Pizzas,17,13.0,221.0,Delivery,No,Ninguna,0,Soleado,28,0,5,18,25,43
2024-11-05,Martes,11,2024,0,0,Cena,18,22,Cheeseburger,Hamburguesas,14,14.0,196.0,Delivery,No,Ninguna,0,Soleado,28,0,5,11,22,52
2024-11-05,Martes,11,2024,0,0,Cena,18,22,Sándwich de Pollo,Sándwiches,14,11.0,154.0,Web,No,Ninguna,0,Soleado,28,0,5,8,30,48
2024-11-05,Martes,11,2024,0,0,Cena,18,22,Gaseosa,Bebidas,35,4.0,140.0,Delivery,No,Ninguna,0,Soleado,28,0,5,4,55,60
2024-11-06,Miércoles,11,2024,0,0,Desayuno,7,11,Gaseosa,Bebidas,17,4.0,68.0,Delivery,No,Ninguna,0,Lluvioso,20,1,2,5,77,28
2024-11-06,Miércoles,11,2024,0,0,Desayuno,7,11,Salchipapa Clásica,Salchipapas,12,10.0,120.0,Presencial,No,Ninguna,0,Lluvioso,20,1,2,12,17,34
2024-11-06,Miércoles,11,2024,0,0,Desayuno,7,11,Hamburguesa BBQ,Hamburguesas,11,16.0,176.0,Presencial,No,Ninguna,0,Lluvioso,20,1,2,11,23,35
2024-11-06,Miércoles,11,2024,0,0,Desayuno,7,11,Hamburguesa Clásica,Hamburguesas,14,12.0,168.0,Delivery,No,Ninguna,0,Lluvioso,20,1,2,12,34,34
2024-11-06,Miércoles,11,2024,0,0,Almuerzo,12,16,Hamburguesa BBQ,Hamburguesas,18,16.0,288.0,Delivery,No,Ninguna,0,Lluvioso,20,1,7,10,30,52
2024-11-06,Miércoles,11,2024,0,0,Almuerzo,12,16,Gaseosa,Bebidas,28,4.0,112.0,Presencial,No,Ninguna,0,Lluvioso,20,1,7,2,70,44
2024-11-06,Miércoles,11,2024,0,0,Almuerzo,12,16,Hamburguesa Clásica,Hamburguesas,35,12.0,315.0,Delivery,Sí,2x1,25,Lluvioso,20,1,7,11,64,56
2024-11-06,Miércoles,11,2024,0,0,Almuerzo,12,16,Salchipapa Clásica,Salchipapas,35,10.0,315.0,Presencial,Sí,2x1,10,Lluvioso,20,1,7,11,43,61
2024-11-06,Miércoles,11,2024,0,0,Almuerzo,12,16,Alitas BBQ,Pollos,30,20.0,600.0,Web,No,Ninguna,0,Lluvioso,20,1,7,17,48,60
2024-11-06,Miércoles,11,2024,0,0,Cena,18,22,Salchipapa Especial,Salchipapas,30,15.0,450.0,Delivery,No,Ninguna,0,Lluvioso,20,1,5,8,56,82
2024-11-06,Miércoles,11,2024,0,0,Cena,18,22,Gaseosa,Bebidas,32,4.0,128.0,Delivery,No,Ninguna,0,Lluvioso,20,1,5,2,64,65
2024-11-06,Miércoles,11,2024,0,0,Cena,18,22,Pizza Familiar,Pizzas,20,32.0,480.0,Web,Sí,Descuento,25,Lluvioso,20,1,5,20,36,57
2024-11-06,Miércoles,11,2024,0,0,Cena,18,22,Alitas BBQ,Pollos,25,20.0,500.0,Delivery,No,Ninguna,0,Lluvioso,20,1,5,20,40,67
2024-11-06,Miércoles,11,2024,0,0,Cena,18,22,Pizza Personal,Pizzas,22,13.0,286.0,Delivery,No,Ninguna,0,Lluvioso,20,1,5,20,37,62
2024-11-07,Jueves,11,2024,0,0,Desayuno,7,11,Gaseosa,Bebidas,19,4.0,76.0,Presencial,No,Ninguna,0,Nublado,23,0,3,4,47,15
2024-11-07,Jueves,11,2024,0,0,Desayuno,7,11,Salchipapa Especial,Salchipapas,15,15.0,225.0,Presencial,No,Ninguna,0,Nublado,23,0,3,10,35,24
2024-11-07,Jueves,11,2024,0,0,Desayuno,7,11,Pollo Broaster,Pollos,18,18.0,324.0,Presencial,No,Ninguna,0,Nublado,23,0,3,20,41,20
2024-11-07,Jueves,11,2024,0,0,Desayuno,7,11,Cheeseburger,Hamburguesas,9,14.0,126.0,Presencial,No,Ninguna,0,Nublado,23,0,3,11,14,15
2024-11-07,Jueves,11,2024,0,0,Desayuno,7,11,Sándwich de Pollo,Sándwiches,9,11.0,99.0,Delivery,No,Ninguna,0,Nublado,23,0,3,7,38,23
2024-11-07,Jueves,11,2024,0,0,Almuerzo,12,16,Cheeseburger,Hamburguesas,20,14.0,280.0,Presencial,No,Ninguna,0,Nublado,23,0,6,10,32,36
2024-11-07,Jueves,11,2024,0,0,Almuerzo,12,16,Salchipapa Especial,Salchipapas,25,15.0,375.0,Delivery,No,Ninguna,0,Nublado,23,0,6,9,43,39
2024-11-07,Jueves,11,2024,0,0,Almuerzo,12,16,Salchipapa Clásica,Salchipapas,24,10.0,240.0,Web,No,Ninguna,0,Nublado,23,0,6,14,47,43
2024-11-07,Jueves,11,2024,0,0,Almuerzo,12,16,Hamburguesa BBQ,Hamburguesas,21,16.0,336.0,Delivery,No,Ninguna,0,Nublado,23,0,6,8,29,40
2024-11-07,Jueves,11,2024,0,0,Cena,18,22,Pizza Familiar,Pizzas,11,32.0,352.0,Presencial,No,Ninguna,0,Nublado,23,0,8,19,42,46
2024-11-07,Jueves,11,2024,0,0,Cena,18,22,Salchipapa Especial,Salchipapas,31,15.0,465.0,Presencial,No,Ninguna,0,Nublado,23,0,8,11,41,40
2024-11-07,Jueves,11,2024,0,0,Cena,18,22,Gaseosa,Bebidas,42,4.0,168.0,Delivery,No,Ninguna,0,Nublado,23,0,8,4,96,53
2024-11-07,Jueves,11,2024,0,0,Cena,18,22,Hamburguesa BBQ,Hamburguesas,23,16.0,368.0,Presencial,No,Ninguna,0,Nublado,23,0,8,13,39,57
2024-11-08,Viernes,11,2024,0,0,Desayuno,7,11,Cheeseburger,Hamburguesas,9,14.0,126.0,Presencial,No,Ninguna,0,Lluvioso,20,1,3,11,33,24
2024-11-08,Viernes,11,2024,0,0,Desayuno,7,11,Sándwich de Pollo,Sándwiches,11,11.0,121.0,Delivery,No,Ninguna,0,Lluvioso,20,1,3,6,36,34
2024-11-08,Viernes,11,2024,0,0,Desayuno,7,11,Hamburguesa BBQ,Hamburguesas,11,16.0,176.0,Delivery,No,Ninguna,0,Lluvioso,20,1,3,11,36,29
2024-11-08,Viernes,11,2024,0,0,Almuerzo,12,16,Hamburguesa Clásica,Hamburguesas,35,12.0,420.0,Delivery,No,Ninguna,0,Lluvioso,20,1,5,9,55,56
2024-11-08,Viernes,11,2024,0,0,Almuerzo,12,16,Hamburguesa BBQ,Hamburguesas,29,16.0,464.0,Delivery,No,Ninguna,0,Lluvioso,20,1,5,13,41,46
2024-11-08,Viernes,11,2024,0,0,Almuerzo,12,16,Jugo Natural,Bebidas,38,6.0,193.8,Presencial,Sí,Descuento,15,Lluvioso,20,1,5,5,63,64
2024-11-08,Viernes,11,2024,0,0,Almuerzo,12,16,Pizza Personal,Pizzas,22,13.0,286.0,Presencial,No,Ninguna,0,Lluvioso,20,1,5,17,35,50
2024-11-08,Viernes,11,2024,0,0,Almuerzo,12,16,Gaseosa,Bebidas,55,4.0,220.0,Delivery,No,Ninguna,0,Lluvioso,20,1,5,5,79,65
2024-11-08,Viernes,11,2024,0,0,Cena,18,22,Gaseosa,Bebidas,34,4.0,136.0,Delivery,No,Ninguna,0,Lluvioso,20,1,5,3,82,79
2024-11-08,Viernes,11,2024,0,0,Cena,18,22,Alitas BBQ,Pollos,25,20.0,500.0,Delivery,No,Ninguna,0,Lluvioso,20,1,5,20,42,66
2024-11-08,Viernes,11,2024,0,0,Cena,18,22,Pizza Personal,Pizzas,19,13.0,247.0,Delivery,No,Ninguna,0,Lluvioso,20,1,5,17,43,52
2024-11-08,Viernes,11,2024,0,0,Cena,18,22,Salchipapa Especial,Salchipapas,35,15.0,525.0,Delivery,No,Ninguna,0,Lluvioso,20,1,5,13,55,75
2024-11-09,Sábado,11,2024,1,0,Desayuno,7,11,Sándwich de Pollo,Sándwiches,13,11.0,143.0,Presencial,No,Ninguna,0,Soleado,31,0,3,11,25,17
2024-11-09,Sábado,11,2024,1,0,Desayuno,7,11,Jugo Natural,Bebidas,13,6.0,78.0,Presencial,No,Ninguna,0,Soleado,31,0,3,5,42,22
2024-11-09,Sábado,11,2024,1,0,Desayuno,7,11,Gaseosa,Bebidas,19,4.0,76.0,Presencial,No,Ninguna,0,Soleado,31,0,3,2,76,24
2024-11-09,Sábado,11,2024,1,0,Almuerzo,12,16,Sándwich de Pollo,Sándwiches,27,11.0,297.0,Delivery,No,Ninguna,0,Soleado,31,0,7,11,54,36
2024-11-09,Sábado,11,2024,1,0,Almuerzo,12,16,Cheeseburger,Hamburguesas,33,14.0,462.0,Delivery,No,Ninguna,0,Soleado,31,0,7,14,52,45
2024-11-09,Sábado,11,2024,1,0,Almuerzo,12,16,Gaseosa,Bebidas,50,4.0,200.0,Delivery,No,Ninguna,0,Soleado,31,0,7,2,70,36
2024-11-09,Sábado,11,2024,1,0,Cena,18,22,Cheeseburger,Hamburguesas,17,14.0,238.0,Web,No,Ninguna,0,Soleado,31,0,5,10,30,65
2024-11-09,Sábado,11,2024,1,0,Cena,18,22,Pizza Familiar,Pizzas,17,32.0,544.0,Web,No,Ninguna,0,Soleado,31,0,5,19,29,65
2024-11-09,Sábado,11,2024,1,0,Cena,18,22,Salchipapa Clásica,Salchipapas,37,10.0,370.0,Web,No,Ninguna,0,Soleado,31,0,5,8,67,67
2024-11-09,Sábado,11,2024,1,0,Cena,18,22,Alitas BBQ,Pollos,38,20.0,684.0,Presencial,Sí,Combo,10,Soleado,31,0,5,14,58,55
2024-11-09,Sábado,11,2024,1,0,Cena,18,22,Pollo Broaster,Pollos,44,18.0,792.0,Web,No,Ninguna,0,Soleado,31,0,5,19,64,69
2024-11-10,Domingo,11,2024,1,0,Desayuno,7,11,Jugo Natural,Bebidas,11,6.0,59.4,Presencial,Sí,2x1,10,Nublado,21,0,4,5,33,26
2024-11-10,Domingo,11,2024,1,0,Desayuno,7,11,Alitas BBQ,Pollos,13,20.0,260.0,Delivery,No,Ninguna,0,Nublado,21,0,4,13,30,31
2024-11-10,Domingo,11,2024,1,0,Desayuno,7,11,Salchipapa Clásica,Salchipapas,16,10.0,144.0,Presencial,Sí,Descuento,10,Nublado,21,0,4,15,22,25
2024-11-10,Domingo,11,2024,1,0,Almuerzo,12,16,Gaseosa,Bebidas,41,4.0,164.0,Web,No,Ninguna,0,Nublado,21,0,7,4,65,33
2024-11-10,Domingo,11,2024,1,0,Almuerzo,12,16,Alitas BBQ,Pollos,28,20.0,560.0,Delivery,No,Ninguna,0,Nublado,21,0,7,17,60,50
2024-11-10,Domingo,11,2024,1,0,Almuerzo,12,16,Salchipapa Especial,Salchipapas,35,15.0,472.5,Delivery,Sí,Combo,10,Nublado,21,0,7,10,53,46
2024-11-10,Domingo,11,2024,1,0,Almuerzo,12,16,Pizza Familiar,Pizzas,23,32.0,736.0,Presencial,No,Ninguna,0,Nublado,21,0,7,16,37,51
2024-11-10,Domingo,11,2024,1,0,Almuerzo,12,16,Sándwich de Pollo,Sándwiches,28,11.0,277.2,Delivery,Sí,Descuento,10,Nublado,21,0,7,9,50,53
2024-11-10,Domingo,11,2024,1,0,Cena,18,22,Pollo Broaster,Pollos,35,18.0,630.0,Delivery,No,Ninguna,0,Nublado,21,0,5,12,50,70
2024-11-10,Domingo,11,2024,1,0,Cena,18,22,Salchipapa Especial,Salchipapas,29,15.0,435.0,Presencial,No,Ninguna,0,Nublado,21,0,5,15,45,64
2024-11-10,Domingo,11,2024,1,0,Cena,18,22,Hamburguesa Clásica,Hamburguesas,29,12.0,348.0,Delivery,No,Ninguna,0,Nublado,21,0,5,10,39,52
2024-11-11,Lunes,11,2024,0,0,Desayuno,7,11,Jugo Natural,Bebidas,9,6.0,54.0,Presencial,No,Ninguna,0,Nublado,20,0,2,3,43,25
2024-11-11,Lunes,11,2024,0,0,Desayuno,7,11,Cheeseburger,Hamburguesas,8,14.0,112.0,Presencial,No,Ninguna,0,Nublado,20,0,2,9,27,13
2024-11-11,Lunes,11,2024,0,0,Desayuno,7,11,Gaseosa,Bebidas,14,4.0,56.0,Presencial,No,Ninguna,0,Nublado,20,0,2,5,46,21
2024-11-11,Lunes,11,2024,0,0,Desayuno,7,11,Hamburguesa Clásica,Hamburguesas,11,12.0,132.0,Presencial,No,Ninguna,0,Nublado,20,0,2,13,40,11
2024-11-11,Lunes,11,2024,0,0,Almuerzo,12,16,Salchipapa Clásica,Salchipapas,20,10.0,200.0,Delivery,No,Ninguna,0,Nublado,20,0,7,10,35,37
2024-11-11,Lunes,11,2024,0,0,Almuerzo,12,16,Pizza Personal,Pizzas,14,13.0,182.0,Presencial,No,Ninguna,0,Nublado,20,0,7,15,46,29
2024-11-11,Lunes,11,2024,0,0,Almuerzo,12,16,Alitas BBQ,Pollos,20,20.0,400.0,Presencial,No,Ninguna,0,Nublado,20,0,7,13,52,26
2024-11-11,Lunes,11,2024,0,0,Cena,18,22,Gaseosa,Bebidas,37,4.0,148.0,Web,No,Ninguna,0,Nublado,20,0,5,2,72,47
2024-11-11,Lunes,11,2024,0,0,Cena,18,22,Pizza Personal,Pizzas,14,13.0,136.5,Delivery,Sí,Combo,25,Nublado,20,0,5,20,36,66
2024-11-11,Lunes,11,2024,0,0,Cena,18,22,Hamburguesa Clásica,Hamburguesas,23,12.0,276.0,Presencial,No,Ninguna,0,Nublado,20,0,5,14,40,63
2024-11-11,Lunes,11,2024,0,0,Cena,18,22,Pollo Broaster,Pollos,32,18.0,576.0,Web,No,Ninguna,0,Nublado,20,0,5,14,47,46
2024-11-12,Martes,11,2024,0,0,Desayuno,7,11,Gaseosa,Bebidas,15,4.0,60.0,Delivery,No,Ninguna,0,Lluvioso,18,1,4,5,36,42
2024-11-12,Martes,11,2024,0,0,Desayuno,7,11,Salchipapa Especial,Salchipapas,11,15.0,165.0,Delivery,No,Ninguna,0,Lluvioso,18,1,4,12,32,36
2024-11-12,Martes,11,2024,0,0,Desayuno,7,11,Sándwich de Pollo,Sándwiches,8,11.0,88.0,Presencial,No,Ninguna,0,Lluvioso,18,1,4,12,23,36
2024-11-12,Martes,11,2024,0,0,Almuerzo,12,16,Cheeseburger,Hamburguesas,23,14.0,322.0,Delivery,No,Ninguna,0,Lluvioso,18,1,7,10,47,51
2024-11-12,Martes,11,2024,0,0,Almuerzo,12,16,Pollo Broaster,Pollos,35,18.0,630.0,Delivery,No,Ninguna,0,Lluvioso,18,1,7,17,63,48
2024-11-12,Martes,11,2024,0,0,Almuerzo,12,16,Salchipapa Clásica,Salchipapas,16,10.0,160.0,Presencial,No,Ninguna,0,Lluvioso,18,1,7,8,26,42
2024-11-12,Martes,11,2024,0,0,Almuerzo,12,16,Alitas BBQ,Pollos,35,20.0,700.0,Delivery,No,Ninguna,0,Lluvioso,18,1,7,17,69,52
2024-11-12,Martes,11,2024,0,0,Almuerzo,12,16,Pizza Familiar,Pizzas,16,32.0,512.0,Presencial,No,Ninguna,0,Lluvioso,18,1,7,23,30,51
2024-11-12,Martes,11,2024,0,0,Cena,18,22,Pollo Broaster,Pollos,36,18.0,648.0,Delivery,No,Ninguna,0,Lluvioso,18,1,4,17,67,66
2024-11-12,Martes,11,2024,0,0,Cena,18,22,Salchipapa Especial,Salchipapas,19,15.0,285.0,Presencial,No,Ninguna,0,Lluvioso,18,1,4,9,49,52
2024-11-12,Martes,11,2024,0,0,Cena,18,22,Gaseosa,Bebidas,39,4.0,156.0,Delivery,No,Ninguna,0,Lluvioso,18,1,4,4,61,73
2024-11-12,Martes,11,2024,0,0,Cena,18,22,Hamburguesa Clásica,Hamburguesas,25,12.0,300.0,Web,No,Ninguna,0,Lluvioso,18,1,4,8,41,70
2024-11-13,Miércoles,11,2024,0,0,Desayuno,7,11,Sándwich de Pollo,Sándwiches,9,11.0,99.0,Delivery,No,Ninguna,0,Nublado,24,0,3,8,27,11
2024-11-13,Miércoles,11,2024,0,0,Desayuno,7,11,Salchipapa Especial,Salchipapas,13,15.0,195.0,Presencial,No,Ninguna,0,Nublado,24,0,3,10,43,16
2024-11-13,Miércoles,11,2024,0,0,Desayuno,7,11,Pollo Broaster,Pollos,14,18.0,252.0,Presencial,No,Ninguna,0,Nublado,24,0,3,15,20,18
2024-11-13,Miércoles,11,2024,0,0,Desayuno,7,11,Jugo Natural,Bebidas,8,6.0,48.0,Presencial,No,Ninguna,0,Nublado,24,0,3,2,47,14
2024-11-13,Miércoles,11,2024,0,0,Almuerzo,12,16,Salchipapa Especial,Salchipapas,25,15.0,375.0,Delivery,No,Ninguna,0,Nublado,24,0,4,13,47,31
2024-11-13,Miércoles,11,2024,0,0,Almuerzo,12,16,Hamburguesa Clásica,Hamburguesas,32,12.0,384.0,Presencial,No,Ninguna,0,Nublado,24,0,4,10,64,27
2024-11-13,Miércoles,11,2024,0,0,Almuerzo,12,16,Pizza Personal,Pizzas,17,13.0,221.0,Presencial,No,Ninguna,0,Nublado,24,0,4,18,24,34
2024-11-13,Miércoles,11,2024,0,0,Almuerzo,12,16,Salchipapa Clásica,Salchipapas,25,10.0,250.0,Delivery,No,Ninguna,0,Nublado,24,0,4,13,60,35
2024-11-13,Miércoles,11,2024,0,0,Almuerzo,12,16,Pollo Broaster,Pollos,39,18.0,702.0,Presencial,No,Ninguna,0,Nublado,24,0,4,13,73,28
2024-11-13,Miércoles,11,2024,0,0,Almuerzo,12,16,Sándwich de Pollo,Sándwiches,19,11.0,209.0,Delivery,No,Ninguna,0,Nublado,24,0,4,9,52,32
2024-11-13,Miércoles,11,2024,0,0,Cena,18,22,Pollo Broaster,Pollos,26,18.0,468.0,Web,No,Ninguna,0,Nublado,24,0,4,20,47,65
2024-11-13,Miércoles,11,2024,0,0,Cena,18,22,Sándwich de Pollo,Sándwiches,17,11.0,187.0,Presencial,No,Ninguna,0,Nublado,24,0,4,7,32,47
2024-11-13,Miércoles,11,2024,0,0,Cena,18,22,Pizza Personal,Pizzas,14,13.0,154.7,Presencial,Sí,Descuento,15,Nublado,24,0,4,23,48,57
2024-11-13,Miércoles,11,2024,0,0,Cena,18,22,Pizza Familiar,Pizzas,12,32.0,384.0,Delivery,No,Ninguna,0,Nublado,24,0,4,22,37,52
2024-11-14,Jueves,11,2024,0,0,Desayuno,7,11,Jugo Natural,Bebidas,7,6.0,42.0,Presencial,No,Ninguna,0,Soleado,23,0,3,3,34,21
2024-11-14,Jueves,11,2024,0,0,Desayuno,7,11,Gaseosa,Bebidas,14,4.0,56.0,Presencial,No,Ninguna,0,Soleado,23,0,3,5,52,11
2024-11-14,Jueves,11,2024,0,0,Desayuno,7,11,Cheeseburger,Hamburguesas,12,14.0,126.0,Presencial,Sí,2x1,25,Soleado,23,0,3,14,37,16
2024-11-14,Jueves,11,2024,0,0,Desayuno,7,11,Sándwich de Pollo,Sándwiches,8,11.0,88.0,Delivery,No,Ninguna,0,Soleado,23,0,3,11,18,23
2024-11-14,Jueves,11,2024,0,0,Desayuno,7,11,Salchipapa Clásica,Salchipapas,11,10.0,110.0,Presencial,No,Ninguna,0,Soleado,23,0,3,8,16,12
2024-11-14,Jueves,11,2024,0,0,Almuerzo,12,16,Sándwich de Pollo,Sándwiches,19,11.0,209.0,Presencial,No,Ninguna,0,Soleado,23,0,4,11,32,30
2024-11-14,Jueves,11,2024,0,0,Almuerzo,12,16,Salchipapa Especial,Salchipapas,26,15.0,390.0,Web,No,Ninguna,0,Soleado,23,0,4,15,50,41
2024-11-14,Jueves,11,2024,0,0,Almuerzo,12,16,Alitas BBQ,Pollos,28,20.0,560.0,Presencial,No,Ninguna,0,Soleado,23,0,4,19,52,45
2024-11-14,Jueves,11,2024,0,0,Almuerzo,12,16,Hamburguesa BBQ,Hamburguesas,24,16.0,384.0,Presencial,No,Ninguna,0,Soleado,23,0,4,10,46,31
2024-11-14,Jueves,11,2024,0,0,Cena,18,22,Gaseosa,Bebidas,30,4.0,120.0,Delivery,No,Ninguna,0,Soleado,23,0,8,4,79,57
2024-11-14,Jueves,11,2024,0,0,Cena,18,22,Salchipapa Clásica,Salchipapas,23,10.0,230.0,Delivery,No,Ninguna,0,Soleado,23,0,8,8,33,62
2024-11-14,Jueves,11,2024,0,0,Cena,18,22,Pollo Broaster,Pollos,40,18.0,648.0,Delivery,Sí,Combo,10,Soleado,23,0,8,17,74,60
2024-11-14,Jueves,11,2024,0,0,Cena,18,22,Hamburguesa Clásica,Hamburguesas,27,12.0,324.0,Delivery,No,Ninguna,0,Soleado,23,0,8,8,48,58
2024-11-14,Jueves,11,2024,0,0,Cena,18,22,Hamburguesa BBQ,Hamburguesas,22,16.0,352.0,Presencial,No,Ninguna,0,Soleado,23,0,8,9,56,57
2024-11-15,Viernes,11,2024,0,0,Desayuno,7,11,Pollo Broaster,Pollos,16,18.0,288.0,Web,No,Ninguna,0,Lluvioso,22,1,4,13,28,24
2024-11-15,Viernes,11,2024,0,0,Desayuno,7,11,Sándwich de Pollo,Sándwiches,10,11.0,110.0,Delivery,No,Ninguna,0,Lluvioso,22,1,4,6,41,37
2024-11-15,Viernes,11,2024,0,0,Desayuno,7,11,Jugo Natural,Bebidas,10,6.0,60.0,Web,No,Ninguna,0,Lluvioso,22,1,4,4,41,36
2024-11-15,Viernes,11,2024,0,0,Desayuno,7,11,Cheeseburger,Hamburguesas,9,14.0,126.0,Web,No,Ninguna,0,Lluvioso,22,1,4,14,15,30
2024-11-15,Viernes,11,2024,0,0,Almuerzo,12,16,Pizza Personal,Pizzas,27,13.0,351.0,Delivery,No,Ninguna,0,Lluvioso,22,1,6,15,56,57
2024-11-15,Viernes,11,2024,0,0,Almuerzo,12,16,Gaseosa,Bebidas,51,4.0,204.0,Delivery,No,Ninguna,0,Lluvioso,22,1,6,4,93,56
2024-11-15,Viernes,11,2024,0,0,Almuerzo,12,16,Salchipapa Especial,Salchipapas,38,15.0,570.0,Web,No,Ninguna,0,Lluvioso,22,1,6,12,53,44
2024-11-15,Viernes,11,2024,0,0,Almuerzo,12,16,Pollo Broaster,Pollos,46,18.0,828.0,Delivery,No,Ninguna,0,Lluvioso,22,1,6,12,65,54
2024-11-15,Viernes,11,2024,0,0,Cena,18,22,Sándwich de Pollo,Sándwiches,27,11.0,237.6,Presencial,Sí,Descuento,20,Lluvioso,22,1,4,10,38,62
2024-11-15,Viernes,11,2024,0,0,Cena,18,22,Alitas BBQ,Pollos,33,20.0,660.0,Web,No,Ninguna,0,Lluvioso,22,1,4,20,50,71
2024-11-15,Viernes,11,2024,0,0,Cena,18,22,Gaseosa,Bebidas,40,4.0,128.0,Web,Sí,Combo,20,Lluvioso,22,1,4,5,60,79
2024-11-15,Viernes,11,2024,0,0,Cena,18,22,Pizza Familiar,Pizzas,21,32.0,537.6,Delivery,Sí,Combo,20,Lluvioso,22,1,4,22,46,76
2024-11-16,Sábado,11,2024,1,0,Desayuno,7,11,Hamburguesa Clásica,Hamburguesas,19,12.0,228.0,Presencial,No,Ninguna,0,Lluvioso,21,1,3,10,51,30
2024-11-16,Sábado,11,2024,1,0,Desayuno,7,11,Sándwich de Pollo,Sándwiches,8,11.0,88.0,Presencial,No,Ninguna,0,Lluvioso,21,1,3,10,42,40
2024-11-16,Sábado,11,2024,1,0,Desayuno,7,11,Jugo Natural,Bebidas,11,6.0,66.0,Presencial,No,Ninguna,0,Lluvioso,21,1,3,4,45,28
2024-11-16,Sábado,11,2024,1,0,Desayuno,7,11,Gaseosa,Bebidas,22,4.0,88.0,Presencial,No,Ninguna,0,Lluvioso,21,1,3,4,62,36
2024-11-16,Sábado,11,2024,1,0,Almuerzo,12,16,Cheeseburger,Hamburguesas,24,14.0,336.0,Delivery,No,Ninguna,0,Lluvioso,21,1,5,12,45,57
2024-11-16,Sábado,11,2024,1,0,Almuerzo,12,16,Gaseosa,Bebidas,52,4.0,208.0,Delivery,No,Ninguna,0,Lluvioso,21,1,5,3,73,69
2024-11-16,Sábado,11,2024,1,0,Almuerzo,12,16,Hamburguesa Clásica,Hamburguesas,29,12.0,348.0,Delivery,No,Ninguna,0,Lluvioso,21,1,5,8,57,62
2024-11-16,Sábado,11,2024,1,0,Cena,18,22,Gaseosa,Bebidas,48,4.0,153.6,Presencial,Sí,2x1,20,Lluvioso,21,1,5,5,79,69
2024-11-16,Sábado,11,2024,1,0,Cena,18,22,Hamburguesa Clásica,Hamburguesas,33,12.0,396.0,Web,No,Ninguna,0,Lluvioso,21,1,5,11,59,84
2024-11-16,Sábado,11,2024,1,0,Cena,18,22,Pollo Broaster,Pollos,34,18.0,612.0,Delivery,No,Ninguna,0,Lluvioso,21,1,5,19,60,71
2024-11-16,Sábado,11,2024,1,0,Cena,18,22,Salchipapa Clásica,Salchipapas,29,10.0,290.0,Presencial,No,Ninguna,0,Lluvioso,21,1,5,13,40,60
2024-11-17,Domingo,11,2024,1,0,Desayuno,7,11,Gaseosa,Bebidas,32,4.0,102.4,Web,Sí,Descuento,20,Nublado,22,0,4,3,61,33
2024-11-17,Domingo,11,2024,1,0,Desayuno,7,11,Jugo Natural,Bebidas,15,6.0,67.5,Presencial,Sí,Descuento,25,Nublado,22,0,4,3,68,30
2024-11-17,Domingo,11,2024,1,0,Desayuno,7,11,Hamburguesa Clásica,Hamburguesas,15,12.0,180.0,Presencial,No,Ninguna,0,Nublado,22,0,4,9,44,33
2024-11-17,Domingo,11,2024,1,0,Desayuno,7,11,Cheeseburger,Hamburguesas,9,14.0,126.0,Presencial,No,Ninguna,0,Nublado,22,0,4,11,44,22
2024-11-17,Domingo,11,2024,1,0,Desayuno,7,11,Salchipapa Especial,Salchipapas,11,15.0,165.0,Presencial,No,Ninguna,0,Nublado,22,0,4,12,43,34
2024-11-17,Domingo,11,2024,1,0,Almuerzo,12,16,Jugo Natural,Bebidas,24,6.0,144.0,Delivery,No,Ninguna,0,Nublado,22,0,7,2,65,46
2024-11-17,Domingo,11,2024,1,0,Almuerzo,12,16,Pollo Broaster,Pollos,43,18.0,774.0,Presencial,No,Ninguna,0,Nublado,22,0,7,16,53,31
2024-11-17,Domingo,11,2024,1,0,Almuerzo,12,16,Hamburguesa BBQ,Hamburguesas,23,16.0,368.0,Delivery,No,Ninguna,0,Nublado,22,0,7,9,41,38
2024-11-17,Domingo,11,2024,1,0,Almuerzo,12,16,Alitas BBQ,Pollos,32,20.0,640.0,Delivery,No,Ninguna,0,Nublado,22,0,7,20,55,44
2024-11-17,Domingo,11,2024,1,0,Almuerzo,12,16,Cheeseburger,Hamburguesas,21,14.0,235.2,Delivery,Sí,Combo,20,Nublado,22,0,7,12,49,54
2024-11-17,Domingo,11,2024,1,0,Almuerzo,12,16,Sándwich de Pollo,Sándwiches,29,11.0,319.0,Web,No,Ninguna,0,Nublado,22,0,7,6,54,42
2024-11-17,Domingo,11,2024,1,0,Cena,18,22,Pizza Personal,Pizzas,22,13.0,286.0,Presencial,No,Ninguna,0,Nublado,22,0,6,25,33,63
2024-11-17,Domingo,11,2024,1,0,Cena,18,22,Pollo Broaster,Pollos,53,18.0,763.2,Delivery,Sí,Descuento,20,Nublado,22,0,6,16,85,72
2024-11-17,Domingo,11,2024,1,0,Cena,18,22,Salchipapa Clásica,Salchipapas,19,10.0,190.0,Delivery,No,Ninguna,0,Nublado,22,0,6,9,44,49
2024-11-18,Lunes,11,2024,0,0,Desayuno,7,11,Jugo Natural,Bebidas,9,6.0,54.0,Web,No,Ninguna,0,Soleado,24,0,3,5,64,25
2024-11-18,Lunes,11,2024,0,0,Desayuno,7,11,Sándwich de Pollo,Sándwiches,7,11.0,77.0,Presencial,No,Ninguna,0,Soleado,24,0,3,6,31,11
2024-11-18,Lunes,11,2024,0,0,Desayuno,7,11,Pizza Personal,Pizzas,8,13.0,104.0,Presencial,No,Ninguna,0,Soleado,24,0,3,18,18,10
2024-11-18,Lunes,11,2024,0,0,Desayuno,7,11,Hamburguesa Clásica,Hamburguesas,12,12.0,144.0,Delivery,No,Ninguna,0,Soleado,24,0,3,11,27,15
2024-11-18,Lunes,11,2024,0,0,Almuerzo,12,16,Pollo Broaster,Pollos,40,18.0,612.0,Web,Sí,2x1,15,Soleado,24,0,7,14,67,45
2024-11-18,Lunes,11,2024,0,0,Almuerzo,12,16,Alitas BBQ,Pollos,26,20.0,520.0,Delivery,No,Ninguna,0,Soleado,24,0,7,15,43,31
2024-11-18,Lunes,11,2024,0,0,Almuerzo,12,16,Hamburguesa BBQ,Hamburguesas,18,16.0,288.0,Delivery,No,Ninguna,0,Soleado,24,0,7,8,50,28
2024-11-18,Lunes,11,2024,0,0,Almuerzo,12,16,Hamburguesa Clásica,Hamburguesas,21,12.0,252.0,Delivery,No,Ninguna,0,Soleado,24,0,7,10,40,43
2024-11-18,Lunes,11,2024,0,0,Cena,18,22,Salchipapa Clásica,Salchipapas,19,10.0,190.0,Presencial,No,Ninguna,0,Soleado,24,0,7,10,39,51
2024-11-18,Lunes,11,2024,0,0,Cena,18,22,Hamburguesa BBQ,Hamburguesas,18,16.0,288.0,Web,No,Ninguna,0,Soleado,24,0,7,11,53,54
2024-11-18,Lunes,11,2024,0,0,Cena,18,22,Pollo Broaster,Pollos,38,18.0,581.4,Presencial,Sí,2x1,15,Soleado,24,0,7,15,45,49
2024-11-18,Lunes,11,2024,0,0,Cena,18,22,Pizza Personal,Pizzas,17,13.0,221.0,Delivery,No,Ninguna,0,Soleado,24,0,7,21,50,46
2024-11-18,Lunes,11,2024,0,0,Cena,18,22,Hamburguesa Clásica,Hamburguesas,18,12.0,194.4,Delivery,Sí,Descuento,10,Soleado,24,0,7,11,32,59
2024-11-18,Lunes,11,2024,0,0,Cena,18,22,Pizza Familiar,Pizzas,15,32.0,480.0,Delivery,No,Ninguna,0,Soleado,24,0,7,22,21,64
2024-11-19,Martes,11,2024,0,0,Desayuno,7,11,Sándwich de Pollo,Sándwiches,9,11.0,74.25,Presencial,Sí,2x1,25,Nublado,20,0,4,7,37,18
2024-11-19,Martes,11,2024,0,0,Desayuno,7,11,Gaseosa,Bebidas,18,4.0,72.0,Presencial,No,Ninguna,0,Nublado,20,0,4,5,44,15
2024-11-19,Martes,11,2024,0,0,Desayuno,7,11,Cheeseburger,Hamburguesas,7,14.0,98.0,Presencial,No,Ninguna,0,Nublado,20,0,4,14,37,25
2024-11-19,Martes,11,2024,0,0,Almuerzo,12,16,Gaseosa,Bebidas,28,4.0,112.0,Delivery,No,Ninguna,0,Nublado,20,0,5,4,50,34
2024-11-19,Martes,11,2024,0,0,Almuerzo,12,16,Pizza Personal,Pizzas,19,13.0,247.0,Presencial,No,Ninguna,0,Nublado,20,0,5,25,32,43
2024-11-19,Martes,11,2024,0,0,Almuerzo,12,16,Pollo Broaster,Pollos,33,18.0,594.0,Presencial,No,Ninguna,0,Nublado,20,0,5,19,52,42
2024-11-19,Martes,11,2024,0,0,Almuerzo,12,16,Salchipapa Especial,Salchipapas,20,15.0,300.0,Delivery,No,Ninguna,0,Nublado,20,0,5,14,41,27
2024-11-19,Martes,11,2024,0,0,Cena,18,22,Gaseosa,Bebidas,21,4.0,84.0,Web,No,Ninguna,0,Nublado,20,0,5,5,44,60
2024-11-19,Martes,11,2024,0,0,Cena,18,22,Pizza Familiar,Pizzas,10,32.0,320.0,Delivery,No,Ninguna,0,Nublado,20,0,5,20,28,55
2024-11-19,Martes,11,2024,0,0,Cena,18,22,Pizza Personal,Pizzas,20,13.0,260.0,Delivery,No,Ninguna,0,Nublado,20,0,5,25,37,42
2024-11-19,Martes,11,2024,0,0,Cena,18,22,Salchipapa Clásica,Salchipapas,15,10.0,150.0,Delivery,No,Ninguna,0,Nublado,20,0,5,12,20,42
2024-11-20,Miércoles,11,2024,0,0,Desayuno,7,11,Jugo Natural,Bebidas,9,6.0,54.0,Presencial,No,Ninguna,0,Nublado,18,0,4,3,61,22
2024-11-20,Miércoles,11,2024,0,0,Desayuno,7,11,Gaseosa,Bebidas,18,4.0,72.0,Web,No,Ninguna,0,Nublado,18,0,4,3,48,25
2024-11-20,Miércoles,11,2024,0,0,Desayuno,7,11,Cheeseburger,Hamburguesas,7,14.0,98.0,Delivery,No,Ninguna,0,Nublado,18,0,4,8,21,19
2024-11-20,Miércoles,11,2024,0,0,Desayuno,7,11,Salchipapa Clásica,Salchipapas,11,10.0,110.0,Presencial,No,Ninguna,0,Nublado,18,0,4,15,23,10
2024-11-20,Miércoles,11,2024,0,0,Desayuno,7,11,Sándwich de Pollo,Sándwiches,6,11.0,66.0,Presencial,No,Ninguna,0,Nublado,18,0,4,9,33,10
2024-11-20,Miércoles,11,2024,0,0,Desayuno,7,11,Hamburguesa BBQ,Hamburguesas,10,16.0,160.0,Presencial,No,Ninguna,0,Nublado,18,0,4,10,42,23
2024-11-20,Miércoles,11,2024,0,0,Almuerzo,12,16,Pollo Broaster,Pollos,39,18.0,702.0,Presencial,No,Ninguna,0,Nublado,18,0,4,17,62,26
2024-11-20,Miércoles,11,2024,0,0,Almuerzo,12,16,Pizza Personal,Pizzas,21,13.0,204.75,Web,Sí,Combo,25,Nublado,18,0,4,25,32,50
2024-11-20,Miércoles,11,2024,0,0,Almuerzo,12,16,Gaseosa,Bebidas,35,4.0,140.0,Web,No,Ninguna,0,Nublado,18,0,4,5,93,43
2024-11-20,Miércoles,11,2024,0,0,Cena,18,22,Salchipapa Especial,Salchipapas,24,15.0,360.0,Presencial,No,Ninguna,0,Nublado,18,0,5,12,51,56
2024-11-20,Miércoles,11,2024,0,0,Cena,18,22,Gaseosa,Bebidas,36,4.0,144.0,Delivery,No,Ninguna,0,Nublado,18,0,5,5,84,58
2024-11-20,Miércoles,11,2024,0,0,Cena,18,22,Cheeseburger,Hamburguesas,14,14.0,196.0,Delivery,No,Ninguna,0,Nublado,18,0,5,13,26,57
2024-11-21,Jueves,11,2024,0,0,Desayuno,7,11,Jugo Natural,Bebidas,8,6.0,40.8,Presencial,Sí,Descuento,15,Soleado,23,0,3,2,43,21
2024-11-21,Jueves,11,2024,0,0,Desayuno,7,11,Pollo Broaster,Pollos,17,18.0,306.0,Presencial,No,Ninguna,0,Soleado,23,0,3,14,52,12
2024-11-21,Jueves,11,2024,0,0,Desayuno,7,11,Sándwich de Pollo,Sándwiches,11,11.0,121.0,Presencial,No,Ninguna,0,Soleado,23,0,3,12,41,22
2024-11-21,Jueves,11,2024,0,0,Desayuno,7,11,Hamburguesa BBQ,Hamburguesas,9,16.0,144.0,Presencial,No,Ninguna,0,Soleado,23,0,3,12,22,17
2024-11-21,Jueves,11,2024,0,0,Desayuno,7,11,Hamburguesa Clásica,Hamburguesas,15,12.0,180.0,Presencial,No,Ninguna,0,Soleado,23,0,3,10,49,15
2024-11-21,Jueves,11,2024,0,0,Almuerzo,12,16,Hamburguesa BBQ,Hamburguesas,25,16.0,400.0,Delivery,No,Ninguna,0,Soleado,23,0,4,12,55,41
2024-11-21,Jueves,11,2024,0,0,Almuerzo,12,16,Gaseosa,Bebidas,51,4.0,153.0,Presencial,Sí,Combo,25,Soleado,23,0,4,4,69,46
2024-11-21,Jueves,11,2024,0,0,Almuerzo,12,16,Salchipapa Clásica,Salchipapas,34,10.0,340.0,Presencial,No,Ninguna,0,Soleado,23,0,4,15,56,42
2024-11-21,Jueves,11,2024,0,0,Almuerzo,12,16,Pizza Personal,Pizzas,22,13.0,286.0,Web,No,Ninguna,0,Soleado,23,0,4,21,52,27
2024-11-21,Jueves,11,2024,0,0,Almuerzo,12,16,Pollo Broaster,Pollos,45,18.0,810.0,Presencial,No,Ninguna,0,Soleado,23,0,4,18,80,44
2024-11-21,Jueves,11,2024,0,0,Cena,18,22,Gaseosa,Bebidas,31,4.0,124.0,Web,No,Ninguna,0,Soleado,23,0,6,2,52,53
2024-11-21,Jueves,11,2024,0,0,Cena,18,22,Cheeseburger,Hamburguesas,21,14.0,294.0,Delivery,No,Ninguna,0,Soleado,23,0,6,8,39,54
2024-11-21,Jueves,11,2024,0,0,Cena,18,22,Alitas BBQ,Pollos,26,20.0,520.0,Presencial,No,Ninguna,0,Soleado,23,0,6,20,54,55
2024-11-21,Jueves,11,2024,0,0,Cena,18,22,Salchipapa Clásica,Salchipapas,23,10.0,230.0,Presencial,No,Ninguna,0,Soleado,23,0,6,13,50,57
2024-11-21,Jueves,11,2024,0,0,Cena,18,22,Pizza Personal,Pizzas,14,13.0,182.0,Web,No,Ninguna,0,Soleado,23,0,6,23,38,49
2024-11-22,Viernes,11,2024,0,0,Desayuno,7,11,Jugo Natural,Bebidas,10,6.0,60.0,Presencial,No,Ninguna,0,Nublado,24,0,4,2,30,18
2024-11-22,Viernes,11,2024,0,0,Desayuno,7,11,Sándwich de Pollo,Sándwiches,12,11.0,99.0,Presencial,Sí,Descuento,25,Nublado,24,0,4,7,31,20
2024-11-22,Viernes,11,2024,0,0,Desayuno,7,11,Salchipapa Especial,Salchipapas,13,15.0,195.0,Presencial,No,Ninguna,0,Nublado,24,0,4,12,45,25
2024-11-22,Viernes,11,2024,0,0,Desayuno,7,11,Cheeseburger,Hamburguesas,7,14.0,98.0,Presencial,No,Ninguna,0,Nublado,24,0,4,10,35,23
2024-11-22,Viernes,11,2024,0,0,Almuerzo,12,16,Hamburguesa Clásica,Hamburguesas,19,12.0,228.0,Presencial,No,Ninguna,0,Nublado,24,0,5,11,36,25
2024-11-22,Viernes,11,2024,0,0,Almuerzo,12,16,Salchipapa Especial,Salchipapas,26,15.0,390.0,Delivery,No,Ninguna,0,Nublado,24,0,5,13,42,28
2024-11-22,Viernes,11,2024,0,0,Almuerzo,12,16,Hamburguesa BBQ,Hamburguesas,32,16.0,512.0,Presencial,No,Ninguna,0,Nublado,24,0,5,8,53,32
2024-11-22,Viernes,11,2024,0,0,Almuerzo,12,16,Pollo Broaster,Pollos,33,18.0,594.0,Delivery,No,Ninguna,0,Nublado,24,0,5,14,64,44
2024-11-22,Viernes,11,2024,0,0,Cena,18,22,Hamburguesa Clásica,Hamburguesas,35,12.0,336.0,Delivery,Sí,Combo,20,Nublado,24,0,5,11,45,72
2024-11-22,Viernes,11,2024,0,0,Cena,18,22,Gaseosa,Bebidas,36,4.0,144.0,Presencial,No,Ninguna,0,Nublado,24,0,5,4,71,55
2024-11-22,Viernes,11,2024,0,0,Cena,18,22,Pizza Familiar,Pizzas,14,32.0,448.0,Web,No,Ninguna,0,Nublado,24,0,5,24,47,41
2024-11-22,Viernes,11,2024,0,0,Cena,18,22,Pollo Broaster,Pollos,35,18.0,630.0,Web,No,Ninguna,0,Nublado,24,0,5,14,51,55
2024-11-23,Sábado,11,2024,1,0,Desayuno,7,11,Sándwich de Pollo,Sándwiches,11,11.0,121.0,Presencial,No,Ninguna,0,Nublado,22,0,3,6,32,31
2024-11-23,Sábado,11,2024,1,0,Desayuno,7,11,Jugo Natural,Bebidas,14,6.0,71.4,Presencial,Sí,Combo,15,Nublado,22,0,3,2,52,24
2024-11-23,Sábado,11,2024,1,0,Desayuno,7,11,Salchipapa Clásica,Salchipapas,11,10.0,110.0,Delivery,No,Ninguna,0,Nublado,22,0,3,9,42,23
2024-11-23,Sábado,11,2024,1,0,Desayuno,7,11,Cheeseburger,Hamburguesas,10,14.0,140.0,Presencial,No,Ninguna,0,Nublado,22,0,3,13,32,26
2024-11-23,Sábado,11,2024,1,0,Almuerzo,12,16,Hamburguesa BBQ,Hamburguesas,29,16.0,464.0,Presencial,No,Ninguna,0,Nublado,22,0,7,13,36,40
2024-11-23,Sábado,11,2024,1,0,Almuerzo,12,16,Hamburguesa Clásica,Hamburguesas,27,12.0,324.0,Delivery,No,Ninguna,0,Nublado,22,0,7,12,44,38
2024-11-23,Sábado,11,2024,1,0,Almuerzo,12,16,Gaseosa,Bebidas,46,4.0,184.0,Delivery,No,Ninguna,0,Nublado,22,0,7,5,85,42
2024-11-23,Sábado,11,2024,1,0,Almuerzo,12,16,Salchipapa Especial,Salchipapas,56,15.0,840.0,Presencial,No,Ninguna,0,Nublado,22,0,7,10,91,40
2024-11-23,Sábado,11,2024,1,0,Almuerzo,12,16,Cheeseburger,Hamburguesas,40,14.0,476.0,Web,Sí,Combo,15,Nublado,22,0,7,9,63,48
2024-11-23,Sábado,11,2024,1,0,Cena,18,22,Hamburguesa Clásica,Hamburguesas,36,12.0,432.0,Delivery,No,Ninguna,0,Nublado,22,0,7,10,51,61
2024-11-23,Sábado,11,2024,1,0,Cena,18,22,Pizza Familiar,Pizzas,19,32.0,516.8,Delivery,Sí,Descuento,15,Nublado,22,0,7,17,39,68
2024-11-23,Sábado,11,2024,1,0,Cena,18,22,Salchipapa Especial,Salchipapas,31,15.0,465.0,Web,No,Ninguna,0,Nublado,22,0,7,8,47,69
2024-11-23,Sábado,11,2024,1,0,Cena,18,22,Gaseosa,Bebidas,40,4.0,160.0,Web,No,Ninguna,0,Nublado,22,0,7,5,94,59
2024-11-23,Sábado,11,2024,1,0,Cena,18,22,Pizza Personal,Pizzas,22,13.0,286.0,Presencial,No,Ninguna,0,Nublado,22,0,7,24,48,49
2024-11-24,Domingo,11,2024,1,0,Desayuno,7,11,Alitas BBQ,Pollos,16,20.0,240.0,Presencial,Sí,Descuento,25,Nublado,18,0,2,18,21,25
2024-11-24,Domingo,11,2024,1,0,Desayuno,7,11,Hamburguesa BBQ,Hamburguesas,12,16.0,192.0,Presencial,No,Ninguna,0,Nublado,18,0,2,14,41,31
2024-11-24,Domingo,11,2024,1,0,Desayuno,7,11,Cheeseburger,Hamburguesas,12,14.0,168.0,Delivery,No,Ninguna,0,Nublado,18,0,2,14,42,30
2024-11-24,Domingo,11,2024,1,0,Desayuno,7,11,Jugo Natural,Bebidas,9,6.0,54.0,Delivery,No,Ninguna,0,Nublado,18,0,2,3,28,32
2024-11-24,Domingo,11,2024,1,0,Desayuno,7,11,Sándwich de Pollo,Sándwiches,8,11.0,88.0,Delivery,No,Ninguna,0,Nublado,18,0,2,10,41,21
2024-11-24,Domingo,11,2024,1,0,Almuerzo,12,16,Hamburguesa Clásica,Hamburguesas,31,12.0,372.0,Delivery,No,Ninguna,0,Nublado,18,0,8,8,53,45
2024-11-24,Domingo,11,2024,1,0,Almuerzo,12,16,Alitas BBQ,Pollos,34,20.0,680.0,Delivery,No,Ninguna,0,Nublado,18,0,8,19,44,30
2024-11-24,Domingo,11,2024,1,0,Almuerzo,12,16,Pizza Familiar,Pizzas,23,32.0,736.0,Presencial,No,Ninguna,0,Nublado,18,0,8,22,37,36
2024-11-24,Domingo,11,2024,1,0,Almuerzo,12,16,Salchipapa Clásica,Salchipapas,25,10.0,250.0,Presencial,No,Ninguna,0,Nublado,18,0,8,15,46,35
2024-11-24,Domingo,11,2024,1,0,Cena,18,22,Pizza Personal,Pizzas,14,13.0,182.0,Delivery,No,Ninguna,0,Nublado,18,0,5,15,32,58
2024-11-24,Domingo,11,2024,1,0,Cena,18,22,Pizza Familiar,Pizzas,16,32.0,460.8,Web,Sí,Descuento,10,Nublado,18,0,5,23,49,61
2024-11-24,Domingo,11,2024,1,0,Cena,18,22,Pollo Broaster,Pollos,35,18.0,630.0,Presencial,No,Ninguna,0,Nublado,18,0,5,14,64,48
2024-11-25,Lunes,11,2024,0,0,Desayuno,7,11,Cheeseburger,Hamburguesas,10,14.0,140.0,Presencial,No,Ninguna,0,Soleado,26,0,2,12,43,11
2024-11-25,Lunes,11,2024,0,0,Desayuno,7,11,Sándwich de Pollo,Sándwiches,7,11.0,77.0,Presencial,No,Ninguna,0,Soleado,26,0,2,12,34,19
2024-11-25,Lunes,11,2024,0,0,Desayuno,7,11,Gaseosa,Bebidas,14,4.0,56.0,Presencial,No,Ninguna,0,Soleado,26,0,2,5,39,22
2024-11-25,Lunes,11,2024,0,0,Desayuno,7,11,Jugo Natural,Bebidas,15,6.0,72.0,Presencial,Sí,Descuento,20,Soleado,26,0,2,4,44,18
2024-11-25,Lunes,11,2024,0,0,Almuerzo,12,16,Hamburguesa Clásica,Hamburguesas,31,12.0,372.0,Presencial,No,Ninguna,0,Soleado,26,0,7,11,66,27
2024-11-25,Lunes,11,2024,0,0,Almuerzo,12,16,Pollo Broaster,Pollos,34,18.0,489.6,Delivery,Sí,Combo,20,Soleado,26,0,7,14,39,35
2024-11-25,Lunes,11,2024,0,0,Almuerzo,12,16,Pizza Familiar,Pizzas,14,32.0,448.0,Presencial,No,Ninguna,0,Soleado,26,0,7,18,29,39
2024-11-25,Lunes,11,2024,0,0,Almuerzo,12,16,Alitas BBQ,Pollos,17,20.0,340.0,Presencial,No,Ninguna,0,Soleado,26,0,7,15,47,38
2024-11-25,Lunes,11,2024,0,0,Cena,18,22,Gaseosa,Bebidas,26,4.0,104.0,Delivery,No,Ninguna,0,Soleado,26,0,5,5,72,43
2024-11-25,Lunes,11,2024,0,0,Cena,18,22,Salchipapa Especial,Salchipapas,21,15.0,315.0,Delivery,No,Ninguna,0,Soleado,26,0,5,9,34,42
2024-11-25,Lunes,11,2024,0,0,Cena,18,22,Jugo Natural,Bebidas,20,6.0,120.0,Web,No,Ninguna,0,Soleado,26,0,5,4,75,40
2024-11-25,Lunes,11,2024,0,0,Cena,18,22,Alitas BBQ,Pollos,15,20.0,300.0,Web,No,Ninguna,0,Soleado,26,0,5,16,32,51
2024-11-26,Martes,11,2024,0,0,Desayuno,7,11,Sándwich de Pollo,Sándwiches,6,11.0,66.0,Web,No,Ninguna,0,Lluvioso,18,1,2,10,11,29
2024-11-26,Martes,11,2024,0,0,Desayuno,7,11,Gaseosa,Bebidas,15,4.0,60.0,Presencial,No,Ninguna,0,Lluvioso,18,1,2,5,51,29
2024-11-26,Martes,11,2024,0,0,Desayuno,7,11,Salchipapa Clásica,Salchipapas,9,10.0,90.0,Delivery,No,Ninguna,0,Lluvioso,18,1,2,8,22,31
2024-11-26,Martes,11,2024,0,0,Desayuno,7,11,Salchipapa Especial,Salchipapas,8,15.0,120.0,Presencial,No,Ninguna,0,Lluvioso,18,1,2,12,19,42
2024-11-26,Martes,11,2024,0,0,Desayuno,7,11,Jugo Natural,Bebidas,10,6.0,60.0,Presencial,No,Ninguna,0,Lluvioso,18,1,2,5,35,38
2024-11-26,Martes,11,2024,0,0,Almuerzo,12,16,Sándwich de Pollo,Sándwiches,23,11.0,215.05,Delivery,Sí,Combo,15,Lluvioso,18,1,7,6,36,61
2024-11-26,Martes,11,2024,0,0,Almuerzo,12,16,Hamburguesa Clásica,Hamburguesas,33,12.0,396.0,Presencial,No,Ninguna,0,Lluvioso,18,1,7,8,65,46
2024-11-26,Martes,11,2024,0,0,Almuerzo,12,16,Pizza Familiar,Pizzas,17,32.0,544.0,Delivery,No,Ninguna,0,Lluvioso,18,1,7,22,28,58
2024-11-26,Martes,11,2024,0,0,Cena,18,22,Alitas BBQ,Pollos,20,20.0,400.0,Presencial,No,Ninguna,0,Lluvioso,18,1,7,17,26,60
2024-11-26,Martes,11,2024,0,0,Cena,18,22,Salchipapa Clásica,Salchipapas,22,10.0,220.0,Delivery,No,Ninguna,0,Lluvioso,18,1,7,10,53,57
2024-11-26,Martes,11,2024,0,0,Cena,18,22,Pizza Familiar,Pizzas,13,32.0,416.0,Delivery,No,Ninguna,0,Lluvioso,18,1,7,15,23,57
2024-11-26,Martes,11,2024,0,0,Cena,18,22,Gaseosa,Bebidas,26,4.0,104.0,Delivery,No,Ninguna,0,Lluvioso,18,1,7,2,69,60
2024-11-26,Martes,11,2024,0,0,Cena,18,22,Hamburguesa BBQ,Hamburguesas,19,16.0,304.0,Presencial,No,Ninguna,0,Lluvioso,18,1,7,8,39,63
2024-11-26,Martes,11,2024,0,0,Cena,18,22,Salchipapa Especial,Salchipapas,25,15.0,375.0,Presencial,No,Ninguna,0,Lluvioso,18,1,7,12,47,71
2024-11-27,Miércoles,11,2024,0,0,Desayuno,7,11,Gaseosa,Bebidas,17,4.0,68.0,Presencial,No,Ninguna,0,Soleado,24,0,4,4,59,13
2024-11-27,Miércoles,11,2024,0,0,Desayuno,7,11,Sándwich de Pollo,Sándwiches,8,11.0,88.0,Presencial,No,Ninguna,0,Soleado,24,0,4,9,39,14
2024-11-27,Miércoles,11,2024,0,0,Desayuno,7,11,Pollo Broaster,Pollos,13,18.0,234.0,Presencial,No,Ninguna,0,Soleado,24,0,4,18,23,25
2024-11-27,Miércoles,11,2024,0,0,Desayuno,7,11,Salchipapa Clásica,Salchipapas,11,10.0,110.0,Presencial,No,Ninguna,0,Soleado,24,0,4,12,23,11
2024-11-27,Miércoles,11,2024,0,0,Almuerzo,12,16,Pizza Personal,Pizzas,19,13.0,247.0,Presencial,No,Ninguna,0,Soleado,24,0,5,16,32,28
2024-11-27,Miércoles,11,2024,0,0,Almuerzo,12,16,Salchipapa Clásica,Salchipapas,29,10.0,290.0,Presencial,No,Ninguna,0,Soleado,24,0,5,14,44,29
2024-11-27,Miércoles,11,2024,0,0,Almuerzo,12,16,Gaseosa,Bebidas,42,4.0,168.0,Presencial,No,Ninguna,0,Soleado,24,0,5,2,79,28
2024-11-27,Miércoles,11,2024,0,0,Almuerzo,12,16,Hamburguesa Clásica,Hamburguesas,32,12.0,384.0,Delivery,No,Ninguna,0,Soleado,24,0,5,8,50,31
2024-11-27,Miércoles,11,2024,0,0,Almuerzo,12,16,Jugo Natural,Bebidas,25,6.0,150.0,Delivery,No,Ninguna,0,Soleado,24,0,5,3,75,25
2024-11-27,Miércoles,11,2024,0,0,Cena,18,22,Pollo Broaster,Pollos,30,18.0,540.0,Presencial,No,Ninguna,0,Soleado,24,0,4,19,36,60
2024-11-27,Miércoles,11,2024,0,0,Cena,18,22,Pizza Familiar,Pizzas,16,32.0,512.0,Presencial,No,Ninguna,0,Soleado,24,0,4,19,21,55
2024-11-27,Miércoles,11,2024,0,0,Cena,18,22,Gaseosa,Bebidas,28,4.0,112.0,Web,No,Ninguna,0,Soleado,24,0,4,5,73,58
2024-11-27,Miércoles,11,2024,0,0,Cena,18,22,Salchipapa Especial,Salchipapas,15,15.0,225.0,Delivery,No,Ninguna,0,Soleado,24,0,4,13,43,60
2024-11-27,Miércoles,11,2024,0,0,Cena,18,22,Salchipapa Clásica,Salchipapas,22,10.0,220.0,Delivery,No,Ninguna,0,Soleado,24,0,4,15,46,53
2024-11-27,Miércoles,11,2024,0,0,Cena,18,22,Hamburguesa Clásica,Hamburguesas,36,12.0,324.0,Delivery,Sí,Combo,25,Soleado,24,0,4,8,47,50
2024-11-28,Jueves,11,2024,0,0,Desayuno,7,11,Gaseosa,Bebidas,14,4.0,56.0,Presencial,No,Ninguna,0,Nublado,23,0,2,5,54,18
2024-11-28,Jueves,11,2024,0,0,Desayuno,7,11,Pizza Personal,Pizzas,8,13.0,104.0,Presencial,No,Ninguna,0,Nublado,23,0,2,21,38,17
2024-11-28,Jueves,11,2024,0,0,Desayuno,7,11,Jugo Natural,Bebidas,8,6.0,48.0,Presencial,No,Ninguna,0,Nublado,23,0,2,2,60,12
2024-11-28,Jueves,11,2024,0,0,Desayuno,7,11,Cheeseburger,Hamburguesas,10,14.0,119.0,Delivery,Sí,Descuento,15,Nublado,23,0,2,10,38,21
2024-11-28,Jueves,11,2024,0,0,Desayuno,7,11,Sándwich de Pollo,Sándwiches,7,11.0,77.0,Presencial,No,Ninguna,0,Nublado,23,0,2,11,15,24
2024-11-28,Jueves,11,2024,0,0,Almuerzo,12,16,Cheeseburger,Hamburguesas,17,14.0,238.0,Presencial,No,Ninguna,0,Nublado,23,0,7,11,50,30
2024-11-28,Jueves,11,2024,0,0,Almuerzo,12,16,Pollo Broaster,Pollos,32,18.0,576.0,Delivery,No,Ninguna,0,Nublado,23,0,7,17,66,32
2024-11-28,Jueves,11,2024,0,0,Almuerzo,12,16,Hamburguesa Clásica,Hamburguesas,22,12.0,264.0,Web,No,Ninguna,0,Nublado,23,0,7,9,29,38
2024-11-28,Jueves,11,2024,0,0,Almuerzo,12,16,Salchipapa Especial,Salchipapas,26,15.0,390.0,Presencial,No,Ninguna,0,Nublado,23,0,7,14,38,37
2024-11-28,Jueves,11,2024,0,0,Almuerzo,12,16,Pizza Familiar,Pizzas,19,32.0,608.0,Presencial,No,Ninguna,0,Nublado,23,0,7,24,32,25
2024-11-28,Jueves,11,2024,0,0,Cena,18,22,Hamburguesa BBQ,Hamburguesas,19,16.0,304.0,Delivery,No,Ninguna,0,Nublado,23,0,8,13,49,43
2024-11-28,Jueves,11,2024,0,0,Cena,18,22,Pizza Familiar,Pizzas,16,32.0,512.0,Delivery,No,Ninguna,0,Nublado,23,0,8,25,25,42
2024-11-28,Jueves,11,2024,0,0,Cena,18,22,Gaseosa,Bebidas,26,4.0,104.0,Web,No,Ninguna,0,Nublado,23,0,8,3,68,52
2024-11-28,Jueves,11,2024,0,0,Cena,18,22,Salchipapa Especial,Salchipapas,16,15.0,180.0,Delivery,Sí,Combo,25,Nublado,23,0,8,11,23,49
2024-11-29,Viernes,11,2024,0,0,Desayuno,7,11,Gaseosa,Bebidas,23,4.0,92.0,Presencial,No,Ninguna,0,Soleado,26,0,2,3,55,10
2024-11-29,Viernes,11,2024,0,0,Desayuno,7,11,Sándwich de Pollo,Sándwiches,10,11.0,110.0,Presencial,No,Ninguna,0,Soleado,26,0,2,7,38,12
2024-11-29,Viernes,11,2024,0,0,Desayuno,7,11,Salchipapa Especial,Salchipapas,18,15.0,270.0,Presencial,No,Ninguna,0,Soleado,26,0,2,10,51,23
2024-11-29,Viernes,11,2024,0,0,Desayuno,7,11,Salchipapa Clásica,Salchipapas,13,10.0,130.0,Delivery,No,Ninguna,0,Soleado,26,0,2,9,29,25
2024-11-29,Viernes,11,2024,0,0,Desayuno,7,11,Cheeseburger,Hamburguesas,7,14.0,98.0,Presencial,No,Ninguna,0,Soleado,26,0,2,12,19,16
2024-11-29,Viernes,11,2024,0,0,Almuerzo,12,16,Hamburguesa Clásica,Hamburguesas,40,12.0,384.0,Presencial,Sí,Combo,20,Soleado,26,0,7,9,61,34
2024-11-29,Viernes,11,2024,0,0,Almuerzo,12,16,Salchipapa Especial,Salchipapas,33,15.0,495.0,Web,No,Ninguna,0,Soleado,26,0,7,12,54,44
2024-11-29,Viernes,11,2024,0,0,Almuerzo,12,16,Hamburguesa BBQ,Hamburguesas,25,16.0,400.0,Presencial,No,Ninguna,0,Soleado,26,0,7,9,46,25
2024-11-29,Viernes,11,2024,0,0,Cena,18,22,Pollo Broaster,Pollos,45,18.0,810.0,Web,No,Ninguna,0,Soleado,26,0,8,20,53,64
2024-11-29,Viernes,11,2024,0,0,Cena,18,22,Gaseosa,Bebidas,41,4.0,164.0,Delivery,No,Ninguna,0,Soleado,26,0,8,5,93,58
2024-11-29,Viernes,11,2024,0,0,Cena,18,22,Hamburguesa BBQ,Hamburguesas,22,16.0,352.0,Presencial,No,Ninguna,0,Soleado,26,0,8,14,43,44
2024-11-29,Viernes,11,2024,0,0,Cena,18,22,Pizza Personal,Pizzas,16,13.0,208.0,Presencial,No,Ninguna,0,Soleado,26,0,8,17,28,61
2024-11-29,Viernes,11,2024,0,0,Cena,18,22,Alitas BBQ,Pollos,25,20.0,500.0,Delivery,No,Ninguna,0,Soleado,26,0,8,16,42,62
2024-11-30,Sábado,11,2024,1,0,Desayuno,7,11,Pizza Personal,Pizzas,9,13.0,117.0,Web,No,Ninguna,0,Nublado,18,0,4,19,31,19
2024-11-30,Sábado,11,2024,1,0,Desayuno,7,11,Salchipapa Clásica,Salchipapas,16,10.0,160.0,Presencial,No,Ninguna,0,Nublado,18,0,4,14,43,27
2024-11-30,Sábado,11,2024,1,0,Desayuno,7,11,Gaseosa,Bebidas,21,4.0,71.4,Presencial,Sí,Descuento,15,Nublado,18,0,4,4,76,36
2024-11-30,Sábado,11,2024,1,0,Desayuno,7,11,Pizza Familiar,Pizzas,8,32.0,230.4,Presencial,Sí,Combo,10,Nublado,18,0,4,23,21,37
2024-11-30,Sábado,11,2024,1,0,Almuerzo,12,16,Jugo Natural,Bebidas,28,6.0,168.0,Presencial,No,Ninguna,0,Nublado,18,0,7,5,76,47
2024-11-30,Sábado,11,2024,1,0,Almuerzo,12,16,Gaseosa,Bebidas,63,4.0,252.0,Delivery,No,Ninguna,0,Nublado,18,0,7,5,82,38
2024-11-30,Sábado,11,2024,1,0,Almuerzo,12,16,Sándwich de Pollo,Sándwiches,23,11.0,253.0,Presencial,No,Ninguna,0,Nublado,18,0,7,10,56,50
2024-11-30,Sábado,11,2024,1,0,Almuerzo,12,16,Hamburguesa Clásica,Hamburguesas,39,12.0,351.0,Presencial,Sí,Descuento,25,Nublado,18,0,7,14,71,35
2024-11-30,Sábado,11,2024,1,0,Almuerzo,12,16,Salchipapa Especial,Salchipapas,31,15.0,465.0,Presencial,No,Ninguna,0,Nublado,18,0,7,9,65,49
2024-11-30,Sábado,11,2024,1,0,Cena,18,22,Pizza Familiar,Pizzas,18,32.0,576.0,Web,No,Ninguna,0,Nublado,18,0,5,15,32,45
2024-11-30,Sábado,11,2024,1,0,Cena,18,22,Hamburguesa BBQ,Hamburguesas,18,16.0,244.8,Delivery,Sí,Combo,15,Nublado,18,0,5,8,39,69
2024-11-30,Sábado,11,2024,1,0,Cena,18,22,Alitas BBQ,Pollos,11,20.0,220.0,Web,No,Ninguna,0,Nublado,18,0,5,19,43,51
2024-11-30,Sábado,11,2024,1,0,Cena,18,22,Pizza Personal,Pizzas,19,13.0,247.0,Delivery,No,Ninguna,0,Nublado,18,0,5,17,43,61
2024-12-01,Domingo,12,2024,1,0,Desayuno,7,11,Hamburguesa Clásica,Hamburguesas,16,12.0,192.0,Presencial,No,Ninguna,0,Soleado,25,0,4,9,38,27
2024-12-01,Domingo,12,2024,1,0,Desayuno,7,11,Gaseosa,Bebidas,29,4.0,87.0,Presencial,Sí,Combo,25,Soleado,25,0,4,4,74,24
2024-12-01,Domingo,12,2024,1,0,Desayuno,7,11,Sándwich de Pollo,Sándwiches,10,11.0,110.0,Presencial,No,Ninguna,0,Soleado,25,0,4,11,28,23
2024-12-01,Domingo,12,2024,1,0,Desayuno,7,11,Salchipapa Especial,Salchipapas,16,15.0,240.0,Delivery,No,Ninguna,0,Soleado,25,0,4,9,35,20
2024-12-01,Domingo,12,2024,1,0,Desayuno,7,11,Jugo Natural,Bebidas,10,6.0,60.0,Presencial,No,Ninguna,0,Soleado,25,0,4,5,63,20
2024-12-01,Domingo,12,2024,1,0,Almuerzo,12,16,Salchipapa Clásica,Salchipapas,20,10.0,200.0,Delivery,No,Ninguna,0,Soleado,25,0,8,14,42,45
2024-12-01,Domingo,12,2024,1,0,Almuerzo,12,16,Gaseosa,Bebidas,53,4.0,212.0,Presencial,No,Ninguna,0,Soleado,25,0,8,4,106,37
2024-12-01,Domingo,12,2024,1,0,Almuerzo,12,16,Hamburguesa Clásica,Hamburguesas,43,12.0,516.0,Presencial,No,Ninguna,0,Soleado,25,0,8,14,75,46
2024-12-01,Domingo,12,2024,1,0,Almuerzo,12,16,Pollo Broaster,Pollos,39,18.0,702.0,Presencial,No,Ninguna,0,Soleado,25,0,8,16,47,36
2024-12-01,Domingo,12,2024,1,0,Cena,18,22,Pizza Familiar,Pizzas,13,32.0,416.0,Delivery,No,Ninguna,0,Soleado,25,0,8,18,45,54
2024-12-01,Domingo,12,2024,1,0,Cena,18,22,Salchipapa Especial,Salchipapas,47,15.0,705.0,Presencial,No,Ninguna,0,Soleado,25,0,8,11,80,51
2024-12-01,Domingo,12,2024,1,0,Cena,18,22,Pollo Broaster,Pollos,43,18.0,619.2,Delivery,Sí,2x1,20,Soleado,25,0,8,17,58,56
2024-12-01,Domingo,12,2024,1,0,Cena,18,22,Gaseosa,Bebidas,53,4.0,212.0,Delivery,No,Ninguna,0,Soleado,25,0,8,4,93,67
2024-12-02,Lunes,12,2024,0,0,Desayuno,7,11,Alitas BBQ,Pollos,8,20.0,160.0,Presencial,No,Ninguna,0,Soleado,31,0,3,19,27,16
2024-12-02,Lunes,12,2024,0,0,Desayuno,7,11,Sándwich de Pollo,Sándwiches,9,11.0,99.0,Web,No,Ninguna,0,Soleado,31,0,3,11,36,22
2024-12-02,Lunes,12,2024,0,0,Desayuno,7,11,Cheeseburger,Hamburguesas,8,14.0,112.0,Presencial,No,Ninguna,0,Soleado,31,0,3,8,31,14
2024-12-02,Lunes,12,2024,0,0,Desayuno,7,11,Salchipapa Especial,Salchipapas,11,15.0,165.0,Presencial,No,Ninguna,0,Soleado,31,0,3,8,45,20
2024-12-02,Lunes,12,2024,0,0,Almuerzo,12,16,Cheeseburger,Hamburguesas,28,14.0,392.0,Presencial,No,Ninguna,0,Soleado,31,0,5,9,54,43
2024-12-02,Lunes,12,2024,0,0,Almuerzo,12,16,Sándwich de Pollo,Sándwiches,19,11.0,209.0,Presencial,No,Ninguna,0,Soleado,31,0,5,10,43,40
2024-12-02,Lunes,12,2024,0,0,Almuerzo,12,16,Hamburguesa Clásica,Hamburguesas,26,12.0,312.0,Delivery,No,Ninguna,0,Soleado,31,0,5,8,61,37
2024-12-02,Lunes,12,2024,0,0,Almuerzo,12,16,Salchipapa Especial,Salchipapas,25,15.0,375.0,Delivery,No,Ninguna,0,Soleado,31,0,5,12,49,42
2024-12-02,Lunes,12,2024,0,0,Cena,18,22,Pollo Broaster,Pollos,25,18.0,450.0,Presencial,No,Ninguna,0,Soleado,31,0,5,14,45,54
2024-12-02,Lunes,12,2024,0,0,Cena,18,22,Alitas BBQ,Pollos,17,20.0,340.0,Presencial,No,Ninguna,0,Soleado,31,0,5,14,39,42
2024-12-02,Lunes,12,2024,0,0,Cena,18,22,Gaseosa,Bebidas,28,4.0,112.0,Delivery,No,Ninguna,0,Soleado,31,0,5,4,67,41
2024-12-03,Martes,12,2024,0,0,Desayuno,7,11,Sándwich de Pollo,Sándwiches,7,11.0,77.0,Presencial,No,Ninguna,0,Nublado,19,0,3,9,12,13
2024-12-03,Martes,12,2024,0,0,Desayuno,7,11,Cheeseburger,Hamburguesas,6,14.0,84.0,Presencial,No,Ninguna,0,Nublado,19,0,3,13,30,25
2024-12-03,Martes,12,2024,0,0,Desayuno,7,11,Pollo Broaster,Pollos,19,18.0,342.0,Web,No,Ninguna,0,Nublado,19,0,3,18,50,15
2024-12-03,Martes,12,2024,0,0,Desayuno,7,11,Jugo Natural,Bebidas,7,6.0,42.0,Delivery,No,Ninguna,0,Nublado,19,0,3,5,48,25
2024-12-03,Martes,12,2024,0,0,Almuerzo,12,16,Cheeseburger,Hamburguesas,19,14.0,266.0,Presencial,No,Ninguna,0,Nublado,19,0,5,9,28,37
2024-12-03,Martes,12,2024,0,0,Almuerzo,12,16,Pizza Personal,Pizzas,20,13.0,260.0,Presencial,No,Ninguna,0,Nublado,19,0,5,21,34,38
2024-12-03,Martes,12,2024,0,0,Almuerzo,12,16,Salchipapa Especial,Salchipapas,33,15.0,371.25,Delivery,Sí,Combo,25,Nublado,19,0,5,13,45,44
2024-12-03,Martes,12,2024,0,0,Almuerzo,12,16,Gaseosa,Bebidas,33,4.0,132.0,Web,No,Ninguna,0,Nublado,19,0,5,5,72,33
2024-12-03,Martes,12,2024,0,0,Almuerzo,12,16,Pollo Broaster,Pollos,44,18.0,792.0,Delivery,No,Ninguna,0,Nublado,19,0,5,20,68,42
2024-12-03,Martes,12,2024,0,0,Cena,18,22,Pollo Broaster,Pollos,36,18.0,550.8,Presencial,Sí,Combo,15,Nublado,19,0,8,18,60,56
2024-12-03,Martes,12,2024,0,0,Cena,18,22,Gaseosa,Bebidas,28,4.0,112.0,Presencial,No,Ninguna,0,Nublado,19,0,8,4,51,41
2024-12-03,Martes,12,2024,0,0,Cena,18,22,Salchipapa Especial,Salchipapas,21,15.0,315.0,Web,No,Ninguna,0,Nublado,19,0,8,12,48,40
2024-12-03,Martes,12,2024,0,0,Cena,18,22,Jugo Natural,Bebidas,16,6.0,96.0,Delivery,No,Ninguna,0,Nublado,19,0,8,3,61,54
2024-12-04,Miércoles,12,2024,0,0,Desayuno,7,11,Sándwich de Pollo,Sándwiches,11,11.0,96.8,Presencial,Sí,2x1,20,Soleado,26,0,2,12,38,25
2024-12-04,Miércoles,12,2024,0,0,Desayuno,7,11,Salchipapa Clásica,Salchipapas,10,10.0,100.0,Delivery,No,Ninguna,0,Soleado,26,0,2,11,17,15
2024-12-04,Miércoles,12,2024,0,0,Desayuno,7,11,Gaseosa,Bebidas,22,4.0,88.0,Presencial,No,Ninguna,0,Soleado,26,0,2,5,60,12
2024-12-04,Miércoles,12,2024,0,0,Desayuno,7,11,Pollo Broaster,Pollos,19,18.0,342.0,Presencial,No,Ninguna,0,Soleado,26,0,2,17,33,16
2024-12-04,Miércoles,12,2024,0,0,Desayuno,7,11,Jugo Natural,Bebidas,11,6.0,66.0,Presencial,No,Ninguna,0,Soleado,26,0,2,4,52,12
2024-12-04,Miércoles,12,2024,0,0,Almuerzo,12,16,Hamburguesa Clásica,Hamburguesas,24,12.0,288.0,Web,No,Ninguna,0,Soleado,26,0,5,9,55,41
2024-12-04,Miércoles,12,2024,0,0,Almuerzo,12,16,Salchipapa Especial,Salchipapas,33,15.0,495.0,Presencial,No,Ninguna,0,Soleado,26,0,5,10,48,31
2024-12-04,Miércoles,12,2024,0,0,Almuerzo,12,16,Cheeseburger,Hamburguesas,19,14.0,266.0,Presencial,No,Ninguna,0,Soleado,26,0,5,8,39,38
2024-12-04,Miércoles,12,2024,0,0,Almuerzo,12,16,Pollo Broaster,Pollos,49,18.0,882.0,Presencial,No,Ninguna,0,Soleado,26,0,5,20,63,41
2024-12-04,Miércoles,12,2024,0,0,Cena,18,22,Salchipapa Especial,Salchipapas,23,15.0,345.0,Web,No,Ninguna,0,Soleado,26,0,6,10,49,56
2024-12-04,Miércoles,12,2024,0,0,Cena,18,22,Pollo Broaster,Pollos,30,18.0,540.0,Delivery,No,Ninguna,0,Soleado,26,0,6,14,36,64
2024-12-04,Miércoles,12,2024,0,0,Cena,18,22,Pizza Familiar,Pizzas,15,32.0,480.0,Delivery,No,Ninguna,0,Soleado,26,0,6,24,50,40
2024-12-04,Miércoles,12,2024,0,0,Cena,18,22,Cheeseburger,Hamburguesas,18,14.0,252.0,Delivery,No,Ninguna,0,Soleado,26,0,6,9,33,51
2024-12-04,Miércoles,12,2024,0,0,Cena,18,22,Alitas BBQ,Pollos,20,20.0,400.0,Presencial,No,Ninguna,0,Soleado,26,0,6,16,32,40
2024-12-04,Miércoles,12,2024,0,0,Cena,18,22,Hamburguesa BBQ,Hamburguesas,11,16.0,176.0,Web,No,Ninguna,0,Soleado,26,0,6,9,33,59
2024-12-05,Jueves,12,2024,0,0,Desayuno,7,11,Sándwich de Pollo,Sándwiches,7,11.0,77.0,Delivery,No,Ninguna,0,Soleado,28,0,2,9,19,21
2024-12-05,Jueves,12,2024,0,0,Desayuno,7,11,Cheeseburger,Hamburguesas,13,14.0,154.7,Presencial,Sí,Descuento,15,Soleado,28,0,2,14,38,18
2024-12-05,Jueves,12,2024,0,0,Desayuno,7,11,Jugo Natural,Bebidas,9,6.0,54.0,Presencial,No,Ninguna,0,Soleado,28,0,2,2,45,15
2024-12-05,Jueves,12,2024,0,0,Desayuno,7,11,Salchipapa Especial,Salchipapas,12,15.0,180.0,Presencial,No,Ninguna,0,Soleado,28,0,2,12,36,21
2024-12-05,Jueves,12,2024,0,0,Almuerzo,12,16,Gaseosa,Bebidas,47,4.0,188.0,Presencial,No,Ninguna,0,Soleado,28,0,5,3,66,32
2024-12-05,Jueves,12,2024,0,0,Almuerzo,12,16,Salchipapa Especial,Salchipapas,47,15.0,634.5,Delivery,Sí,2x1,10,Soleado,28,0,5,10,77,48
2024-12-05,Jueves,12,2024,0,0,Almuerzo,12,16,Jugo Natural,Bebidas,27,6.0,162.0,Delivery,No,Ninguna,0,Soleado,28,0,5,3,80,25
2024-12-05,Jueves,12,2024,0,0,Almuerzo,12,16,Hamburguesa BBQ,Hamburguesas,30,16.0,480.0,Presencial,No,Ninguna,0,Soleado,28,0,5,12,48,31
2024-12-05,Jueves,12,2024,0,0,Cena,18,22,Gaseosa,Bebidas,41,4.0,164.0,Delivery,No,Ninguna,0,Soleado,28,0,4,4,99,64
2024-12-05,Jueves,12,2024,0,0,Cena,18,22,Salchipapa Especial,Salchipapas,20,15.0,300.0,Delivery,No,Ninguna,0,Soleado,28,0,4,15,36,60
2024-12-05,Jueves,12,2024,0,0,Cena,18,22,Pizza Personal,Pizzas,21,13.0,273.0,Presencial,No,Ninguna,0,Soleado,28,0,4,25,30,50
2024-12-05,Jueves,12,2024,0,0,Cena,18,22,Alitas BBQ,Pollos,25,20.0,425.0,Delivery,Sí,Combo,15,Soleado,28,0,4,20,38,45
2024-12-05,Jueves,12,2024,0,0,Cena,18,22,Pollo Broaster,Pollos,29,18.0,522.0,Presencial,No,Ninguna,0,Soleado,28,0,4,16,60,55
2024-12-06,Viernes,12,2024,0,0,Desayuno,7,11,Gaseosa,Bebidas,11,4.0,44.0,Presencial,No,Ninguna,0,Nublado,20,0,2,5,57,10
2024-12-06,Viernes,12,2024,0,0,Desayuno,7,11,Cheeseburger,Hamburguesas,11,14.0,154.0,Presencial,No,Ninguna,0,Nublado,20,0,2,9,44,12
2024-12-06,Viernes,12,2024,0,0,Desayuno,7,11,Jugo Natural,Bebidas,11,6.0,66.0,Presencial,No,Ninguna,0,Nublado,20,0,2,2,57,22
2024-12-06,Viernes,12,2024,0,0,Almuerzo,12,16,Hamburguesa Clásica,Hamburguesas,25,12.0,300.0,Web,No,Ninguna,0,Nublado,20,0,4,8,53,28
2024-12-06,Viernes,12,2024,0,0,Almuerzo,12,16,Salchipapa Especial,Salchipapas,31,15.0,465.0,Web,No,Ninguna,0,Nublado,20,0,4,10,54,45
2024-12-06,Viernes,12,2024,0,0,Almuerzo,12,16,Gaseosa,Bebidas,45,4.0,180.0,Delivery,No,Ninguna,0,Nublado,20,0,4,5,84,26
2024-12-06,Viernes,12,2024,0,0,Almuerzo,12,16,Salchipapa Clásica,Salchipapas,22,10.0,220.0,Presencial,No,Ninguna,0,Nublado,20,0,4,12,31,33
2024-12-06,Viernes,12,2024,0,0,Almuerzo,12,16,Pizza Familiar,Pizzas,19,32.0,608.0,Presencial,No,Ninguna,0,Nublado,20,0,4,19,36,32
2024-12-06,Viernes,12,2024,0,0,Cena,18,22,Pollo Broaster,Pollos,46,18.0,828.0,Presencial,No,Ninguna,0,Nublado,20,0,4,14,53,60
2024-12-06,Viernes,12,2024,0,0,Cena,18,22,Alitas BBQ,Pollos,26,20.0,520.0,Presencial,No,Ninguna,0,Nublado,20,0,4,16,46,57
2024-12-06,Viernes,12,2024,0,0,Cena,18,22,Pizza Familiar,Pizzas,20,32.0,640.0,Delivery,No,Ninguna,0,Nublado,20,0,4,22,26,57
2024-12-06,Viernes,12,2024,0,0,Cena,18,22,Gaseosa,Bebidas,36,4.0,144.0,Delivery,No,Ninguna,0,Nublado,20,0,4,5,72,64
2024-12-06,Viernes,12,2024,0,0,Cena,18,22,Salchipapa Clásica,Salchipapas,22,10.0,220.0,Delivery,No,Ninguna,0,Nublado,20,0,4,11,52,51
2024-12-07,Sábado,12,2024,1,0,Desayuno,7,11,Salchipapa Clásica,Salchipapas,15,10.0,150.0,Presencial,No,Ninguna,0,Nublado,21,0,3,11,43,20
2024-12-07,Sábado,12,2024,1,0,Desayuno,7,11,Jugo Natural,Bebidas,15,6.0,90.0,Presencial,No,Ninguna,0,Nublado,21,0,3,3,43,33
2024-12-07,Sábado,12,2024,1,0,Desayuno,7,11,Cheeseburger,Hamburguesas,10,14.0,140.0,Presencial,No,Ninguna,0,Nublado,21,0,3,9,15,16
2024-12-07,Sábado,12,2024,1,0,Desayuno,7,11,Hamburguesa Clásica,Hamburguesas,16,12.0,192.0,Presencial,No,Ninguna,0,Nublado,21,0,3,11,32,19
2024-12-07,Sábado,12,2024,1,0,Desayuno,7,11,Sándwich de Pollo,Sándwiches,10,11.0,110.0,Presencial,No,Ninguna,0,Nublado,21,0,3,6,18,33
2024-12-07,Sábado,12,2024,1,0,Almuerzo,12,16,Alitas BBQ,Pollos,47,20.0,799.0,Presencial,Sí,Descuento,15,Nublado,21,0,6,12,69,49
2024-12-07,Sábado,12,2024,1,0,Almuerzo,12,16,Pizza Personal,Pizzas,27,13.0,351.0,Delivery,No,Ninguna,0,Nublado,21,0,6,20,48,50
2024-12-07,Sábado,12,2024,1,0,Almuerzo,12,16,Salchipapa Clásica,Salchipapas,36,10.0,306.0,Delivery,Sí,Combo,15,Nublado,21,0,6,9,41,37
2024-12-07,Sábado,12,2024,1,0,Almuerzo,12,16,Pollo Broaster,Pollos,46,18.0,828.0,Delivery,No,Ninguna,0,Nublado,21,0,6,18,58,38
2024-12-07,Sábado,12,2024,1,0,Cena,18,22,Hamburguesa BBQ,Hamburguesas,26,16.0,416.0,Delivery,No,Ninguna,0,Nublado,21,0,4,11,54,47
2024-12-07,Sábado,12,2024,1,0,Cena,18,22,Alitas BBQ,Pollos,33,20.0,660.0,Delivery,No,Ninguna,0,Nublado,21,0,4,17,44,49
2024-12-07,Sábado,12,2024,1,0,Cena,18,22,Jugo Natural,Bebidas,25,6.0,150.0,Delivery,No,Ninguna,0,Nublado,21,0,4,5,74,54
2024-12-07,Sábado,12,2024,1,0,Cena,18,22,Gaseosa,Bebidas,60,4.0,240.0,Delivery,No,Ninguna,0,Nublado,21,0,4,3,118,67
2024-12-07,Sábado,12,2024,1,0,Cena,18,22,Cheeseburger,Hamburguesas,27,14.0,378.0,Delivery,No,Ninguna,0,Nublado,21,0,4,13,58,55
2024-12-07,Sábado,12,2024,1,0,Cena,18,22,Salchipapa Especial,Salchipapas,30,15.0,405.0,Delivery,Sí,Combo,10,Nublado,21,0,4,9,46,72
2024-12-08,Domingo,12,2024,1,1,Desayuno,7,11,Salchipapa Especial,Salchipapas,17,15.0,255.0,Presencial,No,Ninguna,0,Soleado,24,0,6,13,42,20
2024-12-08,Domingo,12,2024,1,1,Desayuno,7,11,Cheeseburger,Hamburguesas,15,14.0,210.0,Presencial,No,Ninguna,0,Soleado,24,0,6,14,36,30
2024-12-08,Domingo,12,2024,1,1,Desayuno,7,11,Gaseosa,Bebidas,30,4.0,120.0,Presencial,No,Ninguna,0,Soleado,24,0,6,2,72,19
2024-12-08,Domingo,12,2024,1,1,Desayuno,7,11,Sándwich de Pollo,Sándwiches,15,11.0,165.0,Presencial,No,Ninguna,0,Soleado,24,0,6,11,46,18
2024-12-08,Domingo,12,2024,1,1,Desayuno,7,11,Jugo Natural,Bebidas,16,6.0,96.0,Web,No,Ninguna,0,Soleado,24,0,6,2,71,20
2024-12-08,Domingo,12,2024,1,1,Almuerzo,12,16,Hamburguesa Clásica,Hamburguesas,37,12.0,444.0,Web,No,Ninguna,0,Soleado,24,0,8,10,70,55
2024-12-08,Domingo,12,2024,1,1,Almuerzo,12,16,Salchipapa Especial,Salchipapas,42,15.0,630.0,Presencial,No,Ninguna,0,Soleado,24,0,8,15,70,37
2024-12-08,Domingo,12,2024,1,1,Almuerzo,12,16,Pizza Personal,Pizzas,29,13.0,377.0,Presencial,No,Ninguna,0,Soleado,24,0,8,25,40,33
2024-12-08,Domingo,12,2024,1,1,Almuerzo,12,16,Pollo Broaster,Pollos,77,18.0,1108.8,Delivery,Sí,2x1,20,Soleado,24,0,8,12,99,50
2024-12-08,Domingo,12,2024,1,1,Almuerzo,12,16,Salchipapa Clásica,Salchipapas,34,10.0,340.0,Delivery,No,Ninguna,0,Soleado,24,0,8,11,46,41
2024-12-08,Domingo,12,2024,1,1,Cena,18,22,Salchipapa Clásica,Salchipapas,39,10.0,390.0,Presencial,No,Ninguna,0,Soleado,24,0,10,12,52,53
2024-12-08,Domingo,12,2024,1,1,Cena,18,22,Pollo Broaster,Pollos,27,18.0,486.0,Delivery,No,Ninguna,0,Soleado,24,0,10,16,44,61
2024-12-08,Domingo,12,2024,1,1,Cena,18,22,Pizza Familiar,Pizzas,22,32.0,704.0,Web,No,Ninguna,0,Soleado,24,0,10,20,29,60
2024-12-09,Lunes,12,2024,0,0,Desayuno,7,11,Cheeseburger,Hamburguesas,12,14.0,134.4,Presencial,Sí,2x1,20,Soleado,26,0,3,13,27,17
2024-12-09,Lunes,12,2024,0,0,Desayuno,7,11,Gaseosa,Bebidas,14,4.0,56.0,Presencial,No,Ninguna,0,Soleado,26,0,3,4,36,11
2024-12-09,Lunes,12,2024,0,0,Desayuno,7,11,Sándwich de Pollo,Sándwiches,8,11.0,88.0,Presencial,No,Ninguna,0,Soleado,26,0,3,10,37,17
2024-12-09,Lunes,12,2024,0,0,Desayuno,7,11,Jugo Natural,Bebidas,9,6.0,54.0,Presencial,No,Ninguna,0,Soleado,26,0,3,3,40,21
2024-12-09,Lunes,12,2024,0,0,Almuerzo,12,16,Salchipapa Especial,Salchipapas,30,15.0,450.0,Web,No,Ninguna,0,Soleado,26,0,7,15,48,31
2024-12-09,Lunes,12,2024,0,0,Almuerzo,12,16,Jugo Natural,Bebidas,18,6.0,108.0,Presencial,No,Ninguna,0,Soleado,26,0,7,2,74,36
2024-12-09,Lunes,12,2024,0,0,Almuerzo,12,16,Alitas BBQ,Pollos,23,20.0,460.0,Presencial,No,Ninguna,0,Soleado,26,0,7,19,55,45
2024-12-09,Lunes,12,2024,0,0,Almuerzo,12,16,Salchipapa Clásica,Salchipapas,29,10.0,290.0,Delivery,No,Ninguna,0,Soleado,26,0,7,11,64,45
2024-12-09,Lunes,12,2024,0,0,Cena,18,22,Salchipapa Especial,Salchipapas,22,15.0,330.0,Presencial,No,Ninguna,0,Soleado,26,0,5,9,56,42
2024-12-09,Lunes,12,2024,0,0,Cena,18,22,Pollo Broaster,Pollos,20,18.0,360.0,Delivery,No,Ninguna,0,Soleado,26,0,5,12,51,60
2024-12-09,Lunes,12,2024,0,0,Cena,18,22,Sándwich de Pollo,Sándwiches,14,11.0,154.0,Delivery,No,Ninguna,0,Soleado,26,0,5,8,19,61
2024-12-09,Lunes,12,2024,0,0,Cena,18,22,Pizza Personal,Pizzas,19,13.0,247.0,Delivery,No,Ninguna,0,Soleado,26,0,5,17,29,40
2024-12-09,Lunes,12,2024,0,0,Cena,18,22,Hamburguesa Clásica,Hamburguesas,21,12.0,252.0,Web,No,Ninguna,0,Soleado,26,0,5,12,50,41
2024-12-10,Martes,12,2024,0,0,Desayuno,7,11,Sándwich de Pollo,Sándwiches,9,11.0,99.0,Web,No,Ninguna,0,Soleado,31,0,3,7,31,24
2024-12-10,Martes,12,2024,0,0,Desayuno,7,11,Hamburguesa Clásica,Hamburguesas,12,12.0,144.0,Presencial,No,Ninguna,0,Soleado,31,0,3,14,20,20
2024-12-10,Martes,12,2024,0,0,Desayuno,7,11,Jugo Natural,Bebidas,12,6.0,72.0,Presencial,No,Ninguna,0,Soleado,31,0,3,3,61,10
2024-12-10,Martes,12,2024,0,0,Desayuno,7,11,Cheeseburger,Hamburguesas,11,14.0,154.0,Presencial,No,Ninguna,0,Soleado,31,0,3,13,20,25
2024-12-10,Martes,12,2024,0,0,Desayuno,7,11,Gaseosa,Bebidas,22,4.0,74.8,Presencial,Sí,Descuento,15,Soleado,31,0,3,3,47,15
2024-12-10,Martes,12,2024,0,0,Almuerzo,12,16,Cheeseburger,Hamburguesas,21,14.0,294.0,Presencial,No,Ninguna,0,Soleado,31,0,4,11,26,27
2024-12-10,Martes,12,2024,0,0,Almuerzo,12,16,Gaseosa,Bebidas,25,4.0,100.0,Presencial,No,Ninguna,0,Soleado,31,0,4,4,49,29
2024-12-10,Martes,12,2024,0,0,Almuerzo,12,16,Jugo Natural,Bebidas,25,6.0,150.0,Presencial,No,Ninguna,0,Soleado,31,0,4,4,77,38
2024-12-10,Martes,12,2024,0,0,Almuerzo,12,16,Salchipapa Especial,Salchipapas,34,15.0,510.0,Presencial,No,Ninguna,0,Soleado,31,0,4,15,59,37
2024-12-10,Martes,12,2024,0,0,Cena,18,22,Gaseosa,Bebidas,32,4.0,128.0,Delivery,No,Ninguna,0,Soleado,31,0,5,3,79,51
2024-12-10,Martes,12,2024,0,0,Cena,18,22,Pollo Broaster,Pollos,24,18.0,432.0,Delivery,No,Ninguna,0,Soleado,31,0,5,13,57,48
2024-12-10,Martes,12,2024,0,0,Cena,18,22,Pizza Familiar,Pizzas,14,32.0,448.0,Delivery,No,Ninguna,0,Soleado,31,0,5,15,41,61
2024-12-10,Martes,12,2024,0,0,Cena,18,22,Pizza Personal,Pizzas,13,13.0,169.0,Delivery,No,Ninguna,0,Soleado,31,0,5,25,42,58
2024-12-10,Martes,12,2024,0,0,Cena,18,22,Cheeseburger,Hamburguesas,17,14.0,190.4,Delivery,Sí,Descuento,20,Soleado,31,0,5,13,23,47
2024-12-11,Miércoles,12,2024,0,0,Desayuno,7,11,Hamburguesa Clásica,Hamburguesas,10,12.0,120.0,Presencial,No,Ninguna,0,Soleado,31,0,2,14,31,13
2024-12-11,Miércoles,12,2024,0,0,Desayuno,7,11,Sándwich de Pollo,Sándwiches,5,11.0,55.0,Presencial,No,Ninguna,0,Soleado,31,0,2,10,37,25
2024-12-11,Miércoles,12,2024,0,0,Desayuno,7,11,Jugo Natural,Bebidas,9,6.0,54.0,Presencial,No,Ninguna,0,Soleado,31,0,2,2,55,15
2024-12-11,Miércoles,12,2024,0,0,Desayuno,7,11,Gaseosa,Bebidas,17,4.0,68.0,Presencial,No,Ninguna,0,Soleado,31,0,2,4,61,10
2024-12-11,Miércoles,12,2024,0,0,Desayuno,7,11,Salchipapa Clásica,Salchipapas,10,10.0,100.0,Presencial,No,Ninguna,0,Soleado,31,0,2,13,29,12
2024-12-11,Miércoles,12,2024,0,0,Almuerzo,12,16,Pollo Broaster,Pollos,41,18.0,738.0,Presencial,No,Ninguna,0,Soleado,31,0,6,18,72,38
2024-12-11,Miércoles,12,2024,0,0,Almuerzo,12,16,Sándwich de Pollo,Sándwiches,18,11.0,198.0,Presencial,No,Ninguna,0,Soleado,31,0,6,6,27,25
2024-12-11,Miércoles,12,2024,0,0,Almuerzo,12,16,Hamburguesa Clásica,Hamburguesas,27,12.0,324.0,Delivery,No,Ninguna,0,Soleado,31,0,6,12,52,37
2024-12-11,Miércoles,12,2024,0,0,Almuerzo,12,16,Gaseosa,Bebidas,48,4.0,192.0,Delivery,No,Ninguna,0,Soleado,31,0,6,2,88,34
2024-12-11,Miércoles,12,2024,0,0,Cena,18,22,Salchipapa Especial,Salchipapas,26,15.0,390.0,Web,No,Ninguna,0,Soleado,31,0,7,15,43,45
2024-12-11,Miércoles,12,2024,0,0,Cena,18,22,Hamburguesa BBQ,Hamburguesas,20,16.0,320.0,Web,No,Ninguna,0,Soleado,31,0,7,9,46,41
2024-12-11,Miércoles,12,2024,0,0,Cena,18,22,Pizza Personal,Pizzas,19,13.0,247.0,Web,No,Ninguna,0,Soleado,31,0,7,25,38,40
2024-12-11,Miércoles,12,2024,0,0,Cena,18,22,Cheeseburger,Hamburguesas,19,14.0,266.0,Delivery,No,Ninguna,0,Soleado,31,0,7,14,28,64
2024-12-11,Miércoles,12,2024,0,0,Cena,18,22,Pizza Familiar,Pizzas,19,32.0,516.8,Delivery,Sí,Combo,15,Soleado,31,0,7,22,31,44
2024-12-11,Miércoles,12,2024,0,0,Cena,18,22,Jugo Natural,Bebidas,25,6.0,150.0,Web,No,Ninguna,0,Soleado,31,0,7,5,63,64
2024-12-12,Jueves,12,2024,0,0,Desayuno,7,11,Gaseosa,Bebidas,16,4.0,64.0,Presencial,No,Ninguna,0,Nublado,20,0,4,5,50,23
2024-12-12,Jueves,12,2024,0,0,Desayuno,7,11,Jugo Natural,Bebidas,10,6.0,60.0,Presencial,No,Ninguna,0,Nublado,20,0,4,4,46,25
2024-12-12,Jueves,12,2024,0,0,Desayuno,7,11,Salchipapa Especial,Salchipapas,13,15.0,195.0,Presencial,No,Ninguna,0,Nublado,20,0,4,12,38,17
2024-12-12,Jueves,12,2024,0,0,Almuerzo,12,16,Gaseosa,Bebidas,33,4.0,132.0,Delivery,No,Ninguna,0,Nublado,20,0,6,5,50,35
2024-12-12,Jueves,12,2024,0,0,Almuerzo,12,16,Hamburguesa Clásica,Hamburguesas,36,12.0,432.0,Delivery,No,Ninguna,0,Nublado,20,0,6,12,53,35
2024-12-12,Jueves,12,2024,0,0,Almuerzo,12,16,Pollo Broaster,Pollos,31,18.0,558.0,Presencial,No,Ninguna,0,Nublado,20,0,6,17,46,31
2024-12-12,Jueves,12,2024,0,0,Almuerzo,12,16,Sándwich de Pollo,Sándwiches,22,11.0,242.0,Presencial,No,Ninguna,0,Nublado,20,0,6,7,34,30
2024-12-12,Jueves,12,2024,0,0,Almuerzo,12,16,Alitas BBQ,Pollos,17,20.0,340.0,Presencial,No,Ninguna,0,Nublado,20,0,6,19,45,45
2024-12-12,Jueves,12,2024,0,0,Cena,18,22,Salchipapa Especial,Salchipapas,21,15.0,315.0,Delivery,No,Ninguna,0,Nublado,20,0,7,8,53,65
2024-12-12,Jueves,12,2024,0,0,Cena,18,22,Cheeseburger,Hamburguesas,16,14.0,224.0,Delivery,No,Ninguna,0,Nublado,20,0,7,14,29,50
2024-12-12,Jueves,12,2024,0,0,Cena,18,22,Hamburguesa Clásica,Hamburguesas,31,12.0,372.0,Presencial,No,Ninguna,0,Nublado,20,0,7,11,58,59
2024-12-13,Viernes,12,2024,0,0,Desayuno,7,11,Cheeseburger,Hamburguesas,13,14.0,182.0,Presencial,No,Ninguna,0,Lluvioso,20,1,4,8,35,40
2024-12-13,Viernes,12,2024,0,0,Desayuno,7,11,Jugo Natural,Bebidas,10,6.0,60.0,Presencial,No,Ninguna,0,Lluvioso,20,1,4,5,61,31
2024-12-13,Viernes,12,2024,0,0,Desayuno,7,11,Gaseosa,Bebidas,16,4.0,64.0,Presencial,No,Ninguna,0,Lluvioso,20,1,4,5,50,25
2024-12-13,Viernes,12,2024,0,0,Desayuno,7,11,Salchipapa Clásica,Salchipapas,19,10.0,152.0,Delivery,Sí,Descuento,20,Lluvioso,20,1,4,13,35,43
2024-12-13,Viernes,12,2024,0,0,Desayuno,7,11,Hamburguesa Clásica,Hamburguesas,16,12.0,192.0,Presencial,No,Ninguna,0,Lluvioso,20,1,4,11,37,33
2024-12-13,Viernes,12,2024,0,0,Almuerzo,12,16,Pizza Personal,Pizzas,17,13.0,221.0,Presencial,No,Ninguna,0,Lluvioso,20,1,6,19,32,45
2024-12-13,Viernes,12,2024,0,0,Almuerzo,12,16,Pollo Broaster,Pollos,41,18.0,738.0,Presencial,No,Ninguna,0,Lluvioso,20,1,6,14,55,43
2024-12-13,Viernes,12,2024,0,0,Almuerzo,12,16,Salchipapa Clásica,Salchipapas,36,10.0,360.0,Web,No,Ninguna,0,Lluvioso,20,1,6,11,51,51
2024-12-13,Viernes,12,2024,0,0,Almuerzo,12,16,Cheeseburger,Hamburguesas,33,14.0,392.7,Presencial,Sí,Descuento,15,Lluvioso,20,1,6,8,52,60
2024-12-13,Viernes,12,2024,0,0,Cena,18,22,Salchipapa Clásica,Salchipapas,30,10.0,225.0,Delivery,Sí,2x1,25,Lluvioso,20,1,7,14,35,73
2024-12-13,Viernes,12,2024,0,0,Cena,18,22,Pizza Familiar,Pizzas,12,32.0,384.0,Web,No,Ninguna,0,Lluvioso,20,1,7,21,25,79
2024-12-13,Viernes,12,2024,0,0,Cena,18,22,Gaseosa,Bebidas,42,4.0,142.8,Web,Sí,Combo,15,Lluvioso,20,1,7,2,74,83
2024-12-13,Viernes,12,2024,0,0,Cena,18,22,Hamburguesa BBQ,Hamburguesas,21,16.0,336.0,Web,No,Ninguna,0,Lluvioso,20,1,7,11,55,76
2024-12-14,Sábado,12,2024,1,0,Desayuno,7,11,Hamburguesa Clásica,Hamburguesas,16,12.0,192.0,Presencial,No,Ninguna,0,Soleado,23,0,2,10,22,23
2024-12-14,Sábado,12,2024,1,0,Desayuno,7,11,Gaseosa,Bebidas,15,4.0,60.0,Delivery,No,Ninguna,0,Soleado,23,0,2,2,37,31
2024-12-14,Sábado,12,2024,1,0,Desayuno,7,11,Jugo Natural,Bebidas,22,6.0,132.0,Presencial,No,Ninguna,0,Soleado,23,0,2,3,67,14
2024-12-14,Sábado,12,2024,1,0,Desayuno,7,11,Sándwich de Pollo,Sándwiches,12,11.0,132.0,Presencial,No,Ninguna,0,Soleado,23,0,2,8,30,20
2024-12-14,Sábado,12,2024,1,0,Almuerzo,12,16,Sándwich de Pollo,Sándwiches,34,11.0,374.0,Presencial,No,Ninguna,0,Soleado,23,0,7,7,58,51
2024-12-14,Sábado,12,2024,1,0,Almuerzo,12,16,Pizza Familiar,Pizzas,20,32.0,640.0,Delivery,No,Ninguna,0,Soleado,23,0,7,15,52,45
2024-12-14,Sábado,12,2024,1,0,Almuerzo,12,16,Hamburguesa Clásica,Hamburguesas,32,12.0,384.0,Delivery,No,Ninguna,0,Soleado,23,0,7,11,56,43
2024-12-14,Sábado,12,2024,1,0,Almuerzo,12,16,Gaseosa,Bebidas,63,4.0,252.0,Delivery,No,Ninguna,0,Soleado,23,0,7,2,107,36
2024-12-14,Sábado,12,2024,1,0,Almuerzo,12,16,Jugo Natural,Bebidas,39,6.0,234.0,Presencial,No,Ninguna,0,Soleado,23,0,7,4,87,31
2024-12-14,Sábado,12,2024,1,0,Cena,18,22,Gaseosa,Bebidas,41,4.0,164.0,Delivery,No,Ninguna,0,Soleado,23,0,8,3,58,72
2024-12-14,Sábado,12,2024,1,0,Cena,18,22,Jugo Natural,Bebidas,33,6.0,198.0,Delivery,No,Ninguna,0,Soleado,23,0,8,2,75,44
2024-12-14,Sábado,12,2024,1,0,Cena,18,22,Pizza Familiar,Pizzas,21,32.0,672.0,Web,No,Ninguna,0,Soleado,23,0,8,18,36,65
2024-12-14,Sábado,12,2024,1,0,Cena,18,22,Alitas BBQ,Pollos,24,20.0,480.0,Web,No,Ninguna,0,Soleado,23,0,8,14,55,73
2024-12-14,Sábado,12,2024,1,0,Cena,18,22,Hamburguesa Clásica,Hamburguesas,33,12.0,297.0,Presencial,Sí,Descuento,25,Soleado,23,0,8,14,67,56
2024-12-15,Domingo,12,2024,1,0,Desayuno,7,11,Cheeseburger,Hamburguesas,8,14.0,112.0,Presencial,No,Ninguna,0,Lluvioso,16,1,2,14,35,32
2024-12-15,Domingo,12,2024,1,0,Desayuno,7,11,Sándwich de Pollo,Sándwiches,15,11.0,140.25,Presencial,Sí,Combo,15,Lluvioso,16,1,2,11,27,45
2024-12-15,Domingo,12,2024,1,0,Desayuno,7,11,Jugo Natural,Bebidas,12,6.0,72.0,Delivery,No,Ninguna,0,Lluvioso,16,1,2,3,65,48
2024-12-15,Domingo,12,2024,1,0,Desayuno,7,11,Gaseosa,Bebidas,16,4.0,64.0,Web,No,Ninguna,0,Lluvioso,16,1,2,4,57,42
2024-12-15,Domingo,12,2024,1,0,Almuerzo,12,16,Alitas BBQ,Pollos,27,20.0,540.0,Presencial,No,Ninguna,0,Lluvioso,16,1,8,12,52,56
2024-12-15,Domingo,12,2024,1,0,Almuerzo,12,16,Hamburguesa Clásica,Hamburguesas,46,12.0,552.0,Delivery,No,Ninguna,0,Lluvioso,16,1,8,9,66,61
2024-12-15,Domingo,12,2024,1,0,Almuerzo,12,16,Sándwich de Pollo,Sándwiches,31,11.0,341.0,Delivery,No,Ninguna,0,Lluvioso,16,1,8,9,59,50
2024-12-15,Domingo,12,2024,1,0,Almuerzo,12,16,Salchipapa Clásica,Salchipapas,21,10.0,210.0,Delivery,No,Ninguna,0,Lluvioso,16,1,8,15,48,52
2024-12-15,Domingo,12,2024,1,0,Almuerzo,12,16,Pizza Familiar,Pizzas,18,32.0,576.0,Delivery,No,Ninguna,0,Lluvioso,16,1,8,23,27,60
2024-12-15,Domingo,12,2024,1,0,Cena,18,22,Salchipapa Especial,Salchipapas,30,15.0,405.0,Delivery,Sí,Descuento,10,Lluvioso,16,1,5,8,47,73
2024-12-15,Domingo,12,2024,1,0,Cena,18,22,Gaseosa,Bebidas,49,4.0,156.8,Delivery,Sí,2x1,20,Lluvioso,16,1,5,3,75,69
2024-12-15,Domingo,12,2024,1,0,Cena,18,22,Hamburguesa BBQ,Hamburguesas,25,16.0,400.0,Delivery,No,Ninguna,0,Lluvioso,16,1,5,13,56,68
2024-12-16,Lunes,12,2024,0,0,Desayuno,7,11,Sándwich de Pollo,Sándwiches,9,11.0,99.0,Presencial,No,Ninguna,0,Soleado,26,0,2,8,43,16
2024-12-16,Lunes,12,2024,0,0,Desayuno,7,11,Pollo Broaster,Pollos,15,18.0,270.0,Presencial,No,Ninguna,0,Soleado,26,0,2,20,34,20
2024-12-16,Lunes,12,2024,0,0,Desayuno,7,11,Cheeseburger,Hamburguesas,8,14.0,112.0,Presencial,No,Ninguna,0,Soleado,26,0,2,12,28,21
2024-12-16,Lunes,12,2024,0,0,Desayuno,7,11,Jugo Natural,Bebidas,10,6.0,60.0,Presencial,No,Ninguna,0,Soleado,26,0,2,5,33,21
2024-12-16,Lunes,12,2024,0,0,Desayuno,7,11,Hamburguesa Clásica,Hamburguesas,11,12.0,132.0,Presencial,No,Ninguna,0,Soleado,26,0,2,14,44,16
2024-12-16,Lunes,12,2024,0,0,Almuerzo,12,16,Gaseosa,Bebidas,44,4.0,176.0,Presencial,No,Ninguna,0,Soleado,26,0,6,3,98,39
2024-12-16,Lunes,12,2024,0,0,Almuerzo,12,16,Pizza Personal,Pizzas,22,13.0,228.8,Web,Sí,2x1,20,Soleado,26,0,6,17,41,50
2024-12-16,Lunes,12,2024,0,0,Almuerzo,12,16,Salchipapa Clásica,Salchipapas,20,10.0,200.0,Delivery,No,Ninguna,0,Soleado,26,0,6,13,50,25
2024-12-16,Lunes,12,2024,0,0,Cena,18,22,Hamburguesa Clásica,Hamburguesas,21,12.0,252.0,Delivery,No,Ninguna,0,Soleado,26,0,4,8,30,51
2024-12-16,Lunes,12,2024,0,0,Cena,18,22,Pollo Broaster,Pollos,35,18.0,630.0,Delivery,No,Ninguna,0,Soleado,26,0,4,16,70,53
2024-12-16,Lunes,12,2024,0,0,Cena,18,22,Gaseosa,Bebidas,31,4.0,93.0,Presencial,Sí,Combo,25,Soleado,26,0,4,4,58,54
2024-12-16,Lunes,12,2024,0,0,Cena,18,22,Cheeseburger,Hamburguesas,10,14.0,140.0,Presencial,No,Ninguna,0,Soleado,26,0,4,13,22,44
2024-12-16,Lunes,12,2024,0,0,Cena,18,22,Pizza Personal,Pizzas,21,13.0,245.7,Presencial,Sí,Combo,10,Soleado,26,0,4,20,30,52
2024-12-17,Martes,12,2024,0,0,Desayuno,7,11,Hamburguesa Clásica,Hamburguesas,13,12.0,156.0,Presencial,No,Ninguna,0,Nublado,23,0,3,13,48,10
2024-12-17,Martes,12,2024,0,0,Desayuno,7,11,Sándwich de Pollo,Sándwiches,7,11.0,77.0,Presencial,No,Ninguna,0,Nublado,23,0,3,12,24,15
2024-12-17,Martes,12,2024,0,0,Desayuno,7,11,Jugo Natural,Bebidas,9,6.0,54.0,Presencial,No,Ninguna,0,Nublado,23,0,3,5,65,24
2024-12-17,Martes,12,2024,0,0,Desayuno,7,11,Salchipapa Clásica,Salchipapas,8,10.0,80.0,Presencial,No,Ninguna,0,Nublado,23,0,3,11,14,22
2024-12-17,Martes,12,2024,0,0,Almuerzo,12,16,Hamburguesa BBQ,Hamburguesas,21,16.0,336.0,Presencial,No,Ninguna,0,Nublado,23,0,4,11,45,28
2024-12-17,Martes,12,2024,0,0,Almuerzo,12,16,Pollo Broaster,Pollos,37,18.0,666.0,Presencial,No,Ninguna,0,Nublado,23,0,4,12,42,29
2024-12-17,Martes,12,2024,0,0,Almuerzo,12,16,Salchipapa Clásica,Salchipapas,25,10.0,250.0,Presencial,No,Ninguna,0,Nublado,23,0,4,11,52,43
2024-12-17,Martes,12,2024,0,0,Almuerzo,12,16,Alitas BBQ,Pollos,21,20.0,336.0,Web,Sí,Descuento,20,Nublado,23,0,4,12,48,46
2024-12-17,Martes,12,2024,0,0,Cena,18,22,Pollo Broaster,Pollos,32,18.0,576.0,Presencial,No,Ninguna,0,Nublado,23,0,6,12,43,46
2024-12-17,Martes,12,2024,0,0,Cena,18,22,Salchipapa Clásica,Salchipapas,20,10.0,150.0,Presencial,Sí,Descuento,25,Nublado,23,0,6,15,55,61
2024-12-17,Martes,12,2024,0,0,Cena,18,22,Pizza Familiar,Pizzas,10,32.0,320.0,Presencial,No,Ninguna,0,Nublado,23,0,6,20,44,60
2024-12-17,Martes,12,2024,0,0,Cena,18,22,Hamburguesa BBQ,Hamburguesas,27,16.0,345.6,Delivery,Sí,Combo,20,Nublado,23,0,6,13,36,47
2024-12-17,Martes,12,2024,0,0,Cena,18,22,Gaseosa,Bebidas,38,4.0,114.0,Web,Sí,Descuento,25,Nublado,23,0,6,5,59,45
2024-12-17,Martes,12,2024,0,0,Cena,18,22,Pizza Personal,Pizzas,14,13.0,182.0,Delivery,No,Ninguna,0,Nublado,23,0,6,21,22,64
2024-12-18,Miércoles,12,2024,0,0,Desayuno,7,11,Sándwich de Pollo,Sándwiches,9,11.0,99.0,Presencial,No,Ninguna,0,Soleado,29,0,2,7,14,11
2024-12-18,Miércoles,12,2024,0,0,Desayuno,7,11,Jugo Natural,Bebidas,8,6.0,48.0,Presencial,No,Ninguna,0,Soleado,29,0,2,3,42,20
2024-12-18,Miércoles,12,2024,0,0,Desayuno,7,11,Salchipapa Clásica,Salchipapas,11,10.0,110.0,Presencial,No,Ninguna,0,Soleado,29,0,2,11,42,23
2024-12-18,Miércoles,12,2024,0,0,Desayuno,7,11,Cheeseburger,Hamburguesas,11,14.0,154.0,Presencial,No,Ninguna,0,Soleado,29,0,2,9,41,11
2024-12-18,Miércoles,12,2024,0,0,Desayuno,7,11,Pizza Personal,Pizzas,12,13.0,140.4,Presencial,Sí,Descuento,10,Soleado,29,0,2,23,20,26
2024-12-18,Miércoles,12,2024,0,0,Desayuno,7,11,Gaseosa,Bebidas,10,4.0,40.0,Delivery,No,Ninguna,0,Soleado,29,0,2,3,58,24
2024-12-18,Miércoles,12,2024,0,0,Almuerzo,12,16,Pizza Personal,Pizzas,13,13.0,169.0,Presencial,No,Ninguna,0,Soleado,29,0,6,15,22,36
2024-12-18,Miércoles,12,2024,0,0,Almuerzo,12,16,Salchipapa Especial,Salchipapas,29,15.0,435.0,Delivery,No,Ninguna,0,Soleado,29,0,6,14,54,33
2024-12-18,Miércoles,12,2024,0,0,Almuerzo,12,16,Pollo Broaster,Pollos,45,18.0,810.0,Delivery,No,Ninguna,0,Soleado,29,0,6,13,51,37
2024-12-18,Miércoles,12,2024,0,0,Almuerzo,12,16,Cheeseburger,Hamburguesas,26,14.0,364.0,Presencial,No,Ninguna,0,Soleado,29,0,6,11,35,30
2024-12-18,Miércoles,12,2024,0,0,Almuerzo,12,16,Sándwich de Pollo,Sándwiches,20,11.0,220.0,Presencial,No,Ninguna,0,Soleado,29,0,6,10,41,31
2024-12-18,Miércoles,12,2024,0,0,Cena,18,22,Alitas BBQ,Pollos,18,20.0,360.0,Presencial,No,Ninguna,0,Soleado,29,0,8,15,29,44
2024-12-18,Miércoles,12,2024,0,0,Cena,18,22,Salchipapa Especial,Salchipapas,25,15.0,375.0,Web,No,Ninguna,0,Soleado,29,0,8,10,51,43
2024-12-18,Miércoles,12,2024,0,0,Cena,18,22,Pizza Familiar,Pizzas,16,32.0,512.0,Delivery,No,Ninguna,0,Soleado,29,0,8,17,21,53
2024-12-18,Miércoles,12,2024,0,0,Cena,18,22,Gaseosa,Bebidas,48,4.0,163.2,Web,Sí,Descuento,15,Soleado,29,0,8,5,104,66
2024-12-19,Jueves,12,2024,0,0,Desayuno,7,11,Cheeseburger,Hamburguesas,7,14.0,98.0,Delivery,No,Ninguna,0,Nublado,21,0,4,12,12,13
2024-12-19,Jueves,12,2024,0,0,Desayuno,7,11,Pollo Broaster,Pollos,14,18.0,252.0,Presencial,No,Ninguna,0,Nublado,21,0,4,18,19,15
2024-12-19,Jueves,12,2024,0,0,Desayuno,7,11,Jugo Natural,Bebidas,12,6.0,72.0,Presencial,No,Ninguna,0,Nublado,21,0,4,4,29,23
2024-12-19,Jueves,12,2024,0,0,Almuerzo,12,16,Cheeseburger,Hamburguesas,23,14.0,322.0,Delivery,No,Ninguna,0,Nublado,21,0,6,8,49,41
2024-12-19,Jueves,12,2024,0,0,Almuerzo,12,16,Salchipapa Clásica,Salchipapas,23,10.0,230.0,Presencial,No,Ninguna,0,Nublado,21,0,6,13,29,42
2024-12-19,Jueves,12,2024,0,0,Almuerzo,12,16,Gaseosa,Bebidas,46,4.0,184.0,Delivery,No,Ninguna,0,Nublado,21,0,6,4,88,43
2024-12-19,Jueves,12,2024,0,0,Almuerzo,12,16,Pollo Broaster,Pollos,40,18.0,720.0,Delivery,No,Ninguna,0,Nublado,21,0,6,13,72,34
2024-12-19,Jueves,12,2024,0,0,Cena,18,22,Hamburguesa BBQ,Hamburguesas,15,16.0,240.0,Delivery,No,Ninguna,0,Nublado,21,0,4,12,23,59
2024-12-19,Jueves,12,2024,0,0,Cena,18,22,Pizza Familiar,Pizzas,17,32.0,544.0,Presencial,No,Ninguna,0,Nublado,21,0,4,23,28,56
2024-12-19,Jueves,12,2024,0,0,Cena,18,22,Pollo Broaster,Pollos,39,18.0,702.0,Presencial,No,Ninguna,0,Nublado,21,0,4,16,62,56
2024-12-20,Viernes,12,2024,0,0,Desayuno,7,11,Sándwich de Pollo,Sándwiches,8,11.0,79.2,Delivery,Sí,2x1,10,Nublado,23,0,3,11,40,21
2024-12-20,Viernes,12,2024,0,0,Desayuno,7,11,Gaseosa,Bebidas,25,4.0,100.0,Presencial,No,Ninguna,0,Nublado,23,0,3,2,85,24
2024-12-20,Viernes,12,2024,0,0,Desayuno,7,11,Cheeseburger,Hamburguesas,8,14.0,112.0,Presencial,No,Ninguna,0,Nublado,23,0,3,9,26,22
2024-12-20,Viernes,12,2024,0,0,Almuerzo,12,16,Salchipapa Clásica,Salchipapas,33,10.0,330.0,Web,No,Ninguna,0,Nublado,23,0,6,15,47,35
2024-12-20,Viernes,12,2024,0,0,Almuerzo,12,16,Gaseosa,Bebidas,46,4.0,184.0,Presencial,No,Ninguna,0,Nublado,23,0,6,5,95,29
2024-12-20,Viernes,12,2024,0,0,Almuerzo,12,16,Salchipapa Especial,Salchipapas,44,15.0,594.0,Presencial,Sí,Descuento,10,Nublado,23,0,6,11,69,36
2024-12-20,Viernes,12,2024,0,0,Almuerzo,12,16,Hamburguesa Clásica,Hamburguesas,39,12.0,468.0,Presencial,No,Ninguna,0,Nublado,23,0,6,8,70,25
2024-12-20,Viernes,12,2024,0,0,Cena,18,22,Pizza Familiar,Pizzas,20,32.0,640.0,Delivery,No,Ninguna,0,Nublado,23,0,8,24,25,65
2024-12-20,Viernes,12,2024,0,0,Cena,18,22,Hamburguesa Clásica,Hamburguesas,24,12.0,288.0,Presencial,No,Ninguna,0,Nublado,23,0,8,10,36,52
2024-12-20,Viernes,12,2024,0,0,Cena,18,22,Hamburguesa BBQ,Hamburguesas,26,16.0,416.0,Delivery,No,Ninguna,0,Nublado,23,0,8,13,35,49
2024-12-20,Viernes,12,2024,0,0,Cena,18,22,Gaseosa,Bebidas,36,4.0,108.0,Web,Sí,Combo,25,Nublado,23,0,8,2,61,70
2024-12-20,Viernes,12,2024,0,0,Cena,18,22,Salchipapa Especial,Salchipapas,21,15.0,315.0,Delivery,No,Ninguna,0,Nublado,23,0,8,14,37,40
2024-12-21,Sábado,12,2024,1,0,Desayuno,7,11,Sándwich de Pollo,Sándwiches,7,11.0,77.0,Presencial,No,Ninguna,0,Nublado,22,0,5,6,29,26
2024-12-21,Sábado,12,2024,1,0,Desayuno,7,11,Cheeseburger,Hamburguesas,13,14.0,145.6,Delivery,Sí,Combo,20,Nublado,22,0,5,13,40,33
2024-12-21,Sábado,12,2024,1,0,Desayuno,7,11,Jugo Natural,Bebidas,14,6.0,84.0,Presencial,No,Ninguna,0,Nublado,22,0,5,2,61,29
2024-12-21,Sábado,12,2024,1,0,Almuerzo,12,16,Salchipapa Especial,Salchipapas,35,15.0,420.0,Presencial,Sí,Descuento,20,Nublado,22,0,7,13,45,45
2024-12-21,Sábado,12,2024,1,0,Almuerzo,12,16,Alitas BBQ,Pollos,34,20.0,680.0,Delivery,No,Ninguna,0,Nublado,22,0,7,14,42,41
2024-12-21,Sábado,12,2024,1,0,Almuerzo,12,16,Gaseosa,Bebidas,53,4.0,212.0,Presencial,No,Ninguna,0,Nublado,22,0,7,2,92,45
2024-12-21,Sábado,12,2024,1,0,Almuerzo,12,16,Hamburguesa Clásica,Hamburguesas,47,12.0,564.0,Presencial,No,Ninguna,0,Nublado,22,0,7,13,57,48
2024-12-21,Sábado,12,2024,1,0,Cena,18,22,Hamburguesa BBQ,Hamburguesas,24,16.0,384.0,Delivery,No,Ninguna,0,Nublado,22,0,6,10,29,64
2024-12-21,Sábado,12,2024,1,0,Cena,18,22,Salchipapa Especial,Salchipapas,36,15.0,540.0,Delivery,No,Ninguna,0,Nublado,22,0,6,12,53,66
2024-12-21,Sábado,12,2024,1,0,Cena,18,22,Gaseosa,Bebidas,39,4.0,156.0,Delivery,No,Ninguna,0,Nublado,22,0,6,2,62,60
2024-12-21,Sábado,12,2024,1,0,Cena,18,22,Hamburguesa Clásica,Hamburguesas,24,12.0,288.0,Delivery,No,Ninguna,0,Nublado,22,0,6,13,57,62
2024-12-21,Sábado,12,2024,1,0,Cena,18,22,Cheeseburger,Hamburguesas,34,14.0,404.6,Delivery,Sí,Combo,15,Nublado,22,0,6,13,55,49
2024-12-22,Domingo,12,2024,1,0,Desayuno,7,11,Sándwich de Pollo,Sándwiches,8,11.0,88.0,Presencial,No,Ninguna,0,Nublado,22,0,2,10,33,28
2024-12-22,Domingo,12,2024,1,0,Desayuno,7,11,Gaseosa,Bebidas,20,4.0,80.0,Presencial,No,Ninguna,0,Nublado,22,0,2,5,70,27
2024-12-22,Domingo,12,2024,1,0,Desayuno,7,11,Cheeseburger,Hamburguesas,13,14.0,182.0,Presencial,No,Ninguna,0,Nublado,22,0,2,10,18,28
2024-12-22,Domingo,12,2024,1,0,Desayuno,7,11,Hamburguesa BBQ,Hamburguesas,14,16.0,224.0,Presencial,No,Ninguna,0,Nublado,22,0,2,8,39,24
2024-12-22,Domingo,12,2024,1,0,Almuerzo,12,16,Pollo Broaster,Pollos,41,18.0,553.5,Delivery,Sí,Descuento,25,Nublado,22,0,5,19,52,62
2024-12-22,Domingo,12,2024,1,0,Almuerzo,12,16,Salchipapa Clásica,Salchipapas,38,10.0,380.0,Presencial,No,Ninguna,0,Nublado,22,0,5,9,54,41
2024-12-22,Domingo,12,2024,1,0,Almuerzo,12,16,Gaseosa,Bebidas,37,4.0,148.0,Presencial,No,Ninguna,0,Nublado,22,0,5,5,78,37
2024-12-22,Domingo,12,2024,1,0,Almuerzo,12,16,Sándwich de Pollo,Sándwiches,36,11.0,396.0,Delivery,No,Ninguna,0,Nublado,22,0,5,7,71,51
2024-12-22,Domingo,12,2024,1,0,Almuerzo,12,16,Salchipapa Especial,Salchipapas,36,15.0,540.0,Delivery,No,Ninguna,0,Nublado,22,0,5,10,63,50
2024-12-22,Domingo,12,2024,1,0,Cena,18,22,Alitas BBQ,Pollos,31,20.0,620.0,Presencial,No,Ninguna,0,Nublado,22,0,5,18,45,56
2024-12-22,Domingo,12,2024,1,0,Cena,18,22,Gaseosa,Bebidas,60,4.0,216.0,Delivery,Sí,Descuento,10,Nublado,22,0,5,4,113,74
2024-12-22,Domingo,12,2024,1,0,Cena,18,22,Hamburguesa BBQ,Hamburguesas,24,16.0,384.0,Presencial,No,Ninguna,0,Nublado,22,0,5,12,44,63
2024-12-22,Domingo,12,2024,1,0,Cena,18,22,Cheeseburger,Hamburguesas,19,14.0,266.0,Presencial,No,Ninguna,0,Nublado,22,0,5,11,48,58
2024-12-23,Lunes,12,2024,0,0,Desayuno,7,11,Sándwich de Pollo,Sándwiches,6,11.0,66.0,Presencial,No,Ninguna,0,Soleado,28,0,2,12,24,15
2024-12-23,Lunes,12,2024,0,0,Desayuno,7,11,Jugo Natural,Bebidas,11,6.0,66.0,Presencial,No,Ninguna,0,Soleado,28,0,2,4,50,15
2024-12-23,Lunes,12,2024,0,0,Desayuno,7,11,Alitas BBQ,Pollos,7,20.0,140.0,Presencial,No,Ninguna,0,Soleado,28,0,2,12,19,21
2024-12-23,Lunes,12,2024,0,0,Almuerzo,12,16,Salchipapa Clásica,Salchipapas,21,10.0,210.0,Presencial,No,Ninguna,0,Soleado,28,0,7,10,31,36
2024-12-23,Lunes,12,2024,0,0,Almuerzo,12,16,Pizza Familiar,Pizzas,12,32.0,384.0,Presencial,No,Ninguna,0,Soleado,28,0,7,19,32,43
2024-12-23,Lunes,12,2024,0,0,Almuerzo,12,16,Alitas BBQ,Pollos,24,20.0,480.0,Presencial,No,Ninguna,0,Soleado,28,0,7,12,31,36
2024-12-23,Lunes,12,2024,0,0,Almuerzo,12,16,Jugo Natural,Bebidas,18,6.0,108.0,Delivery,No,Ninguna,0,Soleado,28,0,7,4,48,45
2024-12-23,Lunes,12,2024,0,0,Almuerzo,12,16,Hamburguesa Clásica,Hamburguesas,23,12.0,276.0,Web,No,Ninguna,0,Soleado,28,0,7,10,52,35
2024-12-23,Lunes,12,2024,0,0,Cena,18,22,Pollo Broaster,Pollos,32,18.0,576.0,Delivery,No,Ninguna,0,Soleado,28,0,8,16,45,61
2024-12-23,Lunes,12,2024,0,0,Cena,18,22,Hamburguesa Clásica,Hamburguesas,20,12.0,240.0,Web,No,Ninguna,0,Soleado,28,0,8,12,37,45
2024-12-23,Lunes,12,2024,0,0,Cena,18,22,Gaseosa,Bebidas,22,4.0,88.0,Delivery,No,Ninguna,0,Soleado,28,0,8,4,79,60
2024-12-23,Lunes,12,2024,0,0,Cena,18,22,Hamburguesa BBQ,Hamburguesas,20,16.0,320.0,Presencial,No,Ninguna,0,Soleado,28,0,8,10,39,45
2024-12-23,Lunes,12,2024,0,0,Cena,18,22,Pizza Familiar,Pizzas,14,32.0,448.0,Delivery,No,Ninguna,0,Soleado,28,0,8,22,25,46
2024-12-24,Martes,12,2024,0,0,Desayuno,7,11,Sándwich de Pollo,Sándwiches,10,11.0,110.0,Presencial,No,Ninguna,0,Soleado,30,0,4,9,42,12
2024-12-24,Martes,12,2024,0,0,Desayuno,7,11,Cheeseburger,Hamburguesas,7,14.0,98.0,Presencial,No,Ninguna,0,Soleado,30,0,4,11,31,13
2024-12-24,Martes,12,2024,0,0,Desayuno,7,11,Gaseosa,Bebidas,18,4.0,72.0,Presencial,No,Ninguna,0,Soleado,30,0,4,3,52,23
2024-12-24,Martes,12,2024,0,0,Desayuno,7,11,Jugo Natural,Bebidas,10,6.0,60.0,Presencial,No,Ninguna,0,Soleado,30,0,4,5,53,15
2024-12-24,Martes,12,2024,0,0,Desayuno,7,11,Hamburguesa Clásica,Hamburguesas,16,12.0,172.8,Presencial,Sí,2x1,10,Soleado,30,0,4,12,32,30
2024-12-24,Martes,12,2024,0,0,Almuerzo,12,16,Pollo Broaster,Pollos,36,18.0,648.0,Delivery,No,Ninguna,0,Soleado,30,0,6,13,48,44
2024-12-24,Martes,12,2024,0,0,Almuerzo,12,16,Salchipapa Clásica,Salchipapas,22,10.0,220.0,Presencial,No,Ninguna,0,Soleado,30,0,6,9,57,32
2024-12-24,Martes,12,2024,0,0,Almuerzo,12,16,Gaseosa,Bebidas,49,4.0,166.6,Presencial,Sí,Descuento,15,Soleado,30,0,6,5,69,32
2024-12-24,Martes,12,2024,0,0,Almuerzo,12,16,Hamburguesa Clásica,Hamburguesas,20,12.0,240.0,Presencial,No,Ninguna,0,Soleado,30,0,6,13,38,25
2024-12-24,Martes,12,2024,0,0,Cena,18,22,Gaseosa,Bebidas,31,4.0,124.0,Presencial,No,Ninguna,0,Soleado,30,0,6,4,66,57
2024-12-24,Martes,12,2024,0,0,Cena,18,22,Cheeseburger,Hamburguesas,13,14.0,182.0,Web,No,Ninguna,0,Soleado,30,0,6,13,41,47
2024-12-24,Martes,12,2024,0,0,Cena,18,22,Pizza Familiar,Pizzas,12,32.0,384.0,Web,No,Ninguna,0,Soleado,30,0,6,21,31,45
2024-12-24,Martes,12,2024,0,0,Cena,18,22,Hamburguesa BBQ,Hamburguesas,20,16.0,320.0,Presencial,No,Ninguna,0,Soleado,30,0,6,10,52,59
2024-12-24,Martes,12,2024,0,0,Cena,18,22,Salchipapa Clásica,Salchipapas,19,10.0,190.0,Delivery,No,Ninguna,0,Soleado,30,0,6,10,35,64
2024-12-24,Martes,12,2024,0,0,Cena,18,22,Jugo Natural,Bebidas,18,6.0,108.0,Presencial,No,Ninguna,0,Soleado,30,0,6,5,45,45
2024-12-25,Miércoles,12,2024,0,1,Desayuno,7,11,Gaseosa,Bebidas,17,4.0,68.0,Web,No,Ninguna,0,Nublado,24,0,5,2,33,19
2024-12-25,Miércoles,12,2024,0,1,Desayuno,7,11,Hamburguesa Clásica,Hamburguesas,16,12.0,192.0,Presencial,No,Ninguna,0,Nublado,24,0,5,13,21,16
2024-12-25,Miércoles,12,2024,0,1,Desayuno,7,11,Pizza Personal,Pizzas,12,13.0,156.0,Presencial,No,Ninguna,0,Nublado,24,0,5,17,36,10
2024-12-25,Miércoles,12,2024,0,1,Desayuno,7,11,Sándwich de Pollo,Sándwiches,9,11.0,99.0,Presencial,No,Ninguna,0,Nublado,24,0,5,7,34,14
2024-12-25,Miércoles,12,2024,0,1,Almuerzo,12,16,Hamburguesa BBQ,Hamburguesas,23,16.0,368.0,Delivery,No,Ninguna,0,Nublado,24,0,4,12,47,29
2024-12-25,Miércoles,12,2024,0,1,Almuerzo,12,16,Pollo Broaster,Pollos,38,18.0,684.0,Delivery,No,Ninguna,0,Nublado,24,0,4,16,58,43
2024-12-25,Miércoles,12,2024,0,1,Almuerzo,12,16,Cheeseburger,Hamburguesas,25,14.0,350.0,Presencial,No,Ninguna,0,Nublado,24,0,4,8,60,27
2024-12-25,Miércoles,12,2024,0,1,Almuerzo,12,16,Gaseosa,Bebidas,65,4.0,260.0,Delivery,No,Ninguna,0,Nublado,24,0,4,2,85,34
2024-12-25,Miércoles,12,2024,0,1,Almuerzo,12,16,Jugo Natural,Bebidas,32,6.0,192.0,Presencial,No,Ninguna,0,Nublado,24,0,4,3,73,31
2024-12-25,Miércoles,12,2024,0,1,Cena,18,22,Alitas BBQ,Pollos,21,20.0,420.0,Presencial,No,Ninguna,0,Nublado,24,0,4,14,44,51
2024-12-25,Miércoles,12,2024,0,1,Cena,18,22,Pollo Broaster,Pollos,51,18.0,826.2,Web,Sí,2x1,10,Nublado,24,0,4,13,63,64
2024-12-25,Miércoles,12,2024,0,1,Cena,18,22,Hamburguesa BBQ,Hamburguesas,10,16.0,160.0,Delivery,No,Ninguna,0,Nublado,24,0,4,12,19,42
2024-12-26,Jueves,12,2024,0,0,Desayuno,7,11,Jugo Natural,Bebidas,12,6.0,72.0,Presencial,No,Ninguna,0,Soleado,28,0,2,5,28,10
2024-12-26,Jueves,12,2024,0,0,Desayuno,7,11,Cheeseburger,Hamburguesas,8,14.0,112.0,Presencial,No,Ninguna,0,Soleado,28,0,2,9,33,19
2024-12-26,Jueves,12,2024,0,0,Desayuno,7,11,Salchipapa Clásica,Salchipapas,5,10.0,50.0,Presencial,No,Ninguna,0,Soleado,28,0,2,13,16,25
2024-12-26,Jueves,12,2024,0,0,Desayuno,7,11,Sándwich de Pollo,Sándwiches,5,11.0,55.0,Presencial,No,Ninguna,0,Soleado,28,0,2,9,33,10
2024-12-26,Jueves,12,2024,0,0,Desayuno,7,11,Hamburguesa Clásica,Hamburguesas,17,12.0,204.0,Presencial,No,Ninguna,0,Soleado,28,0,2,13,48,19
2024-12-26,Jueves,12,2024,0,0,Desayuno,7,11,Gaseosa,Bebidas,15,4.0,60.0,Presencial,No,Ninguna,0,Soleado,28,0,2,2,46,10
2024-12-26,Jueves,12,2024,0,0,Almuerzo,12,16,Salchipapa Clásica,Salchipapas,22,10.0,220.0,Delivery,No,Ninguna,0,Soleado,28,0,4,13,55,43
2024-12-26,Jueves,12,2024,0,0,Almuerzo,12,16,Cheeseburger,Hamburguesas,28,14.0,392.0,Delivery,No,Ninguna,0,Soleado,28,0,4,8,35,39
2024-12-26,Jueves,12,2024,0,0,Almuerzo,12,16,Hamburguesa Clásica,Hamburguesas,28,12.0,336.0,Presencial,No,Ninguna,0,Soleado,28,0,4,8,40,43
2024-12-26,Jueves,12,2024,0,0,Almuerzo,12,16,Pizza Familiar,Pizzas,15,32.0,480.0,Presencial,No,Ninguna,0,Soleado,28,0,4,22,34,43
2024-12-26,Jueves,12,2024,0,0,Cena,18,22,Gaseosa,Bebidas,39,4.0,156.0,Delivery,No,Ninguna,0,Soleado,28,0,6,3,92,52
2024-12-26,Jueves,12,2024,0,0,Cena,18,22,Hamburguesa Clásica,Hamburguesas,30,12.0,360.0,Presencial,No,Ninguna,0,Soleado,28,0,6,9,45,58
2024-12-26,Jueves,12,2024,0,0,Cena,18,22,Pollo Broaster,Pollos,35,18.0,630.0,Delivery,No,Ninguna,0,Soleado,28,0,6,15,59,65
2024-12-26,Jueves,12,2024,0,0,Cena,18,22,Pizza Familiar,Pizzas,15,32.0,480.0,Presencial,No,Ninguna,0,Soleado,28,0,6,22,26,57
2024-12-26,Jueves,12,2024,0,0,Cena,18,22,Salchipapa Especial,Salchipapas,25,15.0,375.0,Presencial,No,Ninguna,0,Soleado,28,0,6,12,46,44
2024-12-27,Viernes,12,2024,0,0,Desayuno,7,11,Gaseosa,Bebidas,17,4.0,68.0,Presencial,No,Ninguna,0,Soleado,23,0,2,4,35,21
2024-12-27,Viernes,12,2024,0,0,Desayuno,7,11,Salchipapa Especial,Salchipapas,17,15.0,255.0,Presencial,No,Ninguna,0,Soleado,23,0,2,15,50,13
2024-12-27,Viernes,12,2024,0,0,Desayuno,7,11,Sándwich de Pollo,Sándwiches,11,11.0,96.8,Presencial,Sí,Combo,20,Soleado,23,0,2,6,16,25
2024-12-27,Viernes,12,2024,0,0,Desayuno,7,11,Jugo Natural,Bebidas,10,6.0,60.0,Presencial,No,Ninguna,0,Soleado,23,0,2,3,69,19
2024-12-27,Viernes,12,2024,0,0,Almuerzo,12,16,Pollo Broaster,Pollos,36,18.0,648.0,Delivery,No,Ninguna,0,Soleado,23,0,5,16,44,43
2024-12-27,Viernes,12,2024,0,0,Almuerzo,12,16,Pizza Personal,Pizzas,24,13.0,312.0,Presencial,No,Ninguna,0,Soleado,23,0,5,19,53,38
2024-12-27,Viernes,12,2024,0,0,Almuerzo,12,16,Gaseosa,Bebidas,38,4.0,152.0,Presencial,No,Ninguna,0,Soleado,23,0,5,5,57,44
2024-12-27,Viernes,12,2024,0,0,Almuerzo,12,16,Salchipapa Especial,Salchipapas,32,15.0,480.0,Delivery,No,Ninguna,0,Soleado,23,0,5,12,53,37
2024-12-27,Viernes,12,2024,0,0,Almuerzo,12,16,Hamburguesa Clásica,Hamburguesas,44,12.0,475.2,Presencial,Sí,Descuento,10,Soleado,23,0,5,13,49,27
2024-12-27,Viernes,12,2024,0,0,Cena,18,22,Salchipapa Especial,Salchipapas,36,15.0,540.0,Delivery,No,Ninguna,0,Soleado,23,0,6,11,53,52
2024-12-27,Viernes,12,2024,0,0,Cena,18,22,Cheeseburger,Hamburguesas,20,14.0,280.0,Presencial,No,Ninguna,0,Soleado,23,0,6,9,30,43
2024-12-27,Viernes,12,2024,0,0,Cena,18,22,Pollo Broaster,Pollos,31,18.0,558.0,Delivery,No,Ninguna,0,Soleado,23,0,6,12,46,40
2024-12-28,Sábado,12,2024,1,0,Desayuno,7,11,Salchipapa Clásica,Salchipapas,19,10.0,142.5,Web,Sí,2x1,25,Lluvioso,20,1,3,15,29,42
2024-12-28,Sábado,12,2024,1,0,Desayuno,7,11,Gaseosa,Bebidas,30,4.0,120.0,Delivery,No,Ninguna,0,Lluvioso,20,1,3,4,74,33
2024-12-28,Sábado,12,2024,1,0,Desayuno,7,11,Cheeseburger,Hamburguesas,13,14.0,182.0,Presencial,No,Ninguna,0,Lluvioso,20,1,3,13,43,33
2024-12-28,Sábado,12,2024,1,0,Desayuno,7,11,Sándwich de Pollo,Sándwiches,10,11.0,110.0,Delivery,No,Ninguna,0,Lluvioso,20,1,3,7,23,42
2024-12-28,Sábado,12,2024,1,0,Desayuno,7,11,Hamburguesa Clásica,Hamburguesas,18,12.0,216.0,Presencial,No,Ninguna,0,Lluvioso,20,1,3,8,51,54
2024-12-28,Sábado,12,2024,1,0,Almuerzo,12,16,Pollo Broaster,Pollos,62,18.0,1116.0,Delivery,No,Ninguna,0,Lluvioso,20,1,4,13,74,45
2024-12-28,Sábado,12,2024,1,0,Almuerzo,12,16,Jugo Natural,Bebidas,48,6.0,216.0,Presencial,Sí,Combo,25,Lluvioso,20,1,4,2,77,51
2024-12-28,Sábado,12,2024,1,0,Almuerzo,12,16,Pizza Familiar,Pizzas,24,32.0,652.8,Web,Sí,Combo,15,Lluvioso,20,1,4,22,49,52
2024-12-28,Sábado,12,2024,1,0,Almuerzo,12,16,Gaseosa,Bebidas,63,4.0,252.0,Delivery,No,Ninguna,0,Lluvioso,20,1,4,5,108,46
2024-12-28,Sábado,12,2024,1,0,Cena,18,22,Gaseosa,Bebidas,53,4.0,212.0,Delivery,No,Ninguna,0,Lluvioso,20,1,9,5,109,85
2024-12-28,Sábado,12,2024,1,0,Cena,18,22,Alitas BBQ,Pollos,41,20.0,820.0,Delivery,No,Ninguna,0,Lluvioso,20,1,9,16,65,58
2024-12-28,Sábado,12,2024,1,0,Cena,18,22,Pizza Personal,Pizzas,23,13.0,299.0,Delivery,No,Ninguna,0,Lluvioso,20,1,9,21,44,75
2024-12-29,Domingo,12,2024,1,0,Desayuno,7,11,Pollo Broaster,Pollos,17,18.0,306.0,Presencial,No,Ninguna,0,Soleado,23,0,5,15,29,18
2024-12-29,Domingo,12,2024,1,0,Desayuno,7,11,Gaseosa,Bebidas,17,4.0,68.0,Presencial,No,Ninguna,0,Soleado,23,0,5,3,39,19
2024-12-29,Domingo,12,2024,1,0,Desayuno,7,11,Sándwich de Pollo,Sándwiches,13,11.0,143.0,Web,No,Ninguna,0,Soleado,23,0,5,11,33,19
2024-12-29,Domingo,12,2024,1,0,Desayuno,7,11,Jugo Natural,Bebidas,14,6.0,84.0,Presencial,No,Ninguna,0,Soleado,23,0,5,4,33,26
2024-12-29,Domingo,12,2024,1,0,Almuerzo,12,16,Pollo Broaster,Pollos,64,18.0,864.0,Presencial,Sí,2x1,25,Soleado,23,0,6,20,86,35
2024-12-29,Domingo,12,2024,1,0,Almuerzo,12,16,Salchipapa Clásica,Salchipapas,32,10.0,320.0,Presencial,No,Ninguna,0,Soleado,23,0,6,9,62,43
2024-12-29,Domingo,12,2024,1,0,Almuerzo,12,16,Sándwich de Pollo,Sándwiches,33,11.0,363.0,Delivery,No,Ninguna,0,Soleado,23,0,6,6,49,53
2024-12-29,Domingo,12,2024,1,0,Almuerzo,12,16,Hamburguesa Clásica,Hamburguesas,37,12.0,444.0,Presencial,No,Ninguna,0,Soleado,23,0,6,10,50,48
2024-12-29,Domingo,12,2024,1,0,Almuerzo,12,16,Cheeseburger,Hamburguesas,27,14.0,283.5,Delivery,Sí,Combo,25,Soleado,23,0,6,9,46,49
2024-12-29,Domingo,12,2024,1,0,Cena,18,22,Hamburguesa BBQ,Hamburguesas,32,16.0,460.8,Presencial,Sí,2x1,10,Soleado,23,0,8,9,46,63
2024-12-29,Domingo,12,2024,1,0,Cena,18,22,Salchipapa Especial,Salchipapas,31,15.0,465.0,Delivery,No,Ninguna,0,Soleado,23,0,8,12,47,60
2024-12-29,Domingo,12,2024,1,0,Cena,18,22,Jugo Natural,Bebidas,21,6.0,126.0,Delivery,No,Ninguna,0,Soleado,23,0,8,2,76,59
2024-12-29,Domingo,12,2024,1,0,Cena,18,22,Pollo Broaster,Pollos,38,18.0,684.0,Presencial,No,Ninguna,0,Soleado,23,0,8,16,46,73
2024-12-29,Domingo,12,2024,1,0,Cena,18,22,Hamburguesa Clásica,Hamburguesas,39,12.0,468.0,Delivery,No,Ninguna,0,Soleado,23,0,8,10,65,71
2024-12-30,Lunes,12,2024,0,0,Desayuno,7,11,Sándwich de Pollo,Sándwiches,7,11.0,61.6,Presencial,Sí,Combo,20,Soleado,30,0,4,6,36,23
2024-12-30,Lunes,12,2024,0,0,Desayuno,7,11,Gaseosa,Bebidas,12,4.0,48.0,Presencial,No,Ninguna,0,Soleado,30,0,4,3,33,13
2024-12-30,Lunes,12,2024,0,0,Desayuno,7,11,Salchipapa Clásica,Salchipapas,10,10.0,100.0,Presencial,No,Ninguna,0,Soleado,30,0,4,13,26,21
2024-12-30,Lunes,12,2024,0,0,Desayuno,7,11,Jugo Natural,Bebidas,11,6.0,66.0,Presencial,No,Ninguna,0,Soleado,30,0,4,4,66,15
2024-12-30,Lunes,12,2024,0,0,Desayuno,7,11,Salchipapa Especial,Salchipapas,13,15.0,195.0,Presencial,No,Ninguna,0,Soleado,30,0,4,10,42,23
2024-12-30,Lunes,12,2024,0,0,Almuerzo,12,16,Hamburguesa Clásica,Hamburguesas,30,12.0,270.0,Presencial,Sí,Combo,25,Soleado,30,0,5,9,57,40
2024-12-30,Lunes,12,2024,0,0,Almuerzo,12,16,Gaseosa,Bebidas,31,4.0,111.6,Presencial,Sí,Descuento,10,Soleado,30,0,5,3,74,39
2024-12-30,Lunes,12,2024,0,0,Almuerzo,12,16,Pollo Broaster,Pollos,29,18.0,522.0,Presencial,No,Ninguna,0,Soleado,30,0,5,13,57,26
2024-12-30,Lunes,12,2024,0,0,Almuerzo,12,16,Pizza Personal,Pizzas,15,13.0,195.0,Delivery,No,Ninguna,0,Soleado,30,0,5,15,33,37
2024-12-30,Lunes,12,2024,0,0,Almuerzo,12,16,Sándwich de Pollo,Sándwiches,23,11.0,253.0,Presencial,No,Ninguna,0,Soleado,30,0,5,6,49,26
2024-12-30,Lunes,12,2024,0,0,Almuerzo,12,16,Salchipapa Especial,Salchipapas,26,15.0,390.0,Web,No,Ninguna,0,Soleado,30,0,5,13,35,35
2024-12-30,Lunes,12,2024,0,0,Cena,18,22,Pollo Broaster,Pollos,22,18.0,396.0,Web,No,Ninguna,0,Soleado,30,0,4,18,42,65
2024-12-30,Lunes,12,2024,0,0,Cena,18,22,Salchipapa Clásica,Salchipapas,23,10.0,230.0,Presencial,No,Ninguna,0,Soleado,30,0,4,11,58,41
2024-12-30,Lunes,12,2024,0,0,Cena,18,22,Pizza Familiar,Pizzas,16,32.0,512.0,Presencial,No,Ninguna,0,Soleado,30,0,4,16,40,51
2024-12-30,Lunes,12,2024,0,0,Cena,18,22,Cheeseburger,Hamburguesas,20,14.0,280.0,Web,No,Ninguna,0,Soleado,30,0,4,10,41,58
2024-12-31,Martes,12,2024,0,0,Desayuno,7,11,Jugo Natural,Bebidas,11,6.0,66.0,Delivery,No,Ninguna,0,Soleado,26,0,2,2,55,25
2024-12-31,Martes,12,2024,0,0,Desayuno,7,11,Salchipapa Clásica,Salchipapas,9,10.0,90.0,Presencial,No,Ninguna,0,Soleado,26,0,2,13,43,15
2024-12-31,Martes,12,2024,0,0,Desayuno,7,11,Sándwich de Pollo,Sándwiches,8,11.0,88.0,Presencial,No,Ninguna,0,Soleado,26,0,2,10,36,16
2024-12-31,Martes,12,2024,0,0,Almuerzo,12,16,Pollo Broaster,Pollos,28,18.0,504.0,Presencial,No,Ninguna,0,Soleado,26,0,7,20,34,41
2024-12-31,Martes,12,2024,0,0,Almuerzo,12,16,Alitas BBQ,Pollos,31,20.0,527.0,Presencial,Sí,Combo,15,Soleado,26,0,7,15,52,33
2024-12-31,Martes,12,2024,0,0,Almuerzo,12,16,Pizza Familiar,Pizzas,15,32.0,480.0,Presencial,No,Ninguna,0,Soleado,26,0,7,19,29,30
2024-12-31,Martes,12,2024,0,0,Almuerzo,12,16,Hamburguesa BBQ,Hamburguesas,19,16.0,304.0,Presencial,No,Ninguna,0,Soleado,26,0,7,10,41,25
2024-12-31,Martes,12,2024,0,0,Cena,18,22,Alitas BBQ,Pollos,18,20.0,360.0,Delivery,No,Ninguna,0,Soleado,26,0,5,14,37,52
2024-12-31,Martes,12,2024,0,0,Cena,18,22,Pollo Broaster,Pollos,30,18.0,540.0,Delivery,No,Ninguna,0,Soleado,26,0,5,13,63,46
2024-12-31,Martes,12,2024,0,0,Cena,18,22,Pizza Familiar,Pizzas,16,32.0,512.0,Delivery,No,Ninguna,0,Soleado,26,0,5,15,30,61
2024-12-31,Martes,12,2024,0,0,Cena,18,22,Salchipapa Clásica,Salchipapas,14,10.0,140.0,Presencial,No,Ninguna,0,Soleado,26,0,5,14,40,52
2024-12-31,Martes,12,2024,0,0,Cena,18,22,Jugo Natural,Bebidas,18,6.0,108.0,Web,No,Ninguna,0,Soleado,26,0,5,2,49,60
2025-01-01,Miércoles,1,2025,0,1,Desayuno,7,11,Sándwich de Pollo,Sándwiches,13,11.0,143.0,Delivery,No,Ninguna,0,Soleado,30,0,3,12,30,24
2025-01-01,Miércoles,1,2025,0,1,Desayuno,7,11,Hamburguesa Clásica,Hamburguesas,14,12.0,134.4,Presencial,Sí,2x1,20,Soleado,30,0,3,14,31,14
2025-01-01,Miércoles,1,2025,0,1,Desayuno,7,11,Gaseosa,Bebidas,21,4.0,84.0,Presencial,No,Ninguna,0,Soleado,30,0,3,2,43,15
2025-01-01,Miércoles,1,2025,0,1,Desayuno,7,11,Alitas BBQ,Pollos,19,20.0,304.0,Presencial,Sí,2x1,20,Soleado,30,0,3,14,49,16
2025-01-01,Miércoles,1,2025,0,1,Desayuno,7,11,Jugo Natural,Bebidas,11,6.0,66.0,Presencial,No,Ninguna,0,Soleado,30,0,3,3,34,12
2025-01-01,Miércoles,1,2025,0,1,Desayuno,7,11,Cheeseburger,Hamburguesas,9,14.0,126.0,Delivery,No,Ninguna,0,Soleado,30,0,3,12,28,14
2025-01-01,Miércoles,1,2025,0,1,Almuerzo,12,16,Pizza Personal,Pizzas,29,13.0,377.0,Delivery,No,Ninguna,0,Soleado,30,0,7,18,47,33
2025-01-01,Miércoles,1,2025,0,1,Almuerzo,12,16,Pizza Familiar,Pizzas,16,32.0,512.0,Delivery,No,Ninguna,0,Soleado,30,0,7,18,36,40
2025-01-01,Miércoles,1,2025,0,1,Almuerzo,12,16,Salchipapa Especial,Salchipapas,40,15.0,600.0,Delivery,No,Ninguna,0,Soleado,30,0,7,14,61,37
2025-01-01,Miércoles,1,2025,0,1,Almuerzo,12,16,Gaseosa,Bebidas,47,4.0,188.0,Delivery,No,Ninguna,0,Soleado,30,0,7,4,88,45
2025-01-01,Miércoles,1,2025,0,1,Cena,18,22,Pizza Familiar,Pizzas,19,32.0,608.0,Delivery,No,Ninguna,0,Soleado,30,0,6,15,43,62
2025-01-01,Miércoles,1,2025,0,1,Cena,18,22,Hamburguesa BBQ,Hamburguesas,31,16.0,421.6,Presencial,Sí,Combo,15,Soleado,30,0,6,14,41,62
2025-01-01,Miércoles,1,2025,0,1,Cena,18,22,Cheeseburger,Hamburguesas,19,14.0,266.0,Presencial,No,Ninguna,0,Soleado,30,0,6,11,47,58
2025-01-01,Miércoles,1,2025,0,1,Cena,18,22,Gaseosa,Bebidas,41,4.0,164.0,Delivery,No,Ninguna,0,Soleado,30,0,6,5,82,59
2025-01-02,Jueves,1,2025,0,0,Desayuno,7,11,Hamburguesa Clásica,Hamburguesas,12,12.0,144.0,Presencial,No,Ninguna,0,Nublado,19,0,4,12,19,19
2025-01-02,Jueves,1,2025,0,0,Desayuno,7,11,Cheeseburger,Hamburguesas,9,14.0,126.0,Presencial,No,Ninguna,0,Nublado,19,0,4,12,14,21
2025-01-02,Jueves,1,2025,0,0,Desayuno,7,11,Salchipapa Especial,Salchipapas,13,15.0,195.0,Presencial,No,Ninguna,0,Nublado,19,0,4,8,37,10
2025-01-02,Jueves,1,2025,0,0,Desayuno,7,11,Gaseosa,Bebidas,19,4.0,76.0,Presencial,No,Ninguna,0,Nublado,19,0,4,3,45,22
2025-01-02,Jueves,1,2025,0,0,Desayuno,7,11,Hamburguesa BBQ,Hamburguesas,9,16.0,144.0,Presencial,No,Ninguna,0,Nublado,19,0,4,13,36,18
2025-01-02,Jueves,1,2025,0,0,Almuerzo,12,16,Gaseosa,Bebidas,30,4.0,120.0,Delivery,No,Ninguna,0,Nublado,19,0,5,3,56,26
2025-01-02,Jueves,1,2025,0,0,Almuerzo,12,16,Hamburguesa Clásica,Hamburguesas,24,12.0,288.0,Presencial,No,Ninguna,0,Nublado,19,0,5,14,54,39
2025-01-02,Jueves,1,2025,0,0,Almuerzo,12,16,Pollo Broaster,Pollos,49,18.0,661.5,Web,Sí,Combo,25,Nublado,19,0,5,18,67,38
2025-01-02,Jueves,1,2025,0,0,Almuerzo,12,16,Sándwich de Pollo,Sándwiches,20,11.0,220.0,Web,No,Ninguna,0,Nublado,19,0,5,10,37,25
2025-01-02,Jueves,1,2025,0,0,Almuerzo,12,16,Pizza Familiar,Pizzas,12,32.0,384.0,Web,No,Ninguna,0,Nublado,19,0,5,16,33,34
2025-01-02,Jueves,1,2025,0,0,Cena,18,22,Salchipapa Clásica,Salchipapas,24,10.0,240.0,Presencial,No,Ninguna,0,Nublado,19,0,5,14,39,58
2025-01-02,Jueves,1,2025,0,0,Cena,18,22,Hamburguesa BBQ,Hamburguesas,25,16.0,400.0,Delivery,No,Ninguna,0,Nublado,19,0,5,13,51,41
2025-01-02,Jueves,1,2025,0,0,Cena,18,22,Pizza Familiar,Pizzas,14,32.0,448.0,Web,No,Ninguna,0,Nublado,19,0,5,21,39,50
2025-01-03,Viernes,1,2025,0,0,Desayuno,7,11,Alitas BBQ,Pollos,10,20.0,200.0,Presencial,No,Ninguna,0,Nublado,20,0,3,16,24,22
2025-01-03,Viernes,1,2025,0,0,Desayuno,7,11,Gaseosa,Bebidas,22,4.0,88.0,Presencial,No,Ninguna,0,Nublado,20,0,3,2,54,21
2025-01-03,Viernes,1,2025,0,0,Desayuno,7,11,Salchipapa Especial,Salchipapas,13,15.0,195.0,Web,No,Ninguna,0,Nublado,20,0,3,14,22,18
2025-01-03,Viernes,1,2025,0,0,Desayuno,7,11,Cheeseburger,Hamburguesas,10,14.0,140.0,Presencial,No,Ninguna,0,Nublado,20,0,3,10,19,13
2025-01-03,Viernes,1,2025,0,0,Desayuno,7,11,Pizza Familiar,Pizzas,8,32.0,256.0,Presencial,No,Ninguna,0,Nublado,20,0,3,25,16,13
2025-01-03,Viernes,1,2025,0,0,Almuerzo,12,16,Alitas BBQ,Pollos,23,20.0,460.0,Presencial,No,Ninguna,0,Nublado,20,0,4,12,49,33
2025-01-03,Viernes,1,2025,0,0,Almuerzo,12,16,Pizza Personal,Pizzas,25,13.0,325.0,Presencial,No,Ninguna,0,Nublado,20,0,4,23,53,36
2025-01-03,Viernes,1,2025,0,0,Almuerzo,12,16,Hamburguesa Clásica,Hamburguesas,27,12.0,324.0,Presencial,No,Ninguna,0,Nublado,20,0,4,13,62,30
2025-01-03,Viernes,1,2025,0,0,Almuerzo,12,16,Gaseosa,Bebidas,44,4.0,176.0,Presencial,No,Ninguna,0,Nublado,20,0,4,4,73,31
2025-01-03,Viernes,1,2025,0,0,Almuerzo,12,16,Hamburguesa BBQ,Hamburguesas,15,16.0,216.0,Web,Sí,Combo,10,Nublado,20,0,4,9,44,51
2025-01-03,Viernes,1,2025,0,0,Cena,18,22,Salchipapa Especial,Salchipapas,26,15.0,390.0,Delivery,No,Ninguna,0,Nublado,20,0,5,14,48,60
2025-01-03,Viernes,1,2025,0,0,Cena,18,22,Pizza Familiar,Pizzas,13,32.0,416.0,Delivery,No,Ninguna,0,Nublado,20,0,5,23,22,44
2025-01-03,Viernes,1,2025,0,0,Cena,18,22,Alitas BBQ,Pollos,27,20.0,540.0,Delivery,No,Ninguna,0,Nublado,20,0,5,20,54,60
2025-01-03,Viernes,1,2025,0,0,Cena,18,22,Pollo Broaster,Pollos,43,18.0,619.2,Presencial,Sí,Descuento,20,Nublado,20,0,5,13,72,56
2025-01-04,Sábado,1,2025,1,0,Desayuno,7,11,Jugo Natural,Bebidas,12,6.0,72.0,Presencial,No,Ninguna,0,Soleado,31,0,3,5,71,24
2025-01-04,Sábado,1,2025,1,0,Desayuno,7,11,Sándwich de Pollo,Sándwiches,12,11.0,132.0,Presencial,No,Ninguna,0,Soleado,31,0,3,8,24,26
2025-01-04,Sábado,1,2025,1,0,Desayuno,7,11,Salchipapa Especial,Salchipapas,16,15.0,240.0,Presencial,No,Ninguna,0,Soleado,31,0,3,15,43,17
2025-01-04,Sábado,1,2025,1,0,Desayuno,7,11,Hamburguesa Clásica,Hamburguesas,20,12.0,240.0,Presencial,No,Ninguna,0,Soleado,31,0,3,9,50,17
2025-01-04,Sábado,1,2025,1,0,Desayuno,7,11,Gaseosa,Bebidas,29,4.0,92.8,Presencial,Sí,Combo,20,Soleado,31,0,3,5,72,26
2025-01-04,Sábado,1,2025,1,0,Desayuno,7,11,Pizza Personal,Pizzas,11,13.0,143.0,Presencial,No,Ninguna,0,Soleado,31,0,3,16,35,17
2025-01-04,Sábado,1,2025,1,0,Almuerzo,12,16,Pollo Broaster,Pollos,54,18.0,972.0,Presencial,No,Ninguna,0,Soleado,31,0,7,14,79,46
2025-01-04,Sábado,1,2025,1,0,Almuerzo,12,16,Gaseosa,Bebidas,40,4.0,160.0,Presencial,No,Ninguna,0,Soleado,31,0,7,4,80,36
2025-01-04,Sábado,1,2025,1,0,Almuerzo,12,16,Hamburguesa BBQ,Hamburguesas,36,16.0,576.0,Presencial,No,Ninguna,0,Soleado,31,0,7,9,60,42
2025-01-04,Sábado,1,2025,1,0,Almuerzo,12,16,Jugo Natural,Bebidas,31,6.0,186.0,Presencial,No,Ninguna,0,Soleado,31,0,7,5,83,39
2025-01-04,Sábado,1,2025,1,0,Almuerzo,12,16,Cheeseburger,Hamburguesas,35,14.0,490.0,Presencial,No,Ninguna,0,Soleado,31,0,7,11,46,49
2025-01-04,Sábado,1,2025,1,0,Cena,18,22,Hamburguesa Clásica,Hamburguesas,41,12.0,418.2,Delivery,Sí,Descuento,15,Soleado,31,0,8,10,65,72
2025-01-04,Sábado,1,2025,1,0,Cena,18,22,Hamburguesa BBQ,Hamburguesas,27,16.0,432.0,Web,No,Ninguna,0,Soleado,31,0,8,10,48,66
2025-01-04,Sábado,1,2025,1,0,Cena,18,22,Alitas BBQ,Pollos,24,20.0,480.0,Delivery,No,Ninguna,0,Soleado,31,0,8,16,36,72
2025-01-04,Sábado,1,2025,1,0,Cena,18,22,Salchipapa Especial,Salchipapas,28,15.0,420.0,Delivery,No,Ninguna,0,Soleado,31,0,8,9,47,58
2025-01-05,Domingo,1,2025,1,0,Desayuno,7,11,Salchipapa Clásica,Salchipapas,14,10.0,140.0,Presencial,No,Ninguna,0,Nublado,24,0,3,13,35,31
2025-01-05,Domingo,1,2025,1,0,Desayuno,7,11,Salchipapa Especial,Salchipapas,13,15.0,195.0,Presencial,No,Ninguna,0,Nublado,24,0,3,8,37,22
2025-01-05,Domingo,1,2025,1,0,Desayuno,7,11,Jugo Natural,Bebidas,10,6.0,60.0,Presencial,No,Ninguna,0,Nublado,24,0,3,4,32,33
2025-01-05,Domingo,1,2025,1,0,Desayuno,7,11,Hamburguesa Clásica,Hamburguesas,21,12.0,252.0,Delivery,No,Ninguna,0,Nublado,24,0,3,8,35,25
2025-01-05,Domingo,1,2025,1,0,Almuerzo,12,16,Cheeseburger,Hamburguesas,24,14.0,336.0,Presencial,No,Ninguna,0,Nublado,24,0,5,10,29,42
2025-01-05,Domingo,1,2025,1,0,Almuerzo,12,16,Hamburguesa Clásica,Hamburguesas,41,12.0,492.0,Delivery,No,Ninguna,0,Nublado,24,0,5,11,75,41
2025-01-05,Domingo,1,2025,1,0,Almuerzo,12,16,Sándwich de Pollo,Sándwiches,25,11.0,275.0,Presencial,No,Ninguna,0,Nublado,24,0,5,12,55,37
2025-01-05,Domingo,1,2025,1,0,Almuerzo,12,16,Gaseosa,Bebidas,51,4.0,204.0,Delivery,No,Ninguna,0,Nublado,24,0,5,5,86,33
2025-01-05,Domingo,1,2025,1,0,Almuerzo,12,16,Salchipapa Especial,Salchipapas,48,15.0,648.0,Presencial,Sí,2x1,10,Nublado,24,0,5,15,58,53
2025-01-05,Domingo,1,2025,1,0,Almuerzo,12,16,Jugo Natural,Bebidas,28,6.0,168.0,Web,No,Ninguna,0,Nublado,24,0,5,2,60,38
2025-01-05,Domingo,1,2025,1,0,Cena,18,22,Hamburguesa Clásica,Hamburguesas,43,12.0,412.8,Presencial,Sí,2x1,20,Nublado,24,0,8,14,71,59
2025-01-05,Domingo,1,2025,1,0,Cena,18,22,Salchipapa Especial,Salchipapas,34,15.0,382.5,Presencial,Sí,Combo,25,Nublado,24,0,8,10,46,59
2025-01-05,Domingo,1,2025,1,0,Cena,18,22,Alitas BBQ,Pollos,26,20.0,520.0,Delivery,No,Ninguna,0,Nublado,24,0,8,16,41,55
2025-01-06,Lunes,1,2025,0,0,Desayuno,7,11,Sándwich de Pollo,Sándwiches,9,11.0,99.0,Delivery,No,Ninguna,0,Soleado,31,0,2,10,43,19
2025-01-06,Lunes,1,2025,0,0,Desayuno,7,11,Gaseosa,Bebidas,16,4.0,54.4,Presencial,Sí,Descuento,15,Soleado,31,0,2,4,73,17
2025-01-06,Lunes,1,2025,0,0,Desayuno,7,11,Jugo Natural,Bebidas,7,6.0,42.0,Presencial,No,Ninguna,0,Soleado,31,0,2,3,40,18
2025-01-06,Lunes,1,2025,0,0,Desayuno,7,11,Alitas BBQ,Pollos,11,20.0,220.0,Delivery,No,Ninguna,0,Soleado,31,0,2,15,22,13
2025-01-06,Lunes,1,2025,0,0,Almuerzo,12,16,Cheeseburger,Hamburguesas,32,14.0,380.8,Delivery,Sí,Descuento,15,Soleado,31,0,7,13,43,35
2025-01-06,Lunes,1,2025,0,0,Almuerzo,12,16,Hamburguesa Clásica,Hamburguesas,33,12.0,396.0,Presencial,No,Ninguna,0,Soleado,31,0,7,13,59,32
2025-01-06,Lunes,1,2025,0,0,Almuerzo,12,16,Alitas BBQ,Pollos,27,20.0,540.0,Delivery,No,Ninguna,0,Soleado,31,0,7,12,36,27
2025-01-06,Lunes,1,2025,0,0,Almuerzo,12,16,Salchipapa Clásica,Salchipapas,25,10.0,250.0,Web,No,Ninguna,0,Soleado,31,0,7,15,59,32
2025-01-06,Lunes,1,2025,0,0,Cena,18,22,Hamburguesa Clásica,Hamburguesas,21,12.0,252.0,Presencial,No,Ninguna,0,Soleado,31,0,6,13,28,50
2025-01-06,Lunes,1,2025,0,0,Cena,18,22,Pizza Personal,Pizzas,13,13.0,169.0,Delivery,No,Ninguna,0,Soleado,31,0,6,22,40,59
2025-01-06,Lunes,1,2025,0,0,Cena,18,22,Gaseosa,Bebidas,32,4.0,128.0,Presencial,No,Ninguna,0,Soleado,31,0,6,4,86,52
2025-01-07,Martes,1,2025,0,0,Desayuno,7,11,Cheeseburger,Hamburguesas,9,14.0,126.0,Presencial,No,Ninguna,0,Soleado,26,0,2,11,18,10
2025-01-07,Martes,1,2025,0,0,Desayuno,7,11,Gaseosa,Bebidas,16,4.0,64.0,Presencial,No,Ninguna,0,Soleado,26,0,2,2,32,22
2025-01-07,Martes,1,2025,0,0,Desayuno,7,11,Sándwich de Pollo,Sándwiches,7,11.0,77.0,Presencial,No,Ninguna,0,Soleado,26,0,2,9,24,25
2025-01-07,Martes,1,2025,0,0,Almuerzo,12,16,Salchipapa Especial,Salchipapas,28,15.0,420.0,Presencial,No,Ninguna,0,Soleado,26,0,6,13,50,37
2025-01-07,Martes,1,2025,0,0,Almuerzo,12,16,Hamburguesa Clásica,Hamburguesas,30,12.0,360.0,Delivery,No,Ninguna,0,Soleado,26,0,6,10,52,35
2025-01-07,Martes,1,2025,0,0,Almuerzo,12,16,Alitas BBQ,Pollos,18,20.0,360.0,Delivery,No,Ninguna,0,Soleado,26,0,6,20,50,40
2025-01-07,Martes,1,2025,0,0,Almuerzo,12,16,Hamburguesa BBQ,Hamburguesas,23,16.0,368.0,Web,No,Ninguna,0,Soleado,26,0,6,13,48,25
2025-01-07,Martes,1,2025,0,0,Almuerzo,12,16,Pollo Broaster,Pollos,27,18.0,486.0,Delivery,No,Ninguna,0,Soleado,26,0,6,16,55,35
2025-01-07,Martes,1,2025,0,0,Almuerzo,12,16,Gaseosa,Bebidas,38,4.0,152.0,Web,No,Ninguna,0,Soleado,26,0,6,2,66,44
2025-01-07,Martes,1,2025,0,0,Cena,18,22,Hamburguesa Clásica,Hamburguesas,25,12.0,300.0,Presencial,No,Ninguna,0,Soleado,26,0,5,10,56,42
2025-01-07,Martes,1,2025,0,0,Cena,18,22,Pizza Familiar,Pizzas,13,32.0,416.0,Web,No,Ninguna,0,Soleado,26,0,5,25,19,50
2025-01-07,Martes,1,2025,0,0,Cena,18,22,Hamburguesa BBQ,Hamburguesas,13,16.0,208.0,Delivery,No,Ninguna,0,Soleado,26,0,5,14,23,59
2025-01-07,Martes,1,2025,0,0,Cena,18,22,Pizza Personal,Pizzas,20,13.0,195.0,Web,Sí,Combo,25,Soleado,26,0,5,17,40,58
2025-01-08,Miércoles,1,2025,0,0,Desayuno,7,11,Sándwich de Pollo,Sándwiches,11,11.0,121.0,Presencial,No,Ninguna,0,Soleado,25,0,4,6,34,15
2025-01-08,Miércoles,1,2025,0,0,Desayuno,7,11,Gaseosa,Bebidas,19,4.0,76.0,Delivery,No,Ninguna,0,Soleado,25,0,4,2,53,20
2025-01-08,Miércoles,1,2025,0,0,Desayuno,7,11,Hamburguesa Clásica,Hamburguesas,12,12.0,144.0,Presencial,No,Ninguna,0,Soleado,25,0,4,11,41,16
2025-01-08,Miércoles,1,2025,0,0,Almuerzo,12,16,Cheeseburger,Hamburguesas,20,14.0,280.0,Web,No,Ninguna,0,Soleado,25,0,6,13,35,34
2025-01-08,Miércoles,1,2025,0,0,Almuerzo,12,16,Pizza Personal,Pizzas,17,13.0,221.0,Delivery,No,Ninguna,0,Soleado,25,0,6,20,52,40
2025-01-08,Miércoles,1,2025,0,0,Almuerzo,12,16,Salchipapa Especial,Salchipapas,34,15.0,510.0,Presencial,No,Ninguna,0,Soleado,25,0,6,12,66,37
2025-01-08,Miércoles,1,2025,0,0,Almuerzo,12,16,Gaseosa,Bebidas,41,4.0,164.0,Presencial,No,Ninguna,0,Soleado,25,0,6,3,77,28
2025-01-08,Miércoles,1,2025,0,0,Almuerzo,12,16,Hamburguesa Clásica,Hamburguesas,35,12.0,420.0,Presencial,No,Ninguna,0,Soleado,25,0,6,11,70,39
2025-01-08,Miércoles,1,2025,0,0,Cena,18,22,Gaseosa,Bebidas,36,4.0,144.0,Delivery,No,Ninguna,0,Soleado,25,0,7,3,83,40
2025-01-08,Miércoles,1,2025,0,0,Cena,18,22,Pizza Familiar,Pizzas,13,32.0,416.0,Delivery,No,Ninguna,0,Soleado,25,0,7,20,18,62
2025-01-08,Miércoles,1,2025,0,0,Cena,18,22,Pizza Personal,Pizzas,15,13.0,195.0,Delivery,No,Ninguna,0,Soleado,25,0,7,17,44,60
2025-01-08,Miércoles,1,2025,0,0,Cena,18,22,Hamburguesa BBQ,Hamburguesas,22,16.0,352.0,Delivery,No,Ninguna,0,Soleado,25,0,7,14,39,47
2025-01-08,Miércoles,1,2025,0,0,Cena,18,22,Cheeseburger,Hamburguesas,17,14.0,238.0,Web,No,Ninguna,0,Soleado,25,0,7,13,25,44
2025-01-09,Jueves,1,2025,0,0,Desayuno,7,11,Jugo Natural,Bebidas,12,6.0,72.0,Presencial,No,Ninguna,0,Nublado,20,0,4,3,61,20
2025-01-09,Jueves,1,2025,0,0,Desayuno,7,11,Hamburguesa BBQ,Hamburguesas,11,16.0,176.0,Presencial,No,Ninguna,0,Nublado,20,0,4,12,36,17
2025-01-09,Jueves,1,2025,0,0,Desayuno,7,11,Cheeseburger,Hamburguesas,9,14.0,126.0,Presencial,No,Ninguna,0,Nublado,20,0,4,9,31,12
2025-01-09,Jueves,1,2025,0,0,Desayuno,7,11,Sándwich de Pollo,Sándwiches,6,11.0,66.0,Presencial,No,Ninguna,0,Nublado,20,0,4,9,32,20
2025-01-09,Jueves,1,2025,0,0,Desayuno,7,11,Gaseosa,Bebidas,20,4.0,80.0,Presencial,No,Ninguna,0,Nublado,20,0,4,3,62,24
2025-01-09,Jueves,1,2025,0,0,Almuerzo,12,16,Salchipapa Clásica,Salchipapas,16,10.0,160.0,Delivery,No,Ninguna,0,Nublado,20,0,6,12,22,37
2025-01-09,Jueves,1,2025,0,0,Almuerzo,12,16,Hamburguesa BBQ,Hamburguesas,20,16.0,240.0,Delivery,Sí,Descuento,25,Nublado,20,0,6,10,36,44
2025-01-09,Jueves,1,2025,0,0,Almuerzo,12,16,Pollo Broaster,Pollos,28,18.0,504.0,Presencial,No,Ninguna,0,Nublado,20,0,6,12,54,33
2025-01-09,Jueves,1,2025,0,0,Almuerzo,12,16,Sándwich de Pollo,Sándwiches,24,11.0,264.0,Delivery,No,Ninguna,0,Nublado,20,0,6,11,58,34
2025-01-09,Jueves,1,2025,0,0,Almuerzo,12,16,Salchipapa Especial,Salchipapas,22,15.0,330.0,Presencial,No,Ninguna,0,Nublado,20,0,6,15,32,35
2025-01-09,Jueves,1,2025,0,0,Almuerzo,12,16,Hamburguesa Clásica,Hamburguesas,27,12.0,324.0,Delivery,No,Ninguna,0,Nublado,20,0,6,8,51,26
2025-01-09,Jueves,1,2025,0,0,Cena,18,22,Hamburguesa BBQ,Hamburguesas,21,16.0,336.0,Web,No,Ninguna,0,Nublado,20,0,7,8,53,54
2025-01-09,Jueves,1,2025,0,0,Cena,18,22,Salchipapa Especial,Salchipapas,25,15.0,375.0,Web,No,Ninguna,0,Nublado,20,0,7,11,54,42
2025-01-09,Jueves,1,2025,0,0,Cena,18,22,Gaseosa,Bebidas,36,4.0,144.0,Presencial,No,Ninguna,0,Nublado,20,0,7,3,75,43
2025-01-10,Viernes,1,2025,0,0,Desayuno,7,11,Hamburguesa Clásica,Hamburguesas,12,12.0,144.0,Delivery,No,Ninguna,0,Nublado,20,0,4,8,43,14
2025-01-10,Viernes,1,2025,0,0,Desayuno,7,11,Gaseosa,Bebidas,19,4.0,76.0,Presencial,No,Ninguna,0,Nublado,20,0,4,3,65,18
2025-01-10,Viernes,1,2025,0,0,Desayuno,7,11,Jugo Natural,Bebidas,13,6.0,78.0,Presencial,No,Ninguna,0,Nublado,20,0,4,2,70,10
2025-01-10,Viernes,1,2025,0,0,Desayuno,7,11,Pizza Personal,Pizzas,11,13.0,143.0,Presencial,No,Ninguna,0,Nublado,20,0,4,24,19,18
2025-01-10,Viernes,1,2025,0,0,Desayuno,7,11,Cheeseburger,Hamburguesas,9,14.0,126.0,Presencial,No,Ninguna,0,Nublado,20,0,4,9,31,25
2025-01-10,Viernes,1,2025,0,0,Desayuno,7,11,Hamburguesa BBQ,Hamburguesas,11,16.0,176.0,Presencial,No,Ninguna,0,Nublado,20,0,4,12,38,23
2025-01-10,Viernes,1,2025,0,0,Almuerzo,12,16,Salchipapa Clásica,Salchipapas,34,10.0,340.0,Presencial,No,Ninguna,0,Nublado,20,0,7,9,42,28
2025-01-10,Viernes,1,2025,0,0,Almuerzo,12,16,Pollo Broaster,Pollos,53,18.0,954.0,Delivery,No,Ninguna,0,Nublado,20,0,7,14,64,32
2025-01-10,Viernes,1,2025,0,0,Almuerzo,12,16,Alitas BBQ,Pollos,23,20.0,460.0,Presencial,No,Ninguna,0,Nublado,20,0,7,19,28,33
2025-01-10,Viernes,1,2025,0,0,Almuerzo,12,16,Cheeseburger,Hamburguesas,25,14.0,350.0,Presencial,No,Ninguna,0,Nublado,20,0,7,11,37,28
2025-01-10,Viernes,1,2025,0,0,Almuerzo,12,16,Jugo Natural,Bebidas,36,6.0,216.0,Presencial,No,Ninguna,0,Nublado,20,0,7,2,63,41
2025-01-10,Viernes,1,2025,0,0,Cena,18,22,Hamburguesa BBQ,Hamburguesas,26,16.0,416.0,Delivery,No,Ninguna,0,Nublado,20,0,4,10,34,56
2025-01-10,Viernes,1,2025,0,0,Cena,18,22,Pizza Personal,Pizzas,22,13.0,286.0,Web,No,Ninguna,0,Nublado,20,0,4,19,45,56
2025-01-10,Viernes,1,2025,0,0,Cena,18,22,Cheeseburger,Hamburguesas,17,14.0,238.0,Web,No,Ninguna,0,Nublado,20,0,4,9,43,43
2025-01-10,Viernes,1,2025,0,0,Cena,18,22,Jugo Natural,Bebidas,27,6.0,162.0,Delivery,No,Ninguna,0,Nublado,20,0,4,3,50,59
2025-01-10,Viernes,1,2025,0,0,Cena,18,22,Pollo Broaster,Pollos,41,18.0,738.0,Delivery,No,Ninguna,0,Nublado,20,0,4,15,73,43
2025-01-11,Sábado,1,2025,1,0,Desayuno,7,11,Gaseosa,Bebidas,26,4.0,104.0,Presencial,No,Ninguna,0,Soleado,24,0,3,5,55,33
2025-01-11,Sábado,1,2025,1,0,Desayuno,7,11,Sándwich de Pollo,Sándwiches,12,11.0,132.0,Presencial,No,Ninguna,0,Soleado,24,0,3,7,18,29
2025-01-11,Sábado,1,2025,1,0,Desayuno,7,11,Jugo Natural,Bebidas,20,6.0,102.0,Presencial,Sí,Descuento,15,Soleado,24,0,3,2,40,38
2025-01-11,Sábado,1,2025,1,0,Desayuno,7,11,Cheeseburger,Hamburguesas,12,14.0,168.0,Presencial,No,Ninguna,0,Soleado,24,0,3,9,47,28
2025-01-11,Sábado,1,2025,1,0,Almuerzo,12,16,Pollo Broaster,Pollos,57,18.0,1026.0,Presencial,No,Ninguna,0,Soleado,24,0,8,14,65,54
2025-01-11,Sábado,1,2025,1,0,Almuerzo,12,16,Hamburguesa Clásica,Hamburguesas,42,12.0,504.0,Presencial,No,Ninguna,0,Soleado,24,0,8,9,55,41
2025-01-11,Sábado,1,2025,1,0,Almuerzo,12,16,Sándwich de Pollo,Sándwiches,33,11.0,363.0,Delivery,No,Ninguna,0,Soleado,24,0,8,10,42,51
2025-01-11,Sábado,1,2025,1,0,Cena,18,22,Pizza Familiar,Pizzas,20,32.0,640.0,Delivery,No,Ninguna,0,Soleado,24,0,7,19,39,71
2025-01-11,Sábado,1,2025,1,0,Cena,18,22,Cheeseburger,Hamburguesas,25,14.0,350.0,Presencial,No,Ninguna,0,Soleado,24,0,7,10,34,71
2025-01-11,Sábado,1,2025,1,0,Cena,18,22,Alitas BBQ,Pollos,26,20.0,520.0,Delivery,No,Ninguna,0,Soleado,24,0,7,12,61,64
2025-01-11,Sábado,1,2025,1,0,Cena,18,22,Jugo Natural,Bebidas,26,6.0,156.0,Presencial,No,Ninguna,0,Soleado,24,0,7,5,85,58
2025-01-11,Sábado,1,2025,1,0,Cena,18,22,Salchipapa Clásica,Salchipapas,39,10.0,390.0,Delivery,No,Ninguna,0,Soleado,24,0,7,10,54,61
2025-01-12,Domingo,1,2025,1,0,Desayuno,7,11,Gaseosa,Bebidas,20,4.0,80.0,Web,No,Ninguna,0,Soleado,31,0,4,3,39,23
2025-01-12,Domingo,1,2025,1,0,Desayuno,7,11,Salchipapa Clásica,Salchipapas,15,10.0,150.0,Presencial,No,Ninguna,0,Soleado,31,0,4,15,30,18
2025-01-12,Domingo,1,2025,1,0,Desayuno,7,11,Sándwich de Pollo,Sándwiches,11,11.0,121.0,Presencial,No,Ninguna,0,Soleado,31,0,4,7,39,25
2025-01-12,Domingo,1,2025,1,0,Desayuno,7,11,Jugo Natural,Bebidas,10,6.0,60.0,Presencial,No,Ninguna,0,Soleado,31,0,4,3,41,33
2025-01-12,Domingo,1,2025,1,0,Desayuno,7,11,Cheeseburger,Hamburguesas,12,14.0,151.2,Presencial,Sí,Descuento,10,Soleado,31,0,4,10,32,32
2025-01-12,Domingo,1,2025,1,0,Almuerzo,12,16,Hamburguesa Clásica,Hamburguesas,31,12.0,372.0,Presencial,No,Ninguna,0,Soleado,31,0,5,13,37,35
2025-01-12,Domingo,1,2025,1,0,Almuerzo,12,16,Sándwich de Pollo,Sándwiches,35,11.0,385.0,Presencial,No,Ninguna,0,Soleado,31,0,5,11,60,37
2025-01-12,Domingo,1,2025,1,0,Almuerzo,12,16,Gaseosa,Bebidas,57,4.0,228.0,Presencial,No,Ninguna,0,Soleado,31,0,5,5,95,47
2025-01-12,Domingo,1,2025,1,0,Cena,18,22,Salchipapa Clásica,Salchipapas,27,10.0,270.0,Delivery,No,Ninguna,0,Soleado,31,0,5,9,48,64
2025-01-12,Domingo,1,2025,1,0,Cena,18,22,Cheeseburger,Hamburguesas,35,14.0,392.0,Delivery,Sí,Combo,20,Soleado,31,0,5,10,44,55
2025-01-12,Domingo,1,2025,1,0,Cena,18,22,Hamburguesa Clásica,Hamburguesas,30,12.0,360.0,Presencial,No,Ninguna,0,Soleado,31,0,5,10,41,47
2025-01-12,Domingo,1,2025,1,0,Cena,18,22,Sándwich de Pollo,Sándwiches,41,11.0,338.25,Delivery,Sí,2x1,25,Soleado,31,0,5,7,55,74
2025-01-13,Lunes,1,2025,0,0,Desayuno,7,11,Salchipapa Especial,Salchipapas,10,15.0,150.0,Presencial,No,Ninguna,0,Soleado,26,0,4,12,35,24
2025-01-13,Lunes,1,2025,0,0,Desayuno,7,11,Salchipapa Clásica,Salchipapas,8,10.0,80.0,Presencial,No,Ninguna,0,Soleado,26,0,4,11,39,25
2025-01-13,Lunes,1,2025,0,0,Desayuno,7,11,Sándwich de Pollo,Sándwiches,7,11.0,77.0,Delivery,No,Ninguna,0,Soleado,26,0,4,7,23,10
2025-01-13,Lunes,1,2025,0,0,Desayuno,7,11,Jugo Natural,Bebidas,9,6.0,54.0,Delivery,No,Ninguna,0,Soleado,26,0,4,3,54,23
2025-01-13,Lunes,1,2025,0,0,Desayuno,7,11,Hamburguesa Clásica,Hamburguesas,11,12.0,132.0,Presencial,No,Ninguna,0,Soleado,26,0,4,8,30,18
2025-01-13,Lunes,1,2025,0,0,Almuerzo,12,16,Salchipapa Clásica,Salchipapas,20,10.0,150.0,Delivery,Sí,Descuento,25,Soleado,26,0,5,8,54,46
2025-01-13,Lunes,1,2025,0,0,Almuerzo,12,16,Pizza Personal,Pizzas,22,13.0,257.4,Presencial,Sí,2x1,10,Soleado,26,0,5,25,54,40
2025-01-13,Lunes,1,2025,0,0,Almuerzo,12,16,Salchipapa Especial,Salchipapas,24,15.0,360.0,Presencial,No,Ninguna,0,Soleado,26,0,5,9,29,28
2025-01-13,Lunes,1,2025,0,0,Almuerzo,12,16,Alitas BBQ,Pollos,14,20.0,280.0,Presencial,No,Ninguna,0,Soleado,26,0,5,15,37,25
2025-01-13,Lunes,1,2025,0,0,Cena,18,22,Sándwich de Pollo,Sándwiches,21,11.0,231.0,Presencial,No,Ninguna,0,Soleado,26,0,4,12,38,57
2025-01-13,Lunes,1,2025,0,0,Cena,18,22,Jugo Natural,Bebidas,13,6.0,78.0,Web,No,Ninguna,0,Soleado,26,0,4,2,62,41
2025-01-13,Lunes,1,2025,0,0,Cena,18,22,Pollo Broaster,Pollos,23,18.0,310.5,Web,Sí,Combo,25,Soleado,26,0,4,20,57,48
2025-01-13,Lunes,1,2025,0,0,Cena,18,22,Alitas BBQ,Pollos,24,20.0,432.0,Presencial,Sí,Descuento,10,Soleado,26,0,4,14,50,44
2025-01-13,Lunes,1,2025,0,0,Cena,18,22,Pizza Personal,Pizzas,10,13.0,130.0,Delivery,No,Ninguna,0,Soleado,26,0,4,21,25,44
2025-01-14,Martes,1,2025,0,0,Desayuno,7,11,Jugo Natural,Bebidas,9,6.0,54.0,Presencial,No,Ninguna,0,Lluvioso,22,1,3,5,32,24
2025-01-14,Martes,1,2025,0,0,Desayuno,7,11,Gaseosa,Bebidas,14,4.0,56.0,Presencial,No,Ninguna,0,Lluvioso,22,1,3,2,46,41
2025-01-14,Martes,1,2025,0,0,Desayuno,7,11,Hamburguesa BBQ,Hamburguesas,7,16.0,112.0,Delivery,No,Ninguna,0,Lluvioso,22,1,3,13,13,32
2025-01-14,Martes,1,2025,0,0,Desayuno,7,11,Cheeseburger,Hamburguesas,7,14.0,98.0,Web,No,Ninguna,0,Lluvioso,22,1,3,11,29,37
2025-01-14,Martes,1,2025,0,0,Desayuno,7,11,Sándwich de Pollo,Sándwiches,11,11.0,90.75,Web,Sí,Combo,25,Lluvioso,22,1,3,11,36,39
2025-01-14,Martes,1,2025,0,0,Almuerzo,12,16,Pizza Personal,Pizzas,29,13.0,339.3,Delivery,Sí,Combo,10,Lluvioso,22,1,5,20,39,60
2025-01-14,Martes,1,2025,0,0,Almuerzo,12,16,Alitas BBQ,Pollos,26,20.0,520.0,Delivery,No,Ninguna,0,Lluvioso,22,1,5,14,39,48
2025-01-14,Martes,1,2025,0,0,Almuerzo,12,16,Salchipapa Clásica,Salchipapas,37,10.0,296.0,Delivery,Sí,Combo,20,Lluvioso,22,1,5,14,68,56
2025-01-14,Martes,1,2025,0,0,Almuerzo,12,16,Jugo Natural,Bebidas,25,6.0,150.0,Delivery,No,Ninguna,0,Lluvioso,22,1,5,4,72,59
2025-01-14,Martes,1,2025,0,0,Cena,18,22,Jugo Natural,Bebidas,19,6.0,114.0,Delivery,No,Ninguna,0,Lluvioso,22,1,8,3,74,75
2025-01-14,Martes,1,2025,0,0,Cena,18,22,Alitas BBQ,Pollos,22,20.0,440.0,Delivery,No,Ninguna,0,Lluvioso,22,1,8,17,39,55
2025-01-14,Martes,1,2025,0,0,Cena,18,22,Pollo Broaster,Pollos,31,18.0,558.0,Web,No,Ninguna,0,Lluvioso,22,1,8,19,52,75
2025-01-14,Martes,1,2025,0,0,Cena,18,22,Hamburguesa Clásica,Hamburguesas,28,12.0,336.0,Web,No,Ninguna,0,Lluvioso,22,1,8,14,49,70
2025-01-14,Martes,1,2025,0,0,Cena,18,22,Salchipapa Especial,Salchipapas,38,15.0,427.5,Web,Sí,2x1,25,Lluvioso,22,1,8,9,46,79
2025-01-15,Miércoles,1,2025,0,0,Desayuno,7,11,Cheeseburger,Hamburguesas,7,14.0,98.0,Presencial,No,Ninguna,0,Nublado,22,0,4,8,12,14
2025-01-15,Miércoles,1,2025,0,0,Desayuno,7,11,Salchipapa Clásica,Salchipapas,12,10.0,120.0,Presencial,No,Ninguna,0,Nublado,22,0,4,14,23,14
2025-01-15,Miércoles,1,2025,0,0,Desayuno,7,11,Hamburguesa Clásica,Hamburguesas,9,12.0,108.0,Presencial,No,Ninguna,0,Nublado,22,0,4,9,26,25
2025-01-15,Miércoles,1,2025,0,0,Desayuno,7,11,Jugo Natural,Bebidas,11,6.0,59.4,Presencial,Sí,2x1,10,Nublado,22,0,4,2,65,16
2025-01-15,Miércoles,1,2025,0,0,Desayuno,7,11,Sándwich de Pollo,Sándwiches,11,11.0,121.0,Presencial,No,Ninguna,0,Nublado,22,0,4,6,37,15
2025-01-15,Miércoles,1,2025,0,0,Desayuno,7,11,Pollo Broaster,Pollos,18,18.0,259.2,Presencial,Sí,Combo,20,Nublado,22,0,4,20,51,15
2025-01-15,Miércoles,1,2025,0,0,Almuerzo,12,16,Pollo Broaster,Pollos,33,18.0,594.0,Presencial,No,Ninguna,0,Nublado,22,0,5,18,64,40
2025-01-15,Miércoles,1,2025,0,0,Almuerzo,12,16,Jugo Natural,Bebidas,23,6.0,138.0,Presencial,No,Ninguna,0,Nublado,22,0,5,5,51,26
2025-01-15,Miércoles,1,2025,0,0,Almuerzo,12,16,Salchipapa Clásica,Salchipapas,22,10.0,220.0,Web,No,Ninguna,0,Nublado,22,0,5,15,36,28
2025-01-15,Miércoles,1,2025,0,0,Almuerzo,12,16,Pizza Personal,Pizzas,14,13.0,182.0,Presencial,No,Ninguna,0,Nublado,22,0,5,24,48,26
2025-01-15,Miércoles,1,2025,0,0,Almuerzo,12,16,Sándwich de Pollo,Sándwiches,13,11.0,143.0,Presencial,No,Ninguna,0,Nublado,22,0,5,9,19,39
2025-01-15,Miércoles,1,2025,0,0,Cena,18,22,Hamburguesa BBQ,Hamburguesas,19,16.0,304.0,Delivery,No,Ninguna,0,Nublado,22,0,7,8,24,42
2025-01-15,Miércoles,1,2025,0,0,Cena,18,22,Salchipapa Especial,Salchipapas,26,15.0,390.0,Presencial,No,Ninguna,0,Nublado,22,0,7,14,48,64
2025-01-15,Miércoles,1,2025,0,0,Cena,18,22,Hamburguesa Clásica,Hamburguesas,25,12.0,300.0,Presencial,No,Ninguna,0,Nublado,22,0,7,11,48,59
2025-01-16,Jueves,1,2025,0,0,Desayuno,7,11,Sándwich de Pollo,Sándwiches,6,11.0,66.0,Presencial,No,Ninguna,0,Soleado,27,0,3,6,13,11
2025-01-16,Jueves,1,2025,0,0,Desayuno,7,11,Salchipapa Clásica,Salchipapas,9,10.0,90.0,Presencial,No,Ninguna,0,Soleado,27,0,3,10,25,23
2025-01-16,Jueves,1,2025,0,0,Desayuno,7,11,Alitas BBQ,Pollos,10,20.0,170.0,Presencial,Sí,Combo,15,Soleado,27,0,3,13,17,26
2025-01-16,Jueves,1,2025,0,0,Desayuno,7,11,Gaseosa,Bebidas,15,4.0,60.0,Presencial,No,Ninguna,0,Soleado,27,0,3,5,50,25
2025-01-16,Jueves,1,2025,0,0,Desayuno,7,11,Cheeseburger,Hamburguesas,13,14.0,182.0,Presencial,No,Ninguna,0,Soleado,27,0,3,13,48,15
2025-01-16,Jueves,1,2025,0,0,Almuerzo,12,16,Sándwich de Pollo,Sándwiches,20,11.0,220.0,Web,No,Ninguna,0,Soleado,27,0,7,8,45,44
2025-01-16,Jueves,1,2025,0,0,Almuerzo,12,16,Alitas BBQ,Pollos,20,20.0,400.0,Presencial,No,Ninguna,0,Soleado,27,0,7,17,34,38
2025-01-16,Jueves,1,2025,0,0,Almuerzo,12,16,Hamburguesa Clásica,Hamburguesas,27,12.0,324.0,Web,No,Ninguna,0,Soleado,27,0,7,11,34,40
2025-01-16,Jueves,1,2025,0,0,Almuerzo,12,16,Salchipapa Clásica,Salchipapas,22,10.0,220.0,Delivery,No,Ninguna,0,Soleado,27,0,7,14,41,44
2025-01-16,Jueves,1,2025,0,0,Almuerzo,12,16,Salchipapa Especial,Salchipapas,31,15.0,465.0,Presencial,No,Ninguna,0,Soleado,27,0,7,15,53,39
2025-01-16,Jueves,1,2025,0,0,Cena,18,22,Salchipapa Clásica,Salchipapas,23,10.0,230.0,Presencial,No,Ninguna,0,Soleado,27,0,6,14,55,47
2025-01-16,Jueves,1,2025,0,0,Cena,18,22,Gaseosa,Bebidas,32,4.0,128.0,Presencial,No,Ninguna,0,Soleado,27,0,6,5,88,53
2025-01-16,Jueves,1,2025,0,0,Cena,18,22,Pizza Familiar,Pizzas,20,32.0,640.0,Delivery,No,Ninguna,0,Soleado,27,0,6,19,50,59
2025-01-17,Viernes,1,2025,0,0,Desayuno,7,11,Jugo Natural,Bebidas,11,6.0,66.0,Delivery,No,Ninguna,0,Nublado,18,0,4,2,41,19
2025-01-17,Viernes,1,2025,0,0,Desayuno,7,11,Pizza Familiar,Pizzas,7,32.0,224.0,Presencial,No,Ninguna,0,Nublado,18,0,4,23,35,24
2025-01-17,Viernes,1,2025,0,0,Desayuno,7,11,Gaseosa,Bebidas,15,4.0,60.0,Presencial,No,Ninguna,0,Nublado,18,0,4,5,57,15
2025-01-17,Viernes,1,2025,0,0,Desayuno,7,11,Sándwich de Pollo,Sándwiches,10,11.0,110.0,Presencial,No,Ninguna,0,Nublado,18,0,4,9,42,18
2025-01-17,Viernes,1,2025,0,0,Desayuno,7,11,Alitas BBQ,Pollos,13,20.0,260.0,Web,No,Ninguna,0,Nublado,18,0,4,16,38,19
2025-01-17,Viernes,1,2025,0,0,Desayuno,7,11,Hamburguesa Clásica,Hamburguesas,19,12.0,205.2,Presencial,Sí,Descuento,10,Nublado,18,0,4,11,34,13
2025-01-17,Viernes,1,2025,0,0,Almuerzo,12,16,Sándwich de Pollo,Sándwiches,15,11.0,165.0,Presencial,No,Ninguna,0,Nublado,18,0,5,8,43,31
2025-01-17,Viernes,1,2025,0,0,Almuerzo,12,16,Salchipapa Clásica,Salchipapas,28,10.0,280.0,Presencial,No,Ninguna,0,Nublado,18,0,5,10,57,36
2025-01-17,Viernes,1,2025,0,0,Almuerzo,12,16,Salchipapa Especial,Salchipapas,49,15.0,735.0,Web,No,Ninguna,0,Nublado,18,0,5,15,75,44
2025-01-17,Viernes,1,2025,0,0,Almuerzo,12,16,Jugo Natural,Bebidas,32,6.0,192.0,Web,No,Ninguna,0,Nublado,18,0,5,2,54,44
2025-01-17,Viernes,1,2025,0,0,Almuerzo,12,16,Gaseosa,Bebidas,38,4.0,152.0,Delivery,No,Ninguna,0,Nublado,18,0,5,2,76,45
2025-01-17,Viernes,1,2025,0,0,Cena,18,22,Salchipapa Especial,Salchipapas,37,15.0,555.0,Delivery,No,Ninguna,0,Nublado,18,0,4,11,44,64
2025-01-17,Viernes,1,2025,0,0,Cena,18,22,Pizza Familiar,Pizzas,17,32.0,544.0,Delivery,No,Ninguna,0,Nublado,18,0,4,23,36,59
2025-01-17,Viernes,1,2025,0,0,Cena,18,22,Salchipapa Clásica,Salchipapas,25,10.0,250.0,Delivery,No,Ninguna,0,Nublado,18,0,4,11,58,52
2025-01-17,Viernes,1,2025,0,0,Cena,18,22,Cheeseburger,Hamburguesas,20,14.0,280.0,Delivery,No,Ninguna,0,Nublado,18,0,4,13,44,60
2025-01-17,Viernes,1,2025,0,0,Cena,18,22,Hamburguesa BBQ,Hamburguesas,27,16.0,432.0,Presencial,No,Ninguna,0,Nublado,18,0,4,8,52,64
2025-01-18,Sábado,1,2025,1,0,Desayuno,7,11,Sándwich de Pollo,Sándwiches,12,11.0,132.0,Presencial,No,Ninguna,0,Lluvioso,20,1,3,9,37,33
2025-01-18,Sábado,1,2025,1,0,Desayuno,7,11,Hamburguesa Clásica,Hamburguesas,18,12.0,216.0,Delivery,No,Ninguna,0,Lluvioso,20,1,3,9,52,38
2025-01-18,Sábado,1,2025,1,0,Desayuno,7,11,Hamburguesa BBQ,Hamburguesas,15,16.0,180.0,Presencial,Sí,Combo,25,Lluvioso,20,1,3,8,34,52
2025-01-18,Sábado,1,2025,1,0,Desayuno,7,11,Jugo Natural,Bebidas,12,6.0,72.0,Presencial,No,Ninguna,0,Lluvioso,20,1,3,3,64,42
2025-01-18,Sábado,1,2025,1,0,Desayuno,7,11,Gaseosa,Bebidas,22,4.0,88.0,Presencial,No,Ninguna,0,Lluvioso,20,1,3,3,69,52
2025-01-18,Sábado,1,2025,1,0,Almuerzo,12,16,Pizza Personal,Pizzas,27,13.0,351.0,Delivery,No,Ninguna,0,Lluvioso,20,1,6,24,41,49
2025-01-18,Sábado,1,2025,1,0,Almuerzo,12,16,Cheeseburger,Hamburguesas,34,14.0,476.0,Delivery,No,Ninguna,0,Lluvioso,20,1,6,9,59,57
2025-01-18,Sábado,1,2025,1,0,Almuerzo,12,16,Sándwich de Pollo,Sándwiches,31,11.0,341.0,Delivery,No,Ninguna,0,Lluvioso,20,1,6,12,45,69
2025-01-18,Sábado,1,2025,1,0,Almuerzo,12,16,Pollo Broaster,Pollos,47,18.0,846.0,Delivery,No,Ninguna,0,Lluvioso,20,1,6,12,55,53
2025-01-18,Sábado,1,2025,1,0,Almuerzo,12,16,Gaseosa,Bebidas,54,4.0,216.0,Presencial,No,Ninguna,0,Lluvioso,20,1,6,4,92,69
2025-01-18,Sábado,1,2025,1,0,Cena,18,22,Hamburguesa Clásica,Hamburguesas,40,12.0,480.0,Delivery,No,Ninguna,0,Lluvioso,20,1,9,10,70,68
2025-01-18,Sábado,1,2025,1,0,Cena,18,22,Gaseosa,Bebidas,50,4.0,200.0,Web,No,Ninguna,0,Lluvioso,20,1,9,4,87,77
2025-01-18,Sábado,1,2025,1,0,Cena,18,22,Pizza Personal,Pizzas,28,13.0,364.0,Delivery,No,Ninguna,0,Lluvioso,20,1,9,18,47,84
2025-01-18,Sábado,1,2025,1,0,Cena,18,22,Pollo Broaster,Pollos,37,18.0,666.0,Delivery,No,Ninguna,0,Lluvioso,20,1,9,16,53,84
2025-01-19,Domingo,1,2025,1,0,Desayuno,7,11,Sándwich de Pollo,Sándwiches,8,11.0,88.0,Presencial,No,Ninguna,0,Soleado,30,0,3,12,31,22
2025-01-19,Domingo,1,2025,1,0,Desayuno,7,11,Pizza Familiar,Pizzas,8,32.0,256.0,Presencial,No,Ninguna,0,Soleado,30,0,3,18,30,19
2025-01-19,Domingo,1,2025,1,0,Desayuno,7,11,Hamburguesa Clásica,Hamburguesas,12,12.0,144.0,Presencial,No,Ninguna,0,Soleado,30,0,3,13,45,29
2025-01-19,Domingo,1,2025,1,0,Desayuno,7,11,Jugo Natural,Bebidas,14,6.0,84.0,Presencial,No,Ninguna,0,Soleado,30,0,3,2,51,30
2025-01-19,Domingo,1,2025,1,0,Desayuno,7,11,Cheeseburger,Hamburguesas,12,14.0,168.0,Delivery,No,Ninguna,0,Soleado,30,0,3,11,22,26
2025-01-19,Domingo,1,2025,1,0,Almuerzo,12,16,Gaseosa,Bebidas,66,4.0,224.4,Delivery,Sí,Combo,15,Soleado,30,0,5,4,90,56
2025-01-19,Domingo,1,2025,1,0,Almuerzo,12,16,Hamburguesa BBQ,Hamburguesas,26,16.0,416.0,Presencial,No,Ninguna,0,Soleado,30,0,5,11,56,47
2025-01-19,Domingo,1,2025,1,0,Almuerzo,12,16,Pizza Personal,Pizzas,33,13.0,321.75,Presencial,Sí,2x1,25,Soleado,30,0,5,25,42,48
2025-01-19,Domingo,1,2025,1,0,Almuerzo,12,16,Pollo Broaster,Pollos,52,18.0,936.0,Web,No,Ninguna,0,Soleado,30,0,5,16,66,48
2025-01-19,Domingo,1,2025,1,0,Almuerzo,12,16,Alitas BBQ,Pollos,29,20.0,493.0,Web,Sí,Combo,15,Soleado,30,0,5,20,44,43
2025-01-19,Domingo,1,2025,1,0,Cena,18,22,Pizza Familiar,Pizzas,16,32.0,512.0,Presencial,No,Ninguna,0,Soleado,30,0,5,20,44,71
2025-01-19,Domingo,1,2025,1,0,Cena,18,22,Salchipapa Especial,Salchipapas,44,15.0,561.0,Presencial,Sí,Combo,15,Soleado,30,0,5,11,71,59
2025-01-19,Domingo,1,2025,1,0,Cena,18,22,Cheeseburger,Hamburguesas,28,14.0,392.0,Web,No,Ninguna,0,Soleado,30,0,5,11,35,63
2025-01-19,Domingo,1,2025,1,0,Cena,18,22,Hamburguesa BBQ,Hamburguesas,23,16.0,368.0,Delivery,No,Ninguna,0,Soleado,30,0,5,14,34,57
2025-01-20,Lunes,1,2025,0,0,Desayuno,7,11,Hamburguesa Clásica,Hamburguesas,10,12.0,120.0,Presencial,No,Ninguna,0,Soleado,30,0,3,14,38,13
2025-01-20,Lunes,1,2025,0,0,Desayuno,7,11,Salchipapa Clásica,Salchipapas,9,10.0,90.0,Delivery,No,Ninguna,0,Soleado,30,0,3,11,20,21
2025-01-20,Lunes,1,2025,0,0,Desayuno,7,11,Cheeseburger,Hamburguesas,9,14.0,126.0,Presencial,No,Ninguna,0,Soleado,30,0,3,10,28,21
2025-01-20,Lunes,1,2025,0,0,Desayuno,7,11,Salchipapa Especial,Salchipapas,13,15.0,195.0,Presencial,No,Ninguna,0,Soleado,30,0,3,8,32,24
2025-01-20,Lunes,1,2025,0,0,Desayuno,7,11,Gaseosa,Bebidas,16,4.0,64.0,Presencial,No,Ninguna,0,Soleado,30,0,3,5,33,15
2025-01-20,Lunes,1,2025,0,0,Almuerzo,12,16,Salchipapa Clásica,Salchipapas,15,10.0,150.0,Presencial,No,Ninguna,0,Soleado,30,0,4,11,24,44
2025-01-20,Lunes,1,2025,0,0,Almuerzo,12,16,Cheeseburger,Hamburguesas,25,14.0,350.0,Presencial,No,Ninguna,0,Soleado,30,0,4,10,32,33
2025-01-20,Lunes,1,2025,0,0,Almuerzo,12,16,Pollo Broaster,Pollos,35,18.0,630.0,Presencial,No,Ninguna,0,Soleado,30,0,4,18,56,33
2025-01-20,Lunes,1,2025,0,0,Almuerzo,12,16,Jugo Natural,Bebidas,25,6.0,150.0,Presencial,No,Ninguna,0,Soleado,30,0,4,2,40,31
2025-01-20,Lunes,1,2025,0,0,Almuerzo,12,16,Alitas BBQ,Pollos,22,20.0,440.0,Delivery,No,Ninguna,0,Soleado,30,0,4,15,43,42
2025-01-20,Lunes,1,2025,0,0,Almuerzo,12,16,Gaseosa,Bebidas,40,4.0,160.0,Presencial,No,Ninguna,0,Soleado,30,0,4,3,85,28
2025-01-20,Lunes,1,2025,0,0,Cena,18,22,Pizza Familiar,Pizzas,14,32.0,448.0,Web,No,Ninguna,0,Soleado,30,0,8,17,22,43
2025-01-20,Lunes,1,2025,0,0,Cena,18,22,Gaseosa,Bebidas,31,4.0,124.0,Presencial,No,Ninguna,0,Soleado,30,0,8,4,75,40
2025-01-20,Lunes,1,2025,0,0,Cena,18,22,Cheeseburger,Hamburguesas,11,14.0,154.0,Presencial,No,Ninguna,0,Soleado,30,0,8,13,30,40
2025-01-21,Martes,1,2025,0,0,Desayuno,7,11,Sándwich de Pollo,Sándwiches,8,11.0,88.0,Presencial,No,Ninguna,0,Nublado,20,0,4,12,36,15
2025-01-21,Martes,1,2025,0,0,Desayuno,7,11,Jugo Natural,Bebidas,13,6.0,66.3,Presencial,Sí,Descuento,15,Nublado,20,0,4,4,64,15
2025-01-21,Martes,1,2025,0,0,Desayuno,7,11,Hamburguesa Clásica,Hamburguesas,15,12.0,180.0,Presencial,No,Ninguna,0,Nublado,20,0,4,11,41,17
2025-01-21,Martes,1,2025,0,0,Desayuno,7,11,Gaseosa,Bebidas,13,4.0,52.0,Presencial,No,Ninguna,0,Nublado,20,0,4,5,55,15
2025-01-21,Martes,1,2025,0,0,Desayuno,7,11,Cheeseburger,Hamburguesas,8,14.0,112.0,Presencial,No,Ninguna,0,Nublado,20,0,4,11,37,12
2025-01-21,Martes,1,2025,0,0,Almuerzo,12,16,Hamburguesa BBQ,Hamburguesas,22,16.0,352.0,Presencial,No,Ninguna,0,Nublado,20,0,6,9,36,31
2025-01-21,Martes,1,2025,0,0,Almuerzo,12,16,Salchipapa Especial,Salchipapas,22,15.0,330.0,Presencial,No,Ninguna,0,Nublado,20,0,6,15,36,35
2025-01-21,Martes,1,2025,0,0,Almuerzo,12,16,Gaseosa,Bebidas,44,4.0,176.0,Delivery,No,Ninguna,0,Nublado,20,0,6,5,78,38
2025-01-21,Martes,1,2025,0,0,Almuerzo,12,16,Cheeseburger,Hamburguesas,15,14.0,210.0,Presencial,No,Ninguna,0,Nublado,20,0,6,12,24,34
2025-01-21,Martes,1,2025,0,0,Almuerzo,12,16,Salchipapa Clásica,Salchipapas,20,10.0,200.0,Presencial,No,Ninguna,0,Nublado,20,0,6,15,55,40
2025-01-21,Martes,1,2025,0,0,Almuerzo,12,16,Hamburguesa Clásica,Hamburguesas,25,12.0,300.0,Web,No,Ninguna,0,Nublado,20,0,6,8,40,26
2025-01-21,Martes,1,2025,0,0,Cena,18,22,Pollo Broaster,Pollos,27,18.0,486.0,Delivery,No,Ninguna,0,Nublado,20,0,8,18,54,53
2025-01-21,Martes,1,2025,0,0,Cena,18,22,Hamburguesa Clásica,Hamburguesas,20,12.0,240.0,Delivery,No,Ninguna,0,Nublado,20,0,8,11,27,57
2025-01-21,Martes,1,2025,0,0,Cena,18,22,Alitas BBQ,Pollos,23,20.0,460.0,Presencial,No,Ninguna,0,Nublado,20,0,8,20,54,42
2025-01-22,Miércoles,1,2025,0,0,Desayuno,7,11,Jugo Natural,Bebidas,9,6.0,54.0,Presencial,No,Ninguna,0,Nublado,24,0,2,3,69,24
2025-01-22,Miércoles,1,2025,0,0,Desayuno,7,11,Salchipapa Clásica,Salchipapas,13,10.0,130.0,Delivery,No,Ninguna,0,Nublado,24,0,2,11,24,23
2025-01-22,Miércoles,1,2025,0,0,Desayuno,7,11,Sándwich de Pollo,Sándwiches,8,11.0,88.0,Delivery,No,Ninguna,0,Nublado,24,0,2,12,16,24
2025-01-22,Miércoles,1,2025,0,0,Desayuno,7,11,Cheeseburger,Hamburguesas,8,14.0,89.6,Presencial,Sí,Descuento,20,Nublado,24,0,2,13,14,22
2025-01-22,Miércoles,1,2025,0,0,Desayuno,7,11,Hamburguesa Clásica,Hamburguesas,13,12.0,156.0,Presencial,No,Ninguna,0,Nublado,24,0,2,14,34,16
2025-01-22,Miércoles,1,2025,0,0,Almuerzo,12,16,Cheeseburger,Hamburguesas,22,14.0,308.0,Presencial,No,Ninguna,0,Nublado,24,0,5,11,36,26
2025-01-22,Miércoles,1,2025,0,0,Almuerzo,12,16,Pollo Broaster,Pollos,33,18.0,594.0,Presencial,No,Ninguna,0,Nublado,24,0,5,19,60,36
2025-01-22,Miércoles,1,2025,0,0,Almuerzo,12,16,Sándwich de Pollo,Sándwiches,18,11.0,198.0,Presencial,No,Ninguna,0,Nublado,24,0,5,11,46,44
2025-01-22,Miércoles,1,2025,0,0,Almuerzo,12,16,Salchipapa Especial,Salchipapas,29,15.0,435.0,Presencial,No,Ninguna,0,Nublado,24,0,5,12,61,36
2025-01-22,Miércoles,1,2025,0,0,Cena,18,22,Salchipapa Especial,Salchipapas,30,15.0,382.5,Delivery,Sí,Combo,15,Nublado,24,0,8,8,52,68
2025-01-22,Miércoles,1,2025,0,0,Cena,18,22,Jugo Natural,Bebidas,25,6.0,150.0,Web,No,Ninguna,0,Nublado,24,0,8,5,65,63
2025-01-22,Miércoles,1,2025,0,0,Cena,18,22,Cheeseburger,Hamburguesas,20,14.0,280.0,Delivery,No,Ninguna,0,Nublado,24,0,8,12,34,53
2025-01-22,Miércoles,1,2025,0,0,Cena,18,22,Alitas BBQ,Pollos,22,20.0,374.0,Delivery,Sí,Combo,15,Nublado,24,0,8,14,28,60
2025-01-22,Miércoles,1,2025,0,0,Cena,18,22,Hamburguesa Clásica,Hamburguesas,22,12.0,264.0,Delivery,No,Ninguna,0,Nublado,24,0,8,12,36,53
2025-01-23,Jueves,1,2025,0,0,Desayuno,7,11,Jugo Natural,Bebidas,13,6.0,62.4,Presencial,Sí,Combo,20,Soleado,30,0,4,4,41,23
2025-01-23,Jueves,1,2025,0,0,Desayuno,7,11,Pizza Personal,Pizzas,8,13.0,104.0,Presencial,No,Ninguna,0,Soleado,30,0,4,24,27,23
2025-01-23,Jueves,1,2025,0,0,Desayuno,7,11,Hamburguesa Clásica,Hamburguesas,11,12.0,132.0,Presencial,No,Ninguna,0,Soleado,30,0,4,10,28,22
2025-01-23,Jueves,1,2025,0,0,Desayuno,7,11,Gaseosa,Bebidas,23,4.0,92.0,Presencial,No,Ninguna,0,Soleado,30,0,4,4,73,18
2025-01-23,Jueves,1,2025,0,0,Almuerzo,12,16,Hamburguesa BBQ,Hamburguesas,29,16.0,464.0,Presencial,No,Ninguna,0,Soleado,30,0,4,8,43,26
2025-01-23,Jueves,1,2025,0,0,Almuerzo,12,16,Pizza Personal,Pizzas,23,13.0,254.15,Web,Sí,Descuento,15,Soleado,30,0,4,19,33,35
2025-01-23,Jueves,1,2025,0,0,Almuerzo,12,16,Cheeseburger,Hamburguesas,20,14.0,280.0,Delivery,No,Ninguna,0,Soleado,30,0,4,14,45,40
2025-01-23,Jueves,1,2025,0,0,Almuerzo,12,16,Salchipapa Especial,Salchipapas,32,15.0,480.0,Presencial,No,Ninguna,0,Soleado,30,0,4,15,64,27
2025-01-23,Jueves,1,2025,0,0,Almuerzo,12,16,Pizza Familiar,Pizzas,23,32.0,736.0,Delivery,No,Ninguna,0,Soleado,30,0,4,22,47,30
2025-01-23,Jueves,1,2025,0,0,Cena,18,22,Gaseosa,Bebidas,42,4.0,126.0,Web,Sí,Descuento,25,Soleado,30,0,5,4,62,49
2025-01-23,Jueves,1,2025,0,0,Cena,18,22,Pizza Personal,Pizzas,20,13.0,260.0,Delivery,No,Ninguna,0,Soleado,30,0,5,16,32,64
2025-01-23,Jueves,1,2025,0,0,Cena,18,22,Jugo Natural,Bebidas,26,6.0,156.0,Presencial,No,Ninguna,0,Soleado,30,0,5,5,85,61
2025-01-23,Jueves,1,2025,0,0,Cena,18,22,Hamburguesa Clásica,Hamburguesas,28,12.0,336.0,Delivery,No,Ninguna,0,Soleado,30,0,5,11,35,60
2025-01-23,Jueves,1,2025,0,0,Cena,18,22,Salchipapa Clásica,Salchipapas,15,10.0,150.0,Presencial,No,Ninguna,0,Soleado,30,0,5,14,44,55
2025-01-23,Jueves,1,2025,0,0,Cena,18,22,Alitas BBQ,Pollos,26,20.0,520.0,Web,No,Ninguna,0,Soleado,30,0,5,20,42,45
2025-01-24,Viernes,1,2025,0,0,Desayuno,7,11,Cheeseburger,Hamburguesas,12,14.0,168.0,Delivery,No,Ninguna,0,Nublado,21,0,4,8,32,16
2025-01-24,Viernes,1,2025,0,0,Desayuno,7,11,Salchipapa Especial,Salchipapas,12,15.0,180.0,Presencial,No,Ninguna,0,Nublado,21,0,4,14,41,25
2025-01-24,Viernes,1,2025,0,0,Desayuno,7,11,Sándwich de Pollo,Sándwiches,8,11.0,88.0,Presencial,No,Ninguna,0,Nublado,21,0,4,12,22,18
2025-01-24,Viernes,1,2025,0,0,Desayuno,7,11,Jugo Natural,Bebidas,12,6.0,72.0,Presencial,No,Ninguna,0,Nublado,21,0,4,2,53,10
2025-01-24,Viernes,1,2025,0,0,Almuerzo,12,16,Pizza Familiar,Pizzas,19,32.0,608.0,Delivery,No,Ninguna,0,Nublado,21,0,7,24,46,34
2025-01-24,Viernes,1,2025,0,0,Almuerzo,12,16,Gaseosa,Bebidas,49,4.0,196.0,Presencial,No,Ninguna,0,Nublado,21,0,7,5,99,30
2025-01-24,Viernes,1,2025,0,0,Almuerzo,12,16,Sándwich de Pollo,Sándwiches,24,11.0,264.0,Presencial,No,Ninguna,0,Nublado,21,0,7,11,54,37
2025-01-24,Viernes,1,2025,0,0,Almuerzo,12,16,Alitas BBQ,Pollos,25,20.0,500.0,Delivery,No,Ninguna,0,Nublado,21,0,7,18,58,36
2025-01-24,Viernes,1,2025,0,0,Almuerzo,12,16,Hamburguesa Clásica,Hamburguesas,34,12.0,408.0,Presencial,No,Ninguna,0,Nublado,21,0,7,9,44,25
2025-01-24,Viernes,1,2025,0,0,Almuerzo,12,16,Hamburguesa BBQ,Hamburguesas,24,16.0,384.0,Presencial,No,Ninguna,0,Nublado,21,0,7,11,41,39
2025-01-24,Viernes,1,2025,0,0,Cena,18,22,Pollo Broaster,Pollos,44,18.0,792.0,Delivery,No,Ninguna,0,Nublado,21,0,6,15,52,50
2025-01-24,Viernes,1,2025,0,0,Cena,18,22,Pizza Personal,Pizzas,25,13.0,325.0,Presencial,No,Ninguna,0,Nublado,21,0,6,17,55,58
2025-01-24,Viernes,1,2025,0,0,Cena,18,22,Hamburguesa Clásica,Hamburguesas,20,12.0,240.0,Delivery,No,Ninguna,0,Nublado,21,0,6,12,26,55
2025-01-24,Viernes,1,2025,0,0,Cena,18,22,Pizza Familiar,Pizzas,14,32.0,448.0,Presencial,No,Ninguna,0,Nublado,21,0,6,23,40,42
2025-01-25,Sábado,1,2025,1,0,Desayuno,7,11,Jugo Natural,Bebidas,15,6.0,90.0,Delivery,No,Ninguna,0,Nublado,20,0,4,3,42,27
2025-01-25,Sábado,1,2025,1,0,Desayuno,7,11,Cheeseburger,Hamburguesas,13,14.0,182.0,Presencial,No,Ninguna,0,Nublado,20,0,4,12,36,31
2025-01-25,Sábado,1,2025,1,0,Desayuno,7,11,Hamburguesa Clásica,Hamburguesas,19,12.0,228.0,Presencial,No,Ninguna,0,Nublado,20,0,4,12,27,20
2025-01-25,Sábado,1,2025,1,0,Almuerzo,12,16,Salchipapa Especial,Salchipapas,37,15.0,555.0,Delivery,No,Ninguna,0,Nublado,20,0,6,8,54,45
2025-01-25,Sábado,1,2025,1,0,Almuerzo,12,16,Hamburguesa Clásica,Hamburguesas,41,12.0,492.0,Presencial,No,Ninguna,0,Nublado,20,0,6,11,60,41
2025-01-25,Sábado,1,2025,1,0,Almuerzo,12,16,Pollo Broaster,Pollos,66,18.0,891.0,Delivery,Sí,Descuento,25,Nublado,20,0,6,19,85,55
2025-01-25,Sábado,1,2025,1,0,Almuerzo,12,16,Salchipapa Clásica,Salchipapas,34,10.0,340.0,Delivery,No,Ninguna,0,Nublado,20,0,6,15,41,49
2025-01-25,Sábado,1,2025,1,0,Almuerzo,12,16,Cheeseburger,Hamburguesas,30,14.0,420.0,Presencial,No,Ninguna,0,Nublado,20,0,6,11,51,35
2025-01-25,Sábado,1,2025,1,0,Almuerzo,12,16,Sándwich de Pollo,Sándwiches,28,11.0,308.0,Presencial,No,Ninguna,0,Nublado,20,0,6,9,38,51
2025-01-25,Sábado,1,2025,1,0,Cena,18,22,Hamburguesa BBQ,Hamburguesas,43,16.0,550.4,Delivery,Sí,Combo,20,Nublado,20,0,8,8,54,74
2025-01-25,Sábado,1,2025,1,0,Cena,18,22,Pizza Familiar,Pizzas,20,32.0,480.0,Presencial,Sí,Combo,25,Nublado,20,0,8,24,42,58
2025-01-25,Sábado,1,2025,1,0,Cena,18,22,Pizza Personal,Pizzas,25,13.0,325.0,Web,No,Ninguna,0,Nublado,20,0,8,15,30,69
2025-01-25,Sábado,1,2025,1,0,Cena,18,22,Alitas BBQ,Pollos,34,20.0,680.0,Delivery,No,Ninguna,0,Nublado,20,0,8,17,55,66
2025-01-25,Sábado,1,2025,1,0,Cena,18,22,Salchipapa Especial,Salchipapas,36,15.0,540.0,Presencial,No,Ninguna,0,Nublado,20,0,8,14,54,69
2025-01-25,Sábado,1,2025,1,0,Cena,18,22,Hamburguesa Clásica,Hamburguesas,36,12.0,432.0,Presencial,No,Ninguna,0,Nublado,20,0,8,14,69,70
2025-01-26,Domingo,1,2025,1,0,Desayuno,7,11,Jugo Natural,Bebidas,12,6.0,72.0,Presencial,No,Ninguna,0,Lluvioso,21,1,4,4,42,47
2025-01-26,Domingo,1,2025,1,0,Desayuno,7,11,Hamburguesa BBQ,Hamburguesas,14,16.0,224.0,Presencial,No,Ninguna,0,Lluvioso,21,1,4,13,48,46
2025-01-26,Domingo,1,2025,1,0,Desayuno,7,11,Cheeseburger,Hamburguesas,9,14.0,126.0,Presencial,No,Ninguna,0,Lluvioso,21,1,4,14,43,46
2025-01-26,Domingo,1,2025,1,0,Almuerzo,12,16,Hamburguesa BBQ,Hamburguesas,28,16.0,336.0,Delivery,Sí,Combo,25,Lluvioso,21,1,4,12,48,64
2025-01-26,Domingo,1,2025,1,0,Almuerzo,12,16,Alitas BBQ,Pollos,26,20.0,520.0,Web,No,Ninguna,0,Lluvioso,21,1,4,20,43,62
2025-01-26,Domingo,1,2025,1,0,Almuerzo,12,16,Salchipapa Especial,Salchipapas,44,15.0,660.0,Delivery,No,Ninguna,0,Lluvioso,21,1,4,8,64,43
2025-01-26,Domingo,1,2025,1,0,Almuerzo,12,16,Hamburguesa Clásica,Hamburguesas,25,12.0,300.0,Delivery,No,Ninguna,0,Lluvioso,21,1,4,10,59,39
2025-01-26,Domingo,1,2025,1,0,Cena,18,22,Cheeseburger,Hamburguesas,25,14.0,350.0,Delivery,No,Ninguna,0,Lluvioso,21,1,7,10,54,67
2025-01-26,Domingo,1,2025,1,0,Cena,18,22,Salchipapa Clásica,Salchipapas,33,10.0,264.0,Delivery,Sí,2x1,20,Lluvioso,21,1,7,14,56,83
2025-01-26,Domingo,1,2025,1,0,Cena,18,22,Hamburguesa BBQ,Hamburguesas,31,16.0,496.0,Delivery,No,Ninguna,0,Lluvioso,21,1,7,12,47,62
2025-01-26,Domingo,1,2025,1,0,Cena,18,22,Pizza Familiar,Pizzas,18,32.0,576.0,Web,No,Ninguna,0,Lluvioso,21,1,7,16,48,66
2025-01-26,Domingo,1,2025,1,0,Cena,18,22,Alitas BBQ,Pollos,36,20.0,576.0,Presencial,Sí,Descuento,20,Lluvioso,21,1,7,15,67,70
2025-01-27,Lunes,1,2025,0,0,Desayuno,7,11,Sándwich de Pollo,Sándwiches,11,11.0,121.0,Presencial,No,Ninguna,0,Soleado,24,0,4,6,40,22
2025-01-27,Lunes,1,2025,0,0,Desayuno,7,11,Gaseosa,Bebidas,11,4.0,44.0,Presencial,No,Ninguna,0,Soleado,24,0,4,2,46,19
2025-01-27,Lunes,1,2025,0,0,Desayuno,7,11,Pizza Familiar,Pizzas,5,32.0,160.0,Presencial,No,Ninguna,0,Soleado,24,0,4,16,14,11
2025-01-27,Lunes,1,2025,0,0,Desayuno,7,11,Cheeseburger,Hamburguesas,9,14.0,126.0,Presencial,No,Ninguna,0,Soleado,24,0,4,12,32,11
2025-01-27,Lunes,1,2025,0,0,Almuerzo,12,16,Hamburguesa Clásica,Hamburguesas,32,12.0,384.0,Web,No,Ninguna,0,Soleado,24,0,6,11,48,44
2025-01-27,Lunes,1,2025,0,0,Almuerzo,12,16,Jugo Natural,Bebidas,24,6.0,144.0,Presencial,No,Ninguna,0,Soleado,24,0,6,5,58,39
2025-01-27,Lunes,1,2025,0,0,Almuerzo,12,16,Pollo Broaster,Pollos,30,18.0,540.0,Presencial,No,Ninguna,0,Soleado,24,0,6,12,61,26
2025-01-27,Lunes,1,2025,0,0,Almuerzo,12,16,Pizza Familiar,Pizzas,14,32.0,448.0,Presencial,No,Ninguna,0,Soleado,24,0,6,15,46,25
2025-01-27,Lunes,1,2025,0,0,Cena,18,22,Cheeseburger,Hamburguesas,21,14.0,294.0,Delivery,No,Ninguna,0,Soleado,24,0,5,11,52,41
2025-01-27,Lunes,1,2025,0,0,Cena,18,22,Salchipapa Clásica,Salchipapas,25,10.0,200.0,Delivery,Sí,Descuento,20,Soleado,24,0,5,14,40,44
2025-01-27,Lunes,1,2025,0,0,Cena,18,22,Gaseosa,Bebidas,37,4.0,148.0,Presencial,No,Ninguna,0,Soleado,24,0,5,3,89,58
2025-01-28,Martes,1,2025,0,0,Desayuno,7,11,Sándwich de Pollo,Sándwiches,12,11.0,132.0,Presencial,No,Ninguna,0,Soleado,27,0,4,11,46,14
2025-01-28,Martes,1,2025,0,0,Desayuno,7,11,Jugo Natural,Bebidas,7,6.0,42.0,Presencial,No,Ninguna,0,Soleado,27,0,4,4,53,10
2025-01-28,Martes,1,2025,0,0,Desayuno,7,11,Hamburguesa Clásica,Hamburguesas,12,12.0,115.2,Presencial,Sí,Descuento,20,Soleado,27,0,4,8,43,19
2025-01-28,Martes,1,2025,0,0,Desayuno,7,11,Salchipapa Clásica,Salchipapas,12,10.0,120.0,Presencial,No,Ninguna,0,Soleado,27,0,4,10,24,11
2025-01-28,Martes,1,2025,0,0,Almuerzo,12,16,Hamburguesa Clásica,Hamburguesas,25,12.0,255.0,Presencial,Sí,Descuento,15,Soleado,27,0,5,14,55,32
2025-01-28,Martes,1,2025,0,0,Almuerzo,12,16,Hamburguesa BBQ,Hamburguesas,26,16.0,353.6,Web,Sí,Combo,15,Soleado,27,0,5,9,56,38
2025-01-28,Martes,1,2025,0,0,Almuerzo,12,16,Salchipapa Clásica,Salchipapas,29,10.0,290.0,Presencial,No,Ninguna,0,Soleado,27,0,5,14,58,35
2025-01-28,Martes,1,2025,0,0,Almuerzo,12,16,Pizza Personal,Pizzas,17,13.0,221.0,Web,No,Ninguna,0,Soleado,27,0,5,25,33,35
2025-01-28,Martes,1,2025,0,0,Cena,18,22,Hamburguesa Clásica,Hamburguesas,25,12.0,300.0,Presencial,No,Ninguna,0,Soleado,27,0,4,14,40,48
2025-01-28,Martes,1,2025,0,0,Cena,18,22,Hamburguesa BBQ,Hamburguesas,14,16.0,224.0,Delivery,No,Ninguna,0,Soleado,27,0,4,12,49,43
2025-01-28,Martes,1,2025,0,0,Cena,18,22,Pizza Familiar,Pizzas,9,32.0,288.0,Delivery,No,Ninguna,0,Soleado,27,0,4,25,39,65
2025-01-28,Martes,1,2025,0,0,Cena,18,22,Gaseosa,Bebidas,24,4.0,96.0,Presencial,No,Ninguna,0,Soleado,27,0,4,4,55,49
2025-01-28,Martes,1,2025,0,0,Cena,18,22,Salchipapa Especial,Salchipapas,23,15.0,310.5,Delivery,Sí,Combo,10,Soleado,27,0,4,14,45,57
2025-01-28,Martes,1,2025,0,0,Cena,18,22,Jugo Natural,Bebidas,18,6.0,108.0,Web,No,Ninguna,0,Soleado,27,0,4,5,47,49
2025-01-29,Miércoles,1,2025,0,0,Desayuno,7,11,Jugo Natural,Bebidas,11,6.0,66.0,Presencial,No,Ninguna,0,Soleado,30,0,2,2,53,18
2025-01-29,Miércoles,1,2025,0,0,Desayuno,7,11,Cheeseburger,Hamburguesas,5,14.0,70.0,Presencial,No,Ninguna,0,Soleado,30,0,2,12,30,22
2025-01-29,Miércoles,1,2025,0,0,Desayuno,7,11,Sándwich de Pollo,Sándwiches,8,11.0,88.0,Presencial,No,Ninguna,0,Soleado,30,0,2,10,20,22
2025-01-29,Miércoles,1,2025,0,0,Desayuno,7,11,Salchipapa Clásica,Salchipapas,8,10.0,80.0,Presencial,No,Ninguna,0,Soleado,30,0,2,11,19,20
2025-01-29,Miércoles,1,2025,0,0,Almuerzo,12,16,Salchipapa Especial,Salchipapas,23,15.0,345.0,Delivery,No,Ninguna,0,Soleado,30,0,5,15,34,28
2025-01-29,Miércoles,1,2025,0,0,Almuerzo,12,16,Hamburguesa BBQ,Hamburguesas,23,16.0,368.0,Web,No,Ninguna,0,Soleado,30,0,5,9,51,39
2025-01-29,Miércoles,1,2025,0,0,Almuerzo,12,16,Pollo Broaster,Pollos,41,18.0,738.0,Web,No,Ninguna,0,Soleado,30,0,5,18,48,44
2025-01-29,Miércoles,1,2025,0,0,Cena,18,22,Jugo Natural,Bebidas,25,6.0,150.0,Web,No,Ninguna,0,Soleado,30,0,6,3,47,56
2025-01-29,Miércoles,1,2025,0,0,Cena,18,22,Alitas BBQ,Pollos,25,20.0,500.0,Delivery,No,Ninguna,0,Soleado,30,0,6,16,30,62
2025-01-29,Miércoles,1,2025,0,0,Cena,18,22,Hamburguesa BBQ,Hamburguesas,15,16.0,240.0,Delivery,No,Ninguna,0,Soleado,30,0,6,12,35,49
2025-01-29,Miércoles,1,2025,0,0,Cena,18,22,Pollo Broaster,Pollos,37,18.0,599.4,Delivery,Sí,2x1,10,Soleado,30,0,6,12,54,68
2025-01-29,Miércoles,1,2025,0,0,Cena,18,22,Gaseosa,Bebidas,36,4.0,115.2,Presencial,Sí,Descuento,20,Soleado,30,0,6,2,88,51
2025-01-30,Jueves,1,2025,0,0,Desayuno,7,11,Sándwich de Pollo,Sándwiches,7,11.0,77.0,Presencial,No,Ninguna,0,Nublado,23,0,3,12,32,18
2025-01-30,Jueves,1,2025,0,0,Desayuno,7,11,Alitas BBQ,Pollos,9,20.0,180.0,Presencial,No,Ninguna,0,Nublado,23,0,3,15,21,18
2025-01-30,Jueves,1,2025,0,0,Desayuno,7,11,Gaseosa,Bebidas,16,4.0,64.0,Delivery,No,Ninguna,0,Nublado,23,0,3,5,74,21
2025-01-30,Jueves,1,2025,0,0,Almuerzo,12,16,Cheeseburger,Hamburguesas,26,14.0,364.0,Presencial,No,Ninguna,0,Nublado,23,0,7,13,50,40
2025-01-30,Jueves,1,2025,0,0,Almuerzo,12,16,Salchipapa Especial,Salchipapas,31,15.0,348.75,Presencial,Sí,Combo,25,Nublado,23,0,7,12,64,43
2025-01-30,Jueves,1,2025,0,0,Almuerzo,12,16,Pollo Broaster,Pollos,25,18.0,450.0,Delivery,No,Ninguna,0,Nublado,23,0,7,17,40,34
2025-01-30,Jueves,1,2025,0,0,Cena,18,22,Hamburguesa BBQ,Hamburguesas,16,16.0,256.0,Delivery,No,Ninguna,0,Nublado,23,0,7,12,37,52
2025-01-30,Jueves,1,2025,0,0,Cena,18,22,Gaseosa,Bebidas,32,4.0,128.0,Web,No,Ninguna,0,Nublado,23,0,7,5,92,52
2025-01-30,Jueves,1,2025,0,0,Cena,18,22,Pollo Broaster,Pollos,41,18.0,664.2,Presencial,Sí,Combo,10,Nublado,23,0,7,16,56,65
2025-01-30,Jueves,1,2025,0,0,Cena,18,22,Hamburguesa Clásica,Hamburguesas,26,12.0,280.8,Presencial,Sí,Combo,10,Nublado,23,0,7,13,50,59
2025-01-30,Jueves,1,2025,0,0,Cena,18,22,Sándwich de Pollo,Sándwiches,19,11.0,209.0,Presencial,No,Ninguna,0,Nublado,23,0,7,6,24,56
2025-01-31,Viernes,1,2025,0,0,Desayuno,7,11,Pizza Familiar,Pizzas,8,32.0,256.0,Presencial,No,Ninguna,0,Soleado,29,0,3,18,17,23
2025-01-31,Viernes,1,2025,0,0,Desayuno,7,11,Hamburguesa Clásica,Hamburguesas,14,12.0,168.0,Delivery,No,Ninguna,0,Soleado,29,0,3,11,26,22
2025-01-31,Viernes,1,2025,0,0,Desayuno,7,11,Jugo Natural,Bebidas,7,6.0,42.0,Delivery,No,Ninguna,0,Soleado,29,0,3,4,38,20
2025-01-31,Viernes,1,2025,0,0,Desayuno,7,11,Sándwich de Pollo,Sándwiches,12,11.0,132.0,Delivery,No,Ninguna,0,Soleado,29,0,3,7,47,11
2025-01-31,Viernes,1,2025,0,0,Almuerzo,12,16,Gaseosa,Bebidas,45,4.0,180.0,Presencial,No,Ninguna,0,Soleado,29,0,7,2,99,38
2025-01-31,Viernes,1,2025,0,0,Almuerzo,12,16,Hamburguesa Clásica,Hamburguesas,33,12.0,396.0,Presencial,No,Ninguna,0,Soleado,29,0,7,13,45,39
2025-01-31,Viernes,1,2025,0,0,Almuerzo,12,16,Salchipapa Especial,Salchipapas,43,15.0,645.0,Presencial,No,Ninguna,0,Soleado,29,0,7,9,70,37
2025-01-31,Viernes,1,2025,0,0,Almuerzo,12,16,Salchipapa Clásica,Salchipapas,28,10.0,280.0,Presencial,No,Ninguna,0,Soleado,29,0,7,10,46,36
2025-01-31,Viernes,1,2025,0,0,Almuerzo,12,16,Pollo Broaster,Pollos,55,18.0,841.5,Presencial,Sí,Combo,15,Soleado,29,0,7,20,80,33
2025-01-31,Viernes,1,2025,0,0,Almuerzo,12,16,Pizza Personal,Pizzas,30,13.0,390.0,Presencial,No,Ninguna,0,Soleado,29,0,7,17,39,43
2025-01-31,Viernes,1,2025,0,0,Cena,18,22,Gaseosa,Bebidas,39,4.0,156.0,Delivery,No,Ninguna,0,Soleado,29,0,6,4,81,54
2025-01-31,Viernes,1,2025,0,0,Cena,18,22,Pollo Broaster,Pollos,36,18.0,648.0,Delivery,No,Ninguna,0,Soleado,29,0,6,19,42,46
2025-01-31,Viernes,1,2025,0,0,Cena,18,22,Salchipapa Especial,Salchipapas,22,15.0,330.0,Presencial,No,Ninguna,0,Soleado,29,0,6,11,34,63
2025-01-31,Viernes,1,2025,0,0,Cena,18,22,Pizza Familiar,Pizzas,17,32.0,544.0,Web,No,Ninguna,0,Soleado,29,0,6,25,46,62
2025-02-01,Sábado,2,2025,1,0,Desayuno,7,11,Jugo Natural,Bebidas,14,6.0,84.0,Presencial,No,Ninguna,0,Nublado,20,0,4,5,62,30
2025-02-01,Sábado,2,2025,1,0,Desayuno,7,11,Hamburguesa Clásica,Hamburguesas,18,12.0,216.0,Presencial,No,Ninguna,0,Nublado,20,0,4,12,50,20
2025-02-01,Sábado,2,2025,1,0,Desayuno,7,11,Sándwich de Pollo,Sándwiches,13,11.0,143.0,Presencial,No,Ninguna,0,Nublado,20,0,4,6,29,29
2025-02-01,Sábado,2,2025,1,0,Desayuno,7,11,Pollo Broaster,Pollos,28,18.0,403.2,Presencial,Sí,Combo,20,Nublado,20,0,4,14,56,37
2025-02-01,Sábado,2,2025,1,0,Almuerzo,12,16,Pollo Broaster,Pollos,52,18.0,936.0,Delivery,No,Ninguna,0,Nublado,20,0,4,13,79,31
2025-02-01,Sábado,2,2025,1,0,Almuerzo,12,16,Gaseosa,Bebidas,63,4.0,201.6,Delivery,Sí,2x1,20,Nublado,20,0,4,3,90,35
2025-02-01,Sábado,2,2025,1,0,Almuerzo,12,16,Pizza Personal,Pizzas,29,13.0,301.6,Web,Sí,Combo,20,Nublado,20,0,4,17,47,37
2025-02-01,Sábado,2,2025,1,0,Almuerzo,12,16,Salchipapa Clásica,Salchipapas,21,10.0,210.0,Presencial,No,Ninguna,0,Nublado,20,0,4,12,36,33
2025-02-01,Sábado,2,2025,1,0,Cena,18,22,Gaseosa,Bebidas,39,4.0,156.0,Presencial,No,Ninguna,0,Nublado,20,0,7,3,65,51
2025-02-01,Sábado,2,2025,1,0,Cena,18,22,Salchipapa Especial,Salchipapas,23,15.0,345.0,Presencial,No,Ninguna,0,Nublado,20,0,7,11,38,54
2025-02-01,Sábado,2,2025,1,0,Cena,18,22,Salchipapa Clásica,Salchipapas,24,10.0,240.0,Delivery,No,Ninguna,0,Nublado,20,0,7,11,31,55
2025-02-02,Domingo,2,2025,1,0,Desayuno,7,11,Gaseosa,Bebidas,19,4.0,76.0,Web,No,Ninguna,0,Soleado,28,0,4,5,34,21
2025-02-02,Domingo,2,2025,1,0,Desayuno,7,11,Sándwich de Pollo,Sándwiches,9,11.0,99.0,Presencial,No,Ninguna,0,Soleado,28,0,4,12,33,22
2025-02-02,Domingo,2,2025,1,0,Desayuno,7,11,Jugo Natural,Bebidas,9,6.0,54.0,Presencial,No,Ninguna,0,Soleado,28,0,4,5,60,20
2025-02-02,Domingo,2,2025,1,0,Desayuno,7,11,Salchipapa Clásica,Salchipapas,9,10.0,90.0,Presencial,No,Ninguna,0,Soleado,28,0,4,9,42,25
2025-02-02,Domingo,2,2025,1,0,Almuerzo,12,16,Salchipapa Clásica,Salchipapas,25,10.0,250.0,Presencial,No,Ninguna,0,Soleado,28,0,5,15,57,29
2025-02-02,Domingo,2,2025,1,0,Almuerzo,12,16,Gaseosa,Bebidas,48,4.0,192.0,Presencial,No,Ninguna,0,Soleado,28,0,5,3,73,51
2025-02-02,Domingo,2,2025,1,0,Almuerzo,12,16,Pizza Personal,Pizzas,31,13.0,403.0,Presencial,No,Ninguna,0,Soleado,28,0,5,21,66,31
2025-02-02,Domingo,2,2025,1,0,Almuerzo,12,16,Cheeseburger,Hamburguesas,28,14.0,392.0,Web,No,Ninguna,0,Soleado,28,0,5,14,56,48
2025-02-02,Domingo,2,2025,1,0,Almuerzo,12,16,Hamburguesa Clásica,Hamburguesas,40,12.0,480.0,Presencial,No,Ninguna,0,Soleado,28,0,5,14,72,31
2025-02-02,Domingo,2,2025,1,0,Almuerzo,12,16,Pollo Broaster,Pollos,51,18.0,918.0,Delivery,No,Ninguna,0,Soleado,28,0,5,18,79,43
2025-02-02,Domingo,2,2025,1,0,Cena,18,22,Pizza Personal,Pizzas,25,13.0,276.25,Web,Sí,Combo,15,Soleado,28,0,8,15,47,72
2025-02-02,Domingo,2,2025,1,0,Cena,18,22,Hamburguesa Clásica,Hamburguesas,33,12.0,396.0,Web,No,Ninguna,0,Soleado,28,0,8,12,44,65
2025-02-02,Domingo,2,2025,1,0,Cena,18,22,Pizza Familiar,Pizzas,21,32.0,672.0,Presencial,No,Ninguna,0,Soleado,28,0,8,19,44,62
2025-02-02,Domingo,2,2025,1,0,Cena,18,22,Alitas BBQ,Pollos,17,20.0,340.0,Delivery,No,Ninguna,0,Soleado,28,0,8,20,35,55
2025-02-03,Lunes,2,2025,0,0,Desayuno,7,11,Hamburguesa Clásica,Hamburguesas,13,12.0,140.4,Presencial,Sí,2x1,10,Soleado,25,0,3,8,29,22
2025-02-03,Lunes,2,2025,0,0,Desayuno,7,11,Cheeseburger,Hamburguesas,7,14.0,98.0,Presencial,No,Ninguna,0,Soleado,25,0,3,10,27,21
2025-02-03,Lunes,2,2025,0,0,Desayuno,7,11,Pollo Broaster,Pollos,15,18.0,270.0,Delivery,No,Ninguna,0,Soleado,25,0,3,14,25,15
2025-02-03,Lunes,2,2025,0,0,Desayuno,7,11,Sándwich de Pollo,Sándwiches,7,11.0,77.0,Presencial,No,Ninguna,0,Soleado,25,0,3,7,34,19
2025-02-03,Lunes,2,2025,0,0,Desayuno,7,11,Jugo Natural,Bebidas,7,6.0,42.0,Presencial,No,Ninguna,0,Soleado,25,0,3,3,38,15
2025-02-03,Lunes,2,2025,0,0,Almuerzo,12,16,Jugo Natural,Bebidas,29,6.0,174.0,Web,No,Ninguna,0,Soleado,25,0,6,5,77,32
2025-02-03,Lunes,2,2025,0,0,Almuerzo,12,16,Gaseosa,Bebidas,30,4.0,120.0,Presencial,No,Ninguna,0,Soleado,25,0,6,2,81,45
2025-02-03,Lunes,2,2025,0,0,Almuerzo,12,16,Cheeseburger,Hamburguesas,30,14.0,378.0,Presencial,Sí,2x1,10,Soleado,25,0,6,8,64,33
2025-02-03,Lunes,2,2025,0,0,Cena,18,22,Hamburguesa BBQ,Hamburguesas,22,16.0,264.0,Presencial,Sí,2x1,25,Soleado,25,0,4,14,56,65
2025-02-03,Lunes,2,2025,0,0,Cena,18,22,Pizza Personal,Pizzas,16,13.0,166.4,Presencial,Sí,Descuento,20,Soleado,25,0,4,16,35,61
2025-02-03,Lunes,2,2025,0,0,Cena,18,22,Pizza Familiar,Pizzas,16,32.0,409.6,Delivery,Sí,2x1,20,Soleado,25,0,4,15,30,49
2025-02-03,Lunes,2,2025,0,0,Cena,18,22,Cheeseburger,Hamburguesas,16,14.0,224.0,Delivery,No,Ninguna,0,Soleado,25,0,4,11,26,47
2025-02-04,Martes,2,2025,0,0,Desayuno,7,11,Gaseosa,Bebidas,20,4.0,68.0,Presencial,Sí,Combo,15,Nublado,19,0,2,4,39,25
2025-02-04,Martes,2,2025,0,0,Desayuno,7,11,Sándwich de Pollo,Sándwiches,8,11.0,88.0,Presencial,No,Ninguna,0,Nublado,19,0,2,8,30,17
2025-02-04,Martes,2,2025,0,0,Desayuno,7,11,Jugo Natural,Bebidas,9,6.0,54.0,Presencial,No,Ninguna,0,Nublado,19,0,2,2,47,19
2025-02-04,Martes,2,2025,0,0,Desayuno,7,11,Cheeseburger,Hamburguesas,11,14.0,154.0,Presencial,No,Ninguna,0,Nublado,19,0,2,9,36,16
2025-02-04,Martes,2,2025,0,0,Almuerzo,12,16,Jugo Natural,Bebidas,17,6.0,102.0,Presencial,No,Ninguna,0,Nublado,19,0,5,5,77,37
2025-02-04,Martes,2,2025,0,0,Almuerzo,12,16,Hamburguesa BBQ,Hamburguesas,19,16.0,304.0,Delivery,No,Ninguna,0,Nublado,19,0,5,12,48,27
2025-02-04,Martes,2,2025,0,0,Almuerzo,12,16,Pollo Broaster,Pollos,30,18.0,540.0,Presencial,No,Ninguna,0,Nublado,19,0,5,16,51,31
2025-02-04,Martes,2,2025,0,0,Almuerzo,12,16,Hamburguesa Clásica,Hamburguesas,30,12.0,360.0,Delivery,No,Ninguna,0,Nublado,19,0,5,12,41,30
2025-02-04,Martes,2,2025,0,0,Almuerzo,12,16,Pizza Personal,Pizzas,16,13.0,208.0,Web,No,Ninguna,0,Nublado,19,0,5,20,38,44
2025-02-04,Martes,2,2025,0,0,Almuerzo,12,16,Cheeseburger,Hamburguesas,13,14.0,182.0,Presencial,No,Ninguna,0,Nublado,19,0,5,11,18,45
2025-02-04,Martes,2,2025,0,0,Cena,18,22,Alitas BBQ,Pollos,17,20.0,340.0,Presencial,No,Ninguna,0,Nublado,19,0,4,15,22,41
2025-02-04,Martes,2,2025,0,0,Cena,18,22,Pizza Familiar,Pizzas,10,32.0,320.0,Web,No,Ninguna,0,Nublado,19,0,4,17,30,54
2025-02-04,Martes,2,2025,0,0,Cena,18,22,Gaseosa,Bebidas,32,4.0,128.0,Delivery,No,Ninguna,0,Nublado,19,0,4,2,90,46
2025-02-04,Martes,2,2025,0,0,Cena,18,22,Hamburguesa BBQ,Hamburguesas,19,16.0,304.0,Web,No,Ninguna,0,Nublado,19,0,4,11,53,52
2025-02-04,Martes,2,2025,0,0,Cena,18,22,Salchipapa Especial,Salchipapas,25,15.0,375.0,Web,No,Ninguna,0,Nublado,19,0,4,14,60,54
2025-02-04,Martes,2,2025,0,0,Cena,18,22,Cheeseburger,Hamburguesas,15,14.0,210.0,Delivery,No,Ninguna,0,Nublado,19,0,4,11,36,61
2025-02-05,Miércoles,2,2025,0,0,Desayuno,7,11,Jugo Natural,Bebidas,11,6.0,66.0,Presencial,No,Ninguna,0,Soleado,30,0,3,3,57,23
2025-02-05,Miércoles,2,2025,0,0,Desayuno,7,11,Hamburguesa Clásica,Hamburguesas,13,12.0,156.0,Presencial,No,Ninguna,0,Soleado,30,0,3,14,33,14
2025-02-05,Miércoles,2,2025,0,0,Desayuno,7,11,Gaseosa,Bebidas,19,4.0,76.0,Presencial,No,Ninguna,0,Soleado,30,0,3,2,68,22
2025-02-05,Miércoles,2,2025,0,0,Desayuno,7,11,Cheeseburger,Hamburguesas,11,14.0,154.0,Presencial,No,Ninguna,0,Soleado,30,0,3,12,46,19
2025-02-05,Miércoles,2,2025,0,0,Desayuno,7,11,Salchipapa Especial,Salchipapas,15,15.0,225.0,Presencial,No,Ninguna,0,Soleado,30,0,3,10,46,14
2025-02-05,Miércoles,2,2025,0,0,Almuerzo,12,16,Gaseosa,Bebidas,35,4.0,140.0,Web,No,Ninguna,0,Soleado,30,0,4,4,89,43
2025-02-05,Miércoles,2,2025,0,0,Almuerzo,12,16,Hamburguesa BBQ,Hamburguesas,23,16.0,368.0,Presencial,No,Ninguna,0,Soleado,30,0,4,12,44,31
2025-02-05,Miércoles,2,2025,0,0,Almuerzo,12,16,Alitas BBQ,Pollos,31,20.0,620.0,Presencial,No,Ninguna,0,Soleado,30,0,4,16,59,26
2025-02-05,Miércoles,2,2025,0,0,Almuerzo,12,16,Pollo Broaster,Pollos,38,18.0,684.0,Delivery,No,Ninguna,0,Soleado,30,0,4,12,47,40
2025-02-05,Miércoles,2,2025,0,0,Cena,18,22,Pizza Familiar,Pizzas,19,32.0,608.0,Delivery,No,Ninguna,0,Soleado,30,0,8,16,46,51
2025-02-05,Miércoles,2,2025,0,0,Cena,18,22,Cheeseburger,Hamburguesas,16,14.0,224.0,Delivery,No,Ninguna,0,Soleado,30,0,8,14,27,58
2025-02-05,Miércoles,2,2025,0,0,Cena,18,22,Pollo Broaster,Pollos,25,18.0,450.0,Delivery,No,Ninguna,0,Soleado,30,0,8,17,32,63
2025-02-05,Miércoles,2,2025,0,0,Cena,18,22,Alitas BBQ,Pollos,28,20.0,476.0,Web,Sí,Combo,15,Soleado,30,0,8,19,62,68
2025-02-06,Jueves,2,2025,0,0,Desayuno,7,11,Jugo Natural,Bebidas,12,6.0,72.0,Presencial,No,Ninguna,0,Nublado,22,0,4,3,35,17
2025-02-06,Jueves,2,2025,0,0,Desayuno,7,11,Sándwich de Pollo,Sándwiches,8,11.0,88.0,Delivery,No,Ninguna,0,Nublado,22,0,4,11,21,22
2025-02-06,Jueves,2,2025,0,0,Desayuno,7,11,Hamburguesa Clásica,Hamburguesas,10,12.0,120.0,Presencial,No,Ninguna,0,Nublado,22,0,4,11,31,22
2025-02-06,Jueves,2,2025,0,0,Desayuno,7,11,Cheeseburger,Hamburguesas,11,14.0,123.2,Presencial,Sí,2x1,20,Nublado,22,0,4,14,34,19
2025-02-06,Jueves,2,2025,0,0,Desayuno,7,11,Pizza Familiar,Pizzas,8,32.0,256.0,Presencial,No,Ninguna,0,Nublado,22,0,4,18,42,12
2025-02-06,Jueves,2,2025,0,0,Almuerzo,12,16,Salchipapa Clásica,Salchipapas,18,10.0,180.0,Presencial,No,Ninguna,0,Nublado,22,0,4,8,43,45
2025-02-06,Jueves,2,2025,0,0,Almuerzo,12,16,Pizza Familiar,Pizzas,18,32.0,576.0,Web,No,Ninguna,0,Nublado,22,0,4,20,24,25
2025-02-06,Jueves,2,2025,0,0,Almuerzo,12,16,Pizza Personal,Pizzas,24,13.0,312.0,Presencial,No,Ninguna,0,Nublado,22,0,4,24,34,34
2025-02-06,Jueves,2,2025,0,0,Almuerzo,12,16,Gaseosa,Bebidas,30,4.0,120.0,Web,No,Ninguna,0,Nublado,22,0,4,4,52,45
2025-02-06,Jueves,2,2025,0,0,Almuerzo,12,16,Salchipapa Especial,Salchipapas,28,15.0,420.0,Presencial,No,Ninguna,0,Nublado,22,0,4,14,58,38
2025-02-06,Jueves,2,2025,0,0,Cena,18,22,Cheeseburger,Hamburguesas,17,14.0,238.0,Delivery,No,Ninguna,0,Nublado,22,0,4,8,28,60
2025-02-06,Jueves,2,2025,0,0,Cena,18,22,Salchipapa Especial,Salchipapas,28,15.0,420.0,Delivery,No,Ninguna,0,Nublado,22,0,4,8,40,63
2025-02-06,Jueves,2,2025,0,0,Cena,18,22,Gaseosa,Bebidas,40,4.0,160.0,Presencial,No,Ninguna,0,Nublado,22,0,4,4,62,45
2025-02-06,Jueves,2,2025,0,0,Cena,18,22,Pollo Broaster,Pollos,39,18.0,702.0,Presencial,No,Ninguna,0,Nublado,22,0,4,20,55,44
2025-02-07,Viernes,2,2025,0,0,Desayuno,7,11,Gaseosa,Bebidas,17,4.0,68.0,Delivery,No,Ninguna,0,Soleado,29,0,3,3,42,23
2025-02-07,Viernes,2,2025,0,0,Desayuno,7,11,Sándwich de Pollo,Sándwiches,8,11.0,88.0,Presencial,No,Ninguna,0,Soleado,29,0,3,6,43,11
2025-02-07,Viernes,2,2025,0,0,Desayuno,7,11,Hamburguesa BBQ,Hamburguesas,14,16.0,224.0,Presencial,No,Ninguna,0,Soleado,29,0,3,12,21,20
2025-02-07,Viernes,2,2025,0,0,Desayuno,7,11,Cheeseburger,Hamburguesas,10,14.0,140.0,Presencial,No,Ninguna,0,Soleado,29,0,3,14,38,11
2025-02-07,Viernes,2,2025,0,0,Almuerzo,12,16,Sándwich de Pollo,Sándwiches,24,11.0,264.0,Presencial,No,Ninguna,0,Soleado,29,0,5,6,56,25
2025-02-07,Viernes,2,2025,0,0,Almuerzo,12,16,Hamburguesa BBQ,Hamburguesas,25,16.0,400.0,Presencial,No,Ninguna,0,Soleado,29,0,5,11,56,32
2025-02-07,Viernes,2,2025,0,0,Almuerzo,12,16,Salchipapa Clásica,Salchipapas,21,10.0,210.0,Presencial,No,Ninguna,0,Soleado,29,0,5,10,40,26
2025-02-07,Viernes,2,2025,0,0,Almuerzo,12,16,Salchipapa Especial,Salchipapas,31,15.0,465.0,Delivery,No,Ninguna,0,Soleado,29,0,5,15,66,45
2025-02-07,Viernes,2,2025,0,0,Cena,18,22,Pizza Familiar,Pizzas,17,32.0,544.0,Delivery,No,Ninguna,0,Soleado,29,0,8,16,22,55
2025-02-07,Viernes,2,2025,0,0,Cena,18,22,Hamburguesa Clásica,Hamburguesas,28,12.0,336.0,Delivery,No,Ninguna,0,Soleado,29,0,8,8,53,64
2025-02-07,Viernes,2,2025,0,0,Cena,18,22,Cheeseburger,Hamburguesas,19,14.0,266.0,Web,No,Ninguna,0,Soleado,29,0,8,10,44,45
2025-02-08,Sábado,2,2025,1,0,Desayuno,7,11,Jugo Natural,Bebidas,21,6.0,94.5,Delivery,Sí,Combo,25,Nublado,18,0,4,2,73,29
2025-02-08,Sábado,2,2025,1,0,Desayuno,7,11,Sándwich de Pollo,Sándwiches,12,11.0,132.0,Presencial,No,Ninguna,0,Nublado,18,0,4,6,23,22
2025-02-08,Sábado,2,2025,1,0,Desayuno,7,11,Gaseosa,Bebidas,20,4.0,80.0,Presencial,No,Ninguna,0,Nublado,18,0,4,5,35,20
2025-02-08,Sábado,2,2025,1,0,Desayuno,7,11,Hamburguesa Clásica,Hamburguesas,14,12.0,168.0,Presencial,No,Ninguna,0,Nublado,18,0,4,14,32,20
2025-02-08,Sábado,2,2025,1,0,Desayuno,7,11,Salchipapa Clásica,Salchipapas,13,10.0,130.0,Presencial,No,Ninguna,0,Nublado,18,0,4,9,34,24
2025-02-08,Sábado,2,2025,1,0,Almuerzo,12,16,Gaseosa,Bebidas,51,4.0,204.0,Presencial,No,Ninguna,0,Nublado,18,0,7,2,80,32
2025-02-08,Sábado,2,2025,1,0,Almuerzo,12,16,Salchipapa Especial,Salchipapas,44,15.0,660.0,Presencial,No,Ninguna,0,Nublado,18,0,7,14,49,48
2025-02-08,Sábado,2,2025,1,0,Almuerzo,12,16,Pollo Broaster,Pollos,44,18.0,792.0,Delivery,No,Ninguna,0,Nublado,18,0,7,14,76,41
2025-02-08,Sábado,2,2025,1,0,Cena,18,22,Salchipapa Clásica,Salchipapas,27,10.0,270.0,Delivery,No,Ninguna,0,Nublado,18,0,8,13,57,63
2025-02-08,Sábado,2,2025,1,0,Cena,18,22,Pizza Familiar,Pizzas,21,32.0,672.0,Delivery,No,Ninguna,0,Nublado,18,0,8,15,50,56
2025-02-08,Sábado,2,2025,1,0,Cena,18,22,Salchipapa Especial,Salchipapas,38,15.0,570.0,Delivery,No,Ninguna,0,Nublado,18,0,8,13,55,60
2025-02-08,Sábado,2,2025,1,0,Cena,18,22,Hamburguesa Clásica,Hamburguesas,32,12.0,384.0,Presencial,No,Ninguna,0,Nublado,18,0,8,11,51,68
2025-02-09,Domingo,2,2025,1,0,Desayuno,7,11,Salchipapa Especial,Salchipapas,16,15.0,240.0,Presencial,No,Ninguna,0,Soleado,30,0,2,13,39,19
2025-02-09,Domingo,2,2025,1,0,Desayuno,7,11,Alitas BBQ,Pollos,12,20.0,240.0,Delivery,No,Ninguna,0,Soleado,30,0,2,17,21,25
2025-02-09,Domingo,2,2025,1,0,Desayuno,7,11,Hamburguesa Clásica,Hamburguesas,11,12.0,132.0,Presencial,No,Ninguna,0,Soleado,30,0,2,14,36,27
2025-02-09,Domingo,2,2025,1,0,Desayuno,7,11,Sándwich de Pollo,Sándwiches,11,11.0,121.0,Presencial,No,Ninguna,0,Soleado,30,0,2,9,37,26
2025-02-09,Domingo,2,2025,1,0,Desayuno,7,11,Pollo Broaster,Pollos,17,18.0,306.0,Presencial,No,Ninguna,0,Soleado,30,0,2,14,27,26
2025-02-09,Domingo,2,2025,1,0,Almuerzo,12,16,Pizza Personal,Pizzas,21,13.0,232.05,Presencial,Sí,Combo,15,Soleado,30,0,4,21,37,35
2025-02-09,Domingo,2,2025,1,0,Almuerzo,12,16,Alitas BBQ,Pollos,25,20.0,500.0,Web,No,Ninguna,0,Soleado,30,0,4,17,43,52
2025-02-09,Domingo,2,2025,1,0,Almuerzo,12,16,Gaseosa,Bebidas,48,4.0,192.0,Delivery,No,Ninguna,0,Soleado,30,0,4,2,102,30
2025-02-09,Domingo,2,2025,1,0,Almuerzo,12,16,Hamburguesa Clásica,Hamburguesas,36,12.0,432.0,Delivery,No,Ninguna,0,Soleado,30,0,4,8,49,31
2025-02-09,Domingo,2,2025,1,0,Almuerzo,12,16,Sándwich de Pollo,Sándwiches,36,11.0,396.0,Web,No,Ninguna,0,Soleado,30,0,4,6,57,45
2025-02-09,Domingo,2,2025,1,0,Cena,18,22,Pizza Personal,Pizzas,24,13.0,312.0,Delivery,No,Ninguna,0,Soleado,30,0,6,16,43,57
2025-02-09,Domingo,2,2025,1,0,Cena,18,22,Alitas BBQ,Pollos,17,20.0,340.0,Presencial,No,Ninguna,0,Soleado,30,0,6,16,51,60
2025-02-09,Domingo,2,2025,1,0,Cena,18,22,Hamburguesa BBQ,Hamburguesas,29,16.0,464.0,Delivery,No,Ninguna,0,Soleado,30,0,6,11,63,54
2025-02-09,Domingo,2,2025,1,0,Cena,18,22,Hamburguesa Clásica,Hamburguesas,25,12.0,300.0,Delivery,No,Ninguna,0,Soleado,30,0,6,10,40,67
2025-02-09,Domingo,2,2025,1,0,Cena,18,22,Pizza Familiar,Pizzas,18,32.0,576.0,Web,No,Ninguna,0,Soleado,30,0,6,23,48,72
2025-02-10,Lunes,2,2025,0,0,Desayuno,7,11,Sándwich de Pollo,Sándwiches,9,11.0,99.0,Delivery,No,Ninguna,0,Lluvioso,18,1,4,6,17,39
2025-02-10,Lunes,2,2025,0,0,Desayuno,7,11,Gaseosa,Bebidas,15,4.0,60.0,Presencial,No,Ninguna,0,Lluvioso,18,1,4,4,75,32
2025-02-10,Lunes,2,2025,0,0,Desayuno,7,11,Jugo Natural,Bebidas,12,6.0,64.8,Delivery,Sí,Descuento,10,Lluvioso,18,1,4,3,61,30
2025-02-10,Lunes,2,2025,0,0,Desayuno,7,11,Alitas BBQ,Pollos,9,20.0,180.0,Presencial,No,Ninguna,0,Lluvioso,18,1,4,20,27,26
2025-02-10,Lunes,2,2025,0,0,Desayuno,7,11,Salchipapa Clásica,Salchipapas,11,10.0,110.0,Delivery,No,Ninguna,0,Lluvioso,18,1,4,14,37,31
2025-02-10,Lunes,2,2025,0,0,Desayuno,7,11,Hamburguesa Clásica,Hamburguesas,8,12.0,96.0,Presencial,No,Ninguna,0,Lluvioso,18,1,4,10,25,30
2025-02-10,Lunes,2,2025,0,0,Almuerzo,12,16,Salchipapa Especial,Salchipapas,29,15.0,435.0,Delivery,No,Ninguna,0,Lluvioso,18,1,4,9,49,59
2025-02-10,Lunes,2,2025,0,0,Almuerzo,12,16,Sándwich de Pollo,Sándwiches,17,11.0,187.0,Delivery,No,Ninguna,0,Lluvioso,18,1,4,10,41,41
2025-02-10,Lunes,2,2025,0,0,Almuerzo,12,16,Pizza Familiar,Pizzas,14,32.0,358.4,Presencial,Sí,Descuento,20,Lluvioso,18,1,4,17,21,59
2025-02-10,Lunes,2,2025,0,0,Almuerzo,12,16,Pollo Broaster,Pollos,47,18.0,761.4,Delivery,Sí,Descuento,10,Lluvioso,18,1,4,12,52,49
2025-02-10,Lunes,2,2025,0,0,Almuerzo,12,16,Hamburguesa Clásica,Hamburguesas,18,12.0,216.0,Presencial,No,Ninguna,0,Lluvioso,18,1,4,14,47,47
2025-02-10,Lunes,2,2025,0,0,Cena,18,22,Pollo Broaster,Pollos,33,18.0,594.0,Web,No,Ninguna,0,Lluvioso,18,1,5,14,41,65
2025-02-10,Lunes,2,2025,0,0,Cena,18,22,Jugo Natural,Bebidas,23,6.0,138.0,Delivery,No,Ninguna,0,Lluvioso,18,1,5,2,58,76
2025-02-10,Lunes,2,2025,0,0,Cena,18,22,Salchipapa Especial,Salchipapas,27,15.0,405.0,Delivery,No,Ninguna,0,Lluvioso,18,1,5,8,62,51
2025-02-10,Lunes,2,2025,0,0,Cena,18,22,Gaseosa,Bebidas,35,4.0,140.0,Presencial,No,Ninguna,0,Lluvioso,18,1,5,4,83,66
2025-02-11,Martes,2,2025,0,0,Desayuno,7,11,Sándwich de Pollo,Sándwiches,9,11.0,99.0,Presencial,No,Ninguna,0,Lluvioso,17,1,3,7,22,34
2025-02-11,Martes,2,2025,0,0,Desayuno,7,11,Hamburguesa Clásica,Hamburguesas,13,12.0,124.8,Web,Sí,Descuento,20,Lluvioso,17,1,3,13,47,37
2025-02-11,Martes,2,2025,0,0,Desayuno,7,11,Pollo Broaster,Pollos,17,18.0,306.0,Presencial,No,Ninguna,0,Lluvioso,17,1,3,18,48,39
2025-02-11,Martes,2,2025,0,0,Desayuno,7,11,Gaseosa,Bebidas,12,4.0,48.0,Presencial,No,Ninguna,0,Lluvioso,17,1,3,4,51,31
2025-02-11,Martes,2,2025,0,0,Desayuno,7,11,Jugo Natural,Bebidas,10,6.0,60.0,Delivery,No,Ninguna,0,Lluvioso,17,1,3,5,47,34
2025-02-11,Martes,2,2025,0,0,Almuerzo,12,16,Hamburguesa BBQ,Hamburguesas,31,16.0,372.0,Delivery,Sí,2x1,25,Lluvioso,17,1,6,12,64,60
2025-02-11,Martes,2,2025,0,0,Almuerzo,12,16,Gaseosa,Bebidas,41,4.0,164.0,Delivery,No,Ninguna,0,Lluvioso,17,1,6,2,57,57
2025-02-11,Martes,2,2025,0,0,Almuerzo,12,16,Sándwich de Pollo,Sándwiches,25,11.0,275.0,Delivery,No,Ninguna,0,Lluvioso,17,1,6,12,48,59
2025-02-11,Martes,2,2025,0,0,Cena,18,22,Jugo Natural,Bebidas,25,6.0,150.0,Delivery,No,Ninguna,0,Lluvioso,17,1,6,4,70,55
2025-02-11,Martes,2,2025,0,0,Cena,18,22,Cheeseburger,Hamburguesas,21,14.0,294.0,Delivery,No,Ninguna,0,Lluvioso,17,1,6,10,50,65
2025-02-11,Martes,2,2025,0,0,Cena,18,22,Gaseosa,Bebidas,32,4.0,128.0,Delivery,No,Ninguna,0,Lluvioso,17,1,6,2,65,60
2025-02-11,Martes,2,2025,0,0,Cena,18,22,Alitas BBQ,Pollos,15,20.0,300.0,Delivery,No,Ninguna,0,Lluvioso,17,1,6,19,39,74
2025-02-11,Martes,2,2025,0,0,Cena,18,22,Salchipapa Especial,Salchipapas,19,15.0,213.75,Delivery,Sí,Descuento,25,Lluvioso,17,1,6,14,50,84
2025-02-11,Martes,2,2025,0,0,Cena,18,22,Hamburguesa BBQ,Hamburguesas,26,16.0,416.0,Delivery,No,Ninguna,0,Lluvioso,17,1,6,12,38,52
2025-02-12,Miércoles,2,2025,0,0,Desayuno,7,11,Pizza Familiar,Pizzas,6,32.0,192.0,Presencial,No,Ninguna,0,Soleado,30,0,4,25,40,15
2025-02-12,Miércoles,2,2025,0,0,Desayuno,7,11,Salchipapa Clásica,Salchipapas,16,10.0,160.0,Presencial,No,Ninguna,0,Soleado,30,0,4,11,50,21
2025-02-12,Miércoles,2,2025,0,0,Desayuno,7,11,Jugo Natural,Bebidas,10,6.0,60.0,Presencial,No,Ninguna,0,Soleado,30,0,4,3,66,22
2025-02-12,Miércoles,2,2025,0,0,Almuerzo,12,16,Pollo Broaster,Pollos,48,18.0,691.2,Presencial,Sí,Descuento,20,Soleado,30,0,4,19,60,46
2025-02-12,Miércoles,2,2025,0,0,Almuerzo,12,16,Salchipapa Especial,Salchipapas,30,15.0,450.0,Presencial,No,Ninguna,0,Soleado,30,0,4,9,41,45
2025-02-12,Miércoles,2,2025,0,0,Almuerzo,12,16,Alitas BBQ,Pollos,27,20.0,486.0,Web,Sí,2x1,10,Soleado,30,0,4,16,51,50
2025-02-12,Miércoles,2,2025,0,0,Cena,18,22,Alitas BBQ,Pollos,21,20.0,420.0,Web,No,Ninguna,0,Soleado,30,0,7,16,50,58
2025-02-12,Miércoles,2,2025,0,0,Cena,18,22,Gaseosa,Bebidas,39,4.0,156.0,Delivery,No,Ninguna,0,Soleado,30,0,7,2,94,44
2025-02-12,Miércoles,2,2025,0,0,Cena,18,22,Pizza Familiar,Pizzas,19,32.0,456.0,Delivery,Sí,Descuento,25,Soleado,30,0,7,21,36,65
2025-02-12,Miércoles,2,2025,0,0,Cena,18,22,Pollo Broaster,Pollos,31,18.0,558.0,Delivery,No,Ninguna,0,Soleado,30,0,7,12,62,40
2025-02-12,Miércoles,2,2025,0,0,Cena,18,22,Pizza Personal,Pizzas,19,13.0,247.0,Presencial,No,Ninguna,0,Soleado,30,0,7,23,53,53
2025-02-13,Jueves,2,2025,0,0,Desayuno,7,11,Pizza Personal,Pizzas,10,13.0,104.0,Delivery,Sí,Descuento,20,Soleado,31,0,2,19,33,21
2025-02-13,Jueves,2,2025,0,0,Desayuno,7,11,Jugo Natural,Bebidas,9,6.0,54.0,Presencial,No,Ninguna,0,Soleado,31,0,2,2,45,11
2025-02-13,Jueves,2,2025,0,0,Desayuno,7,11,Sándwich de Pollo,Sándwiches,9,11.0,99.0,Presencial,No,Ninguna,0,Soleado,31,0,2,9,30,14
2025-02-13,Jueves,2,2025,0,0,Desayuno,7,11,Alitas BBQ,Pollos,9,20.0,180.0,Presencial,No,Ninguna,0,Soleado,31,0,2,17,19,20
2025-02-13,Jueves,2,2025,0,0,Almuerzo,12,16,Gaseosa,Bebidas,51,4.0,204.0,Presencial,No,Ninguna,0,Soleado,31,0,4,5,81,31
2025-02-13,Jueves,2,2025,0,0,Almuerzo,12,16,Pollo Broaster,Pollos,35,18.0,630.0,Presencial,No,Ninguna,0,Soleado,31,0,4,19,70,39
2025-02-13,Jueves,2,2025,0,0,Almuerzo,12,16,Hamburguesa BBQ,Hamburguesas,19,16.0,304.0,Presencial,No,Ninguna,0,Soleado,31,0,4,8,48,42
2025-02-13,Jueves,2,2025,0,0,Almuerzo,12,16,Jugo Natural,Bebidas,31,6.0,158.1,Web,Sí,Descuento,15,Soleado,31,0,4,4,62,32
2025-02-13,Jueves,2,2025,0,0,Almuerzo,12,16,Salchipapa Clásica,Salchipapas,25,10.0,250.0,Web,No,Ninguna,0,Soleado,31,0,4,13,47,38
2025-02-13,Jueves,2,2025,0,0,Almuerzo,12,16,Salchipapa Especial,Salchipapas,28,15.0,420.0,Presencial,No,Ninguna,0,Soleado,31,0,4,13,52,30
2025-02-13,Jueves,2,2025,0,0,Cena,18,22,Alitas BBQ,Pollos,19,20.0,304.0,Delivery,Sí,Descuento,20,Soleado,31,0,4,15,24,62
2025-02-13,Jueves,2,2025,0,0,Cena,18,22,Hamburguesa BBQ,Hamburguesas,15,16.0,240.0,Presencial,No,Ninguna,0,Soleado,31,0,4,11,35,43
2025-02-13,Jueves,2,2025,0,0,Cena,18,22,Pollo Broaster,Pollos,42,18.0,756.0,Delivery,No,Ninguna,0,Soleado,31,0,4,16,55,62
2025-02-13,Jueves,2,2025,0,0,Cena,18,22,Pizza Familiar,Pizzas,18,32.0,576.0,Presencial,No,Ninguna,0,Soleado,31,0,4,25,42,50
2025-02-13,Jueves,2,2025,0,0,Cena,18,22,Salchipapa Especial,Salchipapas,31,15.0,465.0,Presencial,No,Ninguna,0,Soleado,31,0,4,14,61,42
2025-02-13,Jueves,2,2025,0,0,Cena,18,22,Cheeseburger,Hamburguesas,21,14.0,294.0,Presencial,No,Ninguna,0,Soleado,31,0,4,9,38,55
2025-02-14,Viernes,2,2025,0,0,Desayuno,7,11,Hamburguesa Clásica,Hamburguesas,15,12.0,180.0,Presencial,No,Ninguna,0,Nublado,20,0,3,13,35,16
2025-02-14,Viernes,2,2025,0,0,Desayuno,7,11,Hamburguesa BBQ,Hamburguesas,12,16.0,192.0,Presencial,No,Ninguna,0,Nublado,20,0,3,8,43,16
2025-02-14,Viernes,2,2025,0,0,Desayuno,7,11,Gaseosa,Bebidas,18,4.0,72.0,Presencial,No,Ninguna,0,Nublado,20,0,3,2,44,12
2025-02-14,Viernes,2,2025,0,0,Desayuno,7,11,Sándwich de Pollo,Sándwiches,13,11.0,143.0,Delivery,No,Ninguna,0,Nublado,20,0,3,12,35,24
2025-02-14,Viernes,2,2025,0,0,Desayuno,7,11,Jugo Natural,Bebidas,17,6.0,76.5,Web,Sí,Combo,25,Nublado,20,0,3,2,75,25
2025-02-14,Viernes,2,2025,0,0,Almuerzo,12,16,Salchipapa Clásica,Salchipapas,27,10.0,270.0,Presencial,No,Ninguna,0,Nublado,20,0,5,9,60,29
2025-02-14,Viernes,2,2025,0,0,Almuerzo,12,16,Salchipapa Especial,Salchipapas,35,15.0,393.75,Presencial,Sí,Combo,25,Nublado,20,0,5,8,51,32
2025-02-14,Viernes,2,2025,0,0,Almuerzo,12,16,Cheeseburger,Hamburguesas,26,14.0,364.0,Presencial,No,Ninguna,0,Nublado,20,0,5,10,43,30
2025-02-14,Viernes,2,2025,0,0,Almuerzo,12,16,Hamburguesa Clásica,Hamburguesas,34,12.0,408.0,Presencial,No,Ninguna,0,Nublado,20,0,5,11,41,26
2025-02-14,Viernes,2,2025,0,0,Almuerzo,12,16,Pizza Personal,Pizzas,22,13.0,286.0,Delivery,No,Ninguna,0,Nublado,20,0,5,19,52,28
2025-02-14,Viernes,2,2025,0,0,Cena,18,22,Alitas BBQ,Pollos,24,20.0,480.0,Delivery,No,Ninguna,0,Nublado,20,0,7,18,45,41
2025-02-14,Viernes,2,2025,0,0,Cena,18,22,Gaseosa,Bebidas,39,4.0,156.0,Delivery,No,Ninguna,0,Nublado,20,0,7,2,65,63
2025-02-14,Viernes,2,2025,0,0,Cena,18,22,Pizza Personal,Pizzas,19,13.0,247.0,Presencial,No,Ninguna,0,Nublado,20,0,7,19,52,46
2025-02-14,Viernes,2,2025,0,0,Cena,18,22,Cheeseburger,Hamburguesas,29,14.0,406.0,Presencial,No,Ninguna,0,Nublado,20,0,7,8,63,40
2025-02-15,Sábado,2,2025,1,0,Desayuno,7,11,Salchipapa Clásica,Salchipapas,13,10.0,130.0,Delivery,No,Ninguna,0,Nublado,23,0,4,15,30,27
2025-02-15,Sábado,2,2025,1,0,Desayuno,7,11,Jugo Natural,Bebidas,16,6.0,96.0,Presencial,No,Ninguna,0,Nublado,23,0,4,4,31,25
2025-02-15,Sábado,2,2025,1,0,Desayuno,7,11,Sándwich de Pollo,Sándwiches,13,11.0,128.7,Delivery,Sí,Descuento,10,Nublado,23,0,4,10,26,26
2025-02-15,Sábado,2,2025,1,0,Desayuno,7,11,Pizza Personal,Pizzas,6,13.0,78.0,Presencial,No,Ninguna,0,Nublado,23,0,4,18,41,17
2025-02-15,Sábado,2,2025,1,0,Almuerzo,12,16,Salchipapa Especial,Salchipapas,44,15.0,660.0,Delivery,No,Ninguna,0,Nublado,23,0,5,11,57,39
2025-02-15,Sábado,2,2025,1,0,Almuerzo,12,16,Alitas BBQ,Pollos,32,20.0,640.0,Presencial,No,Ninguna,0,Nublado,23,0,5,19,54,34
2025-02-15,Sábado,2,2025,1,0,Almuerzo,12,16,Hamburguesa BBQ,Hamburguesas,31,16.0,496.0,Presencial,No,Ninguna,0,Nublado,23,0,5,10,55,42
2025-02-15,Sábado,2,2025,1,0,Almuerzo,12,16,Gaseosa,Bebidas,61,4.0,183.0,Presencial,Sí,Descuento,25,Nublado,23,0,5,3,116,46
2025-02-15,Sábado,2,2025,1,0,Cena,18,22,Jugo Natural,Bebidas,36,6.0,172.8,Delivery,Sí,Combo,20,Nublado,23,0,7,4,82,73
2025-02-15,Sábado,2,2025,1,0,Cena,18,22,Salchipapa Especial,Salchipapas,36,15.0,540.0,Presencial,No,Ninguna,0,Nublado,23,0,7,11,64,60
2025-02-15,Sábado,2,2025,1,0,Cena,18,22,Gaseosa,Bebidas,49,4.0,196.0,Delivery,No,Ninguna,0,Nublado,23,0,7,4,80,49
2025-02-15,Sábado,2,2025,1,0,Cena,18,22,Hamburguesa BBQ,Hamburguesas,30,16.0,480.0,Presencial,No,Ninguna,0,Nublado,23,0,7,8,42,66
2025-02-15,Sábado,2,2025,1,0,Cena,18,22,Pizza Familiar,Pizzas,16,32.0,512.0,Delivery,No,Ninguna,0,Nublado,23,0,7,21,44,71
2025-02-15,Sábado,2,2025,1,0,Cena,18,22,Sándwich de Pollo,Sándwiches,23,11.0,253.0,Presencial,No,Ninguna,0,Nublado,23,0,7,9,35,57
2025-02-16,Domingo,2,2025,1,0,Desayuno,7,11,Sándwich de Pollo,Sándwiches,17,11.0,158.95,Presencial,Sí,2x1,15,Soleado,30,0,5,11,37,23
2025-02-16,Domingo,2,2025,1,0,Desayuno,7,11,Gaseosa,Bebidas,24,4.0,96.0,Delivery,No,Ninguna,0,Soleado,30,0,5,2,66,33
2025-02-16,Domingo,2,2025,1,0,Desayuno,7,11,Jugo Natural,Bebidas,14,6.0,84.0,Presencial,No,Ninguna,0,Soleado,30,0,5,4,53,23
2025-02-16,Domingo,2,2025,1,0,Desayuno,7,11,Cheeseburger,Hamburguesas,13,14.0,182.0,Presencial,No,Ninguna,0,Soleado,30,0,5,12,22,17
2025-02-16,Domingo,2,2025,1,0,Desayuno,7,11,Salchipapa Clásica,Salchipapas,13,10.0,130.0,Presencial,No,Ninguna,0,Soleado,30,0,5,11,18,17
2025-02-16,Domingo,2,2025,1,0,Almuerzo,12,16,Salchipapa Especial,Salchipapas,29,15.0,435.0,Delivery,No,Ninguna,0,Soleado,30,0,6,14,51,36
2025-02-16,Domingo,2,2025,1,0,Almuerzo,12,16,Pizza Familiar,Pizzas,29,32.0,928.0,Delivery,No,Ninguna,0,Soleado,30,0,6,24,55,39
2025-02-16,Domingo,2,2025,1,0,Almuerzo,12,16,Cheeseburger,Hamburguesas,29,14.0,345.1,Delivery,Sí,Descuento,15,Soleado,30,0,6,13,56,33
2025-02-16,Domingo,2,2025,1,0,Almuerzo,12,16,Hamburguesa Clásica,Hamburguesas,44,12.0,528.0,Presencial,No,Ninguna,0,Soleado,30,0,6,13,76,45
2025-02-16,Domingo,2,2025,1,0,Almuerzo,12,16,Jugo Natural,Bebidas,36,6.0,216.0,Presencial,No,Ninguna,0,Soleado,30,0,6,2,89,49
2025-02-16,Domingo,2,2025,1,0,Cena,18,22,Salchipapa Clásica,Salchipapas,28,10.0,280.0,Web,No,Ninguna,0,Soleado,30,0,7,9,63,63
2025-02-16,Domingo,2,2025,1,0,Cena,18,22,Alitas BBQ,Pollos,33,20.0,660.0,Delivery,No,Ninguna,0,Soleado,30,0,7,13,41,61
2025-02-16,Domingo,2,2025,1,0,Cena,18,22,Sándwich de Pollo,Sándwiches,22,11.0,205.7,Presencial,Sí,Combo,15,Soleado,30,0,7,9,51,56
2025-02-16,Domingo,2,2025,1,0,Cena,18,22,Cheeseburger,Hamburguesas,19,14.0,266.0,Delivery,No,Ninguna,0,Soleado,30,0,7,12,24,50
2025-02-16,Domingo,2,2025,1,0,Cena,18,22,Hamburguesa Clásica,Hamburguesas,49,12.0,529.2,Presencial,Sí,Combo,10,Soleado,30,0,7,13,57,50
2025-02-17,Lunes,2,2025,0,0,Desayuno,7,11,Jugo Natural,Bebidas,12,6.0,72.0,Presencial,No,Ninguna,0,Soleado,31,0,4,2,64,13
2025-02-17,Lunes,2,2025,0,0,Desayuno,7,11,Sándwich de Pollo,Sándwiches,7,11.0,77.0,Delivery,No,Ninguna,0,Soleado,31,0,4,9,34,25
2025-02-17,Lunes,2,2025,0,0,Desayuno,7,11,Gaseosa,Bebidas,14,4.0,56.0,Presencial,No,Ninguna,0,Soleado,31,0,4,2,52,19
2025-02-17,Lunes,2,2025,0,0,Desayuno,7,11,Alitas BBQ,Pollos,9,20.0,180.0,Presencial,No,Ninguna,0,Soleado,31,0,4,19,23,16
2025-02-17,Lunes,2,2025,0,0,Desayuno,7,11,Cheeseburger,Hamburguesas,9,14.0,126.0,Delivery,No,Ninguna,0,Soleado,31,0,4,10,30,11
2025-02-17,Lunes,2,2025,0,0,Almuerzo,12,16,Pizza Familiar,Pizzas,15,32.0,480.0,Presencial,No,Ninguna,0,Soleado,31,0,4,21,31,32
2025-02-17,Lunes,2,2025,0,0,Almuerzo,12,16,Pollo Broaster,Pollos,38,18.0,684.0,Presencial,No,Ninguna,0,Soleado,31,0,4,18,60,43
2025-02-17,Lunes,2,2025,0,0,Almuerzo,12,16,Salchipapa Especial,Salchipapas,24,15.0,360.0,Presencial,No,Ninguna,0,Soleado,31,0,4,9,41,29
2025-02-17,Lunes,2,2025,0,0,Almuerzo,12,16,Cheeseburger,Hamburguesas,22,14.0,308.0,Web,No,Ninguna,0,Soleado,31,0,4,12,52,43
2025-02-17,Lunes,2,2025,0,0,Cena,18,22,Hamburguesa Clásica,Hamburguesas,22,12.0,264.0,Web,No,Ninguna,0,Soleado,31,0,8,10,46,51
2025-02-17,Lunes,2,2025,0,0,Cena,18,22,Alitas BBQ,Pollos,19,20.0,380.0,Delivery,No,Ninguna,0,Soleado,31,0,8,20,24,54
2025-02-17,Lunes,2,2025,0,0,Cena,18,22,Salchipapa Especial,Salchipapas,20,15.0,270.0,Delivery,Sí,2x1,10,Soleado,31,0,8,11,49,71
2025-02-17,Lunes,2,2025,0,0,Cena,18,22,Salchipapa Clásica,Salchipapas,13,10.0,130.0,Delivery,No,Ninguna,0,Soleado,31,0,8,9,47,47
2025-02-17,Lunes,2,2025,0,0,Cena,18,22,Hamburguesa BBQ,Hamburguesas,18,16.0,288.0,Delivery,No,Ninguna,0,Soleado,31,0,8,10,37,45
2025-02-18,Martes,2,2025,0,0,Desayuno,7,11,Gaseosa,Bebidas,11,4.0,44.0,Web,No,Ninguna,0,Soleado,26,0,3,3,66,24
2025-02-18,Martes,2,2025,0,0,Desayuno,7,11,Salchipapa Especial,Salchipapas,15,15.0,225.0,Web,No,Ninguna,0,Soleado,26,0,3,13,30,10
2025-02-18,Martes,2,2025,0,0,Desayuno,7,11,Sándwich de Pollo,Sándwiches,9,11.0,99.0,Presencial,No,Ninguna,0,Soleado,26,0,3,10,31,25
2025-02-18,Martes,2,2025,0,0,Desayuno,7,11,Cheeseburger,Hamburguesas,11,14.0,154.0,Presencial,No,Ninguna,0,Soleado,26,0,3,14,38,11
2025-02-18,Martes,2,2025,0,0,Desayuno,7,11,Salchipapa Clásica,Salchipapas,7,10.0,70.0,Presencial,No,Ninguna,0,Soleado,26,0,3,9,23,10
2025-02-18,Martes,2,2025,0,0,Almuerzo,12,16,Hamburguesa Clásica,Hamburguesas,22,12.0,211.2,Presencial,Sí,2x1,20,Soleado,26,0,7,14,51,49
2025-02-18,Martes,2,2025,0,0,Almuerzo,12,16,Gaseosa,Bebidas,32,4.0,128.0,Delivery,No,Ninguna,0,Soleado,26,0,7,3,63,44
2025-02-18,Martes,2,2025,0,0,Almuerzo,12,16,Cheeseburger,Hamburguesas,19,14.0,266.0,Delivery,No,Ninguna,0,Soleado,26,0,7,13,48,36
2025-02-18,Martes,2,2025,0,0,Almuerzo,12,16,Hamburguesa BBQ,Hamburguesas,22,16.0,352.0,Web,No,Ninguna,0,Soleado,26,0,7,13,42,37
2025-02-18,Martes,2,2025,0,0,Almuerzo,12,16,Salchipapa Clásica,Salchipapas,32,10.0,272.0,Presencial,Sí,Descuento,15,Soleado,26,0,7,15,38,37
2025-02-18,Martes,2,2025,0,0,Cena,18,22,Cheeseburger,Hamburguesas,23,14.0,257.6,Delivery,Sí,Combo,20,Soleado,26,0,7,8,43,68
2025-02-18,Martes,2,2025,0,0,Cena,18,22,Pizza Familiar,Pizzas,14,32.0,448.0,Web,No,Ninguna,0,Soleado,26,0,7,15,23,56
2025-02-18,Martes,2,2025,0,0,Cena,18,22,Salchipapa Especial,Salchipapas,25,15.0,375.0,Presencial,No,Ninguna,0,Soleado,26,0,7,8,40,47
2025-02-19,Miércoles,2,2025,0,0,Desayuno,7,11,Salchipapa Clásica,Salchipapas,6,10.0,60.0,Delivery,No,Ninguna,0,Soleado,27,0,3,13,22,18
2025-02-19,Miércoles,2,2025,0,0,Desayuno,7,11,Gaseosa,Bebidas,14,4.0,56.0,Presencial,No,Ninguna,0,Soleado,27,0,3,3,50,12
2025-02-19,Miércoles,2,2025,0,0,Desayuno,7,11,Jugo Natural,Bebidas,12,6.0,72.0,Presencial,No,Ninguna,0,Soleado,27,0,3,2,49,12
2025-02-19,Miércoles,2,2025,0,0,Desayuno,7,11,Sándwich de Pollo,Sándwiches,10,11.0,110.0,Presencial,No,Ninguna,0,Soleado,27,0,3,7,31,22
2025-02-19,Miércoles,2,2025,0,0,Almuerzo,12,16,Salchipapa Especial,Salchipapas,23,15.0,345.0,Presencial,No,Ninguna,0,Soleado,27,0,6,14,36,35
2025-02-19,Miércoles,2,2025,0,0,Almuerzo,12,16,Gaseosa,Bebidas,48,4.0,192.0,Delivery,No,Ninguna,0,Soleado,27,0,6,5,94,37
2025-02-19,Miércoles,2,2025,0,0,Almuerzo,12,16,Pollo Broaster,Pollos,40,18.0,720.0,Delivery,No,Ninguna,0,Soleado,27,0,6,16,62,28
2025-02-19,Miércoles,2,2025,0,0,Almuerzo,12,16,Hamburguesa BBQ,Hamburguesas,24,16.0,384.0,Delivery,No,Ninguna,0,Soleado,27,0,6,9,59,33
2025-02-19,Miércoles,2,2025,0,0,Cena,18,22,Pizza Personal,Pizzas,20,13.0,260.0,Presencial,No,Ninguna,0,Soleado,27,0,7,21,36,59
2025-02-19,Miércoles,2,2025,0,0,Cena,18,22,Cheeseburger,Hamburguesas,17,14.0,202.3,Presencial,Sí,Descuento,15,Soleado,27,0,7,8,49,56
2025-02-19,Miércoles,2,2025,0,0,Cena,18,22,Pollo Broaster,Pollos,36,18.0,648.0,Web,No,Ninguna,0,Soleado,27,0,7,15,71,64
2025-02-19,Miércoles,2,2025,0,0,Cena,18,22,Jugo Natural,Bebidas,23,6.0,138.0,Delivery,No,Ninguna,0,Soleado,27,0,7,2,62,64
2025-02-20,Jueves,2,2025,0,0,Desayuno,7,11,Hamburguesa Clásica,Hamburguesas,13,12.0,156.0,Presencial,No,Ninguna,0,Nublado,19,0,3,13,43,17
2025-02-20,Jueves,2,2025,0,0,Desayuno,7,11,Sándwich de Pollo,Sándwiches,10,11.0,110.0,Presencial,No,Ninguna,0,Nublado,19,0,3,6,28,15
2025-02-20,Jueves,2,2025,0,0,Desayuno,7,11,Jugo Natural,Bebidas,9,6.0,54.0,Presencial,No,Ninguna,0,Nublado,19,0,3,3,41,17
2025-02-20,Jueves,2,2025,0,0,Desayuno,7,11,Pizza Personal,Pizzas,6,13.0,78.0,Presencial,No,Ninguna,0,Nublado,19,0,3,16,32,23
2025-02-20,Jueves,2,2025,0,0,Desayuno,7,11,Cheeseburger,Hamburguesas,9,14.0,126.0,Presencial,No,Ninguna,0,Nublado,19,0,3,11,18,23
2025-02-20,Jueves,2,2025,0,0,Almuerzo,12,16,Sándwich de Pollo,Sándwiches,17,11.0,187.0,Presencial,No,Ninguna,0,Nublado,19,0,4,8,35,31
2025-02-20,Jueves,2,2025,0,0,Almuerzo,12,16,Pollo Broaster,Pollos,45,18.0,810.0,Web,No,Ninguna,0,Nublado,19,0,4,17,72,42
2025-02-20,Jueves,2,2025,0,0,Almuerzo,12,16,Salchipapa Especial,Salchipapas,34,15.0,510.0,Delivery,No,Ninguna,0,Nublado,19,0,4,9,47,25
2025-02-20,Jueves,2,2025,0,0,Almuerzo,12,16,Pizza Familiar,Pizzas,20,32.0,640.0,Presencial,No,Ninguna,0,Nublado,19,0,4,23,46,40
2025-02-20,Jueves,2,2025,0,0,Almuerzo,12,16,Gaseosa,Bebidas,42,4.0,168.0,Presencial,No,Ninguna,0,Nublado,19,0,4,5,92,30
2025-02-20,Jueves,2,2025,0,0,Cena,18,22,Salchipapa Clásica,Salchipapas,11,10.0,110.0,Web,No,Ninguna,0,Nublado,19,0,4,15,44,53
2025-02-20,Jueves,2,2025,0,0,Cena,18,22,Alitas BBQ,Pollos,22,20.0,440.0,Presencial,No,Ninguna,0,Nublado,19,0,4,20,50,62
2025-02-20,Jueves,2,2025,0,0,Cena,18,22,Pollo Broaster,Pollos,48,18.0,777.6,Web,Sí,Combo,10,Nublado,19,0,4,19,64,53
2025-02-20,Jueves,2,2025,0,0,Cena,18,22,Gaseosa,Bebidas,32,4.0,128.0,Presencial,No,Ninguna,0,Nublado,19,0,4,5,66,48
2025-02-21,Viernes,2,2025,0,0,Desayuno,7,11,Jugo Natural,Bebidas,12,6.0,72.0,Presencial,No,Ninguna,0,Soleado,27,0,2,3,67,20
2025-02-21,Viernes,2,2025,0,0,Desayuno,7,11,Cheeseburger,Hamburguesas,6,14.0,67.2,Presencial,Sí,Combo,20,Soleado,27,0,2,14,28,21
2025-02-21,Viernes,2,2025,0,0,Desayuno,7,11,Hamburguesa Clásica,Hamburguesas,17,12.0,204.0,Presencial,No,Ninguna,0,Soleado,27,0,2,9,44,24
2025-02-21,Viernes,2,2025,0,0,Almuerzo,12,16,Pollo Broaster,Pollos,42,18.0,756.0,Presencial,No,Ninguna,0,Soleado,27,0,6,12,56,25
2025-02-21,Viernes,2,2025,0,0,Almuerzo,12,16,Gaseosa,Bebidas,33,4.0,132.0,Presencial,No,Ninguna,0,Soleado,27,0,6,4,83,39
2025-02-21,Viernes,2,2025,0,0,Almuerzo,12,16,Hamburguesa BBQ,Hamburguesas,27,16.0,432.0,Presencial,No,Ninguna,0,Soleado,27,0,6,12,59,30
2025-02-21,Viernes,2,2025,0,0,Almuerzo,12,16,Jugo Natural,Bebidas,35,6.0,210.0,Presencial,No,Ninguna,0,Soleado,27,0,6,2,85,32
2025-02-21,Viernes,2,2025,0,0,Almuerzo,12,16,Salchipapa Clásica,Salchipapas,35,10.0,350.0,Presencial,No,Ninguna,0,Soleado,27,0,6,8,59,41
2025-02-21,Viernes,2,2025,0,0,Cena,18,22,Salchipapa Clásica,Salchipapas,28,10.0,224.0,Presencial,Sí,Descuento,20,Soleado,27,0,4,9,39,67
2025-02-21,Viernes,2,2025,0,0,Cena,18,22,Hamburguesa BBQ,Hamburguesas,22,16.0,299.2,Web,Sí,Combo,15,Soleado,27,0,4,8,27,66
2025-02-21,Viernes,2,2025,0,0,Cena,18,22,Pizza Familiar,Pizzas,24,32.0,768.0,Presencial,No,Ninguna,0,Soleado,27,0,4,17,56,45
2025-02-21,Viernes,2,2025,0,0,Cena,18,22,Pizza Personal,Pizzas,24,13.0,312.0,Delivery,No,Ninguna,0,Soleado,27,0,4,24,51,54
2025-02-21,Viernes,2,2025,0,0,Cena,18,22,Salchipapa Especial,Salchipapas,26,15.0,390.0,Presencial,No,Ninguna,0,Soleado,27,0,4,8,38,61
2025-02-22,Sábado,2,2025,1,0,Desayuno,7,11,Gaseosa,Bebidas,12,4.0,48.0,Presencial,No,Ninguna,0,Soleado,25,0,2,4,36,20
2025-02-22,Sábado,2,2025,1,0,Desayuno,7,11,Hamburguesa BBQ,Hamburguesas,12,16.0,192.0,Presencial,No,Ninguna,0,Soleado,25,0,2,13,18,18
2025-02-22,Sábado,2,2025,1,0,Desayuno,7,11,Jugo Natural,Bebidas,10,6.0,60.0,Presencial,No,Ninguna,0,Soleado,25,0,2,5,49,19
2025-02-22,Sábado,2,2025,1,0,Desayuno,7,11,Hamburguesa Clásica,Hamburguesas,15,12.0,180.0,Presencial,No,Ninguna,0,Soleado,25,0,2,8,23,18
2025-02-22,Sábado,2,2025,1,0,Almuerzo,12,16,Pollo Broaster,Pollos,51,18.0,918.0,Delivery,No,Ninguna,0,Soleado,25,0,7,13,60,44
2025-02-22,Sábado,2,2025,1,0,Almuerzo,12,16,Pizza Familiar,Pizzas,22,32.0,704.0,Delivery,No,Ninguna,0,Soleado,25,0,7,18,49,50
2025-02-22,Sábado,2,2025,1,0,Almuerzo,12,16,Sándwich de Pollo,Sándwiches,30,11.0,247.5,Delivery,Sí,2x1,25,Soleado,25,0,7,11,62,56
2025-02-22,Sábado,2,2025,1,0,Almuerzo,12,16,Salchipapa Especial,Salchipapas,35,15.0,525.0,Delivery,No,Ninguna,0,Soleado,25,0,7,13,65,52
2025-02-22,Sábado,2,2025,1,0,Almuerzo,12,16,Gaseosa,Bebidas,65,4.0,260.0,Delivery,No,Ninguna,0,Soleado,25,0,7,2,109,49
2025-02-22,Sábado,2,2025,1,0,Cena,18,22,Gaseosa,Bebidas,50,4.0,200.0,Presencial,No,Ninguna,0,Soleado,25,0,6,3,82,59
2025-02-22,Sábado,2,2025,1,0,Cena,18,22,Pizza Familiar,Pizzas,22,32.0,633.6,Web,Sí,Combo,10,Soleado,25,0,6,16,48,63
2025-02-22,Sábado,2,2025,1,0,Cena,18,22,Hamburguesa Clásica,Hamburguesas,33,12.0,396.0,Delivery,No,Ninguna,0,Soleado,25,0,6,8,41,66
2025-02-22,Sábado,2,2025,1,0,Cena,18,22,Cheeseburger,Hamburguesas,27,14.0,378.0,Web,No,Ninguna,0,Soleado,25,0,6,10,51,70
2025-02-22,Sábado,2,2025,1,0,Cena,18,22,Hamburguesa BBQ,Hamburguesas,30,16.0,480.0,Presencial,No,Ninguna,0,Soleado,25,0,6,12,45,51
2025-02-22,Sábado,2,2025,1,0,Cena,18,22,Alitas BBQ,Pollos,29,20.0,435.0,Delivery,Sí,Combo,25,Soleado,25,0,6,15,59,72
2025-02-23,Domingo,2,2025,1,0,Desayuno,7,11,Hamburguesa Clásica,Hamburguesas,14,12.0,168.0,Delivery,No,Ninguna,0,Soleado,27,0,4,10,45,17
2025-02-23,Domingo,2,2025,1,0,Desayuno,7,11,Sándwich de Pollo,Sándwiches,13,11.0,143.0,Presencial,No,Ninguna,0,Soleado,27,0,4,11,34,22
2025-02-23,Domingo,2,2025,1,0,Desayuno,7,11,Jugo Natural,Bebidas,13,6.0,78.0,Presencial,No,Ninguna,0,Soleado,27,0,4,4,32,22
2025-02-23,Domingo,2,2025,1,0,Almuerzo,12,16,Salchipapa Clásica,Salchipapas,28,10.0,280.0,Web,No,Ninguna,0,Soleado,27,0,6,8,52,41
2025-02-23,Domingo,2,2025,1,0,Almuerzo,12,16,Salchipapa Especial,Salchipapas,32,15.0,480.0,Presencial,No,Ninguna,0,Soleado,27,0,6,9,56,30
2025-02-23,Domingo,2,2025,1,0,Almuerzo,12,16,Sándwich de Pollo,Sándwiches,25,11.0,275.0,Web,No,Ninguna,0,Soleado,27,0,6,12,35,36
2025-02-23,Domingo,2,2025,1,0,Almuerzo,12,16,Gaseosa,Bebidas,55,4.0,220.0,Presencial,No,Ninguna,0,Soleado,27,0,6,2,91,43
2025-02-23,Domingo,2,2025,1,0,Almuerzo,12,16,Hamburguesa BBQ,Hamburguesas,34,16.0,544.0,Presencial,No,Ninguna,0,Soleado,27,0,6,12,42,51
2025-02-23,Domingo,2,2025,1,0,Almuerzo,12,16,Pizza Personal,Pizzas,28,13.0,327.6,Delivery,Sí,Combo,10,Soleado,27,0,6,20,52,52
2025-02-23,Domingo,2,2025,1,0,Cena,18,22,Cheeseburger,Hamburguesas,24,14.0,336.0,Delivery,No,Ninguna,0,Soleado,27,0,7,10,56,60
2025-02-23,Domingo,2,2025,1,0,Cena,18,22,Salchipapa Especial,Salchipapas,18,15.0,270.0,Delivery,No,Ninguna,0,Soleado,27,0,7,11,31,60
2025-02-23,Domingo,2,2025,1,0,Cena,18,22,Pollo Broaster,Pollos,45,18.0,810.0,Web,No,Ninguna,0,Soleado,27,0,7,20,66,60
2025-02-23,Domingo,2,2025,1,0,Cena,18,22,Hamburguesa Clásica,Hamburguesas,44,12.0,528.0,Delivery,No,Ninguna,0,Soleado,27,0,7,14,61,47
2025-02-24,Lunes,2,2025,0,0,Desayuno,7,11,Sándwich de Pollo,Sándwiches,7,11.0,77.0,Delivery,No,Ninguna,0,Lluvioso,21,1,2,10,29,30
2025-02-24,Lunes,2,2025,0,0,Desayuno,7,11,Jugo Natural,Bebidas,9,6.0,54.0,Delivery,No,Ninguna,0,Lluvioso,21,1,2,4,30,25
2025-02-24,Lunes,2,2025,0,0,Desayuno,7,11,Hamburguesa Clásica,Hamburguesas,10,12.0,120.0,Delivery,No,Ninguna,0,Lluvioso,21,1,2,11,28,42
2025-02-24,Lunes,2,2025,0,0,Desayuno,7,11,Gaseosa,Bebidas,16,4.0,64.0,Presencial,No,Ninguna,0,Lluvioso,21,1,2,4,69,20
2025-02-24,Lunes,2,2025,0,0,Desayuno,7,11,Salchipapa Especial,Salchipapas,10,15.0,150.0,Delivery,No,Ninguna,0,Lluvioso,21,1,2,13,32,38
2025-02-24,Lunes,2,2025,0,0,Almuerzo,12,16,Pizza Familiar,Pizzas,22,32.0,633.6,Delivery,Sí,2x1,10,Lluvioso,21,1,7,15,37,54
2025-02-24,Lunes,2,2025,0,0,Almuerzo,12,16,Salchipapa Clásica,Salchipapas,23,10.0,230.0,Delivery,No,Ninguna,0,Lluvioso,21,1,7,13,32,59
2025-02-24,Lunes,2,2025,0,0,Almuerzo,12,16,Jugo Natural,Bebidas,30,6.0,180.0,Presencial,No,Ninguna,0,Lluvioso,21,1,7,3,82,53
2025-02-24,Lunes,2,2025,0,0,Almuerzo,12,16,Salchipapa Especial,Salchipapas,26,15.0,390.0,Web,No,Ninguna,0,Lluvioso,21,1,7,13,53,43
2025-02-24,Lunes,2,2025,0,0,Cena,18,22,Pollo Broaster,Pollos,30,18.0,540.0,Delivery,No,Ninguna,0,Lluvioso,21,1,4,17,60,79
2025-02-24,Lunes,2,2025,0,0,Cena,18,22,Alitas BBQ,Pollos,27,20.0,540.0,Delivery,No,Ninguna,0,Lluvioso,21,1,4,19,49,55
2025-02-24,Lunes,2,2025,0,0,Cena,18,22,Pizza Familiar,Pizzas,15,32.0,480.0,Presencial,No,Ninguna,0,Lluvioso,21,1,4,23,21,62
2025-02-24,Lunes,2,2025,0,0,Cena,18,22,Salchipapa Clásica,Salchipapas,19,10.0,190.0,Web,No,Ninguna,0,Lluvioso,21,1,4,14,37,70
2025-02-25,Martes,2,2025,0,0,Desayuno,7,11,Pollo Broaster,Pollos,14,18.0,252.0,Presencial,No,Ninguna,0,Soleado,26,0,3,15,23,23
2025-02-25,Martes,2,2025,0,0,Desayuno,7,11,Sándwich de Pollo,Sándwiches,6,11.0,66.0,Presencial,No,Ninguna,0,Soleado,26,0,3,7,37,23
2025-02-25,Martes,2,2025,0,0,Desayuno,7,11,Gaseosa,Bebidas,16,4.0,64.0,Presencial,No,Ninguna,0,Soleado,26,0,3,3,72,10
2025-02-25,Martes,2,2025,0,0,Desayuno,7,11,Hamburguesa Clásica,Hamburguesas,10,12.0,120.0,Presencial,No,Ninguna,0,Soleado,26,0,3,14,38,11
2025-02-25,Martes,2,2025,0,0,Almuerzo,12,16,Cheeseburger,Hamburguesas,19,14.0,266.0,Delivery,No,Ninguna,0,Soleado,26,0,6,12,31,28
2025-02-25,Martes,2,2025,0,0,Almuerzo,12,16,Pollo Broaster,Pollos,47,18.0,846.0,Presencial,No,Ninguna,0,Soleado,26,0,6,19,62,38
2025-02-25,Martes,2,2025,0,0,Almuerzo,12,16,Gaseosa,Bebidas,42,4.0,168.0,Delivery,No,Ninguna,0,Soleado,26,0,6,4,93,28
2025-02-25,Martes,2,2025,0,0,Almuerzo,12,16,Hamburguesa BBQ,Hamburguesas,21,16.0,336.0,Presencial,No,Ninguna,0,Soleado,26,0,6,12,40,36
2025-02-25,Martes,2,2025,0,0,Cena,18,22,Alitas BBQ,Pollos,28,20.0,504.0,Presencial,Sí,Combo,10,Soleado,26,0,5,19,41,56
2025-02-25,Martes,2,2025,0,0,Cena,18,22,Hamburguesa BBQ,Hamburguesas,18,16.0,288.0,Presencial,No,Ninguna,0,Soleado,26,0,5,12,40,61
2025-02-25,Martes,2,2025,0,0,Cena,18,22,Hamburguesa Clásica,Hamburguesas,23,12.0,276.0,Presencial,No,Ninguna,0,Soleado,26,0,5,12,56,62
2025-02-25,Martes,2,2025,0,0,Cena,18,22,Pizza Personal,Pizzas,22,13.0,286.0,Delivery,No,Ninguna,0,Soleado,26,0,5,21,50,62
2025-02-25,Martes,2,2025,0,0,Cena,18,22,Pollo Broaster,Pollos,28,18.0,504.0,Delivery,No,Ninguna,0,Soleado,26,0,5,18,47,58
2025-02-26,Miércoles,2,2025,0,0,Desayuno,7,11,Hamburguesa Clásica,Hamburguesas,14,12.0,168.0,Presencial,No,Ninguna,0,Nublado,18,0,3,10,46,13
2025-02-26,Miércoles,2,2025,0,0,Desayuno,7,11,Sándwich de Pollo,Sándwiches,8,11.0,88.0,Presencial,No,Ninguna,0,Nublado,18,0,3,9,22,15
2025-02-26,Miércoles,2,2025,0,0,Desayuno,7,11,Jugo Natural,Bebidas,12,6.0,72.0,Presencial,No,Ninguna,0,Nublado,18,0,3,2,65,16
2025-02-26,Miércoles,2,2025,0,0,Desayuno,7,11,Cheeseburger,Hamburguesas,10,14.0,140.0,Presencial,No,Ninguna,0,Nublado,18,0,3,13,33,24
2025-02-26,Miércoles,2,2025,0,0,Almuerzo,12,16,Pollo Broaster,Pollos,38,18.0,684.0,Delivery,No,Ninguna,0,Nublado,18,0,4,12,52,28
2025-02-26,Miércoles,2,2025,0,0,Almuerzo,12,16,Pizza Personal,Pizzas,19,13.0,247.0,Web,No,Ninguna,0,Nublado,18,0,4,20,26,37
2025-02-26,Miércoles,2,2025,0,0,Almuerzo,12,16,Gaseosa,Bebidas,40,4.0,128.0,Delivery,Sí,2x1,20,Nublado,18,0,4,3,91,36
2025-02-26,Miércoles,2,2025,0,0,Almuerzo,12,16,Salchipapa Especial,Salchipapas,26,15.0,390.0,Presencial,No,Ninguna,0,Nublado,18,0,4,12,39,44
2025-02-26,Miércoles,2,2025,0,0,Cena,18,22,Gaseosa,Bebidas,30,4.0,120.0,Web,No,Ninguna,0,Nublado,18,0,7,4,83,55
2025-02-26,Miércoles,2,2025,0,0,Cena,18,22,Salchipapa Clásica,Salchipapas,18,10.0,180.0,Delivery,No,Ninguna,0,Nublado,18,0,7,9,28,57
2025-02-26,Miércoles,2,2025,0,0,Cena,18,22,Alitas BBQ,Pollos,22,20.0,440.0,Delivery,No,Ninguna,0,Nublado,18,0,7,16,45,64
2025-02-26,Miércoles,2,2025,0,0,Cena,18,22,Sándwich de Pollo,Sándwiches,16,11.0,176.0,Web,No,Ninguna,0,Nublado,18,0,7,8,42,42
2025-02-26,Miércoles,2,2025,0,0,Cena,18,22,Salchipapa Especial,Salchipapas,21,15.0,315.0,Delivery,No,Ninguna,0,Nublado,18,0,7,10,32,57
2025-02-27,Jueves,2,2025,0,0,Desayuno,7,11,Cheeseburger,Hamburguesas,9,14.0,126.0,Presencial,No,Ninguna,0,Soleado,27,0,3,14,37,21
2025-02-27,Jueves,2,2025,0,0,Desayuno,7,11,Salchipapa Clásica,Salchipapas,10,10.0,100.0,Presencial,No,Ninguna,0,Soleado,27,0,3,13,29,20
2025-02-27,Jueves,2,2025,0,0,Desayuno,7,11,Sándwich de Pollo,Sándwiches,9,11.0,99.0,Presencial,No,Ninguna,0,Soleado,27,0,3,6,21,12
2025-02-27,Jueves,2,2025,0,0,Desayuno,7,11,Hamburguesa BBQ,Hamburguesas,10,16.0,160.0,Presencial,No,Ninguna,0,Soleado,27,0,3,11,18,12
2025-02-27,Jueves,2,2025,0,0,Desayuno,7,11,Gaseosa,Bebidas,18,4.0,72.0,Presencial,No,Ninguna,0,Soleado,27,0,3,4,73,14
2025-02-27,Jueves,2,2025,0,0,Almuerzo,12,16,Sándwich de Pollo,Sándwiches,25,11.0,275.0,Presencial,No,Ninguna,0,Soleado,27,0,4,10,60,39
2025-02-27,Jueves,2,2025,0,0,Almuerzo,12,16,Cheeseburger,Hamburguesas,28,14.0,392.0,Presencial,No,Ninguna,0,Soleado,27,0,4,9,41,42
2025-02-27,Jueves,2,2025,0,0,Almuerzo,12,16,Alitas BBQ,Pollos,28,20.0,560.0,Presencial,No,Ninguna,0,Soleado,27,0,4,15,51,37
2025-02-27,Jueves,2,2025,0,0,Almuerzo,12,16,Hamburguesa BBQ,Hamburguesas,41,16.0,557.6,Delivery,Sí,2x1,15,Soleado,27,0,4,12,72,45
2025-02-27,Jueves,2,2025,0,0,Almuerzo,12,16,Salchipapa Especial,Salchipapas,26,15.0,390.0,Presencial,No,Ninguna,0,Soleado,27,0,4,13,41,35
2025-02-27,Jueves,2,2025,0,0,Almuerzo,12,16,Pizza Personal,Pizzas,22,13.0,257.4,Delivery,Sí,Combo,10,Soleado,27,0,4,23,37,38
2025-02-27,Jueves,2,2025,0,0,Cena,18,22,Sándwich de Pollo,Sándwiches,21,11.0,231.0,Delivery,No,Ninguna,0,Soleado,27,0,7,12,42,61
2025-02-27,Jueves,2,2025,0,0,Cena,18,22,Alitas BBQ,Pollos,15,20.0,300.0,Presencial,No,Ninguna,0,Soleado,27,0,7,17,22,49
2025-02-27,Jueves,2,2025,0,0,Cena,18,22,Pizza Familiar,Pizzas,15,32.0,480.0,Delivery,No,Ninguna,0,Soleado,27,0,7,15,22,48
2025-02-27,Jueves,2,2025,0,0,Cena,18,22,Salchipapa Clásica,Salchipapas,20,10.0,200.0,Delivery,No,Ninguna,0,Soleado,27,0,7,13,34,52
2025-02-28,Viernes,2,2025,0,0,Desayuno,7,11,Cheeseburger,Hamburguesas,10,14.0,140.0,Presencial,No,Ninguna,0,Soleado,23,0,4,8,45,19
2025-02-28,Viernes,2,2025,0,0,Desayuno,7,11,Sándwich de Pollo,Sándwiches,11,11.0,121.0,Presencial,No,Ninguna,0,Soleado,23,0,4,7,16,17
2025-02-28,Viernes,2,2025,0,0,Desayuno,7,11,Alitas BBQ,Pollos,8,20.0,160.0,Presencial,No,Ninguna,0,Soleado,23,0,4,14,35,14
2025-02-28,Viernes,2,2025,0,0,Almuerzo,12,16,Salchipapa Especial,Salchipapas,31,15.0,465.0,Delivery,No,Ninguna,0,Soleado,23,0,7,14,50,31
2025-02-28,Viernes,2,2025,0,0,Almuerzo,12,16,Pollo Broaster,Pollos,43,18.0,774.0,Presencial,No,Ninguna,0,Soleado,23,0,7,16,66,25
2025-02-28,Viernes,2,2025,0,0,Almuerzo,12,16,Hamburguesa BBQ,Hamburguesas,32,16.0,512.0,Presencial,No,Ninguna,0,Soleado,23,0,7,8,60,30
2025-02-28,Viernes,2,2025,0,0,Almuerzo,12,16,Salchipapa Clásica,Salchipapas,28,10.0,280.0,Presencial,No,Ninguna,0,Soleado,23,0,7,9,38,27
2025-02-28,Viernes,2,2025,0,0,Almuerzo,12,16,Pizza Personal,Pizzas,15,13.0,195.0,Delivery,No,Ninguna,0,Soleado,23,0,7,21,33,33
2025-02-28,Viernes,2,2025,0,0,Almuerzo,12,16,Gaseosa,Bebidas,47,4.0,188.0,Presencial,No,Ninguna,0,Soleado,23,0,7,5,81,39
2025-02-28,Viernes,2,2025,0,0,Cena,18,22,Hamburguesa BBQ,Hamburguesas,26,16.0,416.0,Web,No,Ninguna,0,Soleado,23,0,4,14,42,48
2025-02-28,Viernes,2,2025,0,0,Cena,18,22,Pizza Familiar,Pizzas,21,32.0,672.0,Presencial,No,Ninguna,0,Soleado,23,0,4,23,52,47
2025-02-28,Viernes,2,2025,0,0,Cena,18,22,Gaseosa,Bebidas,47,4.0,188.0,Presencial,No,Ninguna,0,Soleado,23,0,4,2,84,51
2025-02-28,Viernes,2,2025,0,0,Cena,18,22,Alitas BBQ,Pollos,31,20.0,620.0,Delivery,No,Ninguna,0,Soleado,23,0,4,14,61,46
2025-03-01,Sábado,3,2025,1,0,Desayuno,7,11,Gaseosa,Bebidas,25,4.0,80.0,Presencial,Sí,2x1,20,Nublado,22,0,2,4,51,27
2025-03-01,Sábado,3,2025,1,0,Desayuno,7,11,Hamburguesa Clásica,Hamburguesas,14,12.0,168.0,Delivery,No,Ninguna,0,Nublado,22,0,2,9,39,27
2025-03-01,Sábado,3,2025,1,0,Desayuno,7,11,Jugo Natural,Bebidas,14,6.0,84.0,Presencial,No,Ninguna,0,Nublado,22,0,2,3,70,33
2025-03-01,Sábado,3,2025,1,0,Desayuno,7,11,Sándwich de Pollo,Sándwiches,10,11.0,110.0,Presencial,No,Ninguna,0,Nublado,22,0,2,10,42,17
2025-03-01,Sábado,3,2025,1,0,Desayuno,7,11,Hamburguesa BBQ,Hamburguesas,14,16.0,179.2,Presencial,Sí,Descuento,20,Nublado,22,0,2,10,39,27
2025-03-01,Sábado,3,2025,1,0,Almuerzo,12,16,Pollo Broaster,Pollos,46,18.0,828.0,Delivery,No,Ninguna,0,Nublado,22,0,6,13,61,48
2025-03-01,Sábado,3,2025,1,0,Almuerzo,12,16,Gaseosa,Bebidas,36,4.0,144.0,Delivery,No,Ninguna,0,Nublado,22,0,6,3,80,45
2025-03-01,Sábado,3,2025,1,0,Almuerzo,12,16,Pizza Familiar,Pizzas,19,32.0,608.0,Delivery,No,Ninguna,0,Nublado,22,0,6,25,24,47
2025-03-01,Sábado,3,2025,1,0,Cena,18,22,Salchipapa Especial,Salchipapas,26,15.0,390.0,Presencial,No,Ninguna,0,Nublado,22,0,9,10,55,68
2025-03-01,Sábado,3,2025,1,0,Cena,18,22,Alitas BBQ,Pollos,26,20.0,520.0,Presencial,No,Ninguna,0,Nublado,22,0,9,16,34,62
2025-03-01,Sábado,3,2025,1,0,Cena,18,22,Hamburguesa BBQ,Hamburguesas,28,16.0,448.0,Delivery,No,Ninguna,0,Nublado,22,0,9,10,59,57
2025-03-01,Sábado,3,2025,1,0,Cena,18,22,Pizza Familiar,Pizzas,16,32.0,512.0,Presencial,No,Ninguna,0,Nublado,22,0,9,25,43,68
2025-03-02,Domingo,3,2025,1,0,Desayuno,7,11,Jugo Natural,Bebidas,10,6.0,60.0,Presencial,No,Ninguna,0,Soleado,29,0,3,3,42,31
2025-03-02,Domingo,3,2025,1,0,Desayuno,7,11,Salchipapa Clásica,Salchipapas,15,10.0,150.0,Presencial,No,Ninguna,0,Soleado,29,0,3,11,42,21
2025-03-02,Domingo,3,2025,1,0,Desayuno,7,11,Pizza Familiar,Pizzas,7,32.0,201.6,Presencial,Sí,Combo,10,Soleado,29,0,3,19,26,24
2025-03-02,Domingo,3,2025,1,0,Desayuno,7,11,Sándwich de Pollo,Sándwiches,11,11.0,121.0,Presencial,No,Ninguna,0,Soleado,29,0,3,10,43,18
2025-03-02,Domingo,3,2025,1,0,Desayuno,7,11,Gaseosa,Bebidas,17,4.0,68.0,Presencial,No,Ninguna,0,Soleado,29,0,3,3,48,19
2025-03-02,Domingo,3,2025,1,0,Almuerzo,12,16,Gaseosa,Bebidas,40,4.0,160.0,Delivery,No,Ninguna,0,Soleado,29,0,7,4,98,38
2025-03-02,Domingo,3,2025,1,0,Almuerzo,12,16,Pollo Broaster,Pollos,35,18.0,630.0,Delivery,No,Ninguna,0,Soleado,29,0,7,16,52,37
2025-03-02,Domingo,3,2025,1,0,Almuerzo,12,16,Pizza Familiar,Pizzas,24,32.0,768.0,Presencial,No,Ninguna,0,Soleado,29,0,7,17,47,53
2025-03-02,Domingo,3,2025,1,0,Almuerzo,12,16,Alitas BBQ,Pollos,27,20.0,540.0,Delivery,No,Ninguna,0,Soleado,29,0,7,20,52,39
2025-03-02,Domingo,3,2025,1,0,Almuerzo,12,16,Hamburguesa Clásica,Hamburguesas,41,12.0,492.0,Web,No,Ninguna,0,Soleado,29,0,7,14,55,33
2025-03-02,Domingo,3,2025,1,0,Almuerzo,12,16,Salchipapa Especial,Salchipapas,34,15.0,510.0,Presencial,No,Ninguna,0,Soleado,29,0,7,8,56,39
2025-03-02,Domingo,3,2025,1,0,Cena,18,22,Salchipapa Clásica,Salchipapas,21,10.0,210.0,Presencial,No,Ninguna,0,Soleado,29,0,7,8,55,67
2025-03-02,Domingo,3,2025,1,0,Cena,18,22,Pizza Familiar,Pizzas,20,32.0,640.0,Presencial,No,Ninguna,0,Soleado,29,0,7,23,54,62
2025-03-02,Domingo,3,2025,1,0,Cena,18,22,Pollo Broaster,Pollos,37,18.0,666.0,Web,No,Ninguna,0,Soleado,29,0,7,16,56,56
2025-03-02,Domingo,3,2025,1,0,Cena,18,22,Gaseosa,Bebidas,43,4.0,172.0,Web,No,Ninguna,0,Soleado,29,0,7,2,85,56
2025-03-03,Lunes,3,2025,0,0,Desayuno,7,11,Salchipapa Clásica,Salchipapas,9,10.0,90.0,Presencial,No,Ninguna,0,Soleado,31,0,2,15,37,15
2025-03-03,Lunes,3,2025,0,0,Desayuno,7,11,Sándwich de Pollo,Sándwiches,7,11.0,77.0,Presencial,No,Ninguna,0,Soleado,31,0,2,7,12,14
2025-03-03,Lunes,3,2025,0,0,Desayuno,7,11,Gaseosa,Bebidas,12,4.0,48.0,Presencial,No,Ninguna,0,Soleado,31,0,2,2,52,14
2025-03-03,Lunes,3,2025,0,0,Desayuno,7,11,Jugo Natural,Bebidas,8,6.0,48.0,Presencial,No,Ninguna,0,Soleado,31,0,2,3,34,16
2025-03-03,Lunes,3,2025,0,0,Desayuno,7,11,Hamburguesa BBQ,Hamburguesas,8,16.0,128.0,Presencial,No,Ninguna,0,Soleado,31,0,2,10,17,14
2025-03-03,Lunes,3,2025,0,0,Almuerzo,12,16,Sándwich de Pollo,Sándwiches,19,11.0,209.0,Delivery,No,Ninguna,0,Soleado,31,0,4,11,29,42
2025-03-03,Lunes,3,2025,0,0,Almuerzo,12,16,Pizza Personal,Pizzas,17,13.0,221.0,Presencial,No,Ninguna,0,Soleado,31,0,4,21,46,30
2025-03-03,Lunes,3,2025,0,0,Almuerzo,12,16,Alitas BBQ,Pollos,22,20.0,440.0,Presencial,No,Ninguna,0,Soleado,31,0,4,12,43,37
2025-03-03,Lunes,3,2025,0,0,Almuerzo,12,16,Gaseosa,Bebidas,22,4.0,88.0,Presencial,No,Ninguna,0,Soleado,31,0,4,5,81,41
2025-03-03,Lunes,3,2025,0,0,Cena,18,22,Jugo Natural,Bebidas,15,6.0,90.0,Delivery,No,Ninguna,0,Soleado,31,0,6,5,46,48
2025-03-03,Lunes,3,2025,0,0,Cena,18,22,Cheeseburger,Hamburguesas,18,14.0,252.0,Web,No,Ninguna,0,Soleado,31,0,6,14,37,45
2025-03-03,Lunes,3,2025,0,0,Cena,18,22,Pizza Familiar,Pizzas,12,32.0,384.0,Delivery,No,Ninguna,0,Soleado,31,0,6,25,18,46
2025-03-03,Lunes,3,2025,0,0,Cena,18,22,Pollo Broaster,Pollos,21,18.0,378.0,Web,No,Ninguna,0,Soleado,31,0,6,19,41,65
2025-03-04,Martes,3,2025,0,0,Desayuno,7,11,Jugo Natural,Bebidas,8,6.0,48.0,Presencial,No,Ninguna,0,Soleado,29,0,3,3,55,20
2025-03-04,Martes,3,2025,0,0,Desayuno,7,11,Salchipapa Clásica,Salchipapas,11,10.0,110.0,Presencial,No,Ninguna,0,Soleado,29,0,3,12,41,11
2025-03-04,Martes,3,2025,0,0,Desayuno,7,11,Salchipapa Especial,Salchipapas,14,15.0,210.0,Presencial,No,Ninguna,0,Soleado,29,0,3,15,31,20
2025-03-04,Martes,3,2025,0,0,Desayuno,7,11,Sándwich de Pollo,Sándwiches,9,11.0,99.0,Presencial,No,Ninguna,0,Soleado,29,0,3,7,37,15
2025-03-04,Martes,3,2025,0,0,Desayuno,7,11,Cheeseburger,Hamburguesas,8,14.0,112.0,Presencial,No,Ninguna,0,Soleado,29,0,3,12,14,11
2025-03-04,Martes,3,2025,0,0,Almuerzo,12,16,Alitas BBQ,Pollos,22,20.0,440.0,Web,No,Ninguna,0,Soleado,29,0,4,19,54,32
2025-03-04,Martes,3,2025,0,0,Almuerzo,12,16,Salchipapa Especial,Salchipapas,25,15.0,375.0,Presencial,No,Ninguna,0,Soleado,29,0,4,13,52,25
2025-03-04,Martes,3,2025,0,0,Almuerzo,12,16,Pollo Broaster,Pollos,32,18.0,576.0,Web,No,Ninguna,0,Soleado,29,0,4,12,65,39
2025-03-04,Martes,3,2025,0,0,Almuerzo,12,16,Cheeseburger,Hamburguesas,15,14.0,210.0,Delivery,No,Ninguna,0,Soleado,29,0,4,12,45,34
2025-03-04,Martes,3,2025,0,0,Almuerzo,12,16,Pizza Personal,Pizzas,18,13.0,234.0,Delivery,No,Ninguna,0,Soleado,29,0,4,21,38,26
2025-03-04,Martes,3,2025,0,0,Almuerzo,12,16,Gaseosa,Bebidas,41,4.0,164.0,Web,No,Ninguna,0,Soleado,29,0,4,3,57,41
2025-03-04,Martes,3,2025,0,0,Cena,18,22,Sándwich de Pollo,Sándwiches,15,11.0,165.0,Delivery,No,Ninguna,0,Soleado,29,0,4,10,35,40
2025-03-04,Martes,3,2025,0,0,Cena,18,22,Jugo Natural,Bebidas,25,6.0,150.0,Delivery,No,Ninguna,0,Soleado,29,0,4,2,52,43
2025-03-04,Martes,3,2025,0,0,Cena,18,22,Gaseosa,Bebidas,37,4.0,148.0,Presencial,No,Ninguna,0,Soleado,29,0,4,2,64,46
2025-03-04,Martes,3,2025,0,0,Cena,18,22,Pizza Familiar,Pizzas,14,32.0,448.0,Presencial,No,Ninguna,0,Soleado,29,0,4,18,22,48
2025-03-04,Martes,3,2025,0,0,Cena,18,22,Hamburguesa Clásica,Hamburguesas,31,12.0,297.6,Presencial,Sí,Descuento,20,Soleado,29,0,4,12,56,72
2025-03-05,Miércoles,3,2025,0,0,Desayuno,7,11,Hamburguesa Clásica,Hamburguesas,11,12.0,132.0,Presencial,No,Ninguna,0,Nublado,23,0,3,9,45,15
2025-03-05,Miércoles,3,2025,0,0,Desayuno,7,11,Gaseosa,Bebidas,16,4.0,64.0,Presencial,No,Ninguna,0,Nublado,23,0,3,5,42,22
2025-03-05,Miércoles,3,2025,0,0,Desayuno,7,11,Cheeseburger,Hamburguesas,11,14.0,115.5,Delivery,Sí,Descuento,25,Nublado,23,0,3,14,28,26
2025-03-05,Miércoles,3,2025,0,0,Desayuno,7,11,Jugo Natural,Bebidas,9,6.0,54.0,Presencial,No,Ninguna,0,Nublado,23,0,3,5,68,18
2025-03-05,Miércoles,3,2025,0,0,Desayuno,7,11,Pizza Familiar,Pizzas,7,32.0,224.0,Delivery,No,Ninguna,0,Nublado,23,0,3,19,30,23
2025-03-05,Miércoles,3,2025,0,0,Almuerzo,12,16,Salchipapa Clásica,Salchipapas,19,10.0,190.0,Delivery,No,Ninguna,0,Nublado,23,0,6,15,31,39
2025-03-05,Miércoles,3,2025,0,0,Almuerzo,12,16,Pollo Broaster,Pollos,39,18.0,631.8,Presencial,Sí,Combo,10,Nublado,23,0,6,15,44,46
2025-03-05,Miércoles,3,2025,0,0,Almuerzo,12,16,Hamburguesa Clásica,Hamburguesas,18,12.0,216.0,Delivery,No,Ninguna,0,Nublado,23,0,6,14,34,45
2025-03-05,Miércoles,3,2025,0,0,Cena,18,22,Hamburguesa Clásica,Hamburguesas,21,12.0,252.0,Delivery,No,Ninguna,0,Nublado,23,0,5,11,38,43
2025-03-05,Miércoles,3,2025,0,0,Cena,18,22,Cheeseburger,Hamburguesas,16,14.0,224.0,Delivery,No,Ninguna,0,Nublado,23,0,5,10,46,47
2025-03-05,Miércoles,3,2025,0,0,Cena,18,22,Hamburguesa BBQ,Hamburguesas,18,16.0,288.0,Delivery,No,Ninguna,0,Nublado,23,0,5,12,45,44
2025-03-05,Miércoles,3,2025,0,0,Cena,18,22,Pizza Personal,Pizzas,17,13.0,221.0,Presencial,No,Ninguna,0,Nublado,23,0,5,21,51,40
2025-03-06,Jueves,3,2025,0,0,Desayuno,7,11,Jugo Natural,Bebidas,10,6.0,60.0,Presencial,No,Ninguna,0,Nublado,23,0,4,5,69,23
2025-03-06,Jueves,3,2025,0,0,Desayuno,7,11,Salchipapa Clásica,Salchipapas,11,10.0,110.0,Presencial,No,Ninguna,0,Nublado,23,0,4,15,31,22
2025-03-06,Jueves,3,2025,0,0,Desayuno,7,11,Sándwich de Pollo,Sándwiches,7,11.0,77.0,Presencial,No,Ninguna,0,Nublado,23,0,4,10,12,22
2025-03-06,Jueves,3,2025,0,0,Desayuno,7,11,Cheeseburger,Hamburguesas,10,14.0,140.0,Presencial,No,Ninguna,0,Nublado,23,0,4,9,43,12
2025-03-06,Jueves,3,2025,0,0,Desayuno,7,11,Hamburguesa Clásica,Hamburguesas,11,12.0,112.2,Presencial,Sí,Descuento,15,Nublado,23,0,4,11,37,26
2025-03-06,Jueves,3,2025,0,0,Desayuno,7,11,Gaseosa,Bebidas,16,4.0,64.0,Delivery,No,Ninguna,0,Nublado,23,0,4,3,70,16
2025-03-06,Jueves,3,2025,0,0,Almuerzo,12,16,Hamburguesa Clásica,Hamburguesas,22,12.0,264.0,Delivery,No,Ninguna,0,Nublado,23,0,6,13,46,34
2025-03-06,Jueves,3,2025,0,0,Almuerzo,12,16,Pizza Familiar,Pizzas,15,32.0,480.0,Presencial,No,Ninguna,0,Nublado,23,0,6,25,34,34
2025-03-06,Jueves,3,2025,0,0,Almuerzo,12,16,Salchipapa Especial,Salchipapas,29,15.0,435.0,Presencial,No,Ninguna,0,Nublado,23,0,6,12,38,27
2025-03-06,Jueves,3,2025,0,0,Almuerzo,12,16,Gaseosa,Bebidas,37,4.0,148.0,Presencial,No,Ninguna,0,Nublado,23,0,6,3,64,37
2025-03-06,Jueves,3,2025,0,0,Almuerzo,12,16,Salchipapa Clásica,Salchipapas,31,10.0,310.0,Delivery,No,Ninguna,0,Nublado,23,0,6,11,65,27
2025-03-06,Jueves,3,2025,0,0,Cena,18,22,Salchipapa Especial,Salchipapas,14,15.0,210.0,Delivery,No,Ninguna,0,Nublado,23,0,4,9,30,45
2025-03-06,Jueves,3,2025,0,0,Cena,18,22,Cheeseburger,Hamburguesas,22,14.0,308.0,Presencial,No,Ninguna,0,Nublado,23,0,4,9,49,42
2025-03-06,Jueves,3,2025,0,0,Cena,18,22,Alitas BBQ,Pollos,18,20.0,360.0,Presencial,No,Ninguna,0,Nublado,23,0,4,14,48,63
2025-03-07,Viernes,3,2025,0,0,Desayuno,7,11,Jugo Natural,Bebidas,13,6.0,78.0,Presencial,No,Ninguna,0,Lluvioso,20,1,2,4,43,25
2025-03-07,Viernes,3,2025,0,0,Desayuno,7,11,Gaseosa,Bebidas,21,4.0,84.0,Presencial,No,Ninguna,0,Lluvioso,20,1,2,4,66,30
2025-03-07,Viernes,3,2025,0,0,Desayuno,7,11,Sándwich de Pollo,Sándwiches,11,11.0,121.0,Presencial,No,Ninguna,0,Lluvioso,20,1,2,6,31,42
2025-03-07,Viernes,3,2025,0,0,Desayuno,7,11,Salchipapa Clásica,Salchipapas,12,10.0,120.0,Delivery,No,Ninguna,0,Lluvioso,20,1,2,14,45,28
2025-03-07,Viernes,3,2025,0,0,Desayuno,7,11,Salchipapa Especial,Salchipapas,16,15.0,240.0,Presencial,No,Ninguna,0,Lluvioso,20,1,2,14,36,36
2025-03-07,Viernes,3,2025,0,0,Desayuno,7,11,Hamburguesa Clásica,Hamburguesas,13,12.0,156.0,Presencial,No,Ninguna,0,Lluvioso,20,1,2,8,34,31
2025-03-07,Viernes,3,2025,0,0,Almuerzo,12,16,Hamburguesa Clásica,Hamburguesas,34,12.0,408.0,Delivery,No,Ninguna,0,Lluvioso,20,1,4,13,50,43
2025-03-07,Viernes,3,2025,0,0,Almuerzo,12,16,Hamburguesa BBQ,Hamburguesas,20,16.0,320.0,Delivery,No,Ninguna,0,Lluvioso,20,1,4,14,30,56
2025-03-07,Viernes,3,2025,0,0,Almuerzo,12,16,Gaseosa,Bebidas,36,4.0,144.0,Delivery,No,Ninguna,0,Lluvioso,20,1,4,4,54,63
2025-03-07,Viernes,3,2025,0,0,Almuerzo,12,16,Salchipapa Especial,Salchipapas,50,15.0,750.0,Delivery,No,Ninguna,0,Lluvioso,20,1,4,10,85,45
2025-03-07,Viernes,3,2025,0,0,Almuerzo,12,16,Cheeseburger,Hamburguesas,29,14.0,406.0,Web,No,Ninguna,0,Lluvioso,20,1,4,10,63,50
2025-03-07,Viernes,3,2025,0,0,Cena,18,22,Pizza Familiar,Pizzas,17,32.0,544.0,Delivery,No,Ninguna,0,Lluvioso,20,1,5,21,36,81
2025-03-07,Viernes,3,2025,0,0,Cena,18,22,Hamburguesa Clásica,Hamburguesas,37,12.0,444.0,Delivery,No,Ninguna,0,Lluvioso,20,1,5,8,55,69
2025-03-07,Viernes,3,2025,0,0,Cena,18,22,Salchipapa Especial,Salchipapas,29,15.0,435.0,Delivery,No,Ninguna,0,Lluvioso,20,1,5,12,34,56
2025-03-07,Viernes,3,2025,0,0,Cena,18,22,Alitas BBQ,Pollos,25,20.0,500.0,Delivery,No,Ninguna,0,Lluvioso,20,1,5,13,45,68
2025-03-08,Sábado,3,2025,1,0,Desayuno,7,11,Jugo Natural,Bebidas,16,6.0,96.0,Presencial,No,Ninguna,0,Soleado,31,0,4,4,32,23
2025-03-08,Sábado,3,2025,1,0,Desayuno,7,11,Sándwich de Pollo,Sándwiches,12,11.0,132.0,Presencial,No,Ninguna,0,Soleado,31,0,4,11,25,29
2025-03-08,Sábado,3,2025,1,0,Desayuno,7,11,Salchipapa Clásica,Salchipapas,12,10.0,120.0,Presencial,No,Ninguna,0,Soleado,31,0,4,10,21,22
2025-03-08,Sábado,3,2025,1,0,Almuerzo,12,16,Hamburguesa Clásica,Hamburguesas,36,12.0,432.0,Delivery,No,Ninguna,0,Soleado,31,0,7,8,56,40
2025-03-08,Sábado,3,2025,1,0,Almuerzo,12,16,Gaseosa,Bebidas,58,4.0,185.6,Delivery,Sí,Descuento,20,Soleado,31,0,7,2,101,45
2025-03-08,Sábado,3,2025,1,0,Almuerzo,12,16,Pollo Broaster,Pollos,50,18.0,810.0,Delivery,Sí,Descuento,10,Soleado,31,0,7,13,79,41
2025-03-08,Sábado,3,2025,1,0,Almuerzo,12,16,Alitas BBQ,Pollos,27,20.0,540.0,Delivery,No,Ninguna,0,Soleado,31,0,7,18,42,48
2025-03-08,Sábado,3,2025,1,0,Almuerzo,12,16,Sándwich de Pollo,Sándwiches,29,11.0,239.25,Delivery,Sí,2x1,25,Soleado,31,0,7,10,55,48
2025-03-08,Sábado,3,2025,1,0,Cena,18,22,Gaseosa,Bebidas,47,4.0,188.0,Presencial,No,Ninguna,0,Soleado,31,0,8,5,80,54
2025-03-08,Sábado,3,2025,1,0,Cena,18,22,Salchipapa Especial,Salchipapas,27,15.0,405.0,Presencial,No,Ninguna,0,Soleado,31,0,8,15,48,69
2025-03-08,Sábado,3,2025,1,0,Cena,18,22,Pizza Familiar,Pizzas,18,32.0,576.0,Delivery,No,Ninguna,0,Soleado,31,0,8,23,47,55
2025-03-08,Sábado,3,2025,1,0,Cena,18,22,Pizza Personal,Pizzas,27,13.0,351.0,Delivery,No,Ninguna,0,Soleado,31,0,8,19,49,59
2025-03-09,Domingo,3,2025,1,0,Desayuno,7,11,Hamburguesa Clásica,Hamburguesas,14,12.0,168.0,Delivery,No,Ninguna,0,Nublado,24,0,5,11,20,21
2025-03-09,Domingo,3,2025,1,0,Desayuno,7,11,Cheeseburger,Hamburguesas,10,14.0,140.0,Delivery,No,Ninguna,0,Nublado,24,0,5,14,34,31
2025-03-09,Domingo,3,2025,1,0,Desayuno,7,11,Alitas BBQ,Pollos,11,20.0,220.0,Presencial,No,Ninguna,0,Nublado,24,0,5,14,16,20
2025-03-09,Domingo,3,2025,1,0,Desayuno,7,11,Salchipapa Clásica,Salchipapas,15,10.0,112.5,Presencial,Sí,Combo,25,Nublado,24,0,5,14,21,29
2025-03-09,Domingo,3,2025,1,0,Almuerzo,12,16,Cheeseburger,Hamburguesas,20,14.0,280.0,Delivery,No,Ninguna,0,Nublado,24,0,5,13,50,44
2025-03-09,Domingo,3,2025,1,0,Almuerzo,12,16,Salchipapa Clásica,Salchipapas,26,10.0,260.0,Presencial,No,Ninguna,0,Nublado,24,0,5,12,47,49
2025-03-09,Domingo,3,2025,1,0,Almuerzo,12,16,Gaseosa,Bebidas,55,4.0,220.0,Presencial,No,Ninguna,0,Nublado,24,0,5,5,90,52
2025-03-09,Domingo,3,2025,1,0,Almuerzo,12,16,Pollo Broaster,Pollos,44,18.0,792.0,Delivery,No,Ninguna,0,Nublado,24,0,5,12,49,48
2025-03-09,Domingo,3,2025,1,0,Cena,18,22,Gaseosa,Bebidas,39,4.0,156.0,Delivery,No,Ninguna,0,Nublado,24,0,6,5,70,49
2025-03-09,Domingo,3,2025,1,0,Cena,18,22,Pizza Familiar,Pizzas,13,32.0,416.0,Delivery,No,Ninguna,0,Nublado,24,0,6,22,42,68
2025-03-09,Domingo,3,2025,1,0,Cena,18,22,Hamburguesa BBQ,Hamburguesas,24,16.0,384.0,Web,No,Ninguna,0,Nublado,24,0,6,14,34,45
2025-03-09,Domingo,3,2025,1,0,Cena,18,22,Alitas BBQ,Pollos,30,20.0,600.0,Presencial,No,Ninguna,0,Nublado,24,0,6,17,65,68
2025-03-10,Lunes,3,2025,0,0,Desayuno,7,11,Pizza Personal,Pizzas,8,13.0,104.0,Presencial,No,Ninguna,0,Soleado,26,0,4,19,17,22
2025-03-10,Lunes,3,2025,0,0,Desayuno,7,11,Salchipapa Especial,Salchipapas,10,15.0,150.0,Presencial,No,Ninguna,0,Soleado,26,0,4,12,24,16
2025-03-10,Lunes,3,2025,0,0,Desayuno,7,11,Sándwich de Pollo,Sándwiches,8,11.0,88.0,Presencial,No,Ninguna,0,Soleado,26,0,4,10,16,17
2025-03-10,Lunes,3,2025,0,0,Desayuno,7,11,Gaseosa,Bebidas,15,4.0,60.0,Presencial,No,Ninguna,0,Soleado,26,0,4,3,36,20
2025-03-10,Lunes,3,2025,0,0,Almuerzo,12,16,Jugo Natural,Bebidas,26,6.0,156.0,Presencial,No,Ninguna,0,Soleado,26,0,7,3,69,40
2025-03-10,Lunes,3,2025,0,0,Almuerzo,12,16,Hamburguesa Clásica,Hamburguesas,19,12.0,228.0,Presencial,No,Ninguna,0,Soleado,26,0,7,11,46,34
2025-03-10,Lunes,3,2025,0,0,Almuerzo,12,16,Pizza Personal,Pizzas,19,13.0,247.0,Delivery,No,Ninguna,0,Soleado,26,0,7,22,45,43
2025-03-10,Lunes,3,2025,0,0,Almuerzo,12,16,Alitas BBQ,Pollos,16,20.0,320.0,Web,No,Ninguna,0,Soleado,26,0,7,12,26,31
2025-03-10,Lunes,3,2025,0,0,Almuerzo,12,16,Salchipapa Especial,Salchipapas,19,15.0,285.0,Delivery,No,Ninguna,0,Soleado,26,0,7,13,53,34
2025-03-10,Lunes,3,2025,0,0,Almuerzo,12,16,Salchipapa Clásica,Salchipapas,14,10.0,140.0,Presencial,No,Ninguna,0,Soleado,26,0,7,9,27,25
2025-03-10,Lunes,3,2025,0,0,Cena,18,22,Gaseosa,Bebidas,28,4.0,112.0,Delivery,No,Ninguna,0,Soleado,26,0,5,5,46,42
2025-03-10,Lunes,3,2025,0,0,Cena,18,22,Salchipapa Especial,Salchipapas,27,15.0,405.0,Web,No,Ninguna,0,Soleado,26,0,5,9,40,59
2025-03-10,Lunes,3,2025,0,0,Cena,18,22,Pizza Familiar,Pizzas,14,32.0,448.0,Web,No,Ninguna,0,Soleado,26,0,5,25,34,64
2025-03-10,Lunes,3,2025,0,0,Cena,18,22,Pollo Broaster,Pollos,26,18.0,397.8,Delivery,Sí,2x1,15,Soleado,26,0,5,19,50,70
2025-03-10,Lunes,3,2025,0,0,Cena,18,22,Jugo Natural,Bebidas,23,6.0,138.0,Presencial,No,Ninguna,0,Soleado,26,0,5,5,58,44
2025-03-10,Lunes,3,2025,0,0,Cena,18,22,Pizza Personal,Pizzas,13,13.0,169.0,Delivery,No,Ninguna,0,Soleado,26,0,5,23,30,51
2025-03-11,Martes,3,2025,0,0,Desayuno,7,11,Sándwich de Pollo,Sándwiches,9,11.0,99.0,Presencial,No,Ninguna,0,Nublado,19,0,2,10,37,10
2025-03-11,Martes,3,2025,0,0,Desayuno,7,11,Salchipapa Clásica,Salchipapas,10,10.0,100.0,Presencial,No,Ninguna,0,Nublado,19,0,2,8,29,16
2025-03-11,Martes,3,2025,0,0,Desayuno,7,11,Jugo Natural,Bebidas,9,6.0,54.0,Presencial,No,Ninguna,0,Nublado,19,0,2,3,45,22
2025-03-11,Martes,3,2025,0,0,Desayuno,7,11,Gaseosa,Bebidas,16,4.0,64.0,Delivery,No,Ninguna,0,Nublado,19,0,2,4,36,16
2025-03-11,Martes,3,2025,0,0,Almuerzo,12,16,Salchipapa Especial,Salchipapas,28,15.0,420.0,Delivery,No,Ninguna,0,Nublado,19,0,4,10,47,31
2025-03-11,Martes,3,2025,0,0,Almuerzo,12,16,Pollo Broaster,Pollos,28,18.0,504.0,Presencial,No,Ninguna,0,Nublado,19,0,4,16,39,30
2025-03-11,Martes,3,2025,0,0,Almuerzo,12,16,Gaseosa,Bebidas,28,4.0,112.0,Delivery,No,Ninguna,0,Nublado,19,0,4,3,64,29
2025-03-11,Martes,3,2025,0,0,Almuerzo,12,16,Cheeseburger,Hamburguesas,14,14.0,166.6,Presencial,Sí,Descuento,15,Nublado,19,0,4,13,23,40
2025-03-11,Martes,3,2025,0,0,Cena,18,22,Pollo Broaster,Pollos,25,18.0,450.0,Delivery,No,Ninguna,0,Nublado,19,0,4,15,48,41
2025-03-11,Martes,3,2025,0,0,Cena,18,22,Pizza Familiar,Pizzas,11,32.0,352.0,Web,No,Ninguna,0,Nublado,19,0,4,18,17,41
2025-03-11,Martes,3,2025,0,0,Cena,18,22,Salchipapa Especial,Salchipapas,15,15.0,225.0,Delivery,No,Ninguna,0,Nublado,19,0,4,11,46,41
2025-03-11,Martes,3,2025,0,0,Cena,18,22,Jugo Natural,Bebidas,18,6.0,108.0,Delivery,No,Ninguna,0,Nublado,19,0,4,5,58,61
2025-03-11,Martes,3,2025,0,0,Cena,18,22,Alitas BBQ,Pollos,17,20.0,340.0,Delivery,No,Ninguna,0,Nublado,19,0,4,16,26,61
2025-03-11,Martes,3,2025,0,0,Cena,18,22,Hamburguesa Clásica,Hamburguesas,26,12.0,234.0,Delivery,Sí,Combo,25,Nublado,19,0,4,11,57,59
2025-03-12,Miércoles,3,2025,0,0,Desayuno,7,11,Sándwich de Pollo,Sándwiches,8,11.0,88.0,Presencial,No,Ninguna,0,Nublado,20,0,4,10,21,21
2025-03-12,Miércoles,3,2025,0,0,Desayuno,7,11,Jugo Natural,Bebidas,8,6.0,48.0,Presencial,No,Ninguna,0,Nublado,20,0,4,2,62,15
2025-03-12,Miércoles,3,2025,0,0,Desayuno,7,11,Hamburguesa Clásica,Hamburguesas,11,12.0,132.0,Presencial,No,Ninguna,0,Nublado,20,0,4,10,35,21
2025-03-12,Miércoles,3,2025,0,0,Desayuno,7,11,Gaseosa,Bebidas,17,4.0,68.0,Presencial,No,Ninguna,0,Nublado,20,0,4,4,61,12
2025-03-12,Miércoles,3,2025,0,0,Almuerzo,12,16,Gaseosa,Bebidas,43,4.0,172.0,Web,No,Ninguna,0,Nublado,20,0,5,4,71,32
2025-03-12,Miércoles,3,2025,0,0,Almuerzo,12,16,Hamburguesa Clásica,Hamburguesas,24,12.0,288.0,Presencial,No,Ninguna,0,Nublado,20,0,5,11,49,39
2025-03-12,Miércoles,3,2025,0,0,Almuerzo,12,16,Pollo Broaster,Pollos,37,18.0,666.0,Delivery,No,Ninguna,0,Nublado,20,0,5,20,53,26
2025-03-12,Miércoles,3,2025,0,0,Almuerzo,12,16,Salchipapa Especial,Salchipapas,26,15.0,390.0,Web,No,Ninguna,0,Nublado,20,0,5,14,58,39
2025-03-12,Miércoles,3,2025,0,0,Almuerzo,12,16,Alitas BBQ,Pollos,28,20.0,560.0,Delivery,No,Ninguna,0,Nublado,20,0,5,15,53,44
2025-03-12,Miércoles,3,2025,0,0,Almuerzo,12,16,Cheeseburger,Hamburguesas,26,14.0,273.0,Web,Sí,Combo,25,Nublado,20,0,5,13,40,45
2025-03-12,Miércoles,3,2025,0,0,Cena,18,22,Hamburguesa BBQ,Hamburguesas,26,16.0,332.8,Delivery,Sí,Combo,20,Nublado,20,0,7,14,34,44
2025-03-12,Miércoles,3,2025,0,0,Cena,18,22,Gaseosa,Bebidas,37,4.0,133.2,Delivery,Sí,Descuento,10,Nublado,20,0,7,2,83,63
2025-03-12,Miércoles,3,2025,0,0,Cena,18,22,Salchipapa Clásica,Salchipapas,35,10.0,297.5,Web,Sí,2x1,15,Nublado,20,0,7,14,56,63
2025-03-12,Miércoles,3,2025,0,0,Cena,18,22,Pollo Broaster,Pollos,26,18.0,468.0,Presencial,No,Ninguna,0,Nublado,20,0,7,16,36,43
2025-03-12,Miércoles,3,2025,0,0,Cena,18,22,Salchipapa Especial,Salchipapas,32,15.0,432.0,Delivery,Sí,Combo,10,Nublado,20,0,7,8,47,66
2025-03-13,Jueves,3,2025,0,0,Desayuno,7,11,Salchipapa Clásica,Salchipapas,12,10.0,120.0,Presencial,No,Ninguna,0,Soleado,28,0,4,10,32,19
2025-03-13,Jueves,3,2025,0,0,Desayuno,7,11,Hamburguesa BBQ,Hamburguesas,12,16.0,192.0,Delivery,No,Ninguna,0,Soleado,28,0,4,9,27,11
2025-03-13,Jueves,3,2025,0,0,Desayuno,7,11,Cheeseburger,Hamburguesas,9,14.0,126.0,Presencial,No,Ninguna,0,Soleado,28,0,4,14,34,21
2025-03-13,Jueves,3,2025,0,0,Desayuno,7,11,Gaseosa,Bebidas,21,4.0,67.2,Presencial,Sí,Combo,20,Soleado,28,0,4,2,77,18
2025-03-13,Jueves,3,2025,0,0,Desayuno,7,11,Hamburguesa Clásica,Hamburguesas,12,12.0,144.0,Presencial,No,Ninguna,0,Soleado,28,0,4,13,31,22
2025-03-13,Jueves,3,2025,0,0,Almuerzo,12,16,Hamburguesa BBQ,Hamburguesas,18,16.0,288.0,Presencial,No,Ninguna,0,Soleado,28,0,6,9,26,34
2025-03-13,Jueves,3,2025,0,0,Almuerzo,12,16,Salchipapa Clásica,Salchipapas,25,10.0,250.0,Web,No,Ninguna,0,Soleado,28,0,6,9,37,34
2025-03-13,Jueves,3,2025,0,0,Almuerzo,12,16,Gaseosa,Bebidas,47,4.0,188.0,Web,No,Ninguna,0,Soleado,28,0,6,5,69,25
2025-03-13,Jueves,3,2025,0,0,Almuerzo,12,16,Jugo Natural,Bebidas,26,6.0,156.0,Delivery,No,Ninguna,0,Soleado,28,0,6,5,76,37
2025-03-13,Jueves,3,2025,0,0,Almuerzo,12,16,Pollo Broaster,Pollos,29,18.0,522.0,Presencial,No,Ninguna,0,Soleado,28,0,6,19,60,31
2025-03-13,Jueves,3,2025,0,0,Almuerzo,12,16,Hamburguesa Clásica,Hamburguesas,28,12.0,336.0,Delivery,No,Ninguna,0,Soleado,28,0,6,10,56,25
2025-03-13,Jueves,3,2025,0,0,Cena,18,22,Hamburguesa Clásica,Hamburguesas,24,12.0,288.0,Presencial,No,Ninguna,0,Soleado,28,0,7,11,33,61
2025-03-13,Jueves,3,2025,0,0,Cena,18,22,Salchipapa Especial,Salchipapas,33,15.0,495.0,Delivery,No,Ninguna,0,Soleado,28,0,7,12,46,54
2025-03-13,Jueves,3,2025,0,0,Cena,18,22,Pollo Broaster,Pollos,23,18.0,414.0,Web,No,Ninguna,0,Soleado,28,0,7,16,48,51
2025-03-13,Jueves,3,2025,0,0,Cena,18,22,Hamburguesa BBQ,Hamburguesas,21,16.0,302.4,Delivery,Sí,Descuento,10,Soleado,28,0,7,10,32,70
2025-03-13,Jueves,3,2025,0,0,Cena,18,22,Pizza Familiar,Pizzas,16,32.0,512.0,Presencial,No,Ninguna,0,Soleado,28,0,7,17,31,55
2025-03-13,Jueves,3,2025,0,0,Cena,18,22,Alitas BBQ,Pollos,18,20.0,360.0,Web,No,Ninguna,0,Soleado,28,0,7,19,27,63
2025-03-14,Viernes,3,2025,0,0,Desayuno,7,11,Gaseosa,Bebidas,19,4.0,76.0,Presencial,No,Ninguna,0,Lluvioso,20,1,2,5,74,33
2025-03-14,Viernes,3,2025,0,0,Desayuno,7,11,Jugo Natural,Bebidas,12,6.0,72.0,Presencial,No,Ninguna,0,Lluvioso,20,1,2,5,27,29
2025-03-14,Viernes,3,2025,0,0,Desayuno,7,11,Pizza Personal,Pizzas,11,13.0,143.0,Delivery,No,Ninguna,0,Lluvioso,20,1,2,17,41,45
2025-03-14,Viernes,3,2025,0,0,Desayuno,7,11,Hamburguesa Clásica,Hamburguesas,20,12.0,204.0,Presencial,Sí,2x1,15,Lluvioso,20,1,2,10,29,28
2025-03-14,Viernes,3,2025,0,0,Almuerzo,12,16,Pizza Familiar,Pizzas,21,32.0,672.0,Web,No,Ninguna,0,Lluvioso,20,1,6,20,47,46
2025-03-14,Viernes,3,2025,0,0,Almuerzo,12,16,Hamburguesa Clásica,Hamburguesas,32,12.0,384.0,Presencial,No,Ninguna,0,Lluvioso,20,1,6,13,61,50
2025-03-14,Viernes,3,2025,0,0,Almuerzo,12,16,Cheeseburger,Hamburguesas,27,14.0,378.0,Delivery,No,Ninguna,0,Lluvioso,20,1,6,8,51,53
2025-03-14,Viernes,3,2025,0,0,Almuerzo,12,16,Salchipapa Clásica,Salchipapas,25,10.0,250.0,Web,No,Ninguna,0,Lluvioso,20,1,6,12,39,57
2025-03-14,Viernes,3,2025,0,0,Almuerzo,12,16,Hamburguesa BBQ,Hamburguesas,29,16.0,464.0,Delivery,No,Ninguna,0,Lluvioso,20,1,6,9,49,48
2025-03-14,Viernes,3,2025,0,0,Almuerzo,12,16,Gaseosa,Bebidas,40,4.0,160.0,Web,No,Ninguna,0,Lluvioso,20,1,6,5,61,57
2025-03-14,Viernes,3,2025,0,0,Cena,18,22,Alitas BBQ,Pollos,23,20.0,460.0,Presencial,No,Ninguna,0,Lluvioso,20,1,8,20,33,70
2025-03-14,Viernes,3,2025,0,0,Cena,18,22,Hamburguesa BBQ,Hamburguesas,30,16.0,480.0,Delivery,No,Ninguna,0,Lluvioso,20,1,8,10,56,82
2025-03-14,Viernes,3,2025,0,0,Cena,18,22,Cheeseburger,Hamburguesas,26,14.0,364.0,Web,No,Ninguna,0,Lluvioso,20,1,8,10,46,62
2025-03-14,Viernes,3,2025,0,0,Cena,18,22,Pollo Broaster,Pollos,35,18.0,630.0,Web,No,Ninguna,0,Lluvioso,20,1,8,16,59,55
2025-03-15,Sábado,3,2025,1,0,Desayuno,7,11,Sándwich de Pollo,Sándwiches,16,11.0,149.6,Presencial,Sí,2x1,15,Nublado,21,0,4,11,38,34
2025-03-15,Sábado,3,2025,1,0,Desayuno,7,11,Jugo Natural,Bebidas,15,6.0,76.5,Web,Sí,Descuento,15,Nublado,21,0,4,5,58,27
2025-03-15,Sábado,3,2025,1,0,Desayuno,7,11,Hamburguesa Clásica,Hamburguesas,13,12.0,156.0,Delivery,No,Ninguna,0,Nublado,21,0,4,12,39,30
2025-03-15,Sábado,3,2025,1,0,Desayuno,7,11,Gaseosa,Bebidas,17,4.0,68.0,Presencial,No,Ninguna,0,Nublado,21,0,4,5,69,25
2025-03-15,Sábado,3,2025,1,0,Almuerzo,12,16,Alitas BBQ,Pollos,37,20.0,740.0,Web,No,Ninguna,0,Nublado,21,0,5,14,61,39
2025-03-15,Sábado,3,2025,1,0,Almuerzo,12,16,Gaseosa,Bebidas,57,4.0,205.2,Delivery,Sí,Descuento,10,Nublado,21,0,5,4,88,41
2025-03-15,Sábado,3,2025,1,0,Almuerzo,12,16,Pollo Broaster,Pollos,30,18.0,540.0,Web,No,Ninguna,0,Nublado,21,0,5,16,61,47
2025-03-15,Sábado,3,2025,1,0,Almuerzo,12,16,Cheeseburger,Hamburguesas,39,14.0,464.1,Delivery,Sí,2x1,15,Nublado,21,0,5,8,66,53
2025-03-15,Sábado,3,2025,1,0,Almuerzo,12,16,Sándwich de Pollo,Sándwiches,26,11.0,214.5,Presencial,Sí,Combo,25,Nublado,21,0,5,10,56,45
2025-03-15,Sábado,3,2025,1,0,Cena,18,22,Gaseosa,Bebidas,40,4.0,160.0,Delivery,No,Ninguna,0,Nublado,21,0,4,5,74,54
2025-03-15,Sábado,3,2025,1,0,Cena,18,22,Pollo Broaster,Pollos,50,18.0,765.0,Delivery,Sí,Combo,15,Nublado,21,0,4,15,75,60
2025-03-15,Sábado,3,2025,1,0,Cena,18,22,Salchipapa Clásica,Salchipapas,23,10.0,230.0,Presencial,No,Ninguna,0,Nublado,21,0,4,12,35,61
2025-03-15,Sábado,3,2025,1,0,Cena,18,22,Salchipapa Especial,Salchipapas,25,15.0,375.0,Web,No,Ninguna,0,Nublado,21,0,4,10,38,65
2025-03-15,Sábado,3,2025,1,0,Cena,18,22,Hamburguesa Clásica,Hamburguesas,42,12.0,504.0,Web,No,Ninguna,0,Nublado,21,0,4,10,55,68
2025-03-15,Sábado,3,2025,1,0,Cena,18,22,Pizza Personal,Pizzas,27,13.0,351.0,Delivery,No,Ninguna,0,Nublado,21,0,4,17,44,66
2025-03-16,Domingo,3,2025,1,0,Desayuno,7,11,Jugo Natural,Bebidas,16,6.0,96.0,Delivery,No,Ninguna,0,Nublado,19,0,4,4,74,17
2025-03-16,Domingo,3,2025,1,0,Desayuno,7,11,Gaseosa,Bebidas,25,4.0,100.0,Presencial,No,Ninguna,0,Nublado,19,0,4,5,57,15
2025-03-16,Domingo,3,2025,1,0,Desayuno,7,11,Sándwich de Pollo,Sándwiches,13,11.0,121.55,Presencial,Sí,2x1,15,Nublado,19,0,4,10,47,31
2025-03-16,Domingo,3,2025,1,0,Almuerzo,12,16,Jugo Natural,Bebidas,19,6.0,96.9,Presencial,Sí,Combo,15,Nublado,19,0,7,3,65,44
2025-03-16,Domingo,3,2025,1,0,Almuerzo,12,16,Hamburguesa BBQ,Hamburguesas,28,16.0,336.0,Presencial,Sí,Combo,25,Nublado,19,0,7,9,60,38
2025-03-16,Domingo,3,2025,1,0,Almuerzo,12,16,Gaseosa,Bebidas,44,4.0,176.0,Web,No,Ninguna,0,Nublado,19,0,7,5,65,51
2025-03-16,Domingo,3,2025,1,0,Almuerzo,12,16,Alitas BBQ,Pollos,28,20.0,560.0,Delivery,No,Ninguna,0,Nublado,19,0,7,17,62,43
2025-03-16,Domingo,3,2025,1,0,Cena,18,22,Salchipapa Especial,Salchipapas,45,15.0,540.0,Web,Sí,Combo,20,Nublado,19,0,7,14,73,69
2025-03-16,Domingo,3,2025,1,0,Cena,18,22,Pizza Familiar,Pizzas,18,32.0,432.0,Web,Sí,Combo,25,Nublado,19,0,7,18,46,68
2025-03-16,Domingo,3,2025,1,0,Cena,18,22,Cheeseburger,Hamburguesas,24,14.0,268.8,Delivery,Sí,2x1,20,Nublado,19,0,7,8,56,76
2025-03-16,Domingo,3,2025,1,0,Cena,18,22,Gaseosa,Bebidas,43,4.0,172.0,Presencial,No,Ninguna,0,Nublado,19,0,7,5,65,63
2025-03-17,Lunes,3,2025,0,0,Desayuno,7,11,Hamburguesa Clásica,Hamburguesas,10,12.0,120.0,Presencial,No,Ninguna,0,Soleado,30,0,3,12,15,24
2025-03-17,Lunes,3,2025,0,0,Desayuno,7,11,Jugo Natural,Bebidas,9,6.0,54.0,Presencial,No,Ninguna,0,Soleado,30,0,3,5,45,22
2025-03-17,Lunes,3,2025,0,0,Desayuno,7,11,Sándwich de Pollo,Sándwiches,7,11.0,77.0,Presencial,No,Ninguna,0,Soleado,30,0,3,11,36,22
2025-03-17,Lunes,3,2025,0,0,Desayuno,7,11,Pizza Personal,Pizzas,7,13.0,91.0,Web,No,Ninguna,0,Soleado,30,0,3,18,41,16
2025-03-17,Lunes,3,2025,0,0,Desayuno,7,11,Salchipapa Especial,Salchipapas,8,15.0,120.0,Delivery,No,Ninguna,0,Soleado,30,0,3,9,14,14
2025-03-17,Lunes,3,2025,0,0,Desayuno,7,11,Gaseosa,Bebidas,12,4.0,48.0,Delivery,No,Ninguna,0,Soleado,30,0,3,3,58,15
2025-03-17,Lunes,3,2025,0,0,Almuerzo,12,16,Sándwich de Pollo,Sándwiches,21,11.0,231.0,Delivery,No,Ninguna,0,Soleado,30,0,5,6,31,45
2025-03-17,Lunes,3,2025,0,0,Almuerzo,12,16,Pollo Broaster,Pollos,33,18.0,594.0,Delivery,No,Ninguna,0,Soleado,30,0,5,12,40,43
2025-03-17,Lunes,3,2025,0,0,Almuerzo,12,16,Salchipapa Especial,Salchipapas,36,15.0,540.0,Presencial,No,Ninguna,0,Soleado,30,0,5,8,70,39
2025-03-17,Lunes,3,2025,0,0,Almuerzo,12,16,Gaseosa,Bebidas,34,4.0,136.0,Delivery,No,Ninguna,0,Soleado,30,0,5,2,63,40
2025-03-17,Lunes,3,2025,0,0,Almuerzo,12,16,Hamburguesa BBQ,Hamburguesas,23,16.0,368.0,Presencial,No,Ninguna,0,Soleado,30,0,5,11,51,42
2025-03-17,Lunes,3,2025,0,0,Cena,18,22,Pollo Broaster,Pollos,29,18.0,522.0,Delivery,No,Ninguna,0,Soleado,30,0,4,15,51,40
2025-03-17,Lunes,3,2025,0,0,Cena,18,22,Cheeseburger,Hamburguesas,20,14.0,280.0,Web,No,Ninguna,0,Soleado,30,0,4,14,31,47
2025-03-17,Lunes,3,2025,0,0,Cena,18,22,Pizza Personal,Pizzas,16,13.0,208.0,Presencial,No,Ninguna,0,Soleado,30,0,4,22,42,52
2025-03-17,Lunes,3,2025,0,0,Cena,18,22,Salchipapa Especial,Salchipapas,12,15.0,180.0,Delivery,No,Ninguna,0,Soleado,30,0,4,9,45,59
2025-03-18,Martes,3,2025,0,0,Desayuno,7,11,Gaseosa,Bebidas,18,4.0,72.0,Presencial,No,Ninguna,0,Nublado,20,0,3,3,48,14
2025-03-18,Martes,3,2025,0,0,Desayuno,7,11,Cheeseburger,Hamburguesas,11,14.0,123.2,Presencial,Sí,2x1,20,Nublado,20,0,3,8,45,23
2025-03-18,Martes,3,2025,0,0,Desayuno,7,11,Sándwich de Pollo,Sándwiches,7,11.0,65.45,Delivery,Sí,Combo,15,Nublado,20,0,3,9,28,21
2025-03-18,Martes,3,2025,0,0,Desayuno,7,11,Salchipapa Clásica,Salchipapas,10,10.0,100.0,Presencial,No,Ninguna,0,Nublado,20,0,3,9,15,11
2025-03-18,Martes,3,2025,0,0,Desayuno,7,11,Hamburguesa Clásica,Hamburguesas,13,12.0,156.0,Presencial,No,Ninguna,0,Nublado,20,0,3,10,25,16
2025-03-18,Martes,3,2025,0,0,Almuerzo,12,16,Pollo Broaster,Pollos,20,18.0,360.0,Delivery,No,Ninguna,0,Nublado,20,0,6,15,27,40
2025-03-18,Martes,3,2025,0,0,Almuerzo,12,16,Hamburguesa BBQ,Hamburguesas,26,16.0,312.0,Delivery,Sí,Combo,25,Nublado,20,0,6,12,53,33
2025-03-18,Martes,3,2025,0,0,Almuerzo,12,16,Gaseosa,Bebidas,37,4.0,148.0,Web,No,Ninguna,0,Nublado,20,0,6,4,61,32
2025-03-18,Martes,3,2025,0,0,Almuerzo,12,16,Pizza Personal,Pizzas,16,13.0,208.0,Delivery,No,Ninguna,0,Nublado,20,0,6,21,45,35
2025-03-18,Martes,3,2025,0,0,Cena,18,22,Cheeseburger,Hamburguesas,17,14.0,238.0,Web,No,Ninguna,0,Nublado,20,0,7,11,51,54
2025-03-18,Martes,3,2025,0,0,Cena,18,22,Pollo Broaster,Pollos,20,18.0,360.0,Delivery,No,Ninguna,0,Nublado,20,0,7,19,36,57
2025-03-18,Martes,3,2025,0,0,Cena,18,22,Salchipapa Clásica,Salchipapas,22,10.0,220.0,Delivery,No,Ninguna,0,Nublado,20,0,7,8,50,57
2025-03-18,Martes,3,2025,0,0,Cena,18,22,Jugo Natural,Bebidas,18,6.0,91.8,Delivery,Sí,Descuento,15,Nublado,20,0,7,2,40,57
2025-03-19,Miércoles,3,2025,0,0,Desayuno,7,11,Salchipapa Clásica,Salchipapas,11,10.0,110.0,Presencial,No,Ninguna,0,Soleado,31,0,4,8,27,11
2025-03-19,Miércoles,3,2025,0,0,Desayuno,7,11,Hamburguesa BBQ,Hamburguesas,9,16.0,144.0,Presencial,No,Ninguna,0,Soleado,31,0,4,8,29,19
2025-03-19,Miércoles,3,2025,0,0,Desayuno,7,11,Jugo Natural,Bebidas,9,6.0,54.0,Delivery,No,Ninguna,0,Soleado,31,0,4,2,57,10
2025-03-19,Miércoles,3,2025,0,0,Desayuno,7,11,Sándwich de Pollo,Sándwiches,7,11.0,77.0,Presencial,No,Ninguna,0,Soleado,31,0,4,7,39,24
2025-03-19,Miércoles,3,2025,0,0,Almuerzo,12,16,Pizza Personal,Pizzas,18,13.0,234.0,Presencial,No,Ninguna,0,Soleado,31,0,4,15,27,27
2025-03-19,Miércoles,3,2025,0,0,Almuerzo,12,16,Salchipapa Especial,Salchipapas,23,15.0,345.0,Presencial,No,Ninguna,0,Soleado,31,0,4,8,41,31
2025-03-19,Miércoles,3,2025,0,0,Almuerzo,12,16,Hamburguesa Clásica,Hamburguesas,40,12.0,480.0,Delivery,No,Ninguna,0,Soleado,31,0,4,10,60,34
2025-03-19,Miércoles,3,2025,0,0,Almuerzo,12,16,Cheeseburger,Hamburguesas,25,14.0,350.0,Web,No,Ninguna,0,Soleado,31,0,4,9,46,41
2025-03-19,Miércoles,3,2025,0,0,Almuerzo,12,16,Gaseosa,Bebidas,35,4.0,140.0,Presencial,No,Ninguna,0,Soleado,31,0,4,4,67,26
2025-03-19,Miércoles,3,2025,0,0,Cena,18,22,Hamburguesa Clásica,Hamburguesas,27,12.0,324.0,Web,No,Ninguna,0,Soleado,31,0,8,10,52,49
2025-03-19,Miércoles,3,2025,0,0,Cena,18,22,Gaseosa,Bebidas,28,4.0,112.0,Delivery,No,Ninguna,0,Soleado,31,0,8,4,44,49
2025-03-19,Miércoles,3,2025,0,0,Cena,18,22,Pizza Familiar,Pizzas,18,32.0,576.0,Delivery,No,Ninguna,0,Soleado,31,0,8,23,47,41
2025-03-19,Miércoles,3,2025,0,0,Cena,18,22,Cheeseburger,Hamburguesas,23,14.0,257.6,Presencial,Sí,Combo,20,Soleado,31,0,8,9,39,51
2025-03-20,Jueves,3,2025,0,0,Desayuno,7,11,Hamburguesa Clásica,Hamburguesas,11,12.0,132.0,Presencial,No,Ninguna,0,Lluvioso,20,1,4,9,42,31
2025-03-20,Jueves,3,2025,0,0,Desayuno,7,11,Gaseosa,Bebidas,20,4.0,80.0,Presencial,No,Ninguna,0,Lluvioso,20,1,4,5,70,34
2025-03-20,Jueves,3,2025,0,0,Desayuno,7,11,Jugo Natural,Bebidas,10,6.0,60.0,Delivery,No,Ninguna,0,Lluvioso,20,1,4,4,56,23
2025-03-20,Jueves,3,2025,0,0,Desayuno,7,11,Cheeseburger,Hamburguesas,9,14.0,126.0,Delivery,No,Ninguna,0,Lluvioso,20,1,4,9,35,31
2025-03-20,Jueves,3,2025,0,0,Desayuno,7,11,Pizza Personal,Pizzas,9,13.0,117.0,Presencial,No,Ninguna,0,Lluvioso,20,1,4,19,15,27
2025-03-20,Jueves,3,2025,0,0,Almuerzo,12,16,Salchipapa Clásica,Salchipapas,32,10.0,320.0,Delivery,No,Ninguna,0,Lluvioso,20,1,7,9,64,61
2025-03-20,Jueves,3,2025,0,0,Almuerzo,12,16,Gaseosa,Bebidas,46,4.0,184.0,Delivery,No,Ninguna,0,Lluvioso,20,1,7,3,67,46
2025-03-20,Jueves,3,2025,0,0,Almuerzo,12,16,Hamburguesa Clásica,Hamburguesas,35,12.0,420.0,Delivery,No,Ninguna,0,Lluvioso,20,1,7,8,55,52
2025-03-20,Jueves,3,2025,0,0,Almuerzo,12,16,Pollo Broaster,Pollos,50,18.0,900.0,Delivery,No,Ninguna,0,Lluvioso,20,1,7,12,56,47
2025-03-20,Jueves,3,2025,0,0,Almuerzo,12,16,Cheeseburger,Hamburguesas,32,14.0,448.0,Delivery,No,Ninguna,0,Lluvioso,20,1,7,8,54,56
2025-03-20,Jueves,3,2025,0,0,Cena,18,22,Pizza Familiar,Pizzas,19,32.0,456.0,Web,Sí,2x1,25,Lluvioso,20,1,6,17,53,76
2025-03-20,Jueves,3,2025,0,0,Cena,18,22,Hamburguesa BBQ,Hamburguesas,24,16.0,384.0,Delivery,No,Ninguna,0,Lluvioso,20,1,6,9,54,62
2025-03-20,Jueves,3,2025,0,0,Cena,18,22,Alitas BBQ,Pollos,27,20.0,540.0,Delivery,No,Ninguna,0,Lluvioso,20,1,6,20,41,56
2025-03-20,Jueves,3,2025,0,0,Cena,18,22,Gaseosa,Bebidas,51,4.0,163.2,Delivery,Sí,Descuento,20,Lluvioso,20,1,6,5,105,71
2025-03-21,Viernes,3,2025,0,0,Desayuno,7,11,Sándwich de Pollo,Sándwiches,9,11.0,99.0,Presencial,No,Ninguna,0,Nublado,24,0,2,12,25,21
2025-03-21,Viernes,3,2025,0,0,Desayuno,7,11,Hamburguesa Clásica,Hamburguesas,12,12.0,144.0,Presencial,No,Ninguna,0,Nublado,24,0,2,10,36,16
2025-03-21,Viernes,3,2025,0,0,Desayuno,7,11,Hamburguesa BBQ,Hamburguesas,13,16.0,208.0,Presencial,No,Ninguna,0,Nublado,24,0,2,14,22,13
2025-03-21,Viernes,3,2025,0,0,Desayuno,7,11,Jugo Natural,Bebidas,8,6.0,48.0,Presencial,No,Ninguna,0,Nublado,24,0,2,3,30,25
2025-03-21,Viernes,3,2025,0,0,Desayuno,7,11,Gaseosa,Bebidas,19,4.0,76.0,Presencial,No,Ninguna,0,Nublado,24,0,2,4,34,10
2025-03-21,Viernes,3,2025,0,0,Almuerzo,12,16,Salchipapa Especial,Salchipapas,25,15.0,375.0,Presencial,No,Ninguna,0,Nublado,24,0,4,12,37,31
2025-03-21,Viernes,3,2025,0,0,Almuerzo,12,16,Hamburguesa BBQ,Hamburguesas,27,16.0,432.0,Presencial,No,Ninguna,0,Nublado,24,0,4,10,60,35
2025-03-21,Viernes,3,2025,0,0,Almuerzo,12,16,Salchipapa Clásica,Salchipapas,24,10.0,240.0,Presencial,No,Ninguna,0,Nublado,24,0,4,9,58,41
2025-03-21,Viernes,3,2025,0,0,Almuerzo,12,16,Gaseosa,Bebidas,48,4.0,192.0,Web,No,Ninguna,0,Nublado,24,0,4,4,106,32
2025-03-21,Viernes,3,2025,0,0,Cena,18,22,Cheeseburger,Hamburguesas,16,14.0,179.2,Presencial,Sí,Combo,20,Nublado,24,0,7,14,34,54
2025-03-21,Viernes,3,2025,0,0,Cena,18,22,Pizza Familiar,Pizzas,19,32.0,608.0,Delivery,No,Ninguna,0,Nublado,24,0,7,17,25,60
2025-03-21,Viernes,3,2025,0,0,Cena,18,22,Pollo Broaster,Pollos,31,18.0,558.0,Presencial,No,Ninguna,0,Nublado,24,0,7,14,51,45
2025-03-21,Viernes,3,2025,0,0,Cena,18,22,Pizza Personal,Pizzas,23,13.0,254.15,Web,Sí,2x1,15,Nublado,24,0,7,20,38,49
2025-03-21,Viernes,3,2025,0,0,Cena,18,22,Hamburguesa BBQ,Hamburguesas,10,16.0,160.0,Presencial,No,Ninguna,0,Nublado,24,0,7,9,22,59
2025-03-22,Sábado,3,2025,1,0,Desayuno,7,11,Gaseosa,Bebidas,21,4.0,84.0,Presencial,No,Ninguna,0,Nublado,19,0,4,5,50,18
2025-03-22,Sábado,3,2025,1,0,Desayuno,7,11,Jugo Natural,Bebidas,14,6.0,84.0,Presencial,No,Ninguna,0,Nublado,19,0,4,5,34,26
2025-03-22,Sábado,3,2025,1,0,Desayuno,7,11,Hamburguesa Clásica,Hamburguesas,18,12.0,216.0,Presencial,No,Ninguna,0,Nublado,19,0,4,8,36,21
2025-03-22,Sábado,3,2025,1,0,Almuerzo,12,16,Pollo Broaster,Pollos,41,18.0,738.0,Delivery,No,Ninguna,0,Nublado,19,0,5,17,56,44
2025-03-22,Sábado,3,2025,1,0,Almuerzo,12,16,Gaseosa,Bebidas,56,4.0,224.0,Presencial,No,Ninguna,0,Nublado,19,0,5,2,112,42
2025-03-22,Sábado,3,2025,1,0,Almuerzo,12,16,Salchipapa Clásica,Salchipapas,33,10.0,330.0,Presencial,No,Ninguna,0,Nublado,19,0,5,12,56,48
2025-03-22,Sábado,3,2025,1,0,Cena,18,22,Pizza Personal,Pizzas,25,13.0,325.0,Delivery,No,Ninguna,0,Nublado,19,0,6,16,48,52
2025-03-22,Sábado,3,2025,1,0,Cena,18,22,Gaseosa,Bebidas,48,4.0,163.2,Delivery,Sí,Descuento,15,Nublado,19,0,6,4,100,75
2025-03-22,Sábado,3,2025,1,0,Cena,18,22,Sándwich de Pollo,Sándwiches,17,11.0,187.0,Web,No,Ninguna,0,Nublado,19,0,6,7,29,64
2025-03-23,Domingo,3,2025,1,0,Desayuno,7,11,Salchipapa Clásica,Salchipapas,15,10.0,135.0,Delivery,Sí,Combo,10,Soleado,26,0,2,11,45,36
2025-03-23,Domingo,3,2025,1,0,Desayuno,7,11,Sándwich de Pollo,Sándwiches,11,11.0,90.75,Presencial,Sí,Combo,25,Soleado,26,0,2,8,46,24
2025-03-23,Domingo,3,2025,1,0,Desayuno,7,11,Hamburguesa Clásica,Hamburguesas,14,12.0,168.0,Presencial,No,Ninguna,0,Soleado,26,0,2,11,34,26
2025-03-23,Domingo,3,2025,1,0,Desayuno,7,11,Jugo Natural,Bebidas,12,6.0,72.0,Presencial,No,Ninguna,0,Soleado,26,0,2,3,59,18
2025-03-23,Domingo,3,2025,1,0,Almuerzo,12,16,Alitas BBQ,Pollos,27,20.0,540.0,Web,No,Ninguna,0,Soleado,26,0,6,15,43,53
2025-03-23,Domingo,3,2025,1,0,Almuerzo,12,16,Cheeseburger,Hamburguesas,35,14.0,490.0,Presencial,No,Ninguna,0,Soleado,26,0,6,10,44,45
2025-03-23,Domingo,3,2025,1,0,Almuerzo,12,16,Salchipapa Clásica,Salchipapas,29,10.0,290.0,Delivery,No,Ninguna,0,Soleado,26,0,6,10,63,43
2025-03-23,Domingo,3,2025,1,0,Almuerzo,12,16,Hamburguesa BBQ,Hamburguesas,26,16.0,416.0,Presencial,No,Ninguna,0,Soleado,26,0,6,11,43,44
2025-03-23,Domingo,3,2025,1,0,Almuerzo,12,16,Gaseosa,Bebidas,55,4.0,220.0,Presencial,No,Ninguna,0,Soleado,26,0,6,5,92,40
2025-03-23,Domingo,3,2025,1,0,Cena,18,22,Pizza Personal,Pizzas,26,13.0,253.5,Delivery,Sí,Combo,25,Soleado,26,0,7,21,35,78
2025-03-23,Domingo,3,2025,1,0,Cena,18,22,Pollo Broaster,Pollos,39,18.0,702.0,Delivery,No,Ninguna,0,Soleado,26,0,7,18,51,53
2025-03-23,Domingo,3,2025,1,0,Cena,18,22,Salchipapa Especial,Salchipapas,43,15.0,548.25,Delivery,Sí,Descuento,15,Soleado,26,0,7,9,63,58
2025-03-23,Domingo,3,2025,1,0,Cena,18,22,Hamburguesa Clásica,Hamburguesas,28,12.0,336.0,Delivery,No,Ninguna,0,Soleado,26,0,7,12,38,69
2025-03-23,Domingo,3,2025,1,0,Cena,18,22,Pizza Familiar,Pizzas,15,32.0,360.0,Web,Sí,2x1,25,Soleado,26,0,7,24,36,69
2025-03-24,Lunes,3,2025,0,0,Desayuno,7,11,Cheeseburger,Hamburguesas,9,14.0,126.0,Presencial,No,Ninguna,0,Soleado,26,0,4,10,39,16
2025-03-24,Lunes,3,2025,0,0,Desayuno,7,11,Alitas BBQ,Pollos,8,20.0,160.0,Presencial,No,Ninguna,0,Soleado,26,0,4,19,37,11
2025-03-24,Lunes,3,2025,0,0,Desayuno,7,11,Jugo Natural,Bebidas,10,6.0,60.0,Presencial,No,Ninguna,0,Soleado,26,0,4,2,49,15
2025-03-24,Lunes,3,2025,0,0,Desayuno,7,11,Hamburguesa Clásica,Hamburguesas,12,12.0,144.0,Delivery,No,Ninguna,0,Soleado,26,0,4,8,34,14
2025-03-24,Lunes,3,2025,0,0,Almuerzo,12,16,Sándwich de Pollo,Sándwiches,18,11.0,198.0,Delivery,No,Ninguna,0,Soleado,26,0,7,7,42,38
2025-03-24,Lunes,3,2025,0,0,Almuerzo,12,16,Pollo Broaster,Pollos,26,18.0,468.0,Delivery,No,Ninguna,0,Soleado,26,0,7,12,31,32
2025-03-24,Lunes,3,2025,0,0,Almuerzo,12,16,Gaseosa,Bebidas,34,4.0,136.0,Presencial,No,Ninguna,0,Soleado,26,0,7,3,81,39
2025-03-24,Lunes,3,2025,0,0,Almuerzo,12,16,Pizza Familiar,Pizzas,11,32.0,352.0,Delivery,No,Ninguna,0,Soleado,26,0,7,17,41,41
2025-03-24,Lunes,3,2025,0,0,Cena,18,22,Hamburguesa BBQ,Hamburguesas,20,16.0,320.0,Web,No,Ninguna,0,Soleado,26,0,7,12,46,60
2025-03-24,Lunes,3,2025,0,0,Cena,18,22,Cheeseburger,Hamburguesas,15,14.0,210.0,Presencial,No,Ninguna,0,Soleado,26,0,7,11,28,56
2025-03-24,Lunes,3,2025,0,0,Cena,18,22,Salchipapa Clásica,Salchipapas,23,10.0,207.0,Presencial,Sí,Combo,10,Soleado,26,0,7,14,41,50
2025-03-24,Lunes,3,2025,0,0,Cena,18,22,Salchipapa Especial,Salchipapas,26,15.0,312.0,Delivery,Sí,2x1,20,Soleado,26,0,7,14,36,47
2025-03-24,Lunes,3,2025,0,0,Cena,18,22,Pizza Familiar,Pizzas,14,32.0,448.0,Web,No,Ninguna,0,Soleado,26,0,7,18,36,51
2025-03-25,Martes,3,2025,0,0,Desayuno,7,11,Gaseosa,Bebidas,19,4.0,68.4,Presencial,Sí,2x1,10,Nublado,19,0,3,4,70,23
2025-03-25,Martes,3,2025,0,0,Desayuno,7,11,Sándwich de Pollo,Sándwiches,9,11.0,99.0,Presencial,No,Ninguna,0,Nublado,19,0,3,7,40,24
2025-03-25,Martes,3,2025,0,0,Desayuno,7,11,Pizza Personal,Pizzas,8,13.0,104.0,Delivery,No,Ninguna,0,Nublado,19,0,3,22,13,18
2025-03-25,Martes,3,2025,0,0,Desayuno,7,11,Salchipapa Clásica,Salchipapas,7,10.0,70.0,Presencial,No,Ninguna,0,Nublado,19,0,3,14,34,20
2025-03-25,Martes,3,2025,0,0,Almuerzo,12,16,Pollo Broaster,Pollos,30,18.0,540.0,Presencial,No,Ninguna,0,Nublado,19,0,6,19,42,28
2025-03-25,Martes,3,2025,0,0,Almuerzo,12,16,Jugo Natural,Bebidas,27,6.0,162.0,Delivery,No,Ninguna,0,Nublado,19,0,6,5,67,28
2025-03-25,Martes,3,2025,0,0,Almuerzo,12,16,Salchipapa Clásica,Salchipapas,19,10.0,190.0,Presencial,No,Ninguna,0,Nublado,19,0,6,11,40,26
2025-03-25,Martes,3,2025,0,0,Almuerzo,12,16,Hamburguesa BBQ,Hamburguesas,18,16.0,288.0,Presencial,No,Ninguna,0,Nublado,19,0,6,10,33,32
2025-03-25,Martes,3,2025,0,0,Cena,18,22,Alitas BBQ,Pollos,19,20.0,380.0,Web,No,Ninguna,0,Nublado,19,0,5,15,42,60
2025-03-25,Martes,3,2025,0,0,Cena,18,22,Hamburguesa Clásica,Hamburguesas,14,12.0,168.0,Presencial,No,Ninguna,0,Nublado,19,0,5,8,33,50
2025-03-25,Martes,3,2025,0,0,Cena,18,22,Pizza Familiar,Pizzas,13,32.0,416.0,Delivery,No,Ninguna,0,Nublado,19,0,5,19,45,50
2025-03-25,Martes,3,2025,0,0,Cena,18,22,Pizza Personal,Pizzas,18,13.0,234.0,Presencial,No,Ninguna,0,Nublado,19,0,5,21,27,50
2025-03-25,Martes,3,2025,0,0,Cena,18,22,Salchipapa Clásica,Salchipapas,20,10.0,200.0,Web,No,Ninguna,0,Nublado,19,0,5,9,34,59
2025-03-26,Miércoles,3,2025,0,0,Desayuno,7,11,Sándwich de Pollo,Sándwiches,9,11.0,99.0,Presencial,No,Ninguna,0,Nublado,24,0,4,6,27,19
2025-03-26,Miércoles,3,2025,0,0,Desayuno,7,11,Jugo Natural,Bebidas,9,6.0,54.0,Presencial,No,Ninguna,0,Nublado,24,0,4,4,61,13
2025-03-26,Miércoles,3,2025,0,0,Desayuno,7,11,Gaseosa,Bebidas,8,4.0,28.8,Presencial,Sí,Combo,10,Nublado,24,0,4,2,47,24
2025-03-26,Miércoles,3,2025,0,0,Almuerzo,12,16,Sándwich de Pollo,Sándwiches,19,11.0,209.0,Delivery,No,Ninguna,0,Nublado,24,0,4,8,30,39
2025-03-26,Miércoles,3,2025,0,0,Almuerzo,12,16,Gaseosa,Bebidas,29,4.0,116.0,Delivery,No,Ninguna,0,Nublado,24,0,4,4,57,42
2025-03-26,Miércoles,3,2025,0,0,Almuerzo,12,16,Hamburguesa Clásica,Hamburguesas,28,12.0,336.0,Web,No,Ninguna,0,Nublado,24,0,4,12,56,33
2025-03-26,Miércoles,3,2025,0,0,Almuerzo,12,16,Jugo Natural,Bebidas,16,6.0,96.0,Presencial,No,Ninguna,0,Nublado,24,0,4,5,74,40
2025-03-26,Miércoles,3,2025,0,0,Almuerzo,12,16,Pollo Broaster,Pollos,34,18.0,612.0,Web,No,Ninguna,0,Nublado,24,0,4,12,65,44
2025-03-26,Miércoles,3,2025,0,0,Cena,18,22,Hamburguesa BBQ,Hamburguesas,16,16.0,256.0,Delivery,No,Ninguna,0,Nublado,24,0,8,12,36,51
2025-03-26,Miércoles,3,2025,0,0,Cena,18,22,Pollo Broaster,Pollos,23,18.0,414.0,Presencial,No,Ninguna,0,Nublado,24,0,8,16,40,59
2025-03-26,Miércoles,3,2025,0,0,Cena,18,22,Pizza Familiar,Pizzas,14,32.0,448.0,Presencial,No,Ninguna,0,Nublado,24,0,8,25,27,55
2025-03-26,Miércoles,3,2025,0,0,Cena,18,22,Alitas BBQ,Pollos,19,20.0,342.0,Web,Sí,Descuento,10,Nublado,24,0,8,13,47,57
2025-03-27,Jueves,3,2025,0,0,Desayuno,7,11,Gaseosa,Bebidas,24,4.0,81.6,Presencial,Sí,Combo,15,Soleado,25,0,3,4,46,13
2025-03-27,Jueves,3,2025,0,0,Desayuno,7,11,Hamburguesa Clásica,Hamburguesas,11,12.0,132.0,Presencial,No,Ninguna,0,Soleado,25,0,3,14,44,14
2025-03-27,Jueves,3,2025,0,0,Desayuno,7,11,Jugo Natural,Bebidas,6,6.0,36.0,Presencial,No,Ninguna,0,Soleado,25,0,3,5,33,20
2025-03-27,Jueves,3,2025,0,0,Desayuno,7,11,Sándwich de Pollo,Sándwiches,9,11.0,99.0,Delivery,No,Ninguna,0,Soleado,25,0,3,10,18,10
2025-03-27,Jueves,3,2025,0,0,Almuerzo,12,16,Gaseosa,Bebidas,43,4.0,172.0,Web,No,Ninguna,0,Soleado,25,0,4,2,89,31
2025-03-27,Jueves,3,2025,0,0,Almuerzo,12,16,Pollo Broaster,Pollos,34,18.0,612.0,Presencial,No,Ninguna,0,Soleado,25,0,4,15,63,34
2025-03-27,Jueves,3,2025,0,0,Almuerzo,12,16,Hamburguesa Clásica,Hamburguesas,28,12.0,336.0,Presencial,No,Ninguna,0,Soleado,25,0,4,11,54,28
2025-03-27,Jueves,3,2025,0,0,Cena,18,22,Hamburguesa BBQ,Hamburguesas,26,16.0,374.4,Delivery,Sí,Descuento,10,Soleado,25,0,5,11,57,63
2025-03-27,Jueves,3,2025,0,0,Cena,18,22,Pizza Personal,Pizzas,22,13.0,286.0,Delivery,No,Ninguna,0,Soleado,25,0,5,20,52,51
2025-03-27,Jueves,3,2025,0,0,Cena,18,22,Alitas BBQ,Pollos,24,20.0,480.0,Presencial,No,Ninguna,0,Soleado,25,0,5,17,35,43
2025-03-27,Jueves,3,2025,0,0,Cena,18,22,Salchipapa Especial,Salchipapas,36,15.0,432.0,Delivery,Sí,Descuento,20,Soleado,25,0,5,15,65,60
2025-03-27,Jueves,3,2025,0,0,Cena,18,22,Hamburguesa Clásica,Hamburguesas,32,12.0,345.6,Presencial,Sí,Combo,10,Soleado,25,0,5,8,37,50
2025-03-28,Viernes,3,2025,0,0,Desayuno,7,11,Cheeseburger,Hamburguesas,10,14.0,140.0,Presencial,No,Ninguna,0,Soleado,26,0,3,12,31,21
2025-03-28,Viernes,3,2025,0,0,Desayuno,7,11,Gaseosa,Bebidas,15,4.0,60.0,Presencial,No,Ninguna,0,Soleado,26,0,3,5,62,11
2025-03-28,Viernes,3,2025,0,0,Desayuno,7,11,Sándwich de Pollo,Sándwiches,9,11.0,99.0,Presencial,No,Ninguna,0,Soleado,26,0,3,6,26,19
2025-03-28,Viernes,3,2025,0,0,Desayuno,7,11,Salchipapa Clásica,Salchipapas,12,10.0,108.0,Presencial,Sí,Descuento,10,Soleado,26,0,3,9,35,27
2025-03-28,Viernes,3,2025,0,0,Desayuno,7,11,Jugo Natural,Bebidas,12,6.0,72.0,Presencial,No,Ninguna,0,Soleado,26,0,3,2,48,10
2025-03-28,Viernes,3,2025,0,0,Almuerzo,12,16,Hamburguesa Clásica,Hamburguesas,34,12.0,408.0,Presencial,No,Ninguna,0,Soleado,26,0,7,9,56,36
2025-03-28,Viernes,3,2025,0,0,Almuerzo,12,16,Hamburguesa BBQ,Hamburguesas,30,16.0,480.0,Web,No,Ninguna,0,Soleado,26,0,7,8,60,29
2025-03-28,Viernes,3,2025,0,0,Almuerzo,12,16,Salchipapa Especial,Salchipapas,25,15.0,375.0,Presencial,No,Ninguna,0,Soleado,26,0,7,12,54,36
2025-03-28,Viernes,3,2025,0,0,Almuerzo,12,16,Pizza Familiar,Pizzas,17,32.0,544.0,Presencial,No,Ninguna,0,Soleado,26,0,7,17,43,25
2025-03-28,Viernes,3,2025,0,0,Cena,18,22,Pizza Familiar,Pizzas,21,32.0,672.0,Delivery,No,Ninguna,0,Soleado,26,0,6,15,47,56
2025-03-28,Viernes,3,2025,0,0,Cena,18,22,Cheeseburger,Hamburguesas,21,14.0,294.0,Web,No,Ninguna,0,Soleado,26,0,6,13,41,52
2025-03-28,Viernes,3,2025,0,0,Cena,18,22,Pizza Personal,Pizzas,18,13.0,234.0,Delivery,No,Ninguna,0,Soleado,26,0,6,19,43,59
2025-03-28,Viernes,3,2025,0,0,Cena,18,22,Alitas BBQ,Pollos,20,20.0,400.0,Presencial,No,Ninguna,0,Soleado,26,0,6,12,34,52
2025-03-28,Viernes,3,2025,0,0,Cena,18,22,Gaseosa,Bebidas,50,4.0,160.0,Presencial,Sí,2x1,20,Soleado,26,0,6,5,110,44
2025-03-29,Sábado,3,2025,1,0,Desayuno,7,11,Cheeseburger,Hamburguesas,16,14.0,179.2,Web,Sí,2x1,20,Lluvioso,22,1,3,11,35,39
2025-03-29,Sábado,3,2025,1,0,Desayuno,7,11,Jugo Natural,Bebidas,20,6.0,120.0,Web,No,Ninguna,0,Lluvioso,22,1,3,3,59,43
2025-03-29,Sábado,3,2025,1,0,Desayuno,7,11,Gaseosa,Bebidas,25,4.0,100.0,Presencial,No,Ninguna,0,Lluvioso,22,1,3,4,52,32
2025-03-29,Sábado,3,2025,1,0,Desayuno,7,11,Sándwich de Pollo,Sándwiches,12,11.0,118.8,Presencial,Sí,2x1,10,Lluvioso,22,1,3,6,42,47
2025-03-29,Sábado,3,2025,1,0,Almuerzo,12,16,Hamburguesa Clásica,Hamburguesas,44,12.0,528.0,Web,No,Ninguna,0,Lluvioso,22,1,8,10,73,49
2025-03-29,Sábado,3,2025,1,0,Almuerzo,12,16,Cheeseburger,Hamburguesas,41,14.0,487.9,Delivery,Sí,Descuento,15,Lluvioso,22,1,8,11,73,58
2025-03-29,Sábado,3,2025,1,0,Almuerzo,12,16,Salchipapa Especial,Salchipapas,37,15.0,555.0,Delivery,No,Ninguna,0,Lluvioso,22,1,8,11,57,61
2025-03-29,Sábado,3,2025,1,0,Almuerzo,12,16,Hamburguesa BBQ,Hamburguesas,33,16.0,448.8,Delivery,Sí,Descuento,15,Lluvioso,22,1,8,10,50,67
2025-03-29,Sábado,3,2025,1,0,Almuerzo,12,16,Gaseosa,Bebidas,69,4.0,234.6,Web,Sí,Combo,15,Lluvioso,22,1,8,4,126,61
2025-03-29,Sábado,3,2025,1,0,Cena,18,22,Alitas BBQ,Pollos,34,20.0,680.0,Delivery,No,Ninguna,0,Lluvioso,22,1,6,12,44,86
2025-03-29,Sábado,3,2025,1,0,Cena,18,22,Salchipapa Clásica,Salchipapas,25,10.0,250.0,Delivery,No,Ninguna,0,Lluvioso,22,1,6,12,53,68
2025-03-29,Sábado,3,2025,1,0,Cena,18,22,Cheeseburger,Hamburguesas,16,14.0,224.0,Presencial,No,Ninguna,0,Lluvioso,22,1,6,10,33,67
2025-03-29,Sábado,3,2025,1,0,Cena,18,22,Hamburguesa Clásica,Hamburguesas,33,12.0,297.0,Delivery,Sí,Combo,25,Lluvioso,22,1,6,11,66,66
2025-03-29,Sábado,3,2025,1,0,Cena,18,22,Pizza Familiar,Pizzas,20,32.0,640.0,Web,No,Ninguna,0,Lluvioso,22,1,6,23,31,78
2025-03-30,Domingo,3,2025,1,0,Desayuno,7,11,Hamburguesa Clásica,Hamburguesas,15,12.0,180.0,Presencial,No,Ninguna,0,Soleado,30,0,3,8,25,21
2025-03-30,Domingo,3,2025,1,0,Desayuno,7,11,Gaseosa,Bebidas,23,4.0,92.0,Presencial,No,Ninguna,0,Soleado,30,0,3,5,66,34
2025-03-30,Domingo,3,2025,1,0,Desayuno,7,11,Sándwich de Pollo,Sándwiches,6,11.0,66.0,Web,No,Ninguna,0,Soleado,30,0,3,9,33,28
2025-03-30,Domingo,3,2025,1,0,Desayuno,7,11,Cheeseburger,Hamburguesas,10,14.0,140.0,Presencial,No,Ninguna,0,Soleado,30,0,3,8,24,25
2025-03-30,Domingo,3,2025,1,0,Almuerzo,12,16,Salchipapa Clásica,Salchipapas,32,10.0,256.0,Presencial,Sí,Descuento,20,Soleado,30,0,6,14,65,48
2025-03-30,Domingo,3,2025,1,0,Almuerzo,12,16,Gaseosa,Bebidas,47,4.0,188.0,Presencial,No,Ninguna,0,Soleado,30,0,6,5,81,34
2025-03-30,Domingo,3,2025,1,0,Almuerzo,12,16,Pizza Familiar,Pizzas,24,32.0,768.0,Presencial,No,Ninguna,0,Soleado,30,0,6,17,58,44
2025-03-30,Domingo,3,2025,1,0,Almuerzo,12,16,Pollo Broaster,Pollos,38,18.0,581.4,Presencial,Sí,Descuento,15,Soleado,30,0,6,15,64,41
2025-03-30,Domingo,3,2025,1,0,Almuerzo,12,16,Pizza Personal,Pizzas,36,13.0,468.0,Presencial,No,Ninguna,0,Soleado,30,0,6,17,70,41
2025-03-30,Domingo,3,2025,1,0,Almuerzo,12,16,Jugo Natural,Bebidas,31,6.0,186.0,Presencial,No,Ninguna,0,Soleado,30,0,6,2,65,44
2025-03-30,Domingo,3,2025,1,0,Cena,18,22,Pizza Personal,Pizzas,28,13.0,327.6,Presencial,Sí,Descuento,10,Soleado,30,0,9,21,33,62
2025-03-30,Domingo,3,2025,1,0,Cena,18,22,Cheeseburger,Hamburguesas,23,14.0,322.0,Delivery,No,Ninguna,0,Soleado,30,0,9,9,46,60
2025-03-30,Domingo,3,2025,1,0,Cena,18,22,Hamburguesa BBQ,Hamburguesas,22,16.0,352.0,Presencial,No,Ninguna,0,Soleado,30,0,9,10,53,68
2025-03-30,Domingo,3,2025,1,0,Cena,18,22,Salchipapa Especial,Salchipapas,31,15.0,465.0,Presencial,No,Ninguna,0,Soleado,30,0,9,8,41,49
2025-03-31,Lunes,3,2025,0,0,Desayuno,7,11,Cheeseburger,Hamburguesas,9,14.0,126.0,Delivery,No,Ninguna,0,Nublado,22,0,3,14,36,23
2025-03-31,Lunes,3,2025,0,0,Desayuno,7,11,Gaseosa,Bebidas,14,4.0,56.0,Delivery,No,Ninguna,0,Nublado,22,0,3,5,34,13
2025-03-31,Lunes,3,2025,0,0,Desayuno,7,11,Hamburguesa BBQ,Hamburguesas,8,16.0,128.0,Presencial,No,Ninguna,0,Nublado,22,0,3,11,25,12
2025-03-31,Lunes,3,2025,0,0,Desayuno,7,11,Sándwich de Pollo,Sándwiches,6,11.0,66.0,Presencial,No,Ninguna,0,Nublado,22,0,3,8,18,19
2025-03-31,Lunes,3,2025,0,0,Desayuno,7,11,Hamburguesa Clásica,Hamburguesas,17,12.0,173.4,Presencial,Sí,Combo,15,Nublado,22,0,3,14,34,28
2025-03-31,Lunes,3,2025,0,0,Almuerzo,12,16,Pizza Familiar,Pizzas,18,32.0,576.0,Web,No,Ninguna,0,Nublado,22,0,7,21,32,27
2025-03-31,Lunes,3,2025,0,0,Almuerzo,12,16,Pollo Broaster,Pollos,29,18.0,522.0,Presencial,No,Ninguna,0,Nublado,22,0,7,12,58,36
2025-03-31,Lunes,3,2025,0,0,Almuerzo,12,16,Alitas BBQ,Pollos,21,20.0,420.0,Presencial,No,Ninguna,0,Nublado,22,0,7,18,53,27
2025-03-31,Lunes,3,2025,0,0,Almuerzo,12,16,Sándwich de Pollo,Sándwiches,15,11.0,123.75,Presencial,Sí,Descuento,25,Nublado,22,0,7,11,42,34
2025-03-31,Lunes,3,2025,0,0,Cena,18,22,Jugo Natural,Bebidas,11,6.0,66.0,Web,No,Ninguna,0,Nublado,22,0,8,3,32,65
2025-03-31,Lunes,3,2025,0,0,Cena,18,22,Cheeseburger,Hamburguesas,13,14.0,182.0,Delivery,No,Ninguna,0,Nublado,22,0,8,13,35,51
2025-03-31,Lunes,3,2025,0,0,Cena,18,22,Hamburguesa BBQ,Hamburguesas,16,16.0,256.0,Web,No,Ninguna,0,Nublado,22,0,8,10,47,46
2025-03-31,Lunes,3,2025,0,0,Cena,18,22,Pizza Familiar,Pizzas,11,32.0,352.0,Presencial,No,Ninguna,0,Nublado,22,0,8,16,42,57
2025-03-31,Lunes,3,2025,0,0,Cena,18,22,Gaseosa,Bebidas,26,4.0,104.0,Web,No,Ninguna,0,Nublado,22,0,8,5,53,54
2025-04-01,Martes,4,2025,0,0,Desayuno,7,11,Jugo Natural,Bebidas,9,6.0,54.0,Presencial,No,Ninguna,0,Nublado,18,0,4,2,32,12
2025-04-01,Martes,4,2025,0,0,Desayuno,7,11,Gaseosa,Bebidas,13,4.0,52.0,Delivery,No,Ninguna,0,Nublado,18,0,4,2,53,17
2025-04-01,Martes,4,2025,0,0,Desayuno,7,11,Salchipapa Especial,Salchipapas,11,15.0,165.0,Presencial,No,Ninguna,0,Nublado,18,0,4,15,28,19
2025-04-01,Martes,4,2025,0,0,Desayuno,7,11,Pizza Familiar,Pizzas,7,32.0,224.0,Presencial,No,Ninguna,0,Nublado,18,0,4,22,15,22
2025-04-01,Martes,4,2025,0,0,Almuerzo,12,16,Pizza Personal,Pizzas,17,13.0,165.75,Presencial,Sí,2x1,25,Nublado,18,0,7,21,52,53
2025-04-01,Martes,4,2025,0,0,Almuerzo,12,16,Hamburguesa BBQ,Hamburguesas,14,16.0,224.0,Delivery,No,Ninguna,0,Nublado,18,0,7,11,45,34
2025-04-01,Martes,4,2025,0,0,Almuerzo,12,16,Gaseosa,Bebidas,47,4.0,188.0,Presencial,No,Ninguna,0,Nublado,18,0,7,3,75,30
2025-04-01,Martes,4,2025,0,0,Almuerzo,12,16,Pizza Familiar,Pizzas,12,32.0,384.0,Presencial,No,Ninguna,0,Nublado,18,0,7,16,35,30
2025-04-01,Martes,4,2025,0,0,Almuerzo,12,16,Hamburguesa Clásica,Hamburguesas,20,12.0,240.0,Presencial,No,Ninguna,0,Nublado,18,0,7,8,49,41
2025-04-01,Martes,4,2025,0,0,Cena,18,22,Pizza Familiar,Pizzas,13,32.0,416.0,Delivery,No,Ninguna,0,Nublado,18,0,8,22,43,53
2025-04-01,Martes,4,2025,0,0,Cena,18,22,Salchipapa Especial,Salchipapas,27,15.0,405.0,Presencial,No,Ninguna,0,Nublado,18,0,8,12,53,42
2025-04-01,Martes,4,2025,0,0,Cena,18,22,Gaseosa,Bebidas,28,4.0,112.0,Web,No,Ninguna,0,Nublado,18,0,8,5,86,42
2025-04-02,Miércoles,4,2025,0,0,Desayuno,7,11,Cheeseburger,Hamburguesas,7,14.0,98.0,Presencial,No,Ninguna,0,Soleado,23,0,2,13,32,16
2025-04-02,Miércoles,4,2025,0,0,Desayuno,7,11,Gaseosa,Bebidas,19,4.0,76.0,Presencial,No,Ninguna,0,Soleado,23,0,2,3,43,22
2025-04-02,Miércoles,4,2025,0,0,Desayuno,7,11,Jugo Natural,Bebidas,8,6.0,48.0,Presencial,No,Ninguna,0,Soleado,23,0,2,5,64,11
2025-04-02,Miércoles,4,2025,0,0,Almuerzo,12,16,Hamburguesa BBQ,Hamburguesas,16,16.0,256.0,Web,No,Ninguna,0,Soleado,23,0,4,13,50,34
2025-04-02,Miércoles,4,2025,0,0,Almuerzo,12,16,Salchipapa Especial,Salchipapas,28,15.0,420.0,Presencial,No,Ninguna,0,Soleado,23,0,4,14,46,30
2025-04-02,Miércoles,4,2025,0,0,Almuerzo,12,16,Pollo Broaster,Pollos,41,18.0,738.0,Delivery,No,Ninguna,0,Soleado,23,0,4,13,71,40
2025-04-02,Miércoles,4,2025,0,0,Almuerzo,12,16,Hamburguesa Clásica,Hamburguesas,21,12.0,252.0,Presencial,No,Ninguna,0,Soleado,23,0,4,8,30,37
2025-04-02,Miércoles,4,2025,0,0,Cena,18,22,Pollo Broaster,Pollos,31,18.0,558.0,Delivery,No,Ninguna,0,Soleado,23,0,7,18,47,59
2025-04-02,Miércoles,4,2025,0,0,Cena,18,22,Hamburguesa Clásica,Hamburguesas,14,12.0,168.0,Presencial,No,Ninguna,0,Soleado,23,0,7,13,24,61
2025-04-02,Miércoles,4,2025,0,0,Cena,18,22,Salchipapa Especial,Salchipapas,23,15.0,345.0,Web,No,Ninguna,0,Soleado,23,0,7,8,32,44
2025-04-02,Miércoles,4,2025,0,0,Cena,18,22,Sándwich de Pollo,Sándwiches,19,11.0,167.2,Delivery,Sí,Descuento,20,Soleado,23,0,7,10,32,48
2025-04-03,Jueves,4,2025,0,0,Desayuno,7,11,Gaseosa,Bebidas,20,4.0,80.0,Presencial,No,Ninguna,0,Nublado,19,0,2,4,48,24
2025-04-03,Jueves,4,2025,0,0,Desayuno,7,11,Sándwich de Pollo,Sándwiches,9,11.0,99.0,Presencial,No,Ninguna,0,Nublado,19,0,2,8,26,19
2025-04-03,Jueves,4,2025,0,0,Desayuno,7,11,Jugo Natural,Bebidas,12,6.0,72.0,Presencial,No,Ninguna,0,Nublado,19,0,2,2,41,22
2025-04-03,Jueves,4,2025,0,0,Desayuno,7,11,Cheeseburger,Hamburguesas,7,14.0,98.0,Presencial,No,Ninguna,0,Nublado,19,0,2,8,41,17
2025-04-03,Jueves,4,2025,0,0,Desayuno,7,11,Pollo Broaster,Pollos,11,18.0,198.0,Delivery,No,Ninguna,0,Nublado,19,0,2,12,33,25
2025-04-03,Jueves,4,2025,0,0,Desayuno,7,11,Alitas BBQ,Pollos,14,20.0,280.0,Presencial,No,Ninguna,0,Nublado,19,0,2,17,40,22
2025-04-03,Jueves,4,2025,0,0,Almuerzo,12,16,Pollo Broaster,Pollos,28,18.0,504.0,Presencial,No,Ninguna,0,Nublado,19,0,5,13,45,26
2025-04-03,Jueves,4,2025,0,0,Almuerzo,12,16,Salchipapa Especial,Salchipapas,29,15.0,435.0,Delivery,No,Ninguna,0,Nublado,19,0,5,11,34,40
2025-04-03,Jueves,4,2025,0,0,Almuerzo,12,16,Hamburguesa BBQ,Hamburguesas,23,16.0,368.0,Presencial,No,Ninguna,0,Nublado,19,0,5,14,39,26
2025-04-03,Jueves,4,2025,0,0,Cena,18,22,Pollo Broaster,Pollos,27,18.0,486.0,Web,No,Ninguna,0,Nublado,19,0,6,20,44,55
2025-04-03,Jueves,4,2025,0,0,Cena,18,22,Pizza Familiar,Pizzas,13,32.0,416.0,Presencial,No,Ninguna,0,Nublado,19,0,6,25,36,63
2025-04-03,Jueves,4,2025,0,0,Cena,18,22,Gaseosa,Bebidas,34,4.0,136.0,Web,No,Ninguna,0,Nublado,19,0,6,3,65,58
2025-04-03,Jueves,4,2025,0,0,Cena,18,22,Salchipapa Clásica,Salchipapas,16,10.0,160.0,Web,No,Ninguna,0,Nublado,19,0,6,9,48,62
2025-04-04,Viernes,4,2025,0,0,Desayuno,7,11,Sándwich de Pollo,Sándwiches,11,11.0,121.0,Presencial,No,Ninguna,0,Soleado,25,0,4,8,38,16
2025-04-04,Viernes,4,2025,0,0,Desayuno,7,11,Pollo Broaster,Pollos,19,18.0,342.0,Presencial,No,Ninguna,0,Soleado,25,0,4,17,36,19
2025-04-04,Viernes,4,2025,0,0,Desayuno,7,11,Gaseosa,Bebidas,15,4.0,60.0,Presencial,No,Ninguna,0,Soleado,25,0,4,2,65,21
2025-04-04,Viernes,4,2025,0,0,Desayuno,7,11,Jugo Natural,Bebidas,10,6.0,60.0,Delivery,No,Ninguna,0,Soleado,25,0,4,4,53,24
2025-04-04,Viernes,4,2025,0,0,Desayuno,7,11,Salchipapa Clásica,Salchipapas,11,10.0,110.0,Web,No,Ninguna,0,Soleado,25,0,4,14,27,14
2025-04-04,Viernes,4,2025,0,0,Almuerzo,12,16,Salchipapa Especial,Salchipapas,32,15.0,480.0,Presencial,No,Ninguna,0,Soleado,25,0,7,9,65,43
2025-04-04,Viernes,4,2025,0,0,Almuerzo,12,16,Hamburguesa Clásica,Hamburguesas,43,12.0,516.0,Delivery,No,Ninguna,0,Soleado,25,0,7,9,70,27
2025-04-04,Viernes,4,2025,0,0,Almuerzo,12,16,Salchipapa Clásica,Salchipapas,27,10.0,270.0,Presencial,No,Ninguna,0,Soleado,25,0,7,8,36,27
2025-04-04,Viernes,4,2025,0,0,Almuerzo,12,16,Hamburguesa BBQ,Hamburguesas,30,16.0,480.0,Presencial,No,Ninguna,0,Soleado,25,0,7,8,35,34
2025-04-04,Viernes,4,2025,0,0,Almuerzo,12,16,Pollo Broaster,Pollos,52,18.0,936.0,Presencial,No,Ninguna,0,Soleado,25,0,7,15,74,25
2025-04-04,Viernes,4,2025,0,0,Cena,18,22,Salchipapa Clásica,Salchipapas,25,10.0,250.0,Web,No,Ninguna,0,Soleado,25,0,4,15,56,62
2025-04-04,Viernes,4,2025,0,0,Cena,18,22,Pizza Personal,Pizzas,15,13.0,195.0,Delivery,No,Ninguna,0,Soleado,25,0,4,22,46,47
2025-04-04,Viernes,4,2025,0,0,Cena,18,22,Hamburguesa Clásica,Hamburguesas,25,12.0,300.0,Web,No,Ninguna,0,Soleado,25,0,4,11,51,54
2025-04-04,Viernes,4,2025,0,0,Cena,18,22,Gaseosa,Bebidas,39,4.0,156.0,Delivery,No,Ninguna,0,Soleado,25,0,4,5,93,40
2025-04-04,Viernes,4,2025,0,0,Cena,18,22,Hamburguesa BBQ,Hamburguesas,24,16.0,384.0,Delivery,No,Ninguna,0,Soleado,25,0,4,14,40,45
2025-04-05,Sábado,4,2025,1,0,Desayuno,7,11,Hamburguesa Clásica,Hamburguesas,12,12.0,144.0,Presencial,No,Ninguna,0,Soleado,26,0,3,10,42,33
2025-04-05,Sábado,4,2025,1,0,Desayuno,7,11,Gaseosa,Bebidas,19,4.0,76.0,Presencial,No,Ninguna,0,Soleado,26,0,3,4,50,27
2025-04-05,Sábado,4,2025,1,0,Desayuno,7,11,Sándwich de Pollo,Sándwiches,15,11.0,132.0,Presencial,Sí,Combo,20,Soleado,26,0,3,6,34,26
2025-04-05,Sábado,4,2025,1,0,Desayuno,7,11,Salchipapa Especial,Salchipapas,13,15.0,146.25,Presencial,Sí,Combo,25,Soleado,26,0,3,14,27,30
2025-04-05,Sábado,4,2025,1,0,Desayuno,7,11,Jugo Natural,Bebidas,16,6.0,96.0,Presencial,No,Ninguna,0,Soleado,26,0,3,4,47,31
2025-04-05,Sábado,4,2025,1,0,Almuerzo,12,16,Gaseosa,Bebidas,40,4.0,160.0,Presencial,No,Ninguna,0,Soleado,26,0,5,2,100,47
2025-04-05,Sábado,4,2025,1,0,Almuerzo,12,16,Salchipapa Clásica,Salchipapas,38,10.0,342.0,Web,Sí,Descuento,10,Soleado,26,0,5,15,51,45
2025-04-05,Sábado,4,2025,1,0,Almuerzo,12,16,Hamburguesa Clásica,Hamburguesas,39,12.0,468.0,Delivery,No,Ninguna,0,Soleado,26,0,5,14,72,41
2025-04-05,Sábado,4,2025,1,0,Almuerzo,12,16,Hamburguesa BBQ,Hamburguesas,27,16.0,432.0,Delivery,No,Ninguna,0,Soleado,26,0,5,13,51,45
2025-04-05,Sábado,4,2025,1,0,Cena,18,22,Pizza Familiar,Pizzas,21,32.0,672.0,Presencial,No,Ninguna,0,Soleado,26,0,5,21,28,68
2025-04-05,Sábado,4,2025,1,0,Cena,18,22,Alitas BBQ,Pollos,34,20.0,680.0,Presencial,No,Ninguna,0,Soleado,26,0,5,16,44,63
2025-04-05,Sábado,4,2025,1,0,Cena,18,22,Salchipapa Especial,Salchipapas,28,15.0,420.0,Web,No,Ninguna,0,Soleado,26,0,5,14,55,51
2025-04-06,Domingo,4,2025,1,0,Desayuno,7,11,Salchipapa Clásica,Salchipapas,9,10.0,90.0,Presencial,No,Ninguna,0,Lluvioso,21,1,4,13,43,37
2025-04-06,Domingo,4,2025,1,0,Desayuno,7,11,Jugo Natural,Bebidas,14,6.0,84.0,Presencial,No,Ninguna,0,Lluvioso,21,1,4,4,41,31
2025-04-06,Domingo,4,2025,1,0,Desayuno,7,11,Sándwich de Pollo,Sándwiches,13,11.0,107.25,Presencial,Sí,Combo,25,Lluvioso,21,1,4,7,39,40
2025-04-06,Domingo,4,2025,1,0,Desayuno,7,11,Hamburguesa Clásica,Hamburguesas,13,12.0,156.0,Presencial,No,Ninguna,0,Lluvioso,21,1,4,12,33,52
2025-04-06,Domingo,4,2025,1,0,Desayuno,7,11,Pollo Broaster,Pollos,24,18.0,432.0,Delivery,No,Ninguna,0,Lluvioso,21,1,4,18,39,37
2025-04-06,Domingo,4,2025,1,0,Almuerzo,12,16,Jugo Natural,Bebidas,34,6.0,163.2,Delivery,Sí,Combo,20,Lluvioso,21,1,6,4,49,69
2025-04-06,Domingo,4,2025,1,0,Almuerzo,12,16,Salchipapa Especial,Salchipapas,32,15.0,480.0,Delivery,No,Ninguna,0,Lluvioso,21,1,6,11,49,68
2025-04-06,Domingo,4,2025,1,0,Almuerzo,12,16,Hamburguesa Clásica,Hamburguesas,23,12.0,276.0,Presencial,No,Ninguna,0,Lluvioso,21,1,6,12,43,53
2025-04-06,Domingo,4,2025,1,0,Almuerzo,12,16,Hamburguesa BBQ,Hamburguesas,34,16.0,462.4,Presencial,Sí,2x1,15,Lluvioso,21,1,6,13,49,48
2025-04-06,Domingo,4,2025,1,0,Cena,18,22,Cheeseburger,Hamburguesas,26,14.0,327.6,Web,Sí,Descuento,10,Lluvioso,21,1,7,8,53,82
2025-04-06,Domingo,4,2025,1,0,Cena,18,22,Gaseosa,Bebidas,22,4.0,88.0,Web,No,Ninguna,0,Lluvioso,21,1,7,4,39,72
2025-04-06,Domingo,4,2025,1,0,Cena,18,22,Salchipapa Especial,Salchipapas,29,15.0,435.0,Delivery,No,Ninguna,0,Lluvioso,21,1,7,12,52,77
2025-04-06,Domingo,4,2025,1,0,Cena,18,22,Hamburguesa Clásica,Hamburguesas,25,12.0,300.0,Delivery,No,Ninguna,0,Lluvioso,21,1,7,10,43,67
2025-04-07,Lunes,4,2025,0,0,Desayuno,7,11,Sándwich de Pollo,Sándwiches,8,11.0,88.0,Presencial,No,Ninguna,0,Lluvioso,17,1,2,6,16,25
2025-04-07,Lunes,4,2025,0,0,Desayuno,7,11,Gaseosa,Bebidas,8,4.0,32.0,Delivery,No,Ninguna,0,Lluvioso,17,1,2,4,27,33
2025-04-07,Lunes,4,2025,0,0,Desayuno,7,11,Pollo Broaster,Pollos,16,18.0,259.2,Presencial,Sí,2x1,10,Lluvioso,17,1,2,18,42,47
2025-04-07,Lunes,4,2025,0,0,Desayuno,7,11,Hamburguesa Clásica,Hamburguesas,12,12.0,122.4,Delivery,Sí,Combo,15,Lluvioso,17,1,2,13,47,32
2025-04-07,Lunes,4,2025,0,0,Desayuno,7,11,Pizza Personal,Pizzas,8,13.0,104.0,Presencial,No,Ninguna,0,Lluvioso,17,1,2,19,23,34
2025-04-07,Lunes,4,2025,0,0,Almuerzo,12,16,Hamburguesa BBQ,Hamburguesas,14,16.0,224.0,Presencial,No,Ninguna,0,Lluvioso,17,1,5,11,40,35
2025-04-07,Lunes,4,2025,0,0,Almuerzo,12,16,Hamburguesa Clásica,Hamburguesas,28,12.0,336.0,Presencial,No,Ninguna,0,Lluvioso,17,1,5,13,53,42
2025-04-07,Lunes,4,2025,0,0,Almuerzo,12,16,Pizza Personal,Pizzas,18,13.0,234.0,Delivery,No,Ninguna,0,Lluvioso,17,1,5,15,26,40
2025-04-07,Lunes,4,2025,0,0,Almuerzo,12,16,Pizza Familiar,Pizzas,14,32.0,380.8,Delivery,Sí,2x1,15,Lluvioso,17,1,5,25,28,50
2025-04-07,Lunes,4,2025,0,0,Almuerzo,12,16,Alitas BBQ,Pollos,25,20.0,375.0,Delivery,Sí,Combo,25,Lluvioso,17,1,5,15,50,61
2025-04-07,Lunes,4,2025,0,0,Cena,18,22,Hamburguesa BBQ,Hamburguesas,15,16.0,240.0,Delivery,No,Ninguna,0,Lluvioso,17,1,5,12,48,65
2025-04-07,Lunes,4,2025,0,0,Cena,18,22,Salchipapa Clásica,Salchipapas,14,10.0,140.0,Delivery,No,Ninguna,0,Lluvioso,17,1,5,8,37,70
2025-04-07,Lunes,4,2025,0,0,Cena,18,22,Hamburguesa Clásica,Hamburguesas,19,12.0,228.0,Presencial,No,Ninguna,0,Lluvioso,17,1,5,12,27,62
2025-04-07,Lunes,4,2025,0,0,Cena,18,22,Pizza Familiar,Pizzas,16,32.0,512.0,Delivery,No,Ninguna,0,Lluvioso,17,1,5,19,22,60
2025-04-07,Lunes,4,2025,0,0,Cena,18,22,Alitas BBQ,Pollos,20,20.0,300.0,Delivery,Sí,Descuento,25,Lluvioso,17,1,5,16,44,68
2025-04-08,Martes,4,2025,0,0,Desayuno,7,11,Pollo Broaster,Pollos,10,18.0,180.0,Presencial,No,Ninguna,0,Lluvioso,19,1,2,16,15,29
2025-04-08,Martes,4,2025,0,0,Desayuno,7,11,Hamburguesa Clásica,Hamburguesas,7,12.0,84.0,Presencial,No,Ninguna,0,Lluvioso,19,1,2,10,17,31
2025-04-08,Martes,4,2025,0,0,Desayuno,7,11,Salchipapa Especial,Salchipapas,14,15.0,189.0,Presencial,Sí,Combo,10,Lluvioso,19,1,2,10,24,44
2025-04-08,Martes,4,2025,0,0,Desayuno,7,11,Jugo Natural,Bebidas,10,6.0,48.0,Delivery,Sí,Descuento,20,Lluvioso,19,1,2,5,38,38
2025-04-08,Martes,4,2025,0,0,Desayuno,7,11,Gaseosa,Bebidas,13,4.0,52.0,Presencial,No,Ninguna,0,Lluvioso,19,1,2,3,52,34
2025-04-08,Martes,4,2025,0,0,Almuerzo,12,16,Gaseosa,Bebidas,34,4.0,136.0,Delivery,No,Ninguna,0,Lluvioso,19,1,6,4,69,48
2025-04-08,Martes,4,2025,0,0,Almuerzo,12,16,Salchipapa Clásica,Salchipapas,21,10.0,210.0,Delivery,No,Ninguna,0,Lluvioso,19,1,6,12,33,63
2025-04-08,Martes,4,2025,0,0,Almuerzo,12,16,Hamburguesa BBQ,Hamburguesas,21,16.0,336.0,Presencial,No,Ninguna,0,Lluvioso,19,1,6,9,26,40
2025-04-08,Martes,4,2025,0,0,Almuerzo,12,16,Salchipapa Especial,Salchipapas,27,15.0,405.0,Delivery,No,Ninguna,0,Lluvioso,19,1,6,12,52,55
2025-04-08,Martes,4,2025,0,0,Almuerzo,12,16,Sándwich de Pollo,Sándwiches,15,11.0,165.0,Delivery,No,Ninguna,0,Lluvioso,19,1,6,11,21,48
2025-04-08,Martes,4,2025,0,0,Cena,18,22,Hamburguesa Clásica,Hamburguesas,31,12.0,372.0,Web,No,Ninguna,0,Lluvioso,19,1,8,8,63,58
2025-04-08,Martes,4,2025,0,0,Cena,18,22,Salchipapa Especial,Salchipapas,22,15.0,330.0,Delivery,No,Ninguna,0,Lluvioso,19,1,8,13,55,73
2025-04-08,Martes,4,2025,0,0,Cena,18,22,Hamburguesa BBQ,Hamburguesas,19,16.0,304.0,Web,No,Ninguna,0,Lluvioso,19,1,8,11,25,72
2025-04-08,Martes,4,2025,0,0,Cena,18,22,Gaseosa,Bebidas,32,4.0,128.0,Delivery,No,Ninguna,0,Lluvioso,19,1,8,4,72,65
2025-04-08,Martes,4,2025,0,0,Cena,18,22,Cheeseburger,Hamburguesas,20,14.0,280.0,Delivery,No,Ninguna,0,Lluvioso,19,1,8,10,25,60
2025-04-09,Miércoles,4,2025,0,0,Desayuno,7,11,Cheeseburger,Hamburguesas,8,14.0,112.0,Presencial,No,Ninguna,0,Soleado,28,0,4,12,20,17
2025-04-09,Miércoles,4,2025,0,0,Desayuno,7,11,Gaseosa,Bebidas,13,4.0,52.0,Delivery,No,Ninguna,0,Soleado,28,0,4,4,64,14
2025-04-09,Miércoles,4,2025,0,0,Desayuno,7,11,Sándwich de Pollo,Sándwiches,8,11.0,88.0,Presencial,No,Ninguna,0,Soleado,28,0,4,8,33,19
2025-04-09,Miércoles,4,2025,0,0,Desayuno,7,11,Jugo Natural,Bebidas,9,6.0,54.0,Presencial,No,Ninguna,0,Soleado,28,0,4,3,43,10
2025-04-09,Miércoles,4,2025,0,0,Almuerzo,12,16,Gaseosa,Bebidas,33,4.0,132.0,Presencial,No,Ninguna,0,Soleado,28,0,5,3,74,43
2025-04-09,Miércoles,4,2025,0,0,Almuerzo,12,16,Sándwich de Pollo,Sándwiches,22,11.0,242.0,Presencial,No,Ninguna,0,Soleado,28,0,5,12,33,32
2025-04-09,Miércoles,4,2025,0,0,Almuerzo,12,16,Salchipapa Especial,Salchipapas,27,15.0,364.5,Presencial,Sí,Combo,10,Soleado,28,0,5,11,61,32
2025-04-09,Miércoles,4,2025,0,0,Almuerzo,12,16,Hamburguesa Clásica,Hamburguesas,21,12.0,252.0,Presencial,No,Ninguna,0,Soleado,28,0,5,11,51,42
2025-04-09,Miércoles,4,2025,0,0,Almuerzo,12,16,Hamburguesa BBQ,Hamburguesas,22,16.0,352.0,Delivery,No,Ninguna,0,Soleado,28,0,5,13,39,44
2025-04-09,Miércoles,4,2025,0,0,Cena,18,22,Salchipapa Clásica,Salchipapas,18,10.0,180.0,Delivery,No,Ninguna,0,Soleado,28,0,7,9,36,56
2025-04-09,Miércoles,4,2025,0,0,Cena,18,22,Cheeseburger,Hamburguesas,14,14.0,196.0,Delivery,No,Ninguna,0,Soleado,28,0,7,13,24,59
2025-04-09,Miércoles,4,2025,0,0,Cena,18,22,Gaseosa,Bebidas,35,4.0,140.0,Delivery,No,Ninguna,0,Soleado,28,0,7,4,53,65
2025-04-09,Miércoles,4,2025,0,0,Cena,18,22,Pollo Broaster,Pollos,26,18.0,468.0,Web,No,Ninguna,0,Soleado,28,0,7,20,50,46
2025-04-09,Miércoles,4,2025,0,0,Cena,18,22,Alitas BBQ,Pollos,20,20.0,400.0,Delivery,No,Ninguna,0,Soleado,28,0,7,17,51,55
2025-04-10,Jueves,4,2025,0,0,Desayuno,7,11,Jugo Natural,Bebidas,11,6.0,66.0,Presencial,No,Ninguna,0,Soleado,30,0,2,2,28,21
2025-04-10,Jueves,4,2025,0,0,Desayuno,7,11,Gaseosa,Bebidas,17,4.0,68.0,Presencial,No,Ninguna,0,Soleado,30,0,2,5,35,17
2025-04-10,Jueves,4,2025,0,0,Desayuno,7,11,Sándwich de Pollo,Sándwiches,8,11.0,88.0,Presencial,No,Ninguna,0,Soleado,30,0,2,8,24,25
2025-04-10,Jueves,4,2025,0,0,Desayuno,7,11,Salchipapa Especial,Salchipapas,10,15.0,135.0,Presencial,Sí,Combo,10,Soleado,30,0,2,12,20,32
2025-04-10,Jueves,4,2025,0,0,Almuerzo,12,16,Gaseosa,Bebidas,52,4.0,208.0,Delivery,No,Ninguna,0,Soleado,30,0,4,3,87,45
2025-04-10,Jueves,4,2025,0,0,Almuerzo,12,16,Hamburguesa Clásica,Hamburguesas,38,12.0,456.0,Presencial,No,Ninguna,0,Soleado,30,0,4,10,73,40
2025-04-10,Jueves,4,2025,0,0,Almuerzo,12,16,Salchipapa Especial,Salchipapas,29,15.0,435.0,Presencial,No,Ninguna,0,Soleado,30,0,4,9,48,29
2025-04-10,Jueves,4,2025,0,0,Almuerzo,12,16,Hamburguesa BBQ,Hamburguesas,22,16.0,352.0,Web,No,Ninguna,0,Soleado,30,0,4,9,42,43
2025-04-10,Jueves,4,2025,0,0,Cena,18,22,Pollo Broaster,Pollos,42,18.0,680.4,Presencial,Sí,Descuento,10,Soleado,30,0,8,18,72,43
2025-04-10,Jueves,4,2025,0,0,Cena,18,22,Cheeseburger,Hamburguesas,27,14.0,321.3,Delivery,Sí,Descuento,15,Soleado,30,0,8,11,41,58
2025-04-10,Jueves,4,2025,0,0,Cena,18,22,Gaseosa,Bebidas,34,4.0,136.0,Presencial,No,Ninguna,0,Soleado,30,0,8,3,54,43
2025-04-10,Jueves,4,2025,0,0,Cena,18,22,Hamburguesa Clásica,Hamburguesas,29,12.0,348.0,Presencial,No,Ninguna,0,Soleado,30,0,8,13,38,63
2025-04-11,Viernes,4,2025,0,0,Desayuno,7,11,Hamburguesa Clásica,Hamburguesas,14,12.0,168.0,Presencial,No,Ninguna,0,Soleado,27,0,4,13,32,12
2025-04-11,Viernes,4,2025,0,0,Desayuno,7,11,Jugo Natural,Bebidas,13,6.0,78.0,Presencial,No,Ninguna,0,Soleado,27,0,4,2,68,19
2025-04-11,Viernes,4,2025,0,0,Desayuno,7,11,Hamburguesa BBQ,Hamburguesas,12,16.0,192.0,Presencial,No,Ninguna,0,Soleado,27,0,4,12,26,17
2025-04-11,Viernes,4,2025,0,0,Almuerzo,12,16,Salchipapa Especial,Salchipapas,33,15.0,495.0,Presencial,No,Ninguna,0,Soleado,27,0,7,10,60,31
2025-04-11,Viernes,4,2025,0,0,Almuerzo,12,16,Sándwich de Pollo,Sándwiches,26,11.0,286.0,Web,No,Ninguna,0,Soleado,27,0,7,9,32,30
2025-04-11,Viernes,4,2025,0,0,Almuerzo,12,16,Gaseosa,Bebidas,40,4.0,160.0,Delivery,No,Ninguna,0,Soleado,27,0,7,4,79,39
2025-04-11,Viernes,4,2025,0,0,Cena,18,22,Pizza Personal,Pizzas,24,13.0,312.0,Presencial,No,Ninguna,0,Soleado,27,0,4,17,52,42
2025-04-11,Viernes,4,2025,0,0,Cena,18,22,Pollo Broaster,Pollos,53,18.0,858.6,Delivery,Sí,Descuento,10,Soleado,27,0,4,14,64,59
2025-04-11,Viernes,4,2025,0,0,Cena,18,22,Hamburguesa BBQ,Hamburguesas,22,16.0,352.0,Delivery,No,Ninguna,0,Soleado,27,0,4,13,44,63
2025-04-11,Viernes,4,2025,0,0,Cena,18,22,Alitas BBQ,Pollos,20,20.0,400.0,Presencial,No,Ninguna,0,Soleado,27,0,4,14,30,47
2025-04-11,Viernes,4,2025,0,0,Cena,18,22,Gaseosa,Bebidas,45,4.0,180.0,Delivery,No,Ninguna,0,Soleado,27,0,4,2,73,48
2025-04-11,Viernes,4,2025,0,0,Cena,18,22,Salchipapa Especial,Salchipapas,31,15.0,418.5,Web,Sí,Combo,10,Soleado,27,0,4,15,37,49
2025-04-12,Sábado,4,2025,1,0,Desayuno,7,11,Sándwich de Pollo,Sándwiches,7,11.0,77.0,Presencial,No,Ninguna,0,Nublado,19,0,3,8,39,27
2025-04-12,Sábado,4,2025,1,0,Desayuno,7,11,Jugo Natural,Bebidas,14,6.0,84.0,Web,No,Ninguna,0,Nublado,19,0,3,2,55,34
2025-04-12,Sábado,4,2025,1,0,Desayuno,7,11,Gaseosa,Bebidas,19,4.0,76.0,Presencial,No,Ninguna,0,Nublado,19,0,3,2,57,28
2025-04-12,Sábado,4,2025,1,0,Almuerzo,12,16,Pollo Broaster,Pollos,68,18.0,979.2,Presencial,Sí,2x1,20,Nublado,19,0,5,19,102,41
2025-04-12,Sábado,4,2025,1,0,Almuerzo,12,16,Gaseosa,Bebidas,53,4.0,212.0,Delivery,No,Ninguna,0,Nublado,19,0,5,3,74,40
2025-04-12,Sábado,4,2025,1,0,Almuerzo,12,16,Pizza Familiar,Pizzas,13,32.0,416.0,Presencial,No,Ninguna,0,Nublado,19,0,5,20,26,39
2025-04-12,Sábado,4,2025,1,0,Almuerzo,12,16,Sándwich de Pollo,Sándwiches,18,11.0,198.0,Presencial,No,Ninguna,0,Nublado,19,0,5,12,23,33
2025-04-12,Sábado,4,2025,1,0,Almuerzo,12,16,Salchipapa Especial,Salchipapas,36,15.0,540.0,Delivery,No,Ninguna,0,Nublado,19,0,5,9,63,50
2025-04-12,Sábado,4,2025,1,0,Cena,18,22,Pizza Familiar,Pizzas,20,32.0,480.0,Web,Sí,Combo,25,Nublado,19,0,6,20,39,57
2025-04-12,Sábado,4,2025,1,0,Cena,18,22,Hamburguesa Clásica,Hamburguesas,31,12.0,372.0,Web,No,Ninguna,0,Nublado,19,0,6,12,52,70
2025-04-12,Sábado,4,2025,1,0,Cena,18,22,Salchipapa Especial,Salchipapas,33,15.0,495.0,Web,No,Ninguna,0,Nublado,19,0,6,14,55,60
2025-04-12,Sábado,4,2025,1,0,Cena,18,22,Gaseosa,Bebidas,59,4.0,188.8,Delivery,Sí,Combo,20,Nublado,19,0,6,2,95,59
2025-04-12,Sábado,4,2025,1,0,Cena,18,22,Pizza Personal,Pizzas,20,13.0,260.0,Presencial,No,Ninguna,0,Nublado,19,0,6,23,50,58
2025-04-13,Domingo,4,2025,1,0,Desayuno,7,11,Gaseosa,Bebidas,15,4.0,60.0,Presencial,No,Ninguna,0,Nublado,20,0,5,5,56,30
2025-04-13,Domingo,4,2025,1,0,Desayuno,7,11,Cheeseburger,Hamburguesas,14,14.0,196.0,Presencial,No,Ninguna,0,Nublado,20,0,5,10,19,33
2025-04-13,Domingo,4,2025,1,0,Desayuno,7,11,Sándwich de Pollo,Sándwiches,9,11.0,84.15,Presencial,Sí,Combo,15,Nublado,20,0,5,11,26,31
2025-04-13,Domingo,4,2025,1,0,Almuerzo,12,16,Salchipapa Especial,Salchipapas,40,15.0,480.0,Presencial,Sí,Combo,20,Nublado,20,0,7,11,46,47
2025-04-13,Domingo,4,2025,1,0,Almuerzo,12,16,Pollo Broaster,Pollos,33,18.0,594.0,Delivery,No,Ninguna,0,Nublado,20,0,7,16,38,34
2025-04-13,Domingo,4,2025,1,0,Almuerzo,12,16,Gaseosa,Bebidas,34,4.0,136.0,Web,No,Ninguna,0,Nublado,20,0,7,3,58,39
2025-04-13,Domingo,4,2025,1,0,Almuerzo,12,16,Jugo Natural,Bebidas,26,6.0,156.0,Web,No,Ninguna,0,Nublado,20,0,7,3,48,53
2025-04-13,Domingo,4,2025,1,0,Almuerzo,12,16,Alitas BBQ,Pollos,19,20.0,380.0,Web,No,Ninguna,0,Nublado,20,0,7,14,38,51
2025-04-13,Domingo,4,2025,1,0,Cena,18,22,Pizza Personal,Pizzas,14,13.0,182.0,Presencial,No,Ninguna,0,Nublado,20,0,8,25,26,65
2025-04-13,Domingo,4,2025,1,0,Cena,18,22,Pizza Familiar,Pizzas,16,32.0,512.0,Web,No,Ninguna,0,Nublado,20,0,8,21,38,54
2025-04-13,Domingo,4,2025,1,0,Cena,18,22,Salchipapa Especial,Salchipapas,33,15.0,495.0,Delivery,No,Ninguna,0,Nublado,20,0,8,12,42,64
2025-04-13,Domingo,4,2025,1,0,Cena,18,22,Alitas BBQ,Pollos,25,20.0,500.0,Presencial,No,Ninguna,0,Nublado,20,0,8,15,44,69
2025-04-13,Domingo,4,2025,1,0,Cena,18,22,Pollo Broaster,Pollos,41,18.0,738.0,Web,No,Ninguna,0,Nublado,20,0,8,20,63,66
2025-04-14,Lunes,4,2025,0,0,Desayuno,7,11,Gaseosa,Bebidas,8,4.0,32.0,Presencial,No,Ninguna,0,Nublado,19,0,3,3,40,12
2025-04-14,Lunes,4,2025,0,0,Desayuno,7,11,Hamburguesa BBQ,Hamburguesas,7,16.0,112.0,Presencial,No,Ninguna,0,Nublado,19,0,3,8,40,12
2025-04-14,Lunes,4,2025,0,0,Desayuno,7,11,Jugo Natural,Bebidas,12,6.0,72.0,Presencial,No,Ninguna,0,Nublado,19,0,3,4,36,22
2025-04-14,Lunes,4,2025,0,0,Desayuno,7,11,Salchipapa Clásica,Salchipapas,9,10.0,90.0,Presencial,No,Ninguna,0,Nublado,19,0,3,15,17,16
2025-04-14,Lunes,4,2025,0,0,Desayuno,7,11,Salchipapa Especial,Salchipapas,13,15.0,195.0,Delivery,No,Ninguna,0,Nublado,19,0,3,15,38,16
2025-04-14,Lunes,4,2025,0,0,Almuerzo,12,16,Sándwich de Pollo,Sándwiches,18,11.0,198.0,Presencial,No,Ninguna,0,Nublado,19,0,4,8,36,40
2025-04-14,Lunes,4,2025,0,0,Almuerzo,12,16,Salchipapa Clásica,Salchipapas,17,10.0,170.0,Presencial,No,Ninguna,0,Nublado,19,0,4,14,30,33
2025-04-14,Lunes,4,2025,0,0,Almuerzo,12,16,Cheeseburger,Hamburguesas,23,14.0,322.0,Presencial,No,Ninguna,0,Nublado,19,0,4,11,37,35
2025-04-14,Lunes,4,2025,0,0,Almuerzo,12,16,Gaseosa,Bebidas,36,4.0,144.0,Delivery,No,Ninguna,0,Nublado,19,0,4,4,54,36
2025-04-14,Lunes,4,2025,0,0,Cena,18,22,Alitas BBQ,Pollos,9,20.0,180.0,Web,No,Ninguna,0,Nublado,19,0,4,13,40,45
2025-04-14,Lunes,4,2025,0,0,Cena,18,22,Pizza Personal,Pizzas,11,13.0,143.0,Delivery,No,Ninguna,0,Nublado,19,0,4,16,16,43
2025-04-14,Lunes,4,2025,0,0,Cena,18,22,Salchipapa Clásica,Salchipapas,19,10.0,190.0,Delivery,No,Ninguna,0,Nublado,19,0,4,12,39,52
2025-04-14,Lunes,4,2025,0,0,Cena,18,22,Hamburguesa BBQ,Hamburguesas,16,16.0,256.0,Presencial,No,Ninguna,0,Nublado,19,0,4,10,23,40
2025-04-14,Lunes,4,2025,0,0,Cena,18,22,Pizza Familiar,Pizzas,11,32.0,352.0,Presencial,No,Ninguna,0,Nublado,19,0,4,20,39,58
2025-04-14,Lunes,4,2025,0,0,Cena,18,22,Pollo Broaster,Pollos,23,18.0,414.0,Presencial,No,Ninguna,0,Nublado,19,0,4,20,50,49
2025-04-15,Martes,4,2025,0,0,Desayuno,7,11,Salchipapa Clásica,Salchipapas,9,10.0,90.0,Presencial,No,Ninguna,0,Nublado,19,0,3,15,15,14
2025-04-15,Martes,4,2025,0,0,Desayuno,7,11,Cheeseburger,Hamburguesas,7,14.0,98.0,Presencial,No,Ninguna,0,Nublado,19,0,3,11,21,11
2025-04-15,Martes,4,2025,0,0,Desayuno,7,11,Gaseosa,Bebidas,15,4.0,60.0,Presencial,No,Ninguna,0,Nublado,19,0,3,5,73,21
2025-04-15,Martes,4,2025,0,0,Desayuno,7,11,Jugo Natural,Bebidas,8,6.0,48.0,Presencial,No,Ninguna,0,Nublado,19,0,3,2,37,19
2025-04-15,Martes,4,2025,0,0,Desayuno,7,11,Hamburguesa BBQ,Hamburguesas,10,16.0,160.0,Delivery,No,Ninguna,0,Nublado,19,0,3,8,30,22
2025-04-15,Martes,4,2025,0,0,Desayuno,7,11,Pollo Broaster,Pollos,19,18.0,290.7,Presencial,Sí,2x1,15,Nublado,19,0,3,16,28,22
2025-04-15,Martes,4,2025,0,0,Almuerzo,12,16,Pollo Broaster,Pollos,25,18.0,337.5,Delivery,Sí,Combo,25,Nublado,19,0,5,16,57,33
2025-04-15,Martes,4,2025,0,0,Almuerzo,12,16,Cheeseburger,Hamburguesas,16,14.0,224.0,Presencial,No,Ninguna,0,Nublado,19,0,5,9,41,43
2025-04-15,Martes,4,2025,0,0,Almuerzo,12,16,Gaseosa,Bebidas,32,4.0,128.0,Presencial,No,Ninguna,0,Nublado,19,0,5,5,52,36
2025-04-15,Martes,4,2025,0,0,Almuerzo,12,16,Alitas BBQ,Pollos,20,20.0,400.0,Delivery,No,Ninguna,0,Nublado,19,0,5,19,36,26
2025-04-15,Martes,4,2025,0,0,Cena,18,22,Gaseosa,Bebidas,28,4.0,112.0,Delivery,No,Ninguna,0,Nublado,19,0,7,5,59,48
2025-04-15,Martes,4,2025,0,0,Cena,18,22,Alitas BBQ,Pollos,16,20.0,320.0,Presencial,No,Ninguna,0,Nublado,19,0,7,18,50,62
2025-04-15,Martes,4,2025,0,0,Cena,18,22,Hamburguesa BBQ,Hamburguesas,14,16.0,224.0,Delivery,No,Ninguna,0,Nublado,19,0,7,13,27,65
2025-04-15,Martes,4,2025,0,0,Cena,18,22,Salchipapa Especial,Salchipapas,26,15.0,390.0,Delivery,No,Ninguna,0,Nublado,19,0,7,12,53,46
2025-04-15,Martes,4,2025,0,0,Cena,18,22,Salchipapa Clásica,Salchipapas,19,10.0,190.0,Presencial,No,Ninguna,0,Nublado,19,0,7,8,50,43
2025-04-16,Miércoles,4,2025,0,0,Desayuno,7,11,Gaseosa,Bebidas,13,4.0,52.0,Presencial,No,Ninguna,0,Soleado,31,0,2,3,58,22
2025-04-16,Miércoles,4,2025,0,0,Desayuno,7,11,Cheeseburger,Hamburguesas,9,14.0,126.0,Presencial,No,Ninguna,0,Soleado,31,0,2,10,28,16
2025-04-16,Miércoles,4,2025,0,0,Desayuno,7,11,Jugo Natural,Bebidas,7,6.0,42.0,Presencial,No,Ninguna,0,Soleado,31,0,2,5,44,16
2025-04-16,Miércoles,4,2025,0,0,Almuerzo,12,16,Sándwich de Pollo,Sándwiches,19,11.0,209.0,Web,No,Ninguna,0,Soleado,31,0,5,9,32,33
2025-04-16,Miércoles,4,2025,0,0,Almuerzo,12,16,Salchipapa Especial,Salchipapas,41,15.0,492.0,Presencial,Sí,Descuento,20,Soleado,31,0,5,13,64,37
2025-04-16,Miércoles,4,2025,0,0,Almuerzo,12,16,Hamburguesa BBQ,Hamburguesas,23,16.0,368.0,Web,No,Ninguna,0,Soleado,31,0,5,10,57,31
2025-04-16,Miércoles,4,2025,0,0,Cena,18,22,Gaseosa,Bebidas,49,4.0,176.4,Delivery,Sí,2x1,10,Soleado,31,0,6,2,71,58
2025-04-16,Miércoles,4,2025,0,0,Cena,18,22,Cheeseburger,Hamburguesas,19,14.0,266.0,Delivery,No,Ninguna,0,Soleado,31,0,6,12,25,43
2025-04-16,Miércoles,4,2025,0,0,Cena,18,22,Hamburguesa Clásica,Hamburguesas,21,12.0,252.0,Delivery,No,Ninguna,0,Soleado,31,0,6,8,54,44
2025-04-16,Miércoles,4,2025,0,0,Cena,18,22,Alitas BBQ,Pollos,15,20.0,300.0,Delivery,No,Ninguna,0,Soleado,31,0,6,13,40,62
2025-04-16,Miércoles,4,2025,0,0,Cena,18,22,Pizza Familiar,Pizzas,17,32.0,544.0,Presencial,No,Ninguna,0,Soleado,31,0,6,16,25,42
2025-04-17,Jueves,4,2025,0,0,Desayuno,7,11,Pizza Personal,Pizzas,8,13.0,104.0,Presencial,No,Ninguna,0,Lluvioso,22,1,2,19,24,35
2025-04-17,Jueves,4,2025,0,0,Desayuno,7,11,Gaseosa,Bebidas,21,4.0,67.2,Presencial,Sí,Combo,20,Lluvioso,22,1,2,3,40,42
2025-04-17,Jueves,4,2025,0,0,Desayuno,7,11,Alitas BBQ,Pollos,12,20.0,240.0,Presencial,No,Ninguna,0,Lluvioso,22,1,2,18,21,29
2025-04-17,Jueves,4,2025,0,0,Desayuno,7,11,Jugo Natural,Bebidas,9,6.0,54.0,Delivery,No,Ninguna,0,Lluvioso,22,1,2,4,40,26
2025-04-17,Jueves,4,2025,0,0,Almuerzo,12,16,Gaseosa,Bebidas,42,4.0,168.0,Presencial,No,Ninguna,0,Lluvioso,22,1,7,5,80,39
2025-04-17,Jueves,4,2025,0,0,Almuerzo,12,16,Pollo Broaster,Pollos,30,18.0,540.0,Web,No,Ninguna,0,Lluvioso,22,1,7,13,64,47
2025-04-17,Jueves,4,2025,0,0,Almuerzo,12,16,Jugo Natural,Bebidas,30,6.0,180.0,Presencial,No,Ninguna,0,Lluvioso,22,1,7,5,84,46
2025-04-17,Jueves,4,2025,0,0,Cena,18,22,Cheeseburger,Hamburguesas,18,14.0,252.0,Delivery,No,Ninguna,0,Lluvioso,22,1,7,12,46,67
2025-04-17,Jueves,4,2025,0,0,Cena,18,22,Alitas BBQ,Pollos,21,20.0,420.0,Delivery,No,Ninguna,0,Lluvioso,22,1,7,17,50,71
2025-04-17,Jueves,4,2025,0,0,Cena,18,22,Salchipapa Especial,Salchipapas,39,15.0,585.0,Web,No,Ninguna,0,Lluvioso,22,1,7,13,56,69
2025-04-17,Jueves,4,2025,0,0,Cena,18,22,Hamburguesa Clásica,Hamburguesas,26,12.0,312.0,Delivery,No,Ninguna,0,Lluvioso,22,1,7,9,55,63
2025-04-18,Viernes,4,2025,0,0,Desayuno,7,11,Cheeseburger,Hamburguesas,15,14.0,178.5,Presencial,Sí,2x1,15,Nublado,21,0,3,14,43,16
2025-04-18,Viernes,4,2025,0,0,Desayuno,7,11,Jugo Natural,Bebidas,9,6.0,54.0,Presencial,No,Ninguna,0,Nublado,21,0,3,3,56,17
2025-04-18,Viernes,4,2025,0,0,Desayuno,7,11,Sándwich de Pollo,Sándwiches,10,11.0,110.0,Delivery,No,Ninguna,0,Nublado,21,0,3,12,26,14
2025-04-18,Viernes,4,2025,0,0,Desayuno,7,11,Salchipapa Clásica,Salchipapas,13,10.0,130.0,Presencial,No,Ninguna,0,Nublado,21,0,3,12,19,21
2025-04-18,Viernes,4,2025,0,0,Desayuno,7,11,Gaseosa,Bebidas,16,4.0,64.0,Presencial,No,Ninguna,0,Nublado,21,0,3,5,48,24
2025-04-18,Viernes,4,2025,0,0,Almuerzo,12,16,Hamburguesa Clásica,Hamburguesas,28,12.0,336.0,Web,No,Ninguna,0,Nublado,21,0,5,8,45,34
2025-04-18,Viernes,4,2025,0,0,Almuerzo,12,16,Gaseosa,Bebidas,46,4.0,184.0,Presencial,No,Ninguna,0,Nublado,21,0,5,3,103,34
2025-04-18,Viernes,4,2025,0,0,Almuerzo,12,16,Hamburguesa BBQ,Hamburguesas,24,16.0,384.0,Presencial,No,Ninguna,0,Nublado,21,0,5,11,35,44
2025-04-18,Viernes,4,2025,0,0,Almuerzo,12,16,Jugo Natural,Bebidas,34,6.0,204.0,Presencial,No,Ninguna,0,Nublado,21,0,5,5,66,29
2025-04-18,Viernes,4,2025,0,0,Almuerzo,12,16,Cheeseburger,Hamburguesas,22,14.0,308.0,Delivery,No,Ninguna,0,Nublado,21,0,5,14,27,33
2025-04-18,Viernes,4,2025,0,0,Cena,18,22,Hamburguesa Clásica,Hamburguesas,29,12.0,348.0,Delivery,No,Ninguna,0,Nublado,21,0,6,12,37,55
2025-04-18,Viernes,4,2025,0,0,Cena,18,22,Gaseosa,Bebidas,36,4.0,144.0,Delivery,No,Ninguna,0,Nublado,21,0,6,4,84,45
2025-04-18,Viernes,4,2025,0,0,Cena,18,22,Cheeseburger,Hamburguesas,19,14.0,266.0,Delivery,No,Ninguna,0,Nublado,21,0,6,13,27,44
2025-04-18,Viernes,4,2025,0,0,Cena,18,22,Alitas BBQ,Pollos,27,20.0,540.0,Presencial,No,Ninguna,0,Nublado,21,0,6,16,41,58
2025-04-18,Viernes,4,2025,0,0,Cena,18,22,Pollo Broaster,Pollos,25,18.0,450.0,Presencial,No,Ninguna,0,Nublado,21,0,6,16,57,55
2025-04-18,Viernes,4,2025,0,0,Cena,18,22,Salchipapa Clásica,Salchipapas,27,10.0,270.0,Web,No,Ninguna,0,Nublado,21,0,6,8,49,63
2025-04-19,Sábado,4,2025,1,0,Desayuno,7,11,Gaseosa,Bebidas,19,4.0,76.0,Presencial,No,Ninguna,0,Soleado,26,0,3,3,62,23
2025-04-19,Sábado,4,2025,1,0,Desayuno,7,11,Jugo Natural,Bebidas,14,6.0,84.0,Presencial,No,Ninguna,0,Soleado,26,0,3,3,63,16
2025-04-19,Sábado,4,2025,1,0,Desayuno,7,11,Cheeseburger,Hamburguesas,13,14.0,182.0,Presencial,No,Ninguna,0,Soleado,26,0,3,11,46,25
2025-04-19,Sábado,4,2025,1,0,Almuerzo,12,16,Sándwich de Pollo,Sándwiches,32,11.0,352.0,Presencial,No,Ninguna,0,Soleado,26,0,7,8,51,38
2025-04-19,Sábado,4,2025,1,0,Almuerzo,12,16,Pizza Personal,Pizzas,19,13.0,185.25,Presencial,Sí,Combo,25,Soleado,26,0,7,17,24,44
2025-04-19,Sábado,4,2025,1,0,Almuerzo,12,16,Cheeseburger,Hamburguesas,28,14.0,392.0,Web,No,Ninguna,0,Soleado,26,0,7,14,62,42
2025-04-19,Sábado,4,2025,1,0,Almuerzo,12,16,Jugo Natural,Bebidas,31,6.0,186.0,Delivery,No,Ninguna,0,Soleado,26,0,7,4,69,47
2025-04-19,Sábado,4,2025,1,0,Cena,18,22,Pizza Familiar,Pizzas,22,32.0,704.0,Presencial,No,Ninguna,0,Soleado,26,0,5,20,51,59
2025-04-19,Sábado,4,2025,1,0,Cena,18,22,Salchipapa Especial,Salchipapas,27,15.0,405.0,Presencial,No,Ninguna,0,Soleado,26,0,5,8,37,55
2025-04-19,Sábado,4,2025,1,0,Cena,18,22,Hamburguesa Clásica,Hamburguesas,25,12.0,300.0,Delivery,No,Ninguna,0,Soleado,26,0,5,10,56,68
2025-04-20,Domingo,4,2025,1,0,Desayuno,7,11,Jugo Natural,Bebidas,14,6.0,84.0,Presencial,No,Ninguna,0,Soleado,25,0,4,3,58,29
2025-04-20,Domingo,4,2025,1,0,Desayuno,7,11,Hamburguesa Clásica,Hamburguesas,23,12.0,234.6,Presencial,Sí,2x1,15,Soleado,25,0,4,14,43,21
2025-04-20,Domingo,4,2025,1,0,Desayuno,7,11,Gaseosa,Bebidas,15,4.0,60.0,Presencial,No,Ninguna,0,Soleado,25,0,4,5,56,21
2025-04-20,Domingo,4,2025,1,0,Desayuno,7,11,Salchipapa Especial,Salchipapas,16,15.0,180.0,Presencial,Sí,Descuento,25,Soleado,25,0,4,15,22,39
2025-04-20,Domingo,4,2025,1,0,Desayuno,7,11,Alitas BBQ,Pollos,11,20.0,220.0,Presencial,No,Ninguna,0,Soleado,25,0,4,14,28,15
2025-04-20,Domingo,4,2025,1,0,Almuerzo,12,16,Gaseosa,Bebidas,44,4.0,176.0,Delivery,No,Ninguna,0,Soleado,25,0,5,3,70,35
2025-04-20,Domingo,4,2025,1,0,Almuerzo,12,16,Pollo Broaster,Pollos,37,18.0,666.0,Delivery,No,Ninguna,0,Soleado,25,0,5,16,70,52
2025-04-20,Domingo,4,2025,1,0,Almuerzo,12,16,Hamburguesa BBQ,Hamburguesas,30,16.0,480.0,Delivery,No,Ninguna,0,Soleado,25,0,5,11,35,30
2025-04-20,Domingo,4,2025,1,0,Almuerzo,12,16,Jugo Natural,Bebidas,30,6.0,180.0,Presencial,No,Ninguna,0,Soleado,25,0,5,5,61,40
2025-04-20,Domingo,4,2025,1,0,Almuerzo,12,16,Salchipapa Especial,Salchipapas,20,15.0,300.0,Presencial,No,Ninguna,0,Soleado,25,0,5,12,26,33
2025-04-20,Domingo,4,2025,1,0,Cena,18,22,Hamburguesa Clásica,Hamburguesas,29,12.0,278.4,Web,Sí,Combo,20,Soleado,25,0,7,14,55,69
2025-04-20,Domingo,4,2025,1,0,Cena,18,22,Gaseosa,Bebidas,34,4.0,136.0,Presencial,No,Ninguna,0,Soleado,25,0,7,2,81,45
2025-04-20,Domingo,4,2025,1,0,Cena,18,22,Pizza Familiar,Pizzas,18,32.0,576.0,Delivery,No,Ninguna,0,Soleado,25,0,7,25,49,55
2025-04-20,Domingo,4,2025,1,0,Cena,18,22,Pollo Broaster,Pollos,32,18.0,576.0,Presencial,No,Ninguna,0,Soleado,25,0,7,12,63,61
2025-04-20,Domingo,4,2025,1,0,Cena,18,22,Alitas BBQ,Pollos,30,20.0,600.0,Presencial,No,Ninguna,0,Soleado,25,0,7,13,63,65
2025-04-21,Lunes,4,2025,0,0,Desayuno,7,11,Salchipapa Especial,Salchipapas,7,15.0,105.0,Presencial,No,Ninguna,0,Nublado,19,0,4,8,34,22
2025-04-21,Lunes,4,2025,0,0,Desayuno,7,11,Jugo Natural,Bebidas,7,6.0,42.0,Presencial,No,Ninguna,0,Nublado,19,0,4,4,23,10
2025-04-21,Lunes,4,2025,0,0,Desayuno,7,11,Salchipapa Clásica,Salchipapas,9,10.0,90.0,Presencial,No,Ninguna,0,Nublado,19,0,4,8,22,13
2025-04-21,Lunes,4,2025,0,0,Desayuno,7,11,Sándwich de Pollo,Sándwiches,6,11.0,66.0,Presencial,No,Ninguna,0,Nublado,19,0,4,7,38,16
2025-04-21,Lunes,4,2025,0,0,Almuerzo,12,16,Pollo Broaster,Pollos,27,18.0,437.4,Delivery,Sí,Descuento,10,Nublado,19,0,4,20,50,40
2025-04-21,Lunes,4,2025,0,0,Almuerzo,12,16,Sándwich de Pollo,Sándwiches,19,11.0,209.0,Presencial,No,Ninguna,0,Nublado,19,0,4,11,29,37
2025-04-21,Lunes,4,2025,0,0,Almuerzo,12,16,Gaseosa,Bebidas,37,4.0,148.0,Presencial,No,Ninguna,0,Nublado,19,0,4,4,78,42
2025-04-21,Lunes,4,2025,0,0,Almuerzo,12,16,Hamburguesa Clásica,Hamburguesas,29,12.0,278.4,Presencial,Sí,Descuento,20,Nublado,19,0,4,8,64,43
2025-04-21,Lunes,4,2025,0,0,Cena,18,22,Hamburguesa BBQ,Hamburguesas,11,16.0,176.0,Web,No,Ninguna,0,Nublado,19,0,6,14,24,45
2025-04-21,Lunes,4,2025,0,0,Cena,18,22,Pizza Familiar,Pizzas,13,32.0,416.0,Web,No,Ninguna,0,Nublado,19,0,6,15,32,60
2025-04-21,Lunes,4,2025,0,0,Cena,18,22,Salchipapa Especial,Salchipapas,19,15.0,285.0,Delivery,No,Ninguna,0,Nublado,19,0,6,12,32,57
2025-04-21,Lunes,4,2025,0,0,Cena,18,22,Hamburguesa Clásica,Hamburguesas,18,12.0,216.0,Presencial,No,Ninguna,0,Nublado,19,0,6,11,26,63
2025-04-21,Lunes,4,2025,0,0,Cena,18,22,Pizza Personal,Pizzas,13,13.0,169.0,Delivery,No,Ninguna,0,Nublado,19,0,6,25,19,65
2025-04-22,Martes,4,2025,0,0,Desayuno,7,11,Gaseosa,Bebidas,16,4.0,64.0,Presencial,No,Ninguna,0,Nublado,23,0,4,3,61,11
2025-04-22,Martes,4,2025,0,0,Desayuno,7,11,Sándwich de Pollo,Sándwiches,8,11.0,88.0,Presencial,No,Ninguna,0,Nublado,23,0,4,11,38,13
2025-04-22,Martes,4,2025,0,0,Desayuno,7,11,Jugo Natural,Bebidas,10,6.0,60.0,Delivery,No,Ninguna,0,Nublado,23,0,4,5,33,20
2025-04-22,Martes,4,2025,0,0,Desayuno,7,11,Cheeseburger,Hamburguesas,6,14.0,75.6,Delivery,Sí,Descuento,10,Nublado,23,0,4,10,34,22
2025-04-22,Martes,4,2025,0,0,Desayuno,7,11,Hamburguesa Clásica,Hamburguesas,13,12.0,156.0,Presencial,No,Ninguna,0,Nublado,23,0,4,9,20,14
2025-04-22,Martes,4,2025,0,0,Desayuno,7,11,Hamburguesa BBQ,Hamburguesas,9,16.0,144.0,Presencial,No,Ninguna,0,Nublado,23,0,4,14,14,21
2025-04-22,Martes,4,2025,0,0,Almuerzo,12,16,Pollo Broaster,Pollos,30,18.0,540.0,Presencial,No,Ninguna,0,Nublado,23,0,7,14,40,28
2025-04-22,Martes,4,2025,0,0,Almuerzo,12,16,Pizza Familiar,Pizzas,13,32.0,416.0,Web,No,Ninguna,0,Nublado,23,0,7,25,24,35
2025-04-22,Martes,4,2025,0,0,Almuerzo,12,16,Salchipapa Clásica,Salchipapas,28,10.0,238.0,Delivery,Sí,Descuento,15,Nublado,23,0,7,15,46,40
2025-04-22,Martes,4,2025,0,0,Almuerzo,12,16,Hamburguesa BBQ,Hamburguesas,19,16.0,304.0,Presencial,No,Ninguna,0,Nublado,23,0,7,8,49,27
2025-04-22,Martes,4,2025,0,0,Almuerzo,12,16,Jugo Natural,Bebidas,17,6.0,102.0,Delivery,No,Ninguna,0,Nublado,23,0,7,4,69,35
2025-04-22,Martes,4,2025,0,0,Almuerzo,12,16,Gaseosa,Bebidas,27,4.0,108.0,Web,No,Ninguna,0,Nublado,23,0,7,4,84,35
2025-04-22,Martes,4,2025,0,0,Cena,18,22,Pollo Broaster,Pollos,27,18.0,486.0,Web,No,Ninguna,0,Nublado,23,0,7,19,56,53
2025-04-22,Martes,4,2025,0,0,Cena,18,22,Alitas BBQ,Pollos,13,20.0,260.0,Delivery,No,Ninguna,0,Nublado,23,0,7,20,22,56
2025-04-22,Martes,4,2025,0,0,Cena,18,22,Hamburguesa Clásica,Hamburguesas,31,12.0,334.8,Web,Sí,Descuento,10,Nublado,23,0,7,10,64,59
2025-04-23,Miércoles,4,2025,0,0,Desayuno,7,11,Sándwich de Pollo,Sándwiches,8,11.0,88.0,Presencial,No,Ninguna,0,Soleado,30,0,3,9,25,17
2025-04-23,Miércoles,4,2025,0,0,Desayuno,7,11,Jugo Natural,Bebidas,9,6.0,40.5,Presencial,Sí,Descuento,25,Soleado,30,0,3,5,32,13
2025-04-23,Miércoles,4,2025,0,0,Desayuno,7,11,Gaseosa,Bebidas,13,4.0,52.0,Presencial,No,Ninguna,0,Soleado,30,0,3,5,55,10
2025-04-23,Miércoles,4,2025,0,0,Desayuno,7,11,Hamburguesa Clásica,Hamburguesas,11,12.0,132.0,Presencial,No,Ninguna,0,Soleado,30,0,3,13,21,22
2025-04-23,Miércoles,4,2025,0,0,Desayuno,7,11,Salchipapa Clásica,Salchipapas,10,10.0,100.0,Presencial,No,Ninguna,0,Soleado,30,0,3,12,20,18
2025-04-23,Miércoles,4,2025,0,0,Desayuno,7,11,Pollo Broaster,Pollos,13,18.0,234.0,Presencial,No,Ninguna,0,Soleado,30,0,3,12,38,20
2025-04-23,Miércoles,4,2025,0,0,Almuerzo,12,16,Cheeseburger,Hamburguesas,26,14.0,364.0,Presencial,No,Ninguna,0,Soleado,30,0,5,9,37,27
2025-04-23,Miércoles,4,2025,0,0,Almuerzo,12,16,Hamburguesa BBQ,Hamburguesas,15,16.0,240.0,Presencial,No,Ninguna,0,Soleado,30,0,5,9,29,33
2025-04-23,Miércoles,4,2025,0,0,Almuerzo,12,16,Pizza Familiar,Pizzas,12,32.0,384.0,Delivery,No,Ninguna,0,Soleado,30,0,5,15,26,42
2025-04-23,Miércoles,4,2025,0,0,Almuerzo,12,16,Gaseosa,Bebidas,43,4.0,172.0,Presencial,No,Ninguna,0,Soleado,30,0,5,4,64,30
2025-04-23,Miércoles,4,2025,0,0,Almuerzo,12,16,Hamburguesa Clásica,Hamburguesas,35,12.0,420.0,Presencial,No,Ninguna,0,Soleado,30,0,5,14,52,31
2025-04-23,Miércoles,4,2025,0,0,Cena,18,22,Pollo Broaster,Pollos,28,18.0,378.0,Presencial,Sí,Descuento,25,Soleado,30,0,8,18,33,56
2025-04-23,Miércoles,4,2025,0,0,Cena,18,22,Pizza Familiar,Pizzas,15,32.0,480.0,Web,No,Ninguna,0,Soleado,30,0,8,15,44,61
2025-04-23,Miércoles,4,2025,0,0,Cena,18,22,Hamburguesa BBQ,Hamburguesas,30,16.0,432.0,Presencial,Sí,2x1,10,Soleado,30,0,8,11,60,65
2025-04-23,Miércoles,4,2025,0,0,Cena,18,22,Alitas BBQ,Pollos,32,20.0,576.0,Presencial,Sí,Combo,10,Soleado,30,0,8,19,64,59
2025-04-23,Miércoles,4,2025,0,0,Cena,18,22,Gaseosa,Bebidas,37,4.0,148.0,Presencial,No,Ninguna,0,Soleado,30,0,8,5,80,44
2025-04-24,Jueves,4,2025,0,0,Desayuno,7,11,Gaseosa,Bebidas,18,4.0,72.0,Presencial,No,Ninguna,0,Soleado,28,0,2,5,55,20
2025-04-24,Jueves,4,2025,0,0,Desayuno,7,11,Salchipapa Especial,Salchipapas,13,15.0,165.75,Presencial,Sí,Descuento,15,Soleado,28,0,2,15,21,16
2025-04-24,Jueves,4,2025,0,0,Desayuno,7,11,Jugo Natural,Bebidas,11,6.0,66.0,Presencial,No,Ninguna,0,Soleado,28,0,2,5,34,25
2025-04-24,Jueves,4,2025,0,0,Desayuno,7,11,Sándwich de Pollo,Sándwiches,7,11.0,77.0,Presencial,No,Ninguna,0,Soleado,28,0,2,8,42,12
2025-04-24,Jueves,4,2025,0,0,Desayuno,7,11,Hamburguesa BBQ,Hamburguesas,8,16.0,128.0,Presencial,No,Ninguna,0,Soleado,28,0,2,8,35,12
2025-04-24,Jueves,4,2025,0,0,Desayuno,7,11,Salchipapa Clásica,Salchipapas,10,10.0,100.0,Presencial,No,Ninguna,0,Soleado,28,0,2,8,41,23
2025-04-24,Jueves,4,2025,0,0,Almuerzo,12,16,Cheeseburger,Hamburguesas,22,14.0,308.0,Web,No,Ninguna,0,Soleado,28,0,5,9,57,45
2025-04-24,Jueves,4,2025,0,0,Almuerzo,12,16,Jugo Natural,Bebidas,21,6.0,126.0,Web,No,Ninguna,0,Soleado,28,0,5,2,70,44
2025-04-24,Jueves,4,2025,0,0,Almuerzo,12,16,Pizza Personal,Pizzas,18,13.0,234.0,Presencial,No,Ninguna,0,Soleado,28,0,5,21,35,37
2025-04-24,Jueves,4,2025,0,0,Cena,18,22,Cheeseburger,Hamburguesas,14,14.0,196.0,Delivery,No,Ninguna,0,Soleado,28,0,4,12,38,63
2025-04-24,Jueves,4,2025,0,0,Cena,18,22,Pizza Familiar,Pizzas,14,32.0,448.0,Delivery,No,Ninguna,0,Soleado,28,0,4,21,31,44
2025-04-24,Jueves,4,2025,0,0,Cena,18,22,Sándwich de Pollo,Sándwiches,21,11.0,231.0,Delivery,No,Ninguna,0,Soleado,28,0,4,10,41,49
2025-04-25,Viernes,4,2025,0,0,Desayuno,7,11,Sándwich de Pollo,Sándwiches,13,11.0,143.0,Presencial,No,Ninguna,0,Nublado,24,0,2,9,46,12
2025-04-25,Viernes,4,2025,0,0,Desayuno,7,11,Gaseosa,Bebidas,23,4.0,82.8,Presencial,Sí,Descuento,10,Nublado,24,0,2,3,43,18
2025-04-25,Viernes,4,2025,0,0,Desayuno,7,11,Salchipapa Clásica,Salchipapas,9,10.0,90.0,Presencial,No,Ninguna,0,Nublado,24,0,2,8,15,17
2025-04-25,Viernes,4,2025,0,0,Almuerzo,12,16,Pollo Broaster,Pollos,27,18.0,486.0,Web,No,Ninguna,0,Nublado,24,0,7,19,43,36
2025-04-25,Viernes,4,2025,0,0,Almuerzo,12,16,Salchipapa Especial,Salchipapas,34,15.0,510.0,Web,No,Ninguna,0,Nublado,24,0,7,12,50,45
2025-04-25,Viernes,4,2025,0,0,Almuerzo,12,16,Hamburguesa Clásica,Hamburguesas,39,12.0,468.0,Presencial,No,Ninguna,0,Nublado,24,0,7,10,67,40
2025-04-25,Viernes,4,2025,0,0,Almuerzo,12,16,Jugo Natural,Bebidas,31,6.0,148.8,Delivery,Sí,2x1,20,Nublado,24,0,7,2,83,47
2025-04-25,Viernes,4,2025,0,0,Almuerzo,12,16,Hamburguesa BBQ,Hamburguesas,21,16.0,336.0,Delivery,No,Ninguna,0,Nublado,24,0,7,9,52,33
2025-04-25,Viernes,4,2025,0,0,Cena,18,22,Pollo Broaster,Pollos,37,18.0,666.0,Presencial,No,Ninguna,0,Nublado,24,0,5,17,58,42
2025-04-25,Viernes,4,2025,0,0,Cena,18,22,Cheeseburger,Hamburguesas,18,14.0,252.0,Presencial,No,Ninguna,0,Nublado,24,0,5,8,48,43
2025-04-25,Viernes,4,2025,0,0,Cena,18,22,Hamburguesa Clásica,Hamburguesas,19,12.0,228.0,Presencial,No,Ninguna,0,Nublado,24,0,5,9,39,47
2025-04-25,Viernes,4,2025,0,0,Cena,18,22,Pizza Personal,Pizzas,25,13.0,243.75,Delivery,Sí,Combo,25,Nublado,24,0,5,25,35,62
2025-04-26,Sábado,4,2025,1,0,Desayuno,7,11,Sándwich de Pollo,Sándwiches,13,11.0,143.0,Presencial,No,Ninguna,0,Nublado,19,0,4,7,19,19
2025-04-26,Sábado,4,2025,1,0,Desayuno,7,11,Jugo Natural,Bebidas,13,6.0,78.0,Presencial,No,Ninguna,0,Nublado,19,0,4,5,29,17
2025-04-26,Sábado,4,2025,1,0,Desayuno,7,11,Hamburguesa Clásica,Hamburguesas,19,12.0,193.8,Delivery,Sí,Descuento,15,Nublado,19,0,4,10,31,39
2025-04-26,Sábado,4,2025,1,0,Almuerzo,12,16,Salchipapa Especial,Salchipapas,38,15.0,570.0,Presencial,No,Ninguna,0,Nublado,19,0,7,15,58,38
2025-04-26,Sábado,4,2025,1,0,Almuerzo,12,16,Pizza Familiar,Pizzas,20,32.0,640.0,Delivery,No,Ninguna,0,Nublado,19,0,7,24,26,50
2025-04-26,Sábado,4,2025,1,0,Almuerzo,12,16,Alitas BBQ,Pollos,46,20.0,736.0,Delivery,Sí,Combo,20,Nublado,19,0,7,18,59,41
2025-04-26,Sábado,4,2025,1,0,Almuerzo,12,16,Sándwich de Pollo,Sándwiches,29,11.0,319.0,Delivery,No,Ninguna,0,Nublado,19,0,7,12,49,34
2025-04-26,Sábado,4,2025,1,0,Cena,18,22,Hamburguesa BBQ,Hamburguesas,26,16.0,416.0,Web,No,Ninguna,0,Nublado,19,0,7,8,40,75
2025-04-26,Sábado,4,2025,1,0,Cena,18,22,Pizza Familiar,Pizzas,20,32.0,640.0,Delivery,No,Ninguna,0,Nublado,19,0,7,21,31,65
2025-04-26,Sábado,4,2025,1,0,Cena,18,22,Gaseosa,Bebidas,51,4.0,204.0,Presencial,No,Ninguna,0,Nublado,19,0,7,5,92,69
2025-04-27,Domingo,4,2025,1,0,Desayuno,7,11,Jugo Natural,Bebidas,15,6.0,90.0,Delivery,No,Ninguna,0,Nublado,23,0,4,3,56,32
2025-04-27,Domingo,4,2025,1,0,Desayuno,7,11,Salchipapa Clásica,Salchipapas,9,10.0,90.0,Presencial,No,Ninguna,0,Nublado,23,0,4,14,27,24
2025-04-27,Domingo,4,2025,1,0,Desayuno,7,11,Hamburguesa BBQ,Hamburguesas,10,16.0,160.0,Presencial,No,Ninguna,0,Nublado,23,0,4,10,44,25
2025-04-27,Domingo,4,2025,1,0,Desayuno,7,11,Gaseosa,Bebidas,19,4.0,76.0,Presencial,No,Ninguna,0,Nublado,23,0,4,2,50,28
2025-04-27,Domingo,4,2025,1,0,Desayuno,7,11,Sándwich de Pollo,Sándwiches,12,11.0,132.0,Presencial,No,Ninguna,0,Nublado,23,0,4,12,46,20
2025-04-27,Domingo,4,2025,1,0,Desayuno,7,11,Cheeseburger,Hamburguesas,11,14.0,154.0,Delivery,No,Ninguna,0,Nublado,23,0,4,9,21,17
2025-04-27,Domingo,4,2025,1,0,Almuerzo,12,16,Salchipapa Clásica,Salchipapas,31,10.0,310.0,Delivery,No,Ninguna,0,Nublado,23,0,5,9,53,42
2025-04-27,Domingo,4,2025,1,0,Almuerzo,12,16,Alitas BBQ,Pollos,22,20.0,330.0,Delivery,Sí,Combo,25,Nublado,23,0,5,18,46,47
2025-04-27,Domingo,4,2025,1,0,Almuerzo,12,16,Salchipapa Especial,Salchipapas,34,15.0,510.0,Presencial,No,Ninguna,0,Nublado,23,0,5,11,59,34
2025-04-27,Domingo,4,2025,1,0,Almuerzo,12,16,Hamburguesa BBQ,Hamburguesas,33,16.0,528.0,Presencial,No,Ninguna,0,Nublado,23,0,5,8,52,39
2025-04-27,Domingo,4,2025,1,0,Almuerzo,12,16,Hamburguesa Clásica,Hamburguesas,31,12.0,372.0,Delivery,No,Ninguna,0,Nublado,23,0,5,8,54,45
2025-04-27,Domingo,4,2025,1,0,Almuerzo,12,16,Pollo Broaster,Pollos,39,18.0,702.0,Presencial,No,Ninguna,0,Nublado,23,0,5,15,50,43
2025-04-27,Domingo,4,2025,1,0,Cena,18,22,Jugo Natural,Bebidas,26,6.0,156.0,Delivery,No,Ninguna,0,Nublado,23,0,5,3,47,68
2025-04-27,Domingo,4,2025,1,0,Cena,18,22,Pizza Personal,Pizzas,13,13.0,169.0,Presencial,No,Ninguna,0,Nublado,23,0,5,21,46,62
2025-04-27,Domingo,4,2025,1,0,Cena,18,22,Cheeseburger,Hamburguesas,25,14.0,315.0,Web,Sí,2x1,10,Nublado,23,0,5,8,31,65
2025-04-27,Domingo,4,2025,1,0,Cena,18,22,Sándwich de Pollo,Sándwiches,23,11.0,253.0,Web,No,Ninguna,0,Nublado,23,0,5,9,44,73
2025-04-28,Lunes,4,2025,0,0,Desayuno,7,11,Salchipapa Especial,Salchipapas,11,15.0,123.75,Presencial,Sí,2x1,25,Nublado,20,0,4,9,40,20
2025-04-28,Lunes,4,2025,0,0,Desayuno,7,11,Jugo Natural,Bebidas,8,6.0,48.0,Presencial,No,Ninguna,0,Nublado,20,0,4,4,29,12
2025-04-28,Lunes,4,2025,0,0,Desayuno,7,11,Sándwich de Pollo,Sándwiches,8,11.0,88.0,Presencial,No,Ninguna,0,Nublado,20,0,4,6,33,12
2025-04-28,Lunes,4,2025,0,0,Desayuno,7,11,Gaseosa,Bebidas,16,4.0,64.0,Presencial,No,Ninguna,0,Nublado,20,0,4,3,65,13
2025-04-28,Lunes,4,2025,0,0,Almuerzo,12,16,Pollo Broaster,Pollos,30,18.0,540.0,Delivery,No,Ninguna,0,Nublado,20,0,7,20,47,39
2025-04-28,Lunes,4,2025,0,0,Almuerzo,12,16,Gaseosa,Bebidas,37,4.0,148.0,Presencial,No,Ninguna,0,Nublado,20,0,7,5,59,31
2025-04-28,Lunes,4,2025,0,0,Almuerzo,12,16,Salchipapa Especial,Salchipapas,19,15.0,285.0,Presencial,No,Ninguna,0,Nublado,20,0,7,15,43,39
2025-04-28,Lunes,4,2025,0,0,Almuerzo,12,16,Salchipapa Clásica,Salchipapas,22,10.0,220.0,Delivery,No,Ninguna,0,Nublado,20,0,7,8,41,28
2025-04-28,Lunes,4,2025,0,0,Almuerzo,12,16,Alitas BBQ,Pollos,22,20.0,330.0,Presencial,Sí,Combo,25,Nublado,20,0,7,19,41,45
2025-04-28,Lunes,4,2025,0,0,Cena,18,22,Salchipapa Clásica,Salchipapas,17,10.0,170.0,Presencial,No,Ninguna,0,Nublado,20,0,8,11,33,53
2025-04-28,Lunes,4,2025,0,0,Cena,18,22,Pollo Broaster,Pollos,20,18.0,360.0,Presencial,No,Ninguna,0,Nublado,20,0,8,19,35,41
2025-04-28,Lunes,4,2025,0,0,Cena,18,22,Pizza Familiar,Pizzas,12,32.0,384.0,Delivery,No,Ninguna,0,Nublado,20,0,8,15,26,48
2025-04-28,Lunes,4,2025,0,0,Cena,18,22,Pizza Personal,Pizzas,15,13.0,146.25,Delivery,Sí,Descuento,25,Nublado,20,0,8,15,22,65
2025-04-28,Lunes,4,2025,0,0,Cena,18,22,Salchipapa Especial,Salchipapas,24,15.0,360.0,Delivery,No,Ninguna,0,Nublado,20,0,8,10,44,52
2025-04-29,Martes,4,2025,0,0,Desayuno,7,11,Jugo Natural,Bebidas,13,6.0,58.5,Delivery,Sí,Descuento,25,Lluvioso,21,1,4,3,72,30
2025-04-29,Martes,4,2025,0,0,Desayuno,7,11,Hamburguesa Clásica,Hamburguesas,13,12.0,156.0,Presencial,No,Ninguna,0,Lluvioso,21,1,4,9,26,22
2025-04-29,Martes,4,2025,0,0,Desayuno,7,11,Pollo Broaster,Pollos,18,18.0,291.6,Delivery,Sí,Descuento,10,Lluvioso,21,1,4,18,38,43
2025-04-29,Martes,4,2025,0,0,Desayuno,7,11,Cheeseburger,Hamburguesas,9,14.0,126.0,Presencial,No,Ninguna,0,Lluvioso,21,1,4,13,43,33
2025-04-29,Martes,4,2025,0,0,Desayuno,7,11,Alitas BBQ,Pollos,8,20.0,160.0,Presencial,No,Ninguna,0,Lluvioso,21,1,4,20,39,25
2025-04-29,Martes,4,2025,0,0,Desayuno,7,11,Gaseosa,Bebidas,14,4.0,56.0,Presencial,No,Ninguna,0,Lluvioso,21,1,4,2,30,25
2025-04-29,Martes,4,2025,0,0,Almuerzo,12,16,Pizza Familiar,Pizzas,18,32.0,576.0,Web,No,Ninguna,0,Lluvioso,21,1,5,25,39,42
2025-04-29,Martes,4,2025,0,0,Almuerzo,12,16,Cheeseburger,Hamburguesas,30,14.0,420.0,Presencial,No,Ninguna,0,Lluvioso,21,1,5,9,56,37
2025-04-29,Martes,4,2025,0,0,Almuerzo,12,16,Hamburguesa Clásica,Hamburguesas,32,12.0,384.0,Delivery,No,Ninguna,0,Lluvioso,21,1,5,12,61,48
2025-04-29,Martes,4,2025,0,0,Cena,18,22,Salchipapa Especial,Salchipapas,27,15.0,405.0,Web,No,Ninguna,0,Lluvioso,21,1,7,8,42,55
2025-04-29,Martes,4,2025,0,0,Cena,18,22,Gaseosa,Bebidas,32,4.0,128.0,Presencial,No,Ninguna,0,Lluvioso,21,1,7,3,88,57
2025-04-29,Martes,4,2025,0,0,Cena,18,22,Salchipapa Clásica,Salchipapas,18,10.0,180.0,Delivery,No,Ninguna,0,Lluvioso,21,1,7,8,24,73
2025-04-29,Martes,4,2025,0,0,Cena,18,22,Hamburguesa BBQ,Hamburguesas,21,16.0,336.0,Delivery,No,Ninguna,0,Lluvioso,21,1,7,10,37,59
2025-04-30,Miércoles,4,2025,0,0,Desayuno,7,11,Pizza Familiar,Pizzas,5,32.0,160.0,Presencial,No,Ninguna,0,Soleado,26,0,4,24,13,14
2025-04-30,Miércoles,4,2025,0,0,Desayuno,7,11,Hamburguesa Clásica,Hamburguesas,13,12.0,156.0,Delivery,No,Ninguna,0,Soleado,26,0,4,10,21,22
2025-04-30,Miércoles,4,2025,0,0,Desayuno,7,11,Sándwich de Pollo,Sándwiches,8,11.0,88.0,Presencial,No,Ninguna,0,Soleado,26,0,4,12,16,23
2025-04-30,Miércoles,4,2025,0,0,Desayuno,7,11,Cheeseburger,Hamburguesas,7,14.0,98.0,Presencial,No,Ninguna,0,Soleado,26,0,4,9,33,13
2025-04-30,Miércoles,4,2025,0,0,Almuerzo,12,16,Hamburguesa Clásica,Hamburguesas,30,12.0,360.0,Delivery,No,Ninguna,0,Soleado,26,0,5,12,53,30
2025-04-30,Miércoles,4,2025,0,0,Almuerzo,12,16,Alitas BBQ,Pollos,27,20.0,540.0,Web,No,Ninguna,0,Soleado,26,0,5,20,60,29
2025-04-30,Miércoles,4,2025,0,0,Almuerzo,12,16,Gaseosa,Bebidas,35,4.0,140.0,Presencial,No,Ninguna,0,Soleado,26,0,5,2,95,30
2025-04-30,Miércoles,4,2025,0,0,Almuerzo,12,16,Pollo Broaster,Pollos,41,18.0,738.0,Presencial,No,Ninguna,0,Soleado,26,0,5,17,53,44
2025-04-30,Miércoles,4,2025,0,0,Almuerzo,12,16,Salchipapa Especial,Salchipapas,30,15.0,450.0,Presencial,No,Ninguna,0,Soleado,26,0,5,12,56,27
2025-04-30,Miércoles,4,2025,0,0,Cena,18,22,Pizza Personal,Pizzas,17,13.0,221.0,Delivery,No,Ninguna,0,Soleado,26,0,5,16,41,43
2025-04-30,Miércoles,4,2025,0,0,Cena,18,22,Cheeseburger,Hamburguesas,17,14.0,238.0,Web,No,Ninguna,0,Soleado,26,0,5,13,25,54
2025-04-30,Miércoles,4,2025,0,0,Cena,18,22,Gaseosa,Bebidas,36,4.0,144.0,Delivery,No,Ninguna,0,Soleado,26,0,5,4,68,60
2025-04-30,Miércoles,4,2025,0,0,Cena,18,22,Pizza Familiar,Pizzas,18,32.0,576.0,Delivery,No,Ninguna,0,Soleado,26,0,5,15,25,46
2025-04-30,Miércoles,4,2025,0,0,Cena,18,22,Pollo Broaster,Pollos,36,18.0,648.0,Web,No,Ninguna,0,Soleado,26,0,5,12,54,43
2025-05-01,Jueves,5,2025,0,1,Desayuno,7,11,Sándwich de Pollo,Sándwiches,9,11.0,99.0,Presencial,No,Ninguna,0,Soleado,28,0,2,11,32,16
2025-05-01,Jueves,5,2025,0,1,Desayuno,7,11,Cheeseburger,Hamburguesas,11,14.0,154.0,Presencial,No,Ninguna,0,Soleado,28,0,2,11,38,24
2025-05-01,Jueves,5,2025,0,1,Desayuno,7,11,Hamburguesa Clásica,Hamburguesas,8,12.0,96.0,Delivery,No,Ninguna,0,Soleado,28,0,2,8,41,13
2025-05-01,Jueves,5,2025,0,1,Desayuno,7,11,Gaseosa,Bebidas,25,4.0,100.0,Delivery,No,Ninguna,0,Soleado,28,0,2,2,54,24
2025-05-01,Jueves,5,2025,0,1,Almuerzo,12,16,Pizza Familiar,Pizzas,20,32.0,640.0,Presencial,No,Ninguna,0,Soleado,28,0,5,15,39,30
2025-05-01,Jueves,5,2025,0,1,Almuerzo,12,16,Gaseosa,Bebidas,42,4.0,168.0,Presencial,No,Ninguna,0,Soleado,28,0,5,5,92,25
2025-05-01,Jueves,5,2025,0,1,Almuerzo,12,16,Hamburguesa Clásica,Hamburguesas,21,12.0,252.0,Presencial,No,Ninguna,0,Soleado,28,0,5,12,48,28
2025-05-01,Jueves,5,2025,0,1,Cena,18,22,Pizza Familiar,Pizzas,22,32.0,704.0,Presencial,No,Ninguna,0,Soleado,28,0,8,17,32,41
2025-05-01,Jueves,5,2025,0,1,Cena,18,22,Hamburguesa BBQ,Hamburguesas,22,16.0,352.0,Presencial,No,Ninguna,0,Soleado,28,0,8,14,47,57
2025-05-01,Jueves,5,2025,0,1,Cena,18,22,Gaseosa,Bebidas,38,4.0,152.0,Presencial,No,Ninguna,0,Soleado,28,0,8,5,55,57
2025-05-01,Jueves,5,2025,0,1,Cena,18,22,Pollo Broaster,Pollos,38,18.0,684.0,Delivery,No,Ninguna,0,Soleado,28,0,8,13,69,63
2025-05-02,Viernes,5,2025,0,0,Desayuno,7,11,Jugo Natural,Bebidas,12,6.0,72.0,Presencial,No,Ninguna,0,Nublado,22,0,2,2,66,21
2025-05-02,Viernes,5,2025,0,0,Desayuno,7,11,Gaseosa,Bebidas,18,4.0,72.0,Presencial,No,Ninguna,0,Nublado,22,0,2,3,40,23
2025-05-02,Viernes,5,2025,0,0,Desayuno,7,11,Sándwich de Pollo,Sándwiches,12,11.0,118.8,Presencial,Sí,Descuento,10,Nublado,22,0,2,8,36,27
2025-05-02,Viernes,5,2025,0,0,Almuerzo,12,16,Pizza Familiar,Pizzas,24,32.0,768.0,Presencial,No,Ninguna,0,Nublado,22,0,6,18,53,36
2025-05-02,Viernes,5,2025,0,0,Almuerzo,12,16,Hamburguesa Clásica,Hamburguesas,33,12.0,396.0,Web,No,Ninguna,0,Nublado,22,0,6,14,60,36
2025-05-02,Viernes,5,2025,0,0,Almuerzo,12,16,Pollo Broaster,Pollos,53,18.0,954.0,Delivery,No,Ninguna,0,Nublado,22,0,6,12,76,43
2025-05-02,Viernes,5,2025,0,0,Almuerzo,12,16,Hamburguesa BBQ,Hamburguesas,27,16.0,432.0,Presencial,No,Ninguna,0,Nublado,22,0,6,14,35,35
2025-05-02,Viernes,5,2025,0,0,Almuerzo,12,16,Gaseosa,Bebidas,55,4.0,220.0,Web,No,Ninguna,0,Nublado,22,0,6,4,78,43
2025-05-02,Viernes,5,2025,0,0,Cena,18,22,Salchipapa Especial,Salchipapas,26,15.0,390.0,Presencial,No,Ninguna,0,Nublado,22,0,8,12,50,49
2025-05-02,Viernes,5,2025,0,0,Cena,18,22,Hamburguesa BBQ,Hamburguesas,23,16.0,368.0,Delivery,No,Ninguna,0,Nublado,22,0,8,10,42,60
2025-05-02,Viernes,5,2025,0,0,Cena,18,22,Hamburguesa Clásica,Hamburguesas,22,12.0,264.0,Delivery,No,Ninguna,0,Nublado,22,0,8,9,43,61
2025-05-02,Viernes,5,2025,0,0,Cena,18,22,Alitas BBQ,Pollos,25,20.0,500.0,Presencial,No,Ninguna,0,Nublado,22,0,8,14,41,42
2025-05-03,Sábado,5,2025,1,0,Desayuno,7,11,Pollo Broaster,Pollos,23,18.0,414.0,Presencial,No,Ninguna,0,Soleado,24,0,3,17,40,17
2025-05-03,Sábado,5,2025,1,0,Desayuno,7,11,Gaseosa,Bebidas,16,4.0,64.0,Presencial,No,Ninguna,0,Soleado,24,0,3,2,36,33
2025-05-03,Sábado,5,2025,1,0,Desayuno,7,11,Hamburguesa BBQ,Hamburguesas,14,16.0,224.0,Presencial,No,Ninguna,0,Soleado,24,0,3,14,29,23
2025-05-03,Sábado,5,2025,1,0,Almuerzo,12,16,Salchipapa Clásica,Salchipapas,44,10.0,440.0,Presencial,No,Ninguna,0,Soleado,24,0,7,14,74,38
2025-05-03,Sábado,5,2025,1,0,Almuerzo,12,16,Pizza Personal,Pizzas,25,13.0,243.75,Delivery,Sí,Descuento,25,Soleado,24,0,7,21,51,44
2025-05-03,Sábado,5,2025,1,0,Almuerzo,12,16,Hamburguesa Clásica,Hamburguesas,35,12.0,420.0,Presencial,No,Ninguna,0,Soleado,24,0,7,11,43,42
2025-05-03,Sábado,5,2025,1,0,Almuerzo,12,16,Gaseosa,Bebidas,58,4.0,232.0,Presencial,No,Ninguna,0,Soleado,24,0,7,5,111,31
2025-05-03,Sábado,5,2025,1,0,Almuerzo,12,16,Alitas BBQ,Pollos,27,20.0,540.0,Web,No,Ninguna,0,Soleado,24,0,7,18,51,36
2025-05-03,Sábado,5,2025,1,0,Cena,18,22,Salchipapa Especial,Salchipapas,35,15.0,525.0,Presencial,No,Ninguna,0,Soleado,24,0,9,11,53,66
2025-05-03,Sábado,5,2025,1,0,Cena,18,22,Pollo Broaster,Pollos,39,18.0,702.0,Presencial,No,Ninguna,0,Soleado,24,0,9,18,59,45
2025-05-03,Sábado,5,2025,1,0,Cena,18,22,Alitas BBQ,Pollos,21,20.0,420.0,Delivery,No,Ninguna,0,Soleado,24,0,9,20,52,65
2025-05-03,Sábado,5,2025,1,0,Cena,18,22,Hamburguesa BBQ,Hamburguesas,32,16.0,512.0,Delivery,No,Ninguna,0,Soleado,24,0,9,10,56,50
2025-05-03,Sábado,5,2025,1,0,Cena,18,22,Hamburguesa Clásica,Hamburguesas,30,12.0,360.0,Web,No,Ninguna,0,Soleado,24,0,9,14,50,66
2025-05-03,Sábado,5,2025,1,0,Cena,18,22,Sándwich de Pollo,Sándwiches,16,11.0,176.0,Web,No,Ninguna,0,Soleado,24,0,9,6,27,65
2025-05-04,Domingo,5,2025,1,0,Desayuno,7,11,Hamburguesa BBQ,Hamburguesas,14,16.0,168.0,Presencial,Sí,Combo,25,Lluvioso,17,1,2,13,43,48
2025-05-04,Domingo,5,2025,1,0,Desayuno,7,11,Sándwich de Pollo,Sándwiches,12,11.0,132.0,Delivery,No,Ninguna,0,Lluvioso,17,1,2,11,31,44
2025-05-04,Domingo,5,2025,1,0,Desayuno,7,11,Salchipapa Clásica,Salchipapas,10,10.0,100.0,Presencial,No,Ninguna,0,Lluvioso,17,1,2,15,35,44
2025-05-04,Domingo,5,2025,1,0,Desayuno,7,11,Gaseosa,Bebidas,31,4.0,105.4,Delivery,Sí,Combo,15,Lluvioso,17,1,2,4,74,42
2025-05-04,Domingo,5,2025,1,0,Desayuno,7,11,Jugo Natural,Bebidas,9,6.0,54.0,Presencial,No,Ninguna,0,Lluvioso,17,1,2,3,51,41
2025-05-04,Domingo,5,2025,1,0,Almuerzo,12,16,Alitas BBQ,Pollos,31,20.0,620.0,Presencial,No,Ninguna,0,Lluvioso,17,1,7,12,43,50
2025-05-04,Domingo,5,2025,1,0,Almuerzo,12,16,Salchipapa Clásica,Salchipapas,26,10.0,260.0,Delivery,No,Ninguna,0,Lluvioso,17,1,7,8,48,50
2025-05-04,Domingo,5,2025,1,0,Almuerzo,12,16,Pollo Broaster,Pollos,46,18.0,828.0,Presencial,No,Ninguna,0,Lluvioso,17,1,7,18,73,54
2025-05-04,Domingo,5,2025,1,0,Cena,18,22,Sándwich de Pollo,Sándwiches,24,11.0,237.6,Delivery,Sí,Descuento,10,Lluvioso,17,1,8,11,53,90
2025-05-04,Domingo,5,2025,1,0,Cena,18,22,Gaseosa,Bebidas,45,4.0,144.0,Delivery,Sí,Combo,20,Lluvioso,17,1,8,2,72,87
2025-05-04,Domingo,5,2025,1,0,Cena,18,22,Salchipapa Especial,Salchipapas,28,15.0,420.0,Delivery,No,Ninguna,0,Lluvioso,17,1,8,14,35,71
2025-05-04,Domingo,5,2025,1,0,Cena,18,22,Pollo Broaster,Pollos,45,18.0,810.0,Web,No,Ninguna,0,Lluvioso,17,1,8,12,60,80
2025-05-05,Lunes,5,2025,0,0,Desayuno,7,11,Pizza Familiar,Pizzas,6,32.0,192.0,Presencial,No,Ninguna,0,Nublado,21,0,3,22,13,11
2025-05-05,Lunes,5,2025,0,0,Desayuno,7,11,Cheeseburger,Hamburguesas,8,14.0,112.0,Presencial,No,Ninguna,0,Nublado,21,0,3,10,37,14
2025-05-05,Lunes,5,2025,0,0,Desayuno,7,11,Gaseosa,Bebidas,14,4.0,56.0,Presencial,No,Ninguna,0,Nublado,21,0,3,5,41,18
2025-05-05,Lunes,5,2025,0,0,Desayuno,7,11,Hamburguesa Clásica,Hamburguesas,10,12.0,120.0,Presencial,No,Ninguna,0,Nublado,21,0,3,8,39,13
2025-05-05,Lunes,5,2025,0,0,Desayuno,7,11,Sándwich de Pollo,Sándwiches,7,11.0,77.0,Presencial,No,Ninguna,0,Nublado,21,0,3,12,21,21
2025-05-05,Lunes,5,2025,0,0,Desayuno,7,11,Hamburguesa BBQ,Hamburguesas,7,16.0,112.0,Presencial,No,Ninguna,0,Nublado,21,0,3,8,16,22
2025-05-05,Lunes,5,2025,0,0,Almuerzo,12,16,Pollo Broaster,Pollos,29,18.0,522.0,Presencial,No,Ninguna,0,Nublado,21,0,4,20,54,32
2025-05-05,Lunes,5,2025,0,0,Almuerzo,12,16,Salchipapa Especial,Salchipapas,22,15.0,330.0,Delivery,No,Ninguna,0,Nublado,21,0,4,8,52,43
2025-05-05,Lunes,5,2025,0,0,Almuerzo,12,16,Salchipapa Clásica,Salchipapas,17,10.0,170.0,Delivery,No,Ninguna,0,Nublado,21,0,4,14,26,26
2025-05-05,Lunes,5,2025,0,0,Almuerzo,12,16,Cheeseburger,Hamburguesas,16,14.0,224.0,Delivery,No,Ninguna,0,Nublado,21,0,4,9,29,31
2025-05-05,Lunes,5,2025,0,0,Almuerzo,12,16,Gaseosa,Bebidas,29,4.0,116.0,Presencial,No,Ninguna,0,Nublado,21,0,4,3,45,32
2025-05-05,Lunes,5,2025,0,0,Cena,18,22,Pollo Broaster,Pollos,34,18.0,612.0,Delivery,No,Ninguna,0,Nublado,21,0,7,20,53,56
2025-05-05,Lunes,5,2025,0,0,Cena,18,22,Alitas BBQ,Pollos,15,20.0,240.0,Web,Sí,Descuento,20,Nublado,21,0,7,13,41,56
2025-05-05,Lunes,5,2025,0,0,Cena,18,22,Pizza Familiar,Pizzas,12,32.0,384.0,Delivery,No,Ninguna,0,Nublado,21,0,7,15,17,55
2025-05-05,Lunes,5,2025,0,0,Cena,18,22,Hamburguesa BBQ,Hamburguesas,16,16.0,256.0,Delivery,No,Ninguna,0,Nublado,21,0,7,13,50,61
2025-05-05,Lunes,5,2025,0,0,Cena,18,22,Pizza Personal,Pizzas,12,13.0,156.0,Delivery,No,Ninguna,0,Nublado,21,0,7,25,46,65
2025-05-05,Lunes,5,2025,0,0,Cena,18,22,Gaseosa,Bebidas,24,4.0,96.0,Delivery,No,Ninguna,0,Nublado,21,0,7,5,52,42
2025-05-06,Martes,5,2025,0,0,Desayuno,7,11,Salchipapa Especial,Salchipapas,9,15.0,135.0,Presencial,No,Ninguna,0,Soleado,23,0,2,14,29,16
2025-05-06,Martes,5,2025,0,0,Desayuno,7,11,Sándwich de Pollo,Sándwiches,5,11.0,55.0,Presencial,No,Ninguna,0,Soleado,23,0,2,6,16,19
2025-05-06,Martes,5,2025,0,0,Desayuno,7,11,Hamburguesa Clásica,Hamburguesas,10,12.0,120.0,Presencial,No,Ninguna,0,Soleado,23,0,2,11,19,16
2025-05-06,Martes,5,2025,0,0,Desayuno,7,11,Jugo Natural,Bebidas,10,6.0,60.0,Presencial,No,Ninguna,0,Soleado,23,0,2,4,60,20
2025-05-06,Martes,5,2025,0,0,Almuerzo,12,16,Pizza Familiar,Pizzas,15,32.0,480.0,Delivery,No,Ninguna,0,Soleado,23,0,5,20,36,27
2025-05-06,Martes,5,2025,0,0,Almuerzo,12,16,Pollo Broaster,Pollos,14,18.0,252.0,Web,No,Ninguna,0,Soleado,23,0,5,19,32,31
2025-05-06,Martes,5,2025,0,0,Almuerzo,12,16,Hamburguesa Clásica,Hamburguesas,27,12.0,324.0,Presencial,No,Ninguna,0,Soleado,23,0,5,8,55,37
2025-05-06,Martes,5,2025,0,0,Almuerzo,12,16,Salchipapa Clásica,Salchipapas,24,10.0,240.0,Presencial,No,Ninguna,0,Soleado,23,0,5,14,56,40
2025-05-06,Martes,5,2025,0,0,Cena,18,22,Pollo Broaster,Pollos,30,18.0,540.0,Web,No,Ninguna,0,Soleado,23,0,4,20,42,63
2025-05-06,Martes,5,2025,0,0,Cena,18,22,Hamburguesa Clásica,Hamburguesas,22,12.0,264.0,Delivery,No,Ninguna,0,Soleado,23,0,4,8,28,56
2025-05-06,Martes,5,2025,0,0,Cena,18,22,Pizza Familiar,Pizzas,14,32.0,448.0,Web,No,Ninguna,0,Soleado,23,0,4,24,39,47
2025-05-06,Martes,5,2025,0,0,Cena,18,22,Gaseosa,Bebidas,30,4.0,120.0,Delivery,No,Ninguna,0,Soleado,23,0,4,2,78,63
2025-05-06,Martes,5,2025,0,0,Cena,18,22,Hamburguesa BBQ,Hamburguesas,19,16.0,304.0,Web,No,Ninguna,0,Soleado,23,0,4,13,54,53
2025-05-06,Martes,5,2025,0,0,Cena,18,22,Cheeseburger,Hamburguesas,19,14.0,266.0,Presencial,No,Ninguna,0,Soleado,23,0,4,14,35,58
2025-05-07,Miércoles,5,2025,0,0,Desayuno,7,11,Salchipapa Especial,Salchipapas,7,15.0,105.0,Presencial,No,Ninguna,0,Nublado,21,0,2,12,32,17
2025-05-07,Miércoles,5,2025,0,0,Desayuno,7,11,Hamburguesa Clásica,Hamburguesas,16,12.0,192.0,Presencial,No,Ninguna,0,Nublado,21,0,2,13,32,16
2025-05-07,Miércoles,5,2025,0,0,Desayuno,7,11,Alitas BBQ,Pollos,7,20.0,140.0,Presencial,No,Ninguna,0,Nublado,21,0,2,13,41,23
2025-05-07,Miércoles,5,2025,0,0,Desayuno,7,11,Salchipapa Clásica,Salchipapas,11,10.0,110.0,Presencial,No,Ninguna,0,Nublado,21,0,2,8,27,22
2025-05-07,Miércoles,5,2025,0,0,Desayuno,7,11,Gaseosa,Bebidas,18,4.0,72.0,Presencial,No,Ninguna,0,Nublado,21,0,2,4,65,19
2025-05-07,Miércoles,5,2025,0,0,Almuerzo,12,16,Hamburguesa Clásica,Hamburguesas,26,12.0,312.0,Presencial,No,Ninguna,0,Nublado,21,0,6,14,53,30
2025-05-07,Miércoles,5,2025,0,0,Almuerzo,12,16,Pollo Broaster,Pollos,56,18.0,756.0,Delivery,Sí,2x1,25,Nublado,21,0,6,18,63,45
2025-05-07,Miércoles,5,2025,0,0,Almuerzo,12,16,Hamburguesa BBQ,Hamburguesas,17,16.0,272.0,Delivery,No,Ninguna,0,Nublado,21,0,6,8,30,33
2025-05-07,Miércoles,5,2025,0,0,Almuerzo,12,16,Cheeseburger,Hamburguesas,20,14.0,210.0,Delivery,Sí,2x1,25,Nublado,21,0,6,11,31,42
2025-05-07,Miércoles,5,2025,0,0,Cena,18,22,Alitas BBQ,Pollos,24,20.0,480.0,Delivery,No,Ninguna,0,Nublado,21,0,6,18,39,63
2025-05-07,Miércoles,5,2025,0,0,Cena,18,22,Hamburguesa BBQ,Hamburguesas,17,16.0,272.0,Delivery,No,Ninguna,0,Nublado,21,0,6,9,35,50
2025-05-07,Miércoles,5,2025,0,0,Cena,18,22,Pollo Broaster,Pollos,32,18.0,576.0,Presencial,No,Ninguna,0,Nublado,21,0,6,16,47,40
2025-05-07,Miércoles,5,2025,0,0,Cena,18,22,Salchipapa Especial,Salchipapas,19,15.0,285.0,Presencial,No,Ninguna,0,Nublado,21,0,6,12,52,42
2025-05-07,Miércoles,5,2025,0,0,Cena,18,22,Jugo Natural,Bebidas,20,6.0,120.0,Presencial,No,Ninguna,0,Nublado,21,0,6,5,67,62
2025-05-07,Miércoles,5,2025,0,0,Cena,18,22,Pizza Familiar,Pizzas,12,32.0,384.0,Delivery,No,Ninguna,0,Nublado,21,0,6,23,35,45
2025-05-08,Jueves,5,2025,0,0,Desayuno,7,11,Sándwich de Pollo,Sándwiches,9,11.0,84.15,Presencial,Sí,Combo,15,Nublado,22,0,3,7,22,14
2025-05-08,Jueves,5,2025,0,0,Desayuno,7,11,Jugo Natural,Bebidas,10,6.0,60.0,Delivery,No,Ninguna,0,Nublado,22,0,3,3,47,25
2025-05-08,Jueves,5,2025,0,0,Desayuno,7,11,Cheeseburger,Hamburguesas,8,14.0,112.0,Delivery,No,Ninguna,0,Nublado,22,0,3,10,34,24
2025-05-08,Jueves,5,2025,0,0,Almuerzo,12,16,Gaseosa,Bebidas,35,4.0,140.0,Delivery,No,Ninguna,0,Nublado,22,0,5,2,55,44
2025-05-08,Jueves,5,2025,0,0,Almuerzo,12,16,Salchipapa Clásica,Salchipapas,20,10.0,200.0,Presencial,No,Ninguna,0,Nublado,22,0,5,12,49,43
2025-05-08,Jueves,5,2025,0,0,Almuerzo,12,16,Pollo Broaster,Pollos,23,18.0,414.0,Presencial,No,Ninguna,0,Nublado,22,0,5,12,49,33
2025-05-08,Jueves,5,2025,0,0,Almuerzo,12,16,Salchipapa Especial,Salchipapas,29,15.0,435.0,Presencial,No,Ninguna,0,Nublado,22,0,5,15,43,32
2025-05-08,Jueves,5,2025,0,0,Almuerzo,12,16,Pizza Personal,Pizzas,11,13.0,143.0,Presencial,No,Ninguna,0,Nublado,22,0,5,23,41,31
2025-05-08,Jueves,5,2025,0,0,Almuerzo,12,16,Alitas BBQ,Pollos,26,20.0,520.0,Presencial,No,Ninguna,0,Nublado,22,0,5,17,51,42
2025-05-08,Jueves,5,2025,0,0,Cena,18,22,Gaseosa,Bebidas,32,4.0,128.0,Presencial,No,Ninguna,0,Nublado,22,0,6,2,66,50
2025-05-08,Jueves,5,2025,0,0,Cena,18,22,Salchipapa Especial,Salchipapas,25,15.0,375.0,Presencial,No,Ninguna,0,Nublado,22,0,6,12,56,60
2025-05-08,Jueves,5,2025,0,0,Cena,18,22,Pollo Broaster,Pollos,30,18.0,459.0,Delivery,Sí,Descuento,15,Nublado,22,0,6,18,56,66
2025-05-08,Jueves,5,2025,0,0,Cena,18,22,Alitas BBQ,Pollos,21,20.0,420.0,Delivery,No,Ninguna,0,Nublado,22,0,6,16,43,41
2025-05-09,Viernes,5,2025,0,0,Desayuno,7,11,Sándwich de Pollo,Sándwiches,9,11.0,99.0,Presencial,No,Ninguna,0,Nublado,18,0,4,9,40,14
2025-05-09,Viernes,5,2025,0,0,Desayuno,7,11,Cheeseburger,Hamburguesas,11,14.0,154.0,Presencial,No,Ninguna,0,Nublado,18,0,4,11,18,18
2025-05-09,Viernes,5,2025,0,0,Desayuno,7,11,Jugo Natural,Bebidas,9,6.0,54.0,Presencial,No,Ninguna,0,Nublado,18,0,4,5,25,10
2025-05-09,Viernes,5,2025,0,0,Desayuno,7,11,Hamburguesa Clásica,Hamburguesas,19,12.0,171.0,Presencial,Sí,2x1,25,Nublado,18,0,4,8,44,19
2025-05-09,Viernes,5,2025,0,0,Desayuno,7,11,Gaseosa,Bebidas,17,4.0,68.0,Delivery,No,Ninguna,0,Nublado,18,0,4,4,46,14
2025-05-09,Viernes,5,2025,0,0,Almuerzo,12,16,Alitas BBQ,Pollos,32,20.0,640.0,Presencial,No,Ninguna,0,Nublado,18,0,4,19,38,36
2025-05-09,Viernes,5,2025,0,0,Almuerzo,12,16,Pizza Personal,Pizzas,21,13.0,273.0,Web,No,Ninguna,0,Nublado,18,0,4,15,44,39
2025-05-09,Viernes,5,2025,0,0,Almuerzo,12,16,Jugo Natural,Bebidas,32,6.0,192.0,Web,No,Ninguna,0,Nublado,18,0,4,4,61,36
2025-05-09,Viernes,5,2025,0,0,Almuerzo,12,16,Salchipapa Clásica,Salchipapas,22,10.0,220.0,Web,No,Ninguna,0,Nublado,18,0,4,15,44,41
2025-05-09,Viernes,5,2025,0,0,Cena,18,22,Hamburguesa BBQ,Hamburguesas,24,16.0,384.0,Web,No,Ninguna,0,Nublado,18,0,4,13,49,62
2025-05-09,Viernes,5,2025,0,0,Cena,18,22,Pizza Familiar,Pizzas,17,32.0,544.0,Delivery,No,Ninguna,0,Nublado,18,0,4,23,24,43
2025-05-09,Viernes,5,2025,0,0,Cena,18,22,Pollo Broaster,Pollos,42,18.0,756.0,Web,No,Ninguna,0,Nublado,18,0,4,13,58,55
2025-05-09,Viernes,5,2025,0,0,Cena,18,22,Pizza Personal,Pizzas,20,13.0,260.0,Presencial,No,Ninguna,0,Nublado,18,0,4,18,44,65
2025-05-10,Sábado,5,2025,1,0,Desayuno,7,11,Gaseosa,Bebidas,18,4.0,72.0,Presencial,No,Ninguna,0,Soleado,31,0,4,2,69,25
2025-05-10,Sábado,5,2025,1,0,Desayuno,7,11,Jugo Natural,Bebidas,16,6.0,96.0,Presencial,No,Ninguna,0,Soleado,31,0,4,2,34,18
2025-05-10,Sábado,5,2025,1,0,Desayuno,7,11,Hamburguesa Clásica,Hamburguesas,16,12.0,172.8,Presencial,Sí,Combo,10,Soleado,31,0,4,9,46,31
2025-05-10,Sábado,5,2025,1,0,Desayuno,7,11,Cheeseburger,Hamburguesas,13,14.0,182.0,Presencial,No,Ninguna,0,Soleado,31,0,4,11,38,24
2025-05-10,Sábado,5,2025,1,0,Almuerzo,12,16,Sándwich de Pollo,Sándwiches,25,11.0,275.0,Presencial,No,Ninguna,0,Soleado,31,0,4,11,52,46
2025-05-10,Sábado,5,2025,1,0,Almuerzo,12,16,Pollo Broaster,Pollos,43,18.0,774.0,Presencial,No,Ninguna,0,Soleado,31,0,4,15,60,38
2025-05-10,Sábado,5,2025,1,0,Almuerzo,12,16,Pizza Personal,Pizzas,39,13.0,430.95,Presencial,Sí,Descuento,15,Soleado,31,0,4,21,51,47
2025-05-10,Sábado,5,2025,1,0,Almuerzo,12,16,Salchipapa Especial,Salchipapas,40,15.0,450.0,Presencial,Sí,Descuento,25,Soleado,31,0,4,13,51,39
2025-05-10,Sábado,5,2025,1,0,Cena,18,22,Pizza Familiar,Pizzas,18,32.0,576.0,Delivery,No,Ninguna,0,Soleado,31,0,7,20,44,69
2025-05-10,Sábado,5,2025,1,0,Cena,18,22,Pizza Personal,Pizzas,22,13.0,286.0,Delivery,No,Ninguna,0,Soleado,31,0,7,18,45,51
2025-05-10,Sábado,5,2025,1,0,Cena,18,22,Salchipapa Clásica,Salchipapas,37,10.0,314.5,Delivery,Sí,2x1,15,Soleado,31,0,7,10,64,75
2025-05-10,Sábado,5,2025,1,0,Cena,18,22,Pollo Broaster,Pollos,39,18.0,702.0,Delivery,No,Ninguna,0,Soleado,31,0,7,17,53,60
2025-05-11,Domingo,5,2025,1,0,Desayuno,7,11,Jugo Natural,Bebidas,13,6.0,78.0,Presencial,No,Ninguna,0,Nublado,18,0,2,4,65,21
2025-05-11,Domingo,5,2025,1,0,Desayuno,7,11,Sándwich de Pollo,Sándwiches,7,11.0,77.0,Presencial,No,Ninguna,0,Nublado,18,0,2,6,27,19
2025-05-11,Domingo,5,2025,1,0,Desayuno,7,11,Cheeseburger,Hamburguesas,10,14.0,140.0,Presencial,No,Ninguna,0,Nublado,18,0,2,9,37,32
2025-05-11,Domingo,5,2025,1,0,Desayuno,7,11,Gaseosa,Bebidas,21,4.0,84.0,Presencial,No,Ninguna,0,Nublado,18,0,2,4,57,14
2025-05-11,Domingo,5,2025,1,0,Desayuno,7,11,Salchipapa Clásica,Salchipapas,11,10.0,110.0,Presencial,No,Ninguna,0,Nublado,18,0,2,15,22,24
2025-05-11,Domingo,5,2025,1,0,Almuerzo,12,16,Gaseosa,Bebidas,47,4.0,188.0,Web,No,Ninguna,0,Nublado,18,0,7,3,86,41
2025-05-11,Domingo,5,2025,1,0,Almuerzo,12,16,Sándwich de Pollo,Sándwiches,23,11.0,253.0,Presencial,No,Ninguna,0,Nublado,18,0,7,6,29,39
2025-05-11,Domingo,5,2025,1,0,Almuerzo,12,16,Hamburguesa BBQ,Hamburguesas,26,16.0,416.0,Delivery,No,Ninguna,0,Nublado,18,0,7,10,54,35
2025-05-11,Domingo,5,2025,1,0,Almuerzo,12,16,Hamburguesa Clásica,Hamburguesas,30,12.0,360.0,Presencial,No,Ninguna,0,Nublado,18,0,7,14,57,37
2025-05-11,Domingo,5,2025,1,0,Cena,18,22,Pizza Familiar,Pizzas,19,32.0,608.0,Delivery,No,Ninguna,0,Nublado,18,0,8,18,52,62
2025-05-11,Domingo,5,2025,1,0,Cena,18,22,Salchipapa Especial,Salchipapas,23,15.0,345.0,Delivery,No,Ninguna,0,Nublado,18,0,8,11,31,64
2025-05-11,Domingo,5,2025,1,0,Cena,18,22,Pollo Broaster,Pollos,43,18.0,774.0,Delivery,No,Ninguna,0,Nublado,18,0,8,12,58,46
2025-05-11,Domingo,5,2025,1,0,Cena,18,22,Hamburguesa BBQ,Hamburguesas,27,16.0,345.6,Delivery,Sí,Descuento,20,Nublado,18,0,8,8,39,73
2025-05-11,Domingo,5,2025,1,0,Cena,18,22,Sándwich de Pollo,Sándwiches,22,11.0,242.0,Web,No,Ninguna,0,Nublado,18,0,8,12,46,62
2025-05-12,Lunes,5,2025,0,0,Desayuno,7,11,Gaseosa,Bebidas,13,4.0,52.0,Presencial,No,Ninguna,0,Soleado,24,0,4,2,71,19
2025-05-12,Lunes,5,2025,0,0,Desayuno,7,11,Jugo Natural,Bebidas,10,6.0,60.0,Presencial,No,Ninguna,0,Soleado,24,0,4,3,40,21
2025-05-12,Lunes,5,2025,0,0,Desayuno,7,11,Cheeseburger,Hamburguesas,5,14.0,70.0,Presencial,No,Ninguna,0,Soleado,24,0,4,14,13,14
2025-05-12,Lunes,5,2025,0,0,Desayuno,7,11,Hamburguesa Clásica,Hamburguesas,8,12.0,96.0,Presencial,No,Ninguna,0,Soleado,24,0,4,13,42,23
2025-05-12,Lunes,5,2025,0,0,Desayuno,7,11,Sándwich de Pollo,Sándwiches,8,11.0,88.0,Presencial,No,Ninguna,0,Soleado,24,0,4,7,33,21
2025-05-12,Lunes,5,2025,0,0,Desayuno,7,11,Hamburguesa BBQ,Hamburguesas,7,16.0,112.0,Presencial,No,Ninguna,0,Soleado,24,0,4,10,38,16
2025-05-12,Lunes,5,2025,0,0,Almuerzo,12,16,Salchipapa Clásica,Salchipapas,18,10.0,180.0,Delivery,No,Ninguna,0,Soleado,24,0,6,8,36,31
2025-05-12,Lunes,5,2025,0,0,Almuerzo,12,16,Pizza Personal,Pizzas,18,13.0,234.0,Presencial,No,Ninguna,0,Soleado,24,0,6,24,39,30
2025-05-12,Lunes,5,2025,0,0,Almuerzo,12,16,Pollo Broaster,Pollos,28,18.0,504.0,Presencial,No,Ninguna,0,Soleado,24,0,6,12,38,27
2025-05-12,Lunes,5,2025,0,0,Almuerzo,12,16,Salchipapa Especial,Salchipapas,15,15.0,225.0,Presencial,No,Ninguna,0,Soleado,24,0,6,8,25,30
2025-05-12,Lunes,5,2025,0,0,Cena,18,22,Pizza Personal,Pizzas,16,13.0,187.2,Presencial,Sí,Combo,10,Soleado,24,0,8,23,23,63
2025-05-12,Lunes,5,2025,0,0,Cena,18,22,Cheeseburger,Hamburguesas,16,14.0,224.0,Delivery,No,Ninguna,0,Soleado,24,0,8,9,32,54
2025-05-12,Lunes,5,2025,0,0,Cena,18,22,Gaseosa,Bebidas,30,4.0,120.0,Delivery,No,Ninguna,0,Soleado,24,0,8,4,53,46
2025-05-12,Lunes,5,2025,0,0,Cena,18,22,Hamburguesa Clásica,Hamburguesas,14,12.0,168.0,Presencial,No,Ninguna,0,Soleado,24,0,8,9,48,41
2025-05-13,Martes,5,2025,0,0,Desayuno,7,11,Gaseosa,Bebidas,17,4.0,68.0,Presencial,No,Ninguna,0,Lluvioso,16,1,2,5,54,26
2025-05-13,Martes,5,2025,0,0,Desayuno,7,11,Salchipapa Especial,Salchipapas,11,15.0,165.0,Presencial,No,Ninguna,0,Lluvioso,16,1,2,13,21,23
2025-05-13,Martes,5,2025,0,0,Desayuno,7,11,Pollo Broaster,Pollos,9,18.0,162.0,Delivery,No,Ninguna,0,Lluvioso,16,1,2,19,17,26
2025-05-13,Martes,5,2025,0,0,Desayuno,7,11,Cheeseburger,Hamburguesas,8,14.0,112.0,Delivery,No,Ninguna,0,Lluvioso,16,1,2,13,15,28
2025-05-13,Martes,5,2025,0,0,Almuerzo,12,16,Pizza Personal,Pizzas,15,13.0,195.0,Web,No,Ninguna,0,Lluvioso,16,1,5,23,34,45
2025-05-13,Martes,5,2025,0,0,Almuerzo,12,16,Sándwich de Pollo,Sándwiches,16,11.0,176.0,Web,No,Ninguna,0,Lluvioso,16,1,5,6,27,45
2025-05-13,Martes,5,2025,0,0,Almuerzo,12,16,Pollo Broaster,Pollos,22,18.0,396.0,Delivery,No,Ninguna,0,Lluvioso,16,1,5,15,42,60
2025-05-13,Martes,5,2025,0,0,Almuerzo,12,16,Hamburguesa BBQ,Hamburguesas,19,16.0,304.0,Presencial,No,Ninguna,0,Lluvioso,16,1,5,8,32,47
2025-05-13,Martes,5,2025,0,0,Almuerzo,12,16,Hamburguesa Clásica,Hamburguesas,20,12.0,240.0,Delivery,No,Ninguna,0,Lluvioso,16,1,5,14,38,60
2025-05-13,Martes,5,2025,0,0,Cena,18,22,Gaseosa,Bebidas,29,4.0,116.0,Web,No,Ninguna,0,Lluvioso,16,1,6,5,55,62
2025-05-13,Martes,5,2025,0,0,Cena,18,22,Salchipapa Especial,Salchipapas,26,15.0,390.0,Web,No,Ninguna,0,Lluvioso,16,1,6,11,52,74
2025-05-13,Martes,5,2025,0,0,Cena,18,22,Cheeseburger,Hamburguesas,17,14.0,238.0,Delivery,No,Ninguna,0,Lluvioso,16,1,6,14,46,83
2025-05-14,Miércoles,5,2025,0,0,Desayuno,7,11,Gaseosa,Bebidas,16,4.0,64.0,Delivery,No,Ninguna,0,Nublado,24,0,2,4,64,22
2025-05-14,Miércoles,5,2025,0,0,Desayuno,7,11,Sándwich de Pollo,Sándwiches,7,11.0,77.0,Presencial,No,Ninguna,0,Nublado,24,0,2,6,27,12
2025-05-14,Miércoles,5,2025,0,0,Desayuno,7,11,Salchipapa Clásica,Salchipapas,8,10.0,80.0,Delivery,No,Ninguna,0,Nublado,24,0,2,14,42,24
2025-05-14,Miércoles,5,2025,0,0,Almuerzo,12,16,Sándwich de Pollo,Sándwiches,21,11.0,231.0,Presencial,No,Ninguna,0,Nublado,24,0,7,10,38,26
2025-05-14,Miércoles,5,2025,0,0,Almuerzo,12,16,Pollo Broaster,Pollos,32,18.0,576.0,Presencial,No,Ninguna,0,Nublado,24,0,7,19,66,41
2025-05-14,Miércoles,5,2025,0,0,Almuerzo,12,16,Pizza Personal,Pizzas,18,13.0,234.0,Presencial,No,Ninguna,0,Nublado,24,0,7,23,33,42
2025-05-14,Miércoles,5,2025,0,0,Cena,18,22,Hamburguesa Clásica,Hamburguesas,20,12.0,192.0,Delivery,Sí,Combo,20,Nublado,24,0,8,9,37,55
2025-05-14,Miércoles,5,2025,0,0,Cena,18,22,Pollo Broaster,Pollos,29,18.0,522.0,Delivery,No,Ninguna,0,Nublado,24,0,8,20,37,53
2025-05-14,Miércoles,5,2025,0,0,Cena,18,22,Pizza Familiar,Pizzas,15,32.0,480.0,Delivery,No,Ninguna,0,Nublado,24,0,8,24,40,47
2025-05-14,Miércoles,5,2025,0,0,Cena,18,22,Salchipapa Especial,Salchipapas,21,15.0,315.0,Presencial,No,Ninguna,0,Nublado,24,0,8,10,40,42
2025-05-15,Jueves,5,2025,0,0,Desayuno,7,11,Sándwich de Pollo,Sándwiches,8,11.0,88.0,Presencial,No,Ninguna,0,Nublado,23,0,3,12,43,22
2025-05-15,Jueves,5,2025,0,0,Desayuno,7,11,Cheeseburger,Hamburguesas,9,14.0,126.0,Presencial,No,Ninguna,0,Nublado,23,0,3,9,32,24
2025-05-15,Jueves,5,2025,0,0,Desayuno,7,11,Hamburguesa Clásica,Hamburguesas,14,12.0,168.0,Presencial,No,Ninguna,0,Nublado,23,0,3,11,23,11
2025-05-15,Jueves,5,2025,0,0,Desayuno,7,11,Hamburguesa BBQ,Hamburguesas,11,16.0,176.0,Presencial,No,Ninguna,0,Nublado,23,0,3,8,43,19
2025-05-15,Jueves,5,2025,0,0,Almuerzo,12,16,Hamburguesa Clásica,Hamburguesas,26,12.0,312.0,Presencial,No,Ninguna,0,Nublado,23,0,7,14,59,37
2025-05-15,Jueves,5,2025,0,0,Almuerzo,12,16,Gaseosa,Bebidas,37,4.0,148.0,Delivery,No,Ninguna,0,Nublado,23,0,7,5,64,36
2025-05-15,Jueves,5,2025,0,0,Almuerzo,12,16,Cheeseburger,Hamburguesas,19,14.0,266.0,Presencial,No,Ninguna,0,Nublado,23,0,7,8,42,42
2025-05-15,Jueves,5,2025,0,0,Almuerzo,12,16,Pizza Personal,Pizzas,16,13.0,187.2,Delivery,Sí,Descuento,10,Nublado,23,0,7,17,27,45
2025-05-15,Jueves,5,2025,0,0,Cena,18,22,Gaseosa,Bebidas,28,4.0,112.0,Delivery,No,Ninguna,0,Nublado,23,0,5,5,61,43
2025-05-15,Jueves,5,2025,0,0,Cena,18,22,Alitas BBQ,Pollos,22,20.0,440.0,Delivery,No,Ninguna,0,Nublado,23,0,5,14,33,48
2025-05-15,Jueves,5,2025,0,0,Cena,18,22,Hamburguesa BBQ,Hamburguesas,17,16.0,217.6,Web,Sí,Descuento,20,Nublado,23,0,5,11,33,66
2025-05-15,Jueves,5,2025,0,0,Cena,18,22,Hamburguesa Clásica,Hamburguesas,20,12.0,216.0,Delivery,Sí,Descuento,10,Nublado,23,0,5,12,41,57
2025-05-15,Jueves,5,2025,0,0,Cena,18,22,Pizza Familiar,Pizzas,14,32.0,448.0,Presencial,No,Ninguna,0,Nublado,23,0,5,16,23,56
2025-05-15,Jueves,5,2025,0,0,Cena,18,22,Jugo Natural,Bebidas,21,6.0,113.4,Presencial,Sí,Descuento,10,Nublado,23,0,5,5,79,58
2025-05-16,Viernes,5,2025,0,0,Desayuno,7,11,Gaseosa,Bebidas,21,4.0,84.0,Presencial,No,Ninguna,0,Nublado,20,0,4,5,57,24
2025-05-16,Viernes,5,2025,0,0,Desayuno,7,11,Hamburguesa Clásica,Hamburguesas,15,12.0,180.0,Delivery,No,Ninguna,0,Nublado,20,0,4,12,42,24
2025-05-16,Viernes,5,2025,0,0,Desayuno,7,11,Sándwich de Pollo,Sándwiches,9,11.0,99.0,Presencial,No,Ninguna,0,Nublado,20,0,4,11,31,16
2025-05-16,Viernes,5,2025,0,0,Desayuno,7,11,Hamburguesa BBQ,Hamburguesas,12,16.0,163.2,Presencial,Sí,2x1,15,Nublado,20,0,4,8,35,15
2025-05-16,Viernes,5,2025,0,0,Desayuno,7,11,Jugo Natural,Bebidas,14,6.0,84.0,Presencial,No,Ninguna,0,Nublado,20,0,4,5,33,23
2025-05-16,Viernes,5,2025,0,0,Almuerzo,12,16,Salchipapa Especial,Salchipapas,20,15.0,300.0,Presencial,No,Ninguna,0,Nublado,20,0,6,10,51,43
2025-05-16,Viernes,5,2025,0,0,Almuerzo,12,16,Cheeseburger,Hamburguesas,16,14.0,224.0,Presencial,No,Ninguna,0,Nublado,20,0,6,9,29,38
2025-05-16,Viernes,5,2025,0,0,Almuerzo,12,16,Sándwich de Pollo,Sándwiches,21,11.0,231.0,Presencial,No,Ninguna,0,Nublado,20,0,6,10,42,33
2025-05-16,Viernes,5,2025,0,0,Cena,18,22,Sándwich de Pollo,Sándwiches,23,11.0,253.0,Delivery,No,Ninguna,0,Nublado,20,0,8,11,35,43
2025-05-16,Viernes,5,2025,0,0,Cena,18,22,Pollo Broaster,Pollos,21,18.0,378.0,Presencial,No,Ninguna,0,Nublado,20,0,8,13,43,58
2025-05-16,Viernes,5,2025,0,0,Cena,18,22,Gaseosa,Bebidas,27,4.0,108.0,Presencial,No,Ninguna,0,Nublado,20,0,8,3,77,56
2025-05-16,Viernes,5,2025,0,0,Cena,18,22,Pizza Familiar,Pizzas,13,32.0,416.0,Delivery,No,Ninguna,0,Nublado,20,0,8,16,21,52
2025-05-17,Sábado,5,2025,1,0,Desayuno,7,11,Gaseosa,Bebidas,29,4.0,98.6,Presencial,Sí,2x1,15,Soleado,29,0,4,2,58,35
2025-05-17,Sábado,5,2025,1,0,Desayuno,7,11,Jugo Natural,Bebidas,16,6.0,72.0,Presencial,Sí,Descuento,25,Soleado,29,0,4,3,55,24
2025-05-17,Sábado,5,2025,1,0,Desayuno,7,11,Cheeseburger,Hamburguesas,12,14.0,168.0,Presencial,No,Ninguna,0,Soleado,29,0,4,10,30,25
2025-05-17,Sábado,5,2025,1,0,Desayuno,7,11,Sándwich de Pollo,Sándwiches,11,11.0,121.0,Delivery,No,Ninguna,0,Soleado,29,0,4,8,21,29
2025-05-17,Sábado,5,2025,1,0,Desayuno,7,11,Hamburguesa Clásica,Hamburguesas,18,12.0,216.0,Presencial,No,Ninguna,0,Soleado,29,0,4,11,29,21
2025-05-17,Sábado,5,2025,1,0,Almuerzo,12,16,Salchipapa Especial,Salchipapas,34,15.0,510.0,Delivery,No,Ninguna,0,Soleado,29,0,6,15,65,46
2025-05-17,Sábado,5,2025,1,0,Almuerzo,12,16,Salchipapa Clásica,Salchipapas,36,10.0,360.0,Delivery,No,Ninguna,0,Soleado,29,0,6,11,59,33
2025-05-17,Sábado,5,2025,1,0,Almuerzo,12,16,Pollo Broaster,Pollos,37,18.0,666.0,Delivery,No,Ninguna,0,Soleado,29,0,6,19,65,46
2025-05-17,Sábado,5,2025,1,0,Almuerzo,12,16,Sándwich de Pollo,Sándwiches,23,11.0,253.0,Delivery,No,Ninguna,0,Soleado,29,0,6,10,52,32
2025-05-17,Sábado,5,2025,1,0,Cena,18,22,Pollo Broaster,Pollos,36,18.0,648.0,Delivery,No,Ninguna,0,Soleado,29,0,7,18,58,51
2025-05-17,Sábado,5,2025,1,0,Cena,18,22,Gaseosa,Bebidas,32,4.0,128.0,Delivery,No,Ninguna,0,Soleado,29,0,7,5,52,52
2025-05-17,Sábado,5,2025,1,0,Cena,18,22,Hamburguesa Clásica,Hamburguesas,37,12.0,444.0,Web,No,Ninguna,0,Soleado,29,0,7,9,62,66
2025-05-17,Sábado,5,2025,1,0,Cena,18,22,Salchipapa Especial,Salchipapas,32,15.0,480.0,Delivery,No,Ninguna,0,Soleado,29,0,7,12,42,54
2025-05-17,Sábado,5,2025,1,0,Cena,18,22,Pizza Familiar,Pizzas,22,32.0,704.0,Web,No,Ninguna,0,Soleado,29,0,7,15,44,67
2025-05-17,Sábado,5,2025,1,0,Cena,18,22,Pizza Personal,Pizzas,27,13.0,298.35,Delivery,Sí,Descuento,15,Soleado,29,0,7,21,54,56
2025-05-18,Domingo,5,2025,1,0,Desayuno,7,11,Alitas BBQ,Pollos,10,20.0,200.0,Presencial,No,Ninguna,0,Nublado,20,0,5,13,33,28
2025-05-18,Domingo,5,2025,1,0,Desayuno,7,11,Gaseosa,Bebidas,18,4.0,72.0,Presencial,No,Ninguna,0,Nublado,20,0,5,2,37,27
2025-05-18,Domingo,5,2025,1,0,Desayuno,7,11,Jugo Natural,Bebidas,10,6.0,60.0,Presencial,No,Ninguna,0,Nublado,20,0,5,2,52,20
2025-05-18,Domingo,5,2025,1,0,Desayuno,7,11,Hamburguesa Clásica,Hamburguesas,20,12.0,204.0,Presencial,Sí,Combo,15,Nublado,20,0,5,8,42,28
2025-05-18,Domingo,5,2025,1,0,Almuerzo,12,16,Salchipapa Clásica,Salchipapas,26,10.0,260.0,Delivery,No,Ninguna,0,Nublado,20,0,5,12,32,42
2025-05-18,Domingo,5,2025,1,0,Almuerzo,12,16,Pollo Broaster,Pollos,38,18.0,684.0,Presencial,No,Ninguna,0,Nublado,20,0,5,15,53,29
2025-05-18,Domingo,5,2025,1,0,Almuerzo,12,16,Hamburguesa Clásica,Hamburguesas,36,12.0,432.0,Presencial,No,Ninguna,0,Nublado,20,0,5,12,56,34
2025-05-18,Domingo,5,2025,1,0,Almuerzo,12,16,Gaseosa,Bebidas,49,4.0,196.0,Delivery,No,Ninguna,0,Nublado,20,0,5,2,73,38
2025-05-18,Domingo,5,2025,1,0,Cena,18,22,Salchipapa Especial,Salchipapas,50,15.0,637.5,Delivery,Sí,2x1,15,Nublado,20,0,6,11,60,74
2025-05-18,Domingo,5,2025,1,0,Cena,18,22,Pizza Familiar,Pizzas,14,32.0,448.0,Delivery,No,Ninguna,0,Nublado,20,0,6,17,37,68
2025-05-18,Domingo,5,2025,1,0,Cena,18,22,Salchipapa Clásica,Salchipapas,21,10.0,210.0,Web,No,Ninguna,0,Nublado,20,0,6,14,35,50
2025-05-18,Domingo,5,2025,1,0,Cena,18,22,Hamburguesa Clásica,Hamburguesas,30,12.0,360.0,Web,No,Ninguna,0,Nublado,20,0,6,13,42,52
2025-05-18,Domingo,5,2025,1,0,Cena,18,22,Jugo Natural,Bebidas,26,6.0,132.6,Delivery,Sí,Combo,15,Nublado,20,0,6,4,74,53
2025-05-19,Lunes,5,2025,0,0,Desayuno,7,11,Sándwich de Pollo,Sándwiches,10,11.0,99.0,Presencial,Sí,Descuento,10,Soleado,27,0,4,6,40,18
2025-05-19,Lunes,5,2025,0,0,Desayuno,7,11,Gaseosa,Bebidas,12,4.0,48.0,Web,No,Ninguna,0,Soleado,27,0,4,4,37,23
2025-05-19,Lunes,5,2025,0,0,Desayuno,7,11,Jugo Natural,Bebidas,9,6.0,54.0,Presencial,No,Ninguna,0,Soleado,27,0,4,5,40,17
2025-05-19,Lunes,5,2025,0,0,Desayuno,7,11,Alitas BBQ,Pollos,11,20.0,220.0,Presencial,No,Ninguna,0,Soleado,27,0,4,15,29,11
2025-05-19,Lunes,5,2025,0,0,Desayuno,7,11,Salchipapa Clásica,Salchipapas,8,10.0,80.0,Delivery,No,Ninguna,0,Soleado,27,0,4,12,37,21
2025-05-19,Lunes,5,2025,0,0,Almuerzo,12,16,Salchipapa Especial,Salchipapas,25,15.0,375.0,Presencial,No,Ninguna,0,Soleado,27,0,7,11,36,40
2025-05-19,Lunes,5,2025,0,0,Almuerzo,12,16,Hamburguesa Clásica,Hamburguesas,17,12.0,204.0,Presencial,No,Ninguna,0,Soleado,27,0,7,10,44,33
2025-05-19,Lunes,5,2025,0,0,Almuerzo,12,16,Gaseosa,Bebidas,39,4.0,156.0,Web,No,Ninguna,0,Soleado,27,0,7,4,59,45
2025-05-19,Lunes,5,2025,0,0,Almuerzo,12,16,Pizza Personal,Pizzas,19,13.0,247.0,Presencial,No,Ninguna,0,Soleado,27,0,7,18,27,44
2025-05-19,Lunes,5,2025,0,0,Almuerzo,12,16,Cheeseburger,Hamburguesas,19,14.0,266.0,Presencial,No,Ninguna,0,Soleado,27,0,7,10,50,38
2025-05-19,Lunes,5,2025,0,0,Cena,18,22,Alitas BBQ,Pollos,15,20.0,300.0,Delivery,No,Ninguna,0,Soleado,27,0,8,14,44,60
2025-05-19,Lunes,5,2025,0,0,Cena,18,22,Pizza Familiar,Pizzas,13,32.0,416.0,Delivery,No,Ninguna,0,Soleado,27,0,8,15,40,65
2025-05-19,Lunes,5,2025,0,0,Cena,18,22,Salchipapa Clásica,Salchipapas,15,10.0,150.0,Delivery,No,Ninguna,0,Soleado,27,0,8,11,46,63
2025-05-19,Lunes,5,2025,0,0,Cena,18,22,Hamburguesa BBQ,Hamburguesas,17,16.0,272.0,Web,No,Ninguna,0,Soleado,27,0,8,8,24,40
2025-05-20,Martes,5,2025,0,0,Desayuno,7,11,Salchipapa Clásica,Salchipapas,11,10.0,110.0,Presencial,No,Ninguna,0,Lluvioso,19,1,2,14,23,40
2025-05-20,Martes,5,2025,0,0,Desayuno,7,11,Pizza Familiar,Pizzas,6,32.0,144.0,Presencial,Sí,2x1,25,Lluvioso,19,1,2,24,27,43
2025-05-20,Martes,5,2025,0,0,Desayuno,7,11,Hamburguesa Clásica,Hamburguesas,9,12.0,108.0,Delivery,No,Ninguna,0,Lluvioso,19,1,2,12,38,36
2025-05-20,Martes,5,2025,0,0,Desayuno,7,11,Gaseosa,Bebidas,12,4.0,48.0,Web,No,Ninguna,0,Lluvioso,19,1,2,3,47,23
2025-05-20,Martes,5,2025,0,0,Almuerzo,12,16,Salchipapa Clásica,Salchipapas,22,10.0,220.0,Delivery,No,Ninguna,0,Lluvioso,19,1,5,10,28,56
2025-05-20,Martes,5,2025,0,0,Almuerzo,12,16,Pollo Broaster,Pollos,29,18.0,522.0,Delivery,No,Ninguna,0,Lluvioso,19,1,5,18,63,40
2025-05-20,Martes,5,2025,0,0,Almuerzo,12,16,Gaseosa,Bebidas,38,4.0,152.0,Web,No,Ninguna,0,Lluvioso,19,1,5,4,96,55
2025-05-20,Martes,5,2025,0,0,Cena,18,22,Sándwich de Pollo,Sándwiches,12,11.0,132.0,Delivery,No,Ninguna,0,Lluvioso,19,1,6,12,28,80
2025-05-20,Martes,5,2025,0,0,Cena,18,22,Alitas BBQ,Pollos,19,20.0,380.0,Delivery,No,Ninguna,0,Lluvioso,19,1,6,20,24,76
2025-05-20,Martes,5,2025,0,0,Cena,18,22,Jugo Natural,Bebidas,30,6.0,153.0,Presencial,Sí,2x1,15,Lluvioso,19,1,6,3,81,62
2025-05-20,Martes,5,2025,0,0,Cena,18,22,Pollo Broaster,Pollos,33,18.0,475.2,Delivery,Sí,2x1,20,Lluvioso,19,1,6,20,58,79
2025-05-20,Martes,5,2025,0,0,Cena,18,22,Pizza Personal,Pizzas,17,13.0,221.0,Delivery,No,Ninguna,0,Lluvioso,19,1,6,21,25,58
2025-05-21,Miércoles,5,2025,0,0,Desayuno,7,11,Cheeseburger,Hamburguesas,7,14.0,98.0,Presencial,No,Ninguna,0,Nublado,24,0,4,13,38,16
2025-05-21,Miércoles,5,2025,0,0,Desayuno,7,11,Gaseosa,Bebidas,14,4.0,56.0,Presencial,No,Ninguna,0,Nublado,24,0,4,5,32,11
2025-05-21,Miércoles,5,2025,0,0,Desayuno,7,11,Jugo Natural,Bebidas,8,6.0,48.0,Delivery,No,Ninguna,0,Nublado,24,0,4,2,41,25
2025-05-21,Miércoles,5,2025,0,0,Almuerzo,12,16,Hamburguesa BBQ,Hamburguesas,19,16.0,304.0,Delivery,No,Ninguna,0,Nublado,24,0,7,13,51,38
2025-05-21,Miércoles,5,2025,0,0,Almuerzo,12,16,Cheeseburger,Hamburguesas,16,14.0,224.0,Presencial,No,Ninguna,0,Nublado,24,0,7,10,44,45
2025-05-21,Miércoles,5,2025,0,0,Almuerzo,12,16,Gaseosa,Bebidas,38,4.0,152.0,Presencial,No,Ninguna,0,Nublado,24,0,7,4,53,30
2025-05-21,Miércoles,5,2025,0,0,Almuerzo,12,16,Alitas BBQ,Pollos,28,20.0,560.0,Delivery,No,Ninguna,0,Nublado,24,0,7,17,34,37
2025-05-21,Miércoles,5,2025,0,0,Almuerzo,12,16,Pizza Familiar,Pizzas,15,32.0,480.0,Web,No,Ninguna,0,Nublado,24,0,7,25,29,33
2025-05-21,Miércoles,5,2025,0,0,Almuerzo,12,16,Pizza Personal,Pizzas,16,13.0,208.0,Web,No,Ninguna,0,Nublado,24,0,7,23,36,31
2025-05-21,Miércoles,5,2025,0,0,Cena,18,22,Pizza Personal,Pizzas,14,13.0,182.0,Delivery,No,Ninguna,0,Nublado,24,0,5,18,31,61
2025-05-21,Miércoles,5,2025,0,0,Cena,18,22,Gaseosa,Bebidas,37,4.0,148.0,Delivery,No,Ninguna,0,Nublado,24,0,5,2,52,43
2025-05-21,Miércoles,5,2025,0,0,Cena,18,22,Hamburguesa BBQ,Hamburguesas,18,16.0,216.0,Presencial,Sí,Combo,25,Nublado,24,0,5,14,27,63
2025-05-21,Miércoles,5,2025,0,0,Cena,18,22,Pizza Familiar,Pizzas,12,32.0,384.0,Web,No,Ninguna,0,Nublado,24,0,5,16,25,47
2025-05-21,Miércoles,5,2025,0,0,Cena,18,22,Salchipapa Especial,Salchipapas,27,15.0,405.0,Presencial,No,Ninguna,0,Nublado,24,0,5,14,57,65
2025-05-21,Miércoles,5,2025,0,0,Cena,18,22,Hamburguesa Clásica,Hamburguesas,15,12.0,180.0,Delivery,No,Ninguna,0,Nublado,24,0,5,10,23,54
2025-05-22,Jueves,5,2025,0,0,Desayuno,7,11,Sándwich de Pollo,Sándwiches,9,11.0,99.0,Presencial,No,Ninguna,0,Nublado,19,0,4,6,27,16
2025-05-22,Jueves,5,2025,0,0,Desayuno,7,11,Cheeseburger,Hamburguesas,6,14.0,84.0,Presencial,No,Ninguna,0,Nublado,19,0,4,12,26,18
2025-05-22,Jueves,5,2025,0,0,Desayuno,7,11,Jugo Natural,Bebidas,10,6.0,60.0,Presencial,No,Ninguna,0,Nublado,19,0,4,5,67,21
2025-05-22,Jueves,5,2025,0,0,Desayuno,7,11,Salchipapa Clásica,Salchipapas,11,10.0,110.0,Presencial,No,Ninguna,0,Nublado,19,0,4,13,41,23
2025-05-22,Jueves,5,2025,0,0,Almuerzo,12,16,Gaseosa,Bebidas,31,4.0,124.0,Web,No,Ninguna,0,Nublado,19,0,6,4,72,45
2025-05-22,Jueves,5,2025,0,0,Almuerzo,12,16,Salchipapa Especial,Salchipapas,28,15.0,420.0,Web,No,Ninguna,0,Nublado,19,0,6,12,58,33
2025-05-22,Jueves,5,2025,0,0,Almuerzo,12,16,Pizza Personal,Pizzas,16,13.0,208.0,Presencial,No,Ninguna,0,Nublado,19,0,6,23,26,37
2025-05-22,Jueves,5,2025,0,0,Almuerzo,12,16,Hamburguesa BBQ,Hamburguesas,25,16.0,300.0,Presencial,Sí,Combo,25,Nublado,19,0,6,9,51,43
2025-05-22,Jueves,5,2025,0,0,Almuerzo,12,16,Jugo Natural,Bebidas,22,6.0,132.0,Web,No,Ninguna,0,Nublado,19,0,6,4,47,26
2025-05-22,Jueves,5,2025,0,0,Cena,18,22,Salchipapa Especial,Salchipapas,24,15.0,270.0,Presencial,Sí,Descuento,25,Nublado,19,0,7,11,30,64
2025-05-22,Jueves,5,2025,0,0,Cena,18,22,Pizza Familiar,Pizzas,18,32.0,576.0,Delivery,No,Ninguna,0,Nublado,19,0,7,25,25,55
2025-05-22,Jueves,5,2025,0,0,Cena,18,22,Alitas BBQ,Pollos,24,20.0,384.0,Presencial,Sí,Combo,20,Nublado,19,0,7,17,40,49
2025-05-23,Viernes,5,2025,0,0,Desayuno,7,11,Gaseosa,Bebidas,17,4.0,68.0,Presencial,No,Ninguna,0,Soleado,29,0,3,4,77,11
2025-05-23,Viernes,5,2025,0,0,Desayuno,7,11,Jugo Natural,Bebidas,13,6.0,78.0,Presencial,No,Ninguna,0,Soleado,29,0,3,5,50,14
2025-05-23,Viernes,5,2025,0,0,Desayuno,7,11,Sándwich de Pollo,Sándwiches,11,11.0,96.8,Delivery,Sí,Descuento,20,Soleado,29,0,3,12,36,23
2025-05-23,Viernes,5,2025,0,0,Desayuno,7,11,Cheeseburger,Hamburguesas,11,14.0,123.2,Presencial,Sí,Combo,20,Soleado,29,0,3,12,31,17
2025-05-23,Viernes,5,2025,0,0,Desayuno,7,11,Hamburguesa BBQ,Hamburguesas,11,16.0,176.0,Presencial,No,Ninguna,0,Soleado,29,0,3,10,17,10
2025-05-23,Viernes,5,2025,0,0,Almuerzo,12,16,Salchipapa Clásica,Salchipapas,23,10.0,230.0,Presencial,No,Ninguna,0,Soleado,29,0,5,12,58,45
2025-05-23,Viernes,5,2025,0,0,Almuerzo,12,16,Alitas BBQ,Pollos,30,20.0,600.0,Web,No,Ninguna,0,Soleado,29,0,5,18,39,31
2025-05-23,Viernes,5,2025,0,0,Almuerzo,12,16,Hamburguesa BBQ,Hamburguesas,24,16.0,288.0,Delivery,Sí,2x1,25,Soleado,29,0,5,11,36,29
2025-05-23,Viernes,5,2025,0,0,Almuerzo,12,16,Salchipapa Especial,Salchipapas,33,15.0,495.0,Presencial,No,Ninguna,0,Soleado,29,0,5,14,64,37
2025-05-23,Viernes,5,2025,0,0,Cena,18,22,Salchipapa Especial,Salchipapas,36,15.0,459.0,Delivery,Sí,Combo,15,Soleado,29,0,7,14,43,65
2025-05-23,Viernes,5,2025,0,0,Cena,18,22,Pizza Familiar,Pizzas,17,32.0,544.0,Presencial,No,Ninguna,0,Soleado,29,0,7,23,50,41
2025-05-23,Viernes,5,2025,0,0,Cena,18,22,Pizza Personal,Pizzas,24,13.0,265.2,Web,Sí,2x1,15,Soleado,29,0,7,16,48,54
2025-05-23,Viernes,5,2025,0,0,Cena,18,22,Hamburguesa BBQ,Hamburguesas,28,16.0,448.0,Delivery,No,Ninguna,0,Soleado,29,0,7,12,53,63
2025-05-23,Viernes,5,2025,0,0,Cena,18,22,Salchipapa Clásica,Salchipapas,18,10.0,180.0,Delivery,No,Ninguna,0,Soleado,29,0,7,12,23,41
2025-05-24,Sábado,5,2025,1,0,Desayuno,7,11,Jugo Natural,Bebidas,13,6.0,78.0,Delivery,No,Ninguna,0,Nublado,18,0,2,5,44,25
2025-05-24,Sábado,5,2025,1,0,Desayuno,7,11,Pizza Personal,Pizzas,9,13.0,117.0,Presencial,No,Ninguna,0,Nublado,18,0,2,19,27,31
2025-05-24,Sábado,5,2025,1,0,Desayuno,7,11,Pollo Broaster,Pollos,18,18.0,324.0,Presencial,No,Ninguna,0,Nublado,18,0,2,13,34,25
2025-05-24,Sábado,5,2025,1,0,Desayuno,7,11,Cheeseburger,Hamburguesas,12,14.0,168.0,Delivery,No,Ninguna,0,Nublado,18,0,2,12,25,28
2025-05-24,Sábado,5,2025,1,0,Desayuno,7,11,Sándwich de Pollo,Sándwiches,12,11.0,132.0,Presencial,No,Ninguna,0,Nublado,18,0,2,9,17,33
2025-05-24,Sábado,5,2025,1,0,Almuerzo,12,16,Pizza Familiar,Pizzas,27,32.0,734.4,Delivery,Sí,2x1,15,Nublado,18,0,7,22,33,41
2025-05-24,Sábado,5,2025,1,0,Almuerzo,12,16,Jugo Natural,Bebidas,39,6.0,234.0,Delivery,No,Ninguna,0,Nublado,18,0,7,5,93,46
2025-05-24,Sábado,5,2025,1,0,Almuerzo,12,16,Pollo Broaster,Pollos,41,18.0,738.0,Delivery,No,Ninguna,0,Nublado,18,0,7,20,59,44
2025-05-24,Sábado,5,2025,1,0,Almuerzo,12,16,Gaseosa,Bebidas,38,4.0,152.0,Presencial,No,Ninguna,0,Nublado,18,0,7,5,61,34
2025-05-24,Sábado,5,2025,1,0,Almuerzo,12,16,Pizza Personal,Pizzas,24,13.0,312.0,Presencial,No,Ninguna,0,Nublado,18,0,7,17,41,49
2025-05-24,Sábado,5,2025,1,0,Cena,18,22,Pizza Personal,Pizzas,24,13.0,312.0,Delivery,No,Ninguna,0,Nublado,18,0,7,23,31,65
2025-05-24,Sábado,5,2025,1,0,Cena,18,22,Cheeseburger,Hamburguesas,17,14.0,238.0,Presencial,No,Ninguna,0,Nublado,18,0,7,9,51,72
2025-05-24,Sábado,5,2025,1,0,Cena,18,22,Pollo Broaster,Pollos,46,18.0,828.0,Web,No,Ninguna,0,Nublado,18,0,7,19,81,61
2025-05-24,Sábado,5,2025,1,0,Cena,18,22,Salchipapa Clásica,Salchipapas,24,10.0,240.0,Delivery,No,Ninguna,0,Nublado,18,0,7,9,34,63
2025-05-24,Sábado,5,2025,1,0,Cena,18,22,Hamburguesa Clásica,Hamburguesas,34,12.0,408.0,Delivery,No,Ninguna,0,Nublado,18,0,7,12,45,59
2025-05-24,Sábado,5,2025,1,0,Cena,18,22,Jugo Natural,Bebidas,19,6.0,114.0,Delivery,No,Ninguna,0,Nublado,18,0,7,3,39,69
2025-05-25,Domingo,5,2025,1,0,Desayuno,7,11,Jugo Natural,Bebidas,13,6.0,78.0,Delivery,No,Ninguna,0,Nublado,23,0,3,4,38,18
2025-05-25,Domingo,5,2025,1,0,Desayuno,7,11,Sándwich de Pollo,Sándwiches,11,11.0,102.85,Delivery,Sí,Descuento,15,Nublado,23,0,3,11,30,21
2025-05-25,Domingo,5,2025,1,0,Desayuno,7,11,Hamburguesa Clásica,Hamburguesas,17,12.0,204.0,Delivery,No,Ninguna,0,Nublado,23,0,3,14,39,16
2025-05-25,Domingo,5,2025,1,0,Desayuno,7,11,Hamburguesa BBQ,Hamburguesas,12,16.0,192.0,Presencial,No,Ninguna,0,Nublado,23,0,3,11,38,21
2025-05-25,Domingo,5,2025,1,0,Almuerzo,12,16,Pizza Personal,Pizzas,16,13.0,208.0,Presencial,No,Ninguna,0,Nublado,23,0,6,24,27,38
2025-05-25,Domingo,5,2025,1,0,Almuerzo,12,16,Salchipapa Clásica,Salchipapas,21,10.0,210.0,Presencial,No,Ninguna,0,Nublado,23,0,6,9,34,49
2025-05-25,Domingo,5,2025,1,0,Almuerzo,12,16,Sándwich de Pollo,Sándwiches,21,11.0,231.0,Presencial,No,Ninguna,0,Nublado,23,0,6,6,54,48
2025-05-25,Domingo,5,2025,1,0,Cena,18,22,Hamburguesa BBQ,Hamburguesas,24,16.0,326.4,Presencial,Sí,Descuento,15,Nublado,23,0,9,11,34,60
2025-05-25,Domingo,5,2025,1,0,Cena,18,22,Cheeseburger,Hamburguesas,21,14.0,294.0,Delivery,No,Ninguna,0,Nublado,23,0,9,11,33,44
2025-05-25,Domingo,5,2025,1,0,Cena,18,22,Pizza Familiar,Pizzas,16,32.0,512.0,Web,No,Ninguna,0,Nublado,23,0,9,25,41,60
2025-05-26,Lunes,5,2025,0,0,Desayuno,7,11,Sándwich de Pollo,Sándwiches,8,11.0,88.0,Presencial,No,Ninguna,0,Nublado,21,0,3,8,20,21
2025-05-26,Lunes,5,2025,0,0,Desayuno,7,11,Salchipapa Especial,Salchipapas,6,15.0,90.0,Presencial,No,Ninguna,0,Nublado,21,0,3,15,13,10
2025-05-26,Lunes,5,2025,0,0,Desayuno,7,11,Cheeseburger,Hamburguesas,7,14.0,98.0,Presencial,No,Ninguna,0,Nublado,21,0,3,13,31,24
2025-05-26,Lunes,5,2025,0,0,Desayuno,7,11,Pizza Familiar,Pizzas,5,32.0,160.0,Presencial,No,Ninguna,0,Nublado,21,0,3,25,30,20
2025-05-26,Lunes,5,2025,0,0,Almuerzo,12,16,Pollo Broaster,Pollos,30,18.0,540.0,Presencial,No,Ninguna,0,Nublado,21,0,5,15,36,28
2025-05-26,Lunes,5,2025,0,0,Almuerzo,12,16,Hamburguesa Clásica,Hamburguesas,21,12.0,252.0,Delivery,No,Ninguna,0,Nublado,21,0,5,12,34,34
2025-05-26,Lunes,5,2025,0,0,Almuerzo,12,16,Salchipapa Clásica,Salchipapas,19,10.0,190.0,Delivery,No,Ninguna,0,Nublado,21,0,5,14,48,42
2025-05-26,Lunes,5,2025,0,0,Almuerzo,12,16,Cheeseburger,Hamburguesas,24,14.0,252.0,Presencial,Sí,2x1,25,Nublado,21,0,5,12,58,33
2025-05-26,Lunes,5,2025,0,0,Almuerzo,12,16,Jugo Natural,Bebidas,24,6.0,144.0,Presencial,No,Ninguna,0,Nublado,21,0,5,2,77,37
2025-05-26,Lunes,5,2025,0,0,Cena,18,22,Jugo Natural,Bebidas,15,6.0,90.0,Delivery,No,Ninguna,0,Nublado,21,0,4,5,73,57
2025-05-26,Lunes,5,2025,0,0,Cena,18,22,Salchipapa Especial,Salchipapas,17,15.0,255.0,Web,No,Ninguna,0,Nublado,21,0,4,15,27,61
2025-05-26,Lunes,5,2025,0,0,Cena,18,22,Gaseosa,Bebidas,23,4.0,92.0,Web,No,Ninguna,0,Nublado,21,0,4,2,48,58
2025-05-26,Lunes,5,2025,0,0,Cena,18,22,Hamburguesa BBQ,Hamburguesas,17,16.0,272.0,Delivery,No,Ninguna,0,Nublado,21,0,4,12,41,62
2025-05-27,Martes,5,2025,0,0,Desayuno,7,11,Salchipapa Clásica,Salchipapas,7,10.0,70.0,Presencial,No,Ninguna,0,Lluvioso,16,1,4,9,13,34
2025-05-27,Martes,5,2025,0,0,Desayuno,7,11,Gaseosa,Bebidas,18,4.0,72.0,Presencial,No,Ninguna,0,Lluvioso,16,1,4,3,65,24
2025-05-27,Martes,5,2025,0,0,Desayuno,7,11,Pizza Personal,Pizzas,7,13.0,91.0,Delivery,No,Ninguna,0,Lluvioso,16,1,4,19,22,40
2025-05-27,Martes,5,2025,0,0,Desayuno,7,11,Hamburguesa Clásica,Hamburguesas,9,12.0,108.0,Delivery,No,Ninguna,0,Lluvioso,16,1,4,9,40,34
2025-05-27,Martes,5,2025,0,0,Almuerzo,12,16,Alitas BBQ,Pollos,27,20.0,540.0,Web,No,Ninguna,0,Lluvioso,16,1,5,17,34,59
2025-05-27,Martes,5,2025,0,0,Almuerzo,12,16,Hamburguesa BBQ,Hamburguesas,24,16.0,384.0,Delivery,No,Ninguna,0,Lluvioso,16,1,5,14,42,42
2025-05-27,Martes,5,2025,0,0,Almuerzo,12,16,Pollo Broaster,Pollos,37,18.0,666.0,Delivery,No,Ninguna,0,Lluvioso,16,1,5,16,70,49
2025-05-27,Martes,5,2025,0,0,Almuerzo,12,16,Sándwich de Pollo,Sándwiches,17,11.0,187.0,Delivery,No,Ninguna,0,Lluvioso,16,1,5,7,37,51
2025-05-27,Martes,5,2025,0,0,Cena,18,22,Salchipapa Clásica,Salchipapas,15,10.0,150.0,Delivery,No,Ninguna,0,Lluvioso,16,1,6,15,38,70
2025-05-27,Martes,5,2025,0,0,Cena,18,22,Pollo Broaster,Pollos,34,18.0,612.0,Presencial,No,Ninguna,0,Lluvioso,16,1,6,17,56,68
2025-05-27,Martes,5,2025,0,0,Cena,18,22,Gaseosa,Bebidas,26,4.0,104.0,Web,No,Ninguna,0,Lluvioso,16,1,6,3,69,71
2025-05-27,Martes,5,2025,0,0,Cena,18,22,Pizza Familiar,Pizzas,15,32.0,480.0,Delivery,No,Ninguna,0,Lluvioso,16,1,6,15,46,65
2025-05-28,Miércoles,5,2025,0,0,Desayuno,7,11,Gaseosa,Bebidas,15,4.0,60.0,Delivery,No,Ninguna,0,Lluvioso,17,1,2,2,39,32
2025-05-28,Miércoles,5,2025,0,0,Desayuno,7,11,Cheeseburger,Hamburguesas,8,14.0,112.0,Presencial,No,Ninguna,0,Lluvioso,17,1,2,13,31,36
2025-05-28,Miércoles,5,2025,0,0,Desayuno,7,11,Salchipapa Especial,Salchipapas,15,15.0,180.0,Delivery,Sí,Descuento,20,Lluvioso,17,1,2,9,38,27
2025-05-28,Miércoles,5,2025,0,0,Almuerzo,12,16,Gaseosa,Bebidas,40,4.0,120.0,Presencial,Sí,Descuento,25,Lluvioso,17,1,4,5,91,53
2025-05-28,Miércoles,5,2025,0,0,Almuerzo,12,16,Pollo Broaster,Pollos,41,18.0,738.0,Delivery,No,Ninguna,0,Lluvioso,17,1,4,19,59,46
2025-05-28,Miércoles,5,2025,0,0,Almuerzo,12,16,Cheeseburger,Hamburguesas,19,14.0,266.0,Delivery,No,Ninguna,0,Lluvioso,17,1,4,8,46,54
2025-05-28,Miércoles,5,2025,0,0,Almuerzo,12,16,Sándwich de Pollo,Sándwiches,23,11.0,253.0,Web,No,Ninguna,0,Lluvioso,17,1,4,10,33,40
2025-05-28,Miércoles,5,2025,0,0,Cena,18,22,Gaseosa,Bebidas,33,4.0,132.0,Delivery,No,Ninguna,0,Lluvioso,17,1,8,5,66,72
2025-05-28,Miércoles,5,2025,0,0,Cena,18,22,Hamburguesa Clásica,Hamburguesas,25,12.0,300.0,Delivery,No,Ninguna,0,Lluvioso,17,1,8,9,33,68
2025-05-28,Miércoles,5,2025,0,0,Cena,18,22,Pizza Familiar,Pizzas,15,32.0,384.0,Delivery,Sí,Descuento,20,Lluvioso,17,1,8,21,45,71
2025-05-29,Jueves,5,2025,0,0,Desayuno,7,11,Sándwich de Pollo,Sándwiches,9,11.0,99.0,Presencial,No,Ninguna,0,Lluvioso,18,1,4,7,35,33
2025-05-29,Jueves,5,2025,0,0,Desayuno,7,11,Jugo Natural,Bebidas,8,6.0,48.0,Web,No,Ninguna,0,Lluvioso,18,1,4,5,42,25
2025-05-29,Jueves,5,2025,0,0,Desayuno,7,11,Salchipapa Especial,Salchipapas,15,15.0,202.5,Delivery,Sí,Combo,10,Lluvioso,18,1,4,15,49,36
2025-05-29,Jueves,5,2025,0,0,Desayuno,7,11,Gaseosa,Bebidas,17,4.0,68.0,Delivery,No,Ninguna,0,Lluvioso,18,1,4,3,63,28
2025-05-29,Jueves,5,2025,0,0,Almuerzo,12,16,Pollo Broaster,Pollos,43,18.0,774.0,Presencial,No,Ninguna,0,Lluvioso,18,1,4,15,72,47
2025-05-29,Jueves,5,2025,0,0,Almuerzo,12,16,Gaseosa,Bebidas,45,4.0,180.0,Delivery,No,Ninguna,0,Lluvioso,18,1,4,5,96,43
2025-05-29,Jueves,5,2025,0,0,Almuerzo,12,16,Jugo Natural,Bebidas,20,6.0,120.0,Delivery,No,Ninguna,0,Lluvioso,18,1,4,5,59,38
2025-05-29,Jueves,5,2025,0,0,Almuerzo,12,16,Hamburguesa BBQ,Hamburguesas,33,16.0,396.0,Delivery,Sí,Descuento,25,Lluvioso,18,1,4,12,52,56
2025-05-29,Jueves,5,2025,0,0,Cena,18,22,Alitas BBQ,Pollos,16,20.0,320.0,Delivery,No,Ninguna,0,Lluvioso,18,1,8,14,50,76
2025-05-29,Jueves,5,2025,0,0,Cena,18,22,Salchipapa Especial,Salchipapas,24,15.0,270.0,Web,Sí,Descuento,25,Lluvioso,18,1,8,15,57,69
2025-05-29,Jueves,5,2025,0,0,Cena,18,22,Gaseosa,Bebidas,39,4.0,156.0,Web,No,Ninguna,0,Lluvioso,18,1,8,2,81,59
2025-05-29,Jueves,5,2025,0,0,Cena,18,22,Cheeseburger,Hamburguesas,19,14.0,266.0,Delivery,No,Ninguna,0,Lluvioso,18,1,8,11,39,67
2025-05-29,Jueves,5,2025,0,0,Cena,18,22,Pizza Familiar,Pizzas,14,32.0,448.0,Web,No,Ninguna,0,Lluvioso,18,1,8,20,28,74
2025-05-30,Viernes,5,2025,0,0,Desayuno,7,11,Sándwich de Pollo,Sándwiches,8,11.0,88.0,Presencial,No,Ninguna,0,Nublado,23,0,4,11,40,17
2025-05-30,Viernes,5,2025,0,0,Desayuno,7,11,Jugo Natural,Bebidas,12,6.0,72.0,Presencial,No,Ninguna,0,Nublado,23,0,4,3,58,24
2025-05-30,Viernes,5,2025,0,0,Desayuno,7,11,Salchipapa Clásica,Salchipapas,9,10.0,90.0,Delivery,No,Ninguna,0,Nublado,23,0,4,11,20,13
2025-05-30,Viernes,5,2025,0,0,Almuerzo,12,16,Salchipapa Clásica,Salchipapas,24,10.0,240.0,Web,No,Ninguna,0,Nublado,23,0,5,9,31,38
2025-05-30,Viernes,5,2025,0,0,Almuerzo,12,16,Gaseosa,Bebidas,43,4.0,172.0,Delivery,No,Ninguna,0,Nublado,23,0,5,3,91,29
2025-05-30,Viernes,5,2025,0,0,Almuerzo,12,16,Cheeseburger,Hamburguesas,13,14.0,182.0,Presencial,No,Ninguna,0,Nublado,23,0,5,9,37,40
2025-05-30,Viernes,5,2025,0,0,Almuerzo,12,16,Sándwich de Pollo,Sándwiches,29,11.0,319.0,Delivery,No,Ninguna,0,Nublado,23,0,5,11,54,42
2025-05-30,Viernes,5,2025,0,0,Almuerzo,12,16,Hamburguesa BBQ,Hamburguesas,28,16.0,448.0,Presencial,No,Ninguna,0,Nublado,23,0,5,9,46,30
2025-05-30,Viernes,5,2025,0,0,Cena,18,22,Pizza Personal,Pizzas,19,13.0,247.0,Delivery,No,Ninguna,0,Nublado,23,0,5,19,25,44
2025-05-30,Viernes,5,2025,0,0,Cena,18,22,Alitas BBQ,Pollos,30,20.0,600.0,Presencial,No,Ninguna,0,Nublado,23,0,5,14,59,54
2025-05-30,Viernes,5,2025,0,0,Cena,18,22,Pizza Familiar,Pizzas,15,32.0,480.0,Delivery,No,Ninguna,0,Nublado,23,0,5,19,36,52
2025-05-30,Viernes,5,2025,0,0,Cena,18,22,Pollo Broaster,Pollos,24,18.0,432.0,Delivery,No,Ninguna,0,Nublado,23,0,5,18,41,60
2025-05-30,Viernes,5,2025,0,0,Cena,18,22,Hamburguesa BBQ,Hamburguesas,14,16.0,224.0,Presencial,No,Ninguna,0,Nublado,23,0,5,11,23,64
2025-05-31,Sábado,5,2025,1,0,Desayuno,7,11,Pizza Personal,Pizzas,11,13.0,128.7,Presencial,Sí,Combo,10,Nublado,20,0,4,24,42,32
2025-05-31,Sábado,5,2025,1,0,Desayuno,7,11,Jugo Natural,Bebidas,16,6.0,96.0,Presencial,No,Ninguna,0,Nublado,20,0,4,3,58,15
2025-05-31,Sábado,5,2025,1,0,Desayuno,7,11,Gaseosa,Bebidas,16,4.0,64.0,Presencial,No,Ninguna,0,Nublado,20,0,4,4,44,24
2025-05-31,Sábado,5,2025,1,0,Almuerzo,12,16,Hamburguesa Clásica,Hamburguesas,31,12.0,372.0,Delivery,No,Ninguna,0,Nublado,20,0,7,9,66,36
2025-05-31,Sábado,5,2025,1,0,Almuerzo,12,16,Gaseosa,Bebidas,42,4.0,168.0,Delivery,No,Ninguna,0,Nublado,20,0,7,5,101,43
2025-05-31,Sábado,5,2025,1,0,Almuerzo,12,16,Pizza Familiar,Pizzas,26,32.0,748.8,Presencial,Sí,Combo,10,Nublado,20,0,7,15,54,57
2025-05-31,Sábado,5,2025,1,0,Almuerzo,12,16,Salchipapa Clásica,Salchipapas,43,10.0,344.0,Presencial,Sí,2x1,20,Nublado,20,0,7,12,71,40
2025-05-31,Sábado,5,2025,1,0,Cena,18,22,Gaseosa,Bebidas,49,4.0,196.0,Presencial,No,Ninguna,0,Nublado,20,0,7,5,104,47
2025-05-31,Sábado,5,2025,1,0,Cena,18,22,Hamburguesa Clásica,Hamburguesas,22,12.0,264.0,Delivery,No,Ninguna,0,Nublado,20,0,7,12,39,72
2025-05-31,Sábado,5,2025,1,0,Cena,18,22,Cheeseburger,Hamburguesas,21,14.0,294.0,Web,No,Ninguna,0,Nublado,20,0,7,10,28,57
2025-06-01,Domingo,6,2025,1,0,Desayuno,7,11,Salchipapa Clásica,Salchipapas,12,10.0,120.0,Delivery,No,Ninguna,0,Nublado,18,0,5,10,26,30
2025-06-01,Domingo,6,2025,1,0,Desayuno,7,11,Sándwich de Pollo,Sándwiches,8,11.0,88.0,Presencial,No,Ninguna,0,Nublado,18,0,5,10,34,27
2025-06-01,Domingo,6,2025,1,0,Desayuno,7,11,Cheeseburger,Hamburguesas,12,14.0,151.2,Presencial,Sí,Combo,10,Nublado,18,0,5,11,36,35
2025-06-01,Domingo,6,2025,1,0,Desayuno,7,11,Hamburguesa Clásica,Hamburguesas,18,12.0,194.4,Presencial,Sí,Descuento,10,Nublado,18,0,5,14,34,28
2025-06-01,Domingo,6,2025,1,0,Desayuno,7,11,Jugo Natural,Bebidas,13,6.0,78.0,Delivery,No,Ninguna,0,Nublado,18,0,5,5,28,17
2025-06-01,Domingo,6,2025,1,0,Almuerzo,12,16,Hamburguesa Clásica,Hamburguesas,42,12.0,504.0,Presencial,No,Ninguna,0,Nublado,18,0,4,10,70,32
2025-06-01,Domingo,6,2025,1,0,Almuerzo,12,16,Jugo Natural,Bebidas,25,6.0,150.0,Presencial,No,Ninguna,0,Nublado,18,0,4,2,51,52
2025-06-01,Domingo,6,2025,1,0,Almuerzo,12,16,Alitas BBQ,Pollos,34,20.0,680.0,Presencial,No,Ninguna,0,Nublado,18,0,4,15,69,32
2025-06-01,Domingo,6,2025,1,0,Almuerzo,12,16,Salchipapa Clásica,Salchipapas,25,10.0,250.0,Delivery,No,Ninguna,0,Nublado,18,0,4,14,43,50
2025-06-01,Domingo,6,2025,1,0,Almuerzo,12,16,Gaseosa,Bebidas,45,4.0,180.0,Presencial,No,Ninguna,0,Nublado,18,0,4,5,62,39
2025-06-01,Domingo,6,2025,1,0,Cena,18,22,Pizza Personal,Pizzas,15,13.0,195.0,Delivery,No,Ninguna,0,Nublado,18,0,4,17,45,66
2025-06-01,Domingo,6,2025,1,0,Cena,18,22,Pizza Familiar,Pizzas,13,32.0,416.0,Web,No,Ninguna,0,Nublado,18,0,4,17,32,52
2025-06-01,Domingo,6,2025,1,0,Cena,18,22,Pollo Broaster,Pollos,29,18.0,522.0,Delivery,No,Ninguna,0,Nublado,18,0,4,12,43,69
2025-06-01,Domingo,6,2025,1,0,Cena,18,22,Gaseosa,Bebidas,38,4.0,152.0,Delivery,No,Ninguna,0,Nublado,18,0,4,5,85,54
2025-06-01,Domingo,6,2025,1,0,Cena,18,22,Cheeseburger,Hamburguesas,23,14.0,322.0,Web,No,Ninguna,0,Nublado,18,0,4,10,57,50
2025-06-02,Lunes,6,2025,0,0,Desayuno,7,11,Sándwich de Pollo,Sándwiches,9,11.0,99.0,Presencial,No,Ninguna,0,Nublado,20,0,4,12,38,19
2025-06-02,Lunes,6,2025,0,0,Desayuno,7,11,Hamburguesa Clásica,Hamburguesas,8,12.0,96.0,Presencial,No,Ninguna,0,Nublado,20,0,4,12,30,13
2025-06-02,Lunes,6,2025,0,0,Desayuno,7,11,Jugo Natural,Bebidas,8,6.0,48.0,Presencial,No,Ninguna,0,Nublado,20,0,4,4,46,17
2025-06-02,Lunes,6,2025,0,0,Desayuno,7,11,Hamburguesa BBQ,Hamburguesas,10,16.0,160.0,Presencial,No,Ninguna,0,Nublado,20,0,4,12,29,20
2025-06-02,Lunes,6,2025,0,0,Almuerzo,12,16,Alitas BBQ,Pollos,24,20.0,360.0,Delivery,Sí,Combo,25,Nublado,20,0,7,20,31,35
2025-06-02,Lunes,6,2025,0,0,Almuerzo,12,16,Hamburguesa Clásica,Hamburguesas,16,12.0,192.0,Presencial,No,Ninguna,0,Nublado,20,0,7,12,44,38
2025-06-02,Lunes,6,2025,0,0,Almuerzo,12,16,Gaseosa,Bebidas,28,4.0,112.0,Presencial,No,Ninguna,0,Nublado,20,0,7,2,43,45
2025-06-02,Lunes,6,2025,0,0,Almuerzo,12,16,Sándwich de Pollo,Sándwiches,13,11.0,143.0,Presencial,No,Ninguna,0,Nublado,20,0,7,10,39,25
2025-06-02,Lunes,6,2025,0,0,Cena,18,22,Pizza Personal,Pizzas,13,13.0,169.0,Delivery,No,Ninguna,0,Nublado,20,0,8,22,47,64
2025-06-02,Lunes,6,2025,0,0,Cena,18,22,Sándwich de Pollo,Sándwiches,12,11.0,105.6,Web,Sí,Combo,20,Nublado,20,0,8,9,30,55
2025-06-02,Lunes,6,2025,0,0,Cena,18,22,Gaseosa,Bebidas,29,4.0,116.0,Web,No,Ninguna,0,Nublado,20,0,8,4,65,53
2025-06-03,Martes,6,2025,0,0,Desayuno,7,11,Salchipapa Clásica,Salchipapas,10,10.0,100.0,Presencial,No,Ninguna,0,Nublado,24,0,3,8,26,10
2025-06-03,Martes,6,2025,0,0,Desayuno,7,11,Hamburguesa BBQ,Hamburguesas,6,16.0,96.0,Presencial,No,Ninguna,0,Nublado,24,0,3,11,35,16
2025-06-03,Martes,6,2025,0,0,Desayuno,7,11,Gaseosa,Bebidas,14,4.0,56.0,Presencial,No,Ninguna,0,Nublado,24,0,3,3,29,20
2025-06-03,Martes,6,2025,0,0,Desayuno,7,11,Sándwich de Pollo,Sándwiches,7,11.0,77.0,Presencial,No,Ninguna,0,Nublado,24,0,3,11,31,15
2025-06-03,Martes,6,2025,0,0,Almuerzo,12,16,Salchipapa Clásica,Salchipapas,35,10.0,315.0,Delivery,Sí,2x1,10,Nublado,24,0,6,14,55,30
2025-06-03,Martes,6,2025,0,0,Almuerzo,12,16,Gaseosa,Bebidas,33,4.0,132.0,Delivery,No,Ninguna,0,Nublado,24,0,6,4,88,34
2025-06-03,Martes,6,2025,0,0,Almuerzo,12,16,Sándwich de Pollo,Sándwiches,14,11.0,154.0,Presencial,No,Ninguna,0,Nublado,24,0,6,8,45,31
2025-06-03,Martes,6,2025,0,0,Almuerzo,12,16,Alitas BBQ,Pollos,24,20.0,480.0,Presencial,No,Ninguna,0,Nublado,24,0,6,15,59,45
2025-06-03,Martes,6,2025,0,0,Almuerzo,12,16,Salchipapa Especial,Salchipapas,24,15.0,360.0,Delivery,No,Ninguna,0,Nublado,24,0,6,8,42,34
2025-06-03,Martes,6,2025,0,0,Cena,18,22,Salchipapa Clásica,Salchipapas,21,10.0,210.0,Presencial,No,Ninguna,0,Nublado,24,0,5,9,28,63
2025-06-03,Martes,6,2025,0,0,Cena,18,22,Jugo Natural,Bebidas,16,6.0,96.0,Presencial,No,Ninguna,0,Nublado,24,0,5,5,53,44
2025-06-03,Martes,6,2025,0,0,Cena,18,22,Hamburguesa BBQ,Hamburguesas,13,16.0,208.0,Web,No,Ninguna,0,Nublado,24,0,5,14,48,53
2025-06-03,Martes,6,2025,0,0,Cena,18,22,Gaseosa,Bebidas,31,4.0,93.0,Delivery,Sí,Combo,25,Nublado,24,0,5,3,75,63
2025-06-04,Miércoles,6,2025,0,0,Desayuno,7,11,Pizza Personal,Pizzas,8,13.0,104.0,Presencial,No,Ninguna,0,Soleado,29,0,4,22,16,14
2025-06-04,Miércoles,6,2025,0,0,Desayuno,7,11,Jugo Natural,Bebidas,9,6.0,54.0,Presencial,No,Ninguna,0,Soleado,29,0,4,5,42,16
2025-06-04,Miércoles,6,2025,0,0,Desayuno,7,11,Cheeseburger,Hamburguesas,10,14.0,140.0,Presencial,No,Ninguna,0,Soleado,29,0,4,13,20,12
2025-06-04,Miércoles,6,2025,0,0,Desayuno,7,11,Sándwich de Pollo,Sándwiches,9,11.0,99.0,Presencial,No,Ninguna,0,Soleado,29,0,4,9,20,17
2025-06-04,Miércoles,6,2025,0,0,Desayuno,7,11,Salchipapa Clásica,Salchipapas,10,10.0,100.0,Presencial,No,Ninguna,0,Soleado,29,0,4,14,21,21
2025-06-04,Miércoles,6,2025,0,0,Almuerzo,12,16,Salchipapa Especial,Salchipapas,27,15.0,405.0,Presencial,No,Ninguna,0,Soleado,29,0,6,12,36,39
2025-06-04,Miércoles,6,2025,0,0,Almuerzo,12,16,Pollo Broaster,Pollos,36,18.0,648.0,Presencial,No,Ninguna,0,Soleado,29,0,6,12,71,38
2025-06-04,Miércoles,6,2025,0,0,Almuerzo,12,16,Hamburguesa Clásica,Hamburguesas,28,12.0,336.0,Presencial,No,Ninguna,0,Soleado,29,0,6,10,37,29
2025-06-04,Miércoles,6,2025,0,0,Almuerzo,12,16,Pizza Personal,Pizzas,11,13.0,143.0,Web,No,Ninguna,0,Soleado,29,0,6,15,23,42
2025-06-04,Miércoles,6,2025,0,0,Cena,18,22,Hamburguesa Clásica,Hamburguesas,21,12.0,252.0,Delivery,No,Ninguna,0,Soleado,29,0,6,8,54,51
2025-06-04,Miércoles,6,2025,0,0,Cena,18,22,Pizza Familiar,Pizzas,12,32.0,384.0,Presencial,No,Ninguna,0,Soleado,29,0,6,16,26,60
2025-06-04,Miércoles,6,2025,0,0,Cena,18,22,Pollo Broaster,Pollos,39,18.0,702.0,Presencial,No,Ninguna,0,Soleado,29,0,6,20,70,52
2025-06-05,Jueves,6,2025,0,0,Desayuno,7,11,Hamburguesa BBQ,Hamburguesas,16,16.0,192.0,Presencial,Sí,2x1,25,Soleado,25,0,4,13,39,19
2025-06-05,Jueves,6,2025,0,0,Desayuno,7,11,Jugo Natural,Bebidas,10,6.0,60.0,Presencial,No,Ninguna,0,Soleado,25,0,4,2,55,17
2025-06-05,Jueves,6,2025,0,0,Desayuno,7,11,Gaseosa,Bebidas,16,4.0,64.0,Presencial,No,Ninguna,0,Soleado,25,0,4,5,49,21
2025-06-05,Jueves,6,2025,0,0,Desayuno,7,11,Salchipapa Clásica,Salchipapas,8,10.0,80.0,Presencial,No,Ninguna,0,Soleado,25,0,4,11,33,11
2025-06-05,Jueves,6,2025,0,0,Desayuno,7,11,Hamburguesa Clásica,Hamburguesas,13,12.0,132.6,Presencial,Sí,Descuento,15,Soleado,25,0,4,9,25,17
2025-06-05,Jueves,6,2025,0,0,Almuerzo,12,16,Hamburguesa Clásica,Hamburguesas,33,12.0,396.0,Presencial,No,Ninguna,0,Soleado,25,0,6,11,58,32
2025-06-05,Jueves,6,2025,0,0,Almuerzo,12,16,Hamburguesa BBQ,Hamburguesas,19,16.0,304.0,Delivery,No,Ninguna,0,Soleado,25,0,6,13,39,44
2025-06-05,Jueves,6,2025,0,0,Almuerzo,12,16,Alitas BBQ,Pollos,19,20.0,380.0,Delivery,No,Ninguna,0,Soleado,25,0,6,19,26,34
2025-06-05,Jueves,6,2025,0,0,Almuerzo,12,16,Salchipapa Clásica,Salchipapas,26,10.0,260.0,Presencial,No,Ninguna,0,Soleado,25,0,6,13,60,42
2025-06-05,Jueves,6,2025,0,0,Cena,18,22,Hamburguesa Clásica,Hamburguesas,25,12.0,300.0,Delivery,No,Ninguna,0,Soleado,25,0,8,12,33,51
2025-06-05,Jueves,6,2025,0,0,Cena,18,22,Hamburguesa BBQ,Hamburguesas,21,16.0,336.0,Delivery,No,Ninguna,0,Soleado,25,0,8,10,41,60
2025-06-05,Jueves,6,2025,0,0,Cena,18,22,Pizza Familiar,Pizzas,15,32.0,480.0,Presencial,No,Ninguna,0,Soleado,25,0,8,23,30,48
2025-06-05,Jueves,6,2025,0,0,Cena,18,22,Salchipapa Especial,Salchipapas,28,15.0,420.0,Web,No,Ninguna,0,Soleado,25,0,8,9,40,59
2025-06-06,Viernes,6,2025,0,0,Desayuno,7,11,Sándwich de Pollo,Sándwiches,11,11.0,121.0,Presencial,No,Ninguna,0,Lluvioso,22,1,3,11,19,40
2025-06-06,Viernes,6,2025,0,0,Desayuno,7,11,Hamburguesa Clásica,Hamburguesas,15,12.0,180.0,Delivery,No,Ninguna,0,Lluvioso,22,1,3,9,23,34
2025-06-06,Viernes,6,2025,0,0,Desayuno,7,11,Salchipapa Especial,Salchipapas,17,15.0,255.0,Delivery,No,Ninguna,0,Lluvioso,22,1,3,15,24,32
2025-06-06,Viernes,6,2025,0,0,Desayuno,7,11,Hamburguesa BBQ,Hamburguesas,14,16.0,224.0,Delivery,No,Ninguna,0,Lluvioso,22,1,3,10,35,35
2025-06-06,Viernes,6,2025,0,0,Desayuno,7,11,Jugo Natural,Bebidas,11,6.0,66.0,Delivery,No,Ninguna,0,Lluvioso,22,1,3,3,41,27
2025-06-06,Viernes,6,2025,0,0,Almuerzo,12,16,Pizza Familiar,Pizzas,16,32.0,512.0,Presencial,No,Ninguna,0,Lluvioso,22,1,7,20,22,55
2025-06-06,Viernes,6,2025,0,0,Almuerzo,12,16,Salchipapa Especial,Salchipapas,36,15.0,540.0,Delivery,No,Ninguna,0,Lluvioso,22,1,7,8,68,43
2025-06-06,Viernes,6,2025,0,0,Almuerzo,12,16,Alitas BBQ,Pollos,24,20.0,480.0,Delivery,No,Ninguna,0,Lluvioso,22,1,7,14,30,52
2025-06-06,Viernes,6,2025,0,0,Almuerzo,12,16,Salchipapa Clásica,Salchipapas,24,10.0,240.0,Delivery,No,Ninguna,0,Lluvioso,22,1,7,10,39,61
2025-06-06,Viernes,6,2025,0,0,Almuerzo,12,16,Hamburguesa Clásica,Hamburguesas,35,12.0,420.0,Presencial,No,Ninguna,0,Lluvioso,22,1,7,10,69,50
2025-06-06,Viernes,6,2025,0,0,Almuerzo,12,16,Cheeseburger,Hamburguesas,24,14.0,336.0,Presencial,No,Ninguna,0,Lluvioso,22,1,7,12,39,53
2025-06-06,Viernes,6,2025,0,0,Cena,18,22,Pollo Broaster,Pollos,34,18.0,612.0,Delivery,No,Ninguna,0,Lluvioso,22,1,7,18,53,56
2025-06-06,Viernes,6,2025,0,0,Cena,18,22,Pizza Familiar,Pizzas,16,32.0,512.0,Delivery,No,Ninguna,0,Lluvioso,22,1,7,18,35,60
2025-06-06,Viernes,6,2025,0,0,Cena,18,22,Gaseosa,Bebidas,40,4.0,160.0,Web,No,Ninguna,0,Lluvioso,22,1,7,5,83,69
2025-06-06,Viernes,6,2025,0,0,Cena,18,22,Salchipapa Especial,Salchipapas,32,15.0,480.0,Web,No,Ninguna,0,Lluvioso,22,1,7,13,63,81
2025-06-06,Viernes,6,2025,0,0,Cena,18,22,Hamburguesa Clásica,Hamburguesas,26,12.0,249.6,Web,Sí,Combo,20,Lluvioso,22,1,7,12,54,76
2025-06-07,Sábado,6,2025,1,0,Desayuno,7,11,Sándwich de Pollo,Sándwiches,15,11.0,123.75,Presencial,Sí,2x1,25,Nublado,18,0,4,6,36,39
2025-06-07,Sábado,6,2025,1,0,Desayuno,7,11,Jugo Natural,Bebidas,17,6.0,102.0,Delivery,No,Ninguna,0,Nublado,18,0,4,2,69,30
2025-06-07,Sábado,6,2025,1,0,Desayuno,7,11,Gaseosa,Bebidas,19,4.0,76.0,Presencial,No,Ninguna,0,Nublado,18,0,4,2,64,19
2025-06-07,Sábado,6,2025,1,0,Desayuno,7,11,Cheeseburger,Hamburguesas,12,14.0,168.0,Delivery,No,Ninguna,0,Nublado,18,0,4,8,37,26
2025-06-07,Sábado,6,2025,1,0,Desayuno,7,11,Salchipapa Clásica,Salchipapas,14,10.0,140.0,Presencial,No,Ninguna,0,Nublado,18,0,4,15,48,27
2025-06-07,Sábado,6,2025,1,0,Desayuno,7,11,Hamburguesa Clásica,Hamburguesas,16,12.0,192.0,Presencial,No,Ninguna,0,Nublado,18,0,4,12,36,35
2025-06-07,Sábado,6,2025,1,0,Almuerzo,12,16,Hamburguesa Clásica,Hamburguesas,34,12.0,408.0,Presencial,No,Ninguna,0,Nublado,18,0,5,13,66,51
2025-06-07,Sábado,6,2025,1,0,Almuerzo,12,16,Pizza Personal,Pizzas,27,13.0,351.0,Presencial,No,Ninguna,0,Nublado,18,0,5,19,39,51
2025-06-07,Sábado,6,2025,1,0,Almuerzo,12,16,Pollo Broaster,Pollos,49,18.0,882.0,Presencial,No,Ninguna,0,Nublado,18,0,5,15,61,41
2025-06-07,Sábado,6,2025,1,0,Cena,18,22,Hamburguesa Clásica,Hamburguesas,35,12.0,420.0,Delivery,No,Ninguna,0,Nublado,18,0,6,8,57,50
2025-06-07,Sábado,6,2025,1,0,Cena,18,22,Gaseosa,Bebidas,38,4.0,152.0,Delivery,No,Ninguna,0,Nublado,18,0,6,4,57,60
2025-06-07,Sábado,6,2025,1,0,Cena,18,22,Pizza Familiar,Pizzas,20,32.0,640.0,Delivery,No,Ninguna,0,Nublado,18,0,6,24,38,51
2025-06-07,Sábado,6,2025,1,0,Cena,18,22,Sándwich de Pollo,Sándwiches,14,11.0,154.0,Presencial,No,Ninguna,0,Nublado,18,0,6,10,42,56
2025-06-08,Domingo,6,2025,1,0,Desayuno,7,11,Jugo Natural,Bebidas,12,6.0,72.0,Presencial,No,Ninguna,0,Nublado,19,0,4,4,47,34
2025-06-08,Domingo,6,2025,1,0,Desayuno,7,11,Gaseosa,Bebidas,18,4.0,72.0,Delivery,No,Ninguna,0,Nublado,19,0,4,2,51,19
2025-06-08,Domingo,6,2025,1,0,Desayuno,7,11,Sándwich de Pollo,Sándwiches,12,11.0,132.0,Delivery,No,Ninguna,0,Nublado,19,0,4,7,24,21
2025-06-08,Domingo,6,2025,1,0,Desayuno,7,11,Salchipapa Especial,Salchipapas,15,15.0,225.0,Delivery,No,Ninguna,0,Nublado,19,0,4,15,25,24
2025-06-08,Domingo,6,2025,1,0,Desayuno,7,11,Hamburguesa BBQ,Hamburguesas,14,16.0,224.0,Presencial,No,Ninguna,0,Nublado,19,0,4,13,40,16
2025-06-08,Domingo,6,2025,1,0,Almuerzo,12,16,Hamburguesa Clásica,Hamburguesas,25,12.0,300.0,Presencial,No,Ninguna,0,Nublado,19,0,8,14,35,37
2025-06-08,Domingo,6,2025,1,0,Almuerzo,12,16,Alitas BBQ,Pollos,19,20.0,380.0,Delivery,No,Ninguna,0,Nublado,19,0,8,14,37,43
2025-06-08,Domingo,6,2025,1,0,Almuerzo,12,16,Pizza Familiar,Pizzas,18,32.0,576.0,Presencial,No,Ninguna,0,Nublado,19,0,8,25,38,30
2025-06-08,Domingo,6,2025,1,0,Almuerzo,12,16,Jugo Natural,Bebidas,38,6.0,182.4,Presencial,Sí,2x1,20,Nublado,19,0,8,4,94,44
2025-06-08,Domingo,6,2025,1,0,Almuerzo,12,16,Pollo Broaster,Pollos,25,18.0,450.0,Delivery,No,Ninguna,0,Nublado,19,0,8,15,36,52
2025-06-08,Domingo,6,2025,1,0,Cena,18,22,Pizza Familiar,Pizzas,22,32.0,704.0,Delivery,No,Ninguna,0,Nublado,19,0,8,20,33,67
2025-06-08,Domingo,6,2025,1,0,Cena,18,22,Salchipapa Especial,Salchipapas,26,15.0,390.0,Presencial,No,Ninguna,0,Nublado,19,0,8,14,33,66
2025-06-08,Domingo,6,2025,1,0,Cena,18,22,Hamburguesa BBQ,Hamburguesas,15,16.0,240.0,Web,No,Ninguna,0,Nublado,19,0,8,12,38,63
2025-06-08,Domingo,6,2025,1,0,Cena,18,22,Alitas BBQ,Pollos,23,20.0,460.0,Presencial,No,Ninguna,0,Nublado,19,0,8,14,52,49
2025-06-08,Domingo,6,2025,1,0,Cena,18,22,Hamburguesa Clásica,Hamburguesas,28,12.0,336.0,Presencial,No,Ninguna,0,Nublado,19,0,8,8,62,70
2025-06-09,Lunes,6,2025,0,0,Desayuno,7,11,Jugo Natural,Bebidas,8,6.0,48.0,Delivery,No,Ninguna,0,Nublado,24,0,4,4,30,24
2025-06-09,Lunes,6,2025,0,0,Desayuno,7,11,Sándwich de Pollo,Sándwiches,6,11.0,66.0,Presencial,No,Ninguna,0,Nublado,24,0,4,6,40,20
2025-06-09,Lunes,6,2025,0,0,Desayuno,7,11,Cheeseburger,Hamburguesas,10,14.0,126.0,Web,Sí,2x1,10,Nublado,24,0,4,10,25,20
2025-06-09,Lunes,6,2025,0,0,Almuerzo,12,16,Gaseosa,Bebidas,36,4.0,144.0,Presencial,No,Ninguna,0,Nublado,24,0,4,4,66,33
2025-06-09,Lunes,6,2025,0,0,Almuerzo,12,16,Pollo Broaster,Pollos,23,18.0,414.0,Presencial,No,Ninguna,0,Nublado,24,0,4,19,47,25
2025-06-09,Lunes,6,2025,0,0,Almuerzo,12,16,Alitas BBQ,Pollos,17,20.0,340.0,Delivery,No,Ninguna,0,Nublado,24,0,4,15,44,32
2025-06-09,Lunes,6,2025,0,0,Almuerzo,12,16,Salchipapa Especial,Salchipapas,26,15.0,390.0,Presencial,No,Ninguna,0,Nublado,24,0,4,12,35,39
2025-06-09,Lunes,6,2025,0,0,Cena,18,22,Pizza Personal,Pizzas,11,13.0,143.0,Delivery,No,Ninguna,0,Nublado,24,0,6,20,20,42
2025-06-09,Lunes,6,2025,0,0,Cena,18,22,Salchipapa Especial,Salchipapas,20,15.0,300.0,Delivery,No,Ninguna,0,Nublado,24,0,6,8,49,58
2025-06-09,Lunes,6,2025,0,0,Cena,18,22,Pizza Familiar,Pizzas,15,32.0,432.0,Web,Sí,Combo,10,Nublado,24,0,6,17,48,57
2025-06-09,Lunes,6,2025,0,0,Cena,18,22,Cheeseburger,Hamburguesas,10,14.0,140.0,Presencial,No,Ninguna,0,Nublado,24,0,6,13,35,61
2025-06-10,Martes,6,2025,0,0,Desayuno,7,11,Hamburguesa Clásica,Hamburguesas,11,12.0,132.0,Delivery,No,Ninguna,0,Soleado,24,0,3,8,22,23
2025-06-10,Martes,6,2025,0,0,Desayuno,7,11,Cheeseburger,Hamburguesas,10,14.0,140.0,Presencial,No,Ninguna,0,Soleado,24,0,3,9,37,16
2025-06-10,Martes,6,2025,0,0,Desayuno,7,11,Salchipapa Clásica,Salchipapas,9,10.0,90.0,Presencial,No,Ninguna,0,Soleado,24,0,3,13,28,17
2025-06-10,Martes,6,2025,0,0,Almuerzo,12,16,Sándwich de Pollo,Sándwiches,17,11.0,187.0,Delivery,No,Ninguna,0,Soleado,24,0,7,11,30,43
2025-06-10,Martes,6,2025,0,0,Almuerzo,12,16,Pollo Broaster,Pollos,23,18.0,414.0,Presencial,No,Ninguna,0,Soleado,24,0,7,13,38,43
2025-06-10,Martes,6,2025,0,0,Almuerzo,12,16,Gaseosa,Bebidas,40,4.0,160.0,Delivery,No,Ninguna,0,Soleado,24,0,7,3,79,44
2025-06-10,Martes,6,2025,0,0,Almuerzo,12,16,Salchipapa Especial,Salchipapas,22,15.0,330.0,Presencial,No,Ninguna,0,Soleado,24,0,7,12,43,31
2025-06-10,Martes,6,2025,0,0,Cena,18,22,Pizza Familiar,Pizzas,11,32.0,352.0,Delivery,No,Ninguna,0,Soleado,24,0,4,25,21,46
2025-06-10,Martes,6,2025,0,0,Cena,18,22,Cheeseburger,Hamburguesas,17,14.0,238.0,Presencial,No,Ninguna,0,Soleado,24,0,4,14,40,55
2025-06-10,Martes,6,2025,0,0,Cena,18,22,Alitas BBQ,Pollos,17,20.0,340.0,Delivery,No,Ninguna,0,Soleado,24,0,4,15,41,59
2025-06-11,Miércoles,6,2025,0,0,Desayuno,7,11,Gaseosa,Bebidas,12,4.0,48.0,Presencial,No,Ninguna,0,Soleado,24,0,4,4,67,18
2025-06-11,Miércoles,6,2025,0,0,Desayuno,7,11,Salchipapa Clásica,Salchipapas,12,10.0,120.0,Presencial,No,Ninguna,0,Soleado,24,0,4,14,39,16
2025-06-11,Miércoles,6,2025,0,0,Desayuno,7,11,Hamburguesa BBQ,Hamburguesas,10,16.0,160.0,Presencial,No,Ninguna,0,Soleado,24,0,4,12,45,25
2025-06-11,Miércoles,6,2025,0,0,Desayuno,7,11,Sándwich de Pollo,Sándwiches,8,11.0,88.0,Presencial,No,Ninguna,0,Soleado,24,0,4,12,18,21
2025-06-11,Miércoles,6,2025,0,0,Desayuno,7,11,Cheeseburger,Hamburguesas,14,14.0,176.4,Presencial,Sí,Descuento,10,Soleado,24,0,4,13,43,27
2025-06-11,Miércoles,6,2025,0,0,Almuerzo,12,16,Salchipapa Clásica,Salchipapas,23,10.0,230.0,Presencial,No,Ninguna,0,Soleado,24,0,5,15,50,30
2025-06-11,Miércoles,6,2025,0,0,Almuerzo,12,16,Gaseosa,Bebidas,49,4.0,156.8,Delivery,Sí,Descuento,20,Soleado,24,0,5,2,103,49
2025-06-11,Miércoles,6,2025,0,0,Almuerzo,12,16,Hamburguesa Clásica,Hamburguesas,30,12.0,324.0,Web,Sí,Descuento,10,Soleado,24,0,5,11,55,42
2025-06-11,Miércoles,6,2025,0,0,Almuerzo,12,16,Jugo Natural,Bebidas,22,6.0,132.0,Presencial,No,Ninguna,0,Soleado,24,0,5,5,67,29
2025-06-11,Miércoles,6,2025,0,0,Almuerzo,12,16,Alitas BBQ,Pollos,22,20.0,440.0,Presencial,No,Ninguna,0,Soleado,24,0,5,14,55,25
2025-06-11,Miércoles,6,2025,0,0,Cena,18,22,Hamburguesa BBQ,Hamburguesas,18,16.0,288.0,Web,No,Ninguna,0,Soleado,24,0,6,14,50,53
2025-06-11,Miércoles,6,2025,0,0,Cena,18,22,Hamburguesa Clásica,Hamburguesas,23,12.0,276.0,Web,No,Ninguna,0,Soleado,24,0,6,10,39,41
2025-06-11,Miércoles,6,2025,0,0,Cena,18,22,Gaseosa,Bebidas,27,4.0,108.0,Delivery,No,Ninguna,0,Soleado,24,0,6,4,54,41
2025-06-11,Miércoles,6,2025,0,0,Cena,18,22,Alitas BBQ,Pollos,17,20.0,340.0,Presencial,No,Ninguna,0,Soleado,24,0,6,19,49,59
2025-06-11,Miércoles,6,2025,0,0,Cena,18,22,Pizza Personal,Pizzas,18,13.0,187.2,Presencial,Sí,2x1,20,Soleado,24,0,6,17,32,66
2025-06-11,Miércoles,6,2025,0,0,Cena,18,22,Salchipapa Especial,Salchipapas,21,15.0,315.0,Delivery,No,Ninguna,0,Soleado,24,0,6,8,29,57
2025-06-12,Jueves,6,2025,0,0,Desayuno,7,11,Sándwich de Pollo,Sándwiches,9,11.0,99.0,Presencial,No,Ninguna,0,Nublado,18,0,2,11,24,17
2025-06-12,Jueves,6,2025,0,0,Desayuno,7,11,Cheeseburger,Hamburguesas,6,14.0,84.0,Presencial,No,Ninguna,0,Nublado,18,0,2,13,33,16
2025-06-12,Jueves,6,2025,0,0,Desayuno,7,11,Jugo Natural,Bebidas,11,6.0,52.8,Presencial,Sí,Descuento,20,Nublado,18,0,2,4,61,19
2025-06-12,Jueves,6,2025,0,0,Almuerzo,12,16,Gaseosa,Bebidas,33,4.0,132.0,Presencial,No,Ninguna,0,Nublado,18,0,4,2,84,39
2025-06-12,Jueves,6,2025,0,0,Almuerzo,12,16,Pollo Broaster,Pollos,30,18.0,540.0,Presencial,No,Ninguna,0,Nublado,18,0,4,17,65,26
2025-06-12,Jueves,6,2025,0,0,Almuerzo,12,16,Sándwich de Pollo,Sándwiches,24,11.0,264.0,Delivery,No,Ninguna,0,Nublado,18,0,4,12,46,43
2025-06-12,Jueves,6,2025,0,0,Almuerzo,12,16,Alitas BBQ,Pollos,25,20.0,500.0,Presencial,No,Ninguna,0,Nublado,18,0,4,15,40,42
2025-06-12,Jueves,6,2025,0,0,Almuerzo,12,16,Pizza Personal,Pizzas,21,13.0,273.0,Presencial,No,Ninguna,0,Nublado,18,0,4,25,52,26
2025-06-12,Jueves,6,2025,0,0,Almuerzo,12,16,Salchipapa Clásica,Salchipapas,18,10.0,180.0,Delivery,No,Ninguna,0,Nublado,18,0,4,9,32,41
2025-06-12,Jueves,6,2025,0,0,Cena,18,22,Gaseosa,Bebidas,24,4.0,96.0,Delivery,No,Ninguna,0,Nublado,18,0,7,5,57,45
2025-06-12,Jueves,6,2025,0,0,Cena,18,22,Pollo Broaster,Pollos,29,18.0,522.0,Web,No,Ninguna,0,Nublado,18,0,7,14,50,48
2025-06-12,Jueves,6,2025,0,0,Cena,18,22,Hamburguesa Clásica,Hamburguesas,31,12.0,372.0,Web,No,Ninguna,0,Nublado,18,0,7,12,39,41
2025-06-12,Jueves,6,2025,0,0,Cena,18,22,Pizza Familiar,Pizzas,14,32.0,448.0,Delivery,No,Ninguna,0,Nublado,18,0,7,18,25,59
2025-06-12,Jueves,6,2025,0,0,Cena,18,22,Alitas BBQ,Pollos,25,20.0,500.0,Delivery,No,Ninguna,0,Nublado,18,0,7,20,30,54
2025-06-12,Jueves,6,2025,0,0,Cena,18,22,Pizza Personal,Pizzas,13,13.0,169.0,Delivery,No,Ninguna,0,Nublado,18,0,7,15,24,64
2025-06-13,Viernes,6,2025,0,0,Desayuno,7,11,Pollo Broaster,Pollos,19,18.0,342.0,Delivery,No,Ninguna,0,Lluvioso,19,1,2,12,40,43
2025-06-13,Viernes,6,2025,0,0,Desayuno,7,11,Gaseosa,Bebidas,19,4.0,68.4,Delivery,Sí,Combo,10,Lluvioso,19,1,2,5,67,36
2025-06-13,Viernes,6,2025,0,0,Desayuno,7,11,Cheeseburger,Hamburguesas,12,14.0,168.0,Presencial,No,Ninguna,0,Lluvioso,19,1,2,11,36,23
2025-06-13,Viernes,6,2025,0,0,Desayuno,7,11,Sándwich de Pollo,Sándwiches,9,11.0,99.0,Presencial,No,Ninguna,0,Lluvioso,19,1,2,9,31,30
2025-06-13,Viernes,6,2025,0,0,Desayuno,7,11,Hamburguesa Clásica,Hamburguesas,12,12.0,144.0,Delivery,No,Ninguna,0,Lluvioso,19,1,2,12,38,33
2025-06-13,Viernes,6,2025,0,0,Desayuno,7,11,Jugo Natural,Bebidas,8,6.0,38.4,Presencial,Sí,Combo,20,Lluvioso,19,1,2,3,63,32
2025-06-13,Viernes,6,2025,0,0,Almuerzo,12,16,Jugo Natural,Bebidas,21,6.0,126.0,Presencial,No,Ninguna,0,Lluvioso,19,1,5,5,78,52
2025-06-13,Viernes,6,2025,0,0,Almuerzo,12,16,Pollo Broaster,Pollos,49,18.0,882.0,Web,No,Ninguna,0,Lluvioso,19,1,5,14,64,53
2025-06-13,Viernes,6,2025,0,0,Almuerzo,12,16,Salchipapa Clásica,Salchipapas,42,10.0,420.0,Presencial,No,Ninguna,0,Lluvioso,19,1,5,15,50,62
2025-06-13,Viernes,6,2025,0,0,Almuerzo,12,16,Alitas BBQ,Pollos,39,20.0,780.0,Presencial,No,Ninguna,0,Lluvioso,19,1,5,14,73,46
2025-06-13,Viernes,6,2025,0,0,Almuerzo,12,16,Gaseosa,Bebidas,46,4.0,184.0,Presencial,No,Ninguna,0,Lluvioso,19,1,5,3,82,57
2025-06-13,Viernes,6,2025,0,0,Cena,18,22,Pizza Personal,Pizzas,26,13.0,287.3,Presencial,Sí,Combo,15,Lluvioso,19,1,6,24,56,68
2025-06-13,Viernes,6,2025,0,0,Cena,18,22,Salchipapa Especial,Salchipapas,22,15.0,330.0,Delivery,No,Ninguna,0,Lluvioso,19,1,6,15,46,63
2025-06-13,Viernes,6,2025,0,0,Cena,18,22,Pizza Familiar,Pizzas,13,32.0,416.0,Web,No,Ninguna,0,Lluvioso,19,1,6,24,20,58
2025-06-13,Viernes,6,2025,0,0,Cena,18,22,Alitas BBQ,Pollos,28,20.0,448.0,Web,Sí,2x1,20,Lluvioso,19,1,6,15,33,72
2025-06-13,Viernes,6,2025,0,0,Cena,18,22,Pollo Broaster,Pollos,50,18.0,900.0,Delivery,No,Ninguna,0,Lluvioso,19,1,6,14,61,50
2025-06-14,Sábado,6,2025,1,0,Desayuno,7,11,Sándwich de Pollo,Sándwiches,11,11.0,121.0,Presencial,No,Ninguna,0,Soleado,27,0,4,6,22,16
2025-06-14,Sábado,6,2025,1,0,Desayuno,7,11,Jugo Natural,Bebidas,13,6.0,78.0,Presencial,No,Ninguna,0,Soleado,27,0,4,2,29,20
2025-06-14,Sábado,6,2025,1,0,Desayuno,7,11,Gaseosa,Bebidas,24,4.0,96.0,Presencial,No,Ninguna,0,Soleado,27,0,4,5,77,30
2025-06-14,Sábado,6,2025,1,0,Almuerzo,12,16,Hamburguesa BBQ,Hamburguesas,48,16.0,614.4,Presencial,Sí,2x1,20,Soleado,27,0,4,12,77,53
2025-06-14,Sábado,6,2025,1,0,Almuerzo,12,16,Salchipapa Especial,Salchipapas,28,15.0,420.0,Delivery,No,Ninguna,0,Soleado,27,0,4,15,52,33
2025-06-14,Sábado,6,2025,1,0,Almuerzo,12,16,Pollo Broaster,Pollos,52,18.0,795.6,Presencial,Sí,2x1,15,Soleado,27,0,4,12,60,55
2025-06-14,Sábado,6,2025,1,0,Almuerzo,12,16,Hamburguesa Clásica,Hamburguesas,34,12.0,408.0,Presencial,No,Ninguna,0,Soleado,27,0,4,10,40,30
2025-06-14,Sábado,6,2025,1,0,Cena,18,22,Pizza Familiar,Pizzas,22,32.0,704.0,Delivery,No,Ninguna,0,Soleado,27,0,8,24,50,53
2025-06-14,Sábado,6,2025,1,0,Cena,18,22,Salchipapa Especial,Salchipapas,42,15.0,630.0,Presencial,No,Ninguna,0,Soleado,27,0,8,9,69,44
2025-06-14,Sábado,6,2025,1,0,Cena,18,22,Hamburguesa Clásica,Hamburguesas,31,12.0,372.0,Delivery,No,Ninguna,0,Soleado,27,0,8,12,46,67
2025-06-14,Sábado,6,2025,1,0,Cena,18,22,Pizza Personal,Pizzas,22,13.0,286.0,Delivery,No,Ninguna,0,Soleado,27,0,8,15,33,53
2025-06-15,Domingo,6,2025,1,0,Desayuno,7,11,Hamburguesa Clásica,Hamburguesas,13,12.0,156.0,Delivery,No,Ninguna,0,Lluvioso,17,1,2,10,31,42
2025-06-15,Domingo,6,2025,1,0,Desayuno,7,11,Sándwich de Pollo,Sándwiches,15,11.0,123.75,Presencial,Sí,Descuento,25,Lluvioso,17,1,2,12,36,44
2025-06-15,Domingo,6,2025,1,0,Desayuno,7,11,Jugo Natural,Bebidas,18,6.0,91.8,Delivery,Sí,Combo,15,Lluvioso,17,1,2,4,53,42
2025-06-15,Domingo,6,2025,1,0,Almuerzo,12,16,Salchipapa Especial,Salchipapas,33,15.0,445.5,Web,Sí,Descuento,10,Lluvioso,17,1,7,10,60,74
2025-06-15,Domingo,6,2025,1,0,Almuerzo,12,16,Hamburguesa Clásica,Hamburguesas,23,12.0,276.0,Presencial,No,Ninguna,0,Lluvioso,17,1,7,11,56,47
2025-06-15,Domingo,6,2025,1,0,Almuerzo,12,16,Pizza Personal,Pizzas,27,13.0,351.0,Delivery,No,Ninguna,0,Lluvioso,17,1,7,23,51,53
2025-06-15,Domingo,6,2025,1,0,Almuerzo,12,16,Gaseosa,Bebidas,50,4.0,200.0,Web,No,Ninguna,0,Lluvioso,17,1,7,5,72,51
2025-06-15,Domingo,6,2025,1,0,Almuerzo,12,16,Pollo Broaster,Pollos,54,18.0,777.6,Delivery,Sí,Descuento,20,Lluvioso,17,1,7,19,74,56
2025-06-15,Domingo,6,2025,1,0,Cena,18,22,Salchipapa Especial,Salchipapas,34,15.0,408.0,Delivery,Sí,Combo,20,Lluvioso,17,1,8,8,65,68
2025-06-15,Domingo,6,2025,1,0,Cena,18,22,Hamburguesa BBQ,Hamburguesas,22,16.0,352.0,Delivery,No,Ninguna,0,Lluvioso,17,1,8,14,32,82
2025-06-15,Domingo,6,2025,1,0,Cena,18,22,Pizza Familiar,Pizzas,18,32.0,576.0,Web,No,Ninguna,0,Lluvioso,17,1,8,16,41,77
2025-06-15,Domingo,6,2025,1,0,Cena,18,22,Hamburguesa Clásica,Hamburguesas,24,12.0,288.0,Web,No,Ninguna,0,Lluvioso,17,1,8,10,39,74
2025-06-15,Domingo,6,2025,1,0,Cena,18,22,Alitas BBQ,Pollos,30,20.0,600.0,Delivery,No,Ninguna,0,Lluvioso,17,1,8,13,64,89
2025-06-16,Lunes,6,2025,0,0,Desayuno,7,11,Jugo Natural,Bebidas,9,6.0,54.0,Presencial,No,Ninguna,0,Soleado,26,0,2,3,67,14
2025-06-16,Lunes,6,2025,0,0,Desayuno,7,11,Sándwich de Pollo,Sándwiches,8,11.0,88.0,Delivery,No,Ninguna,0,Soleado,26,0,2,12,20,17
2025-06-16,Lunes,6,2025,0,0,Desayuno,7,11,Cheeseburger,Hamburguesas,7,14.0,98.0,Presencial,No,Ninguna,0,Soleado,26,0,2,11,16,20
2025-06-16,Lunes,6,2025,0,0,Desayuno,7,11,Salchipapa Especial,Salchipapas,8,15.0,120.0,Presencial,No,Ninguna,0,Soleado,26,0,2,13,21,17
2025-06-16,Lunes,6,2025,0,0,Almuerzo,12,16,Alitas BBQ,Pollos,20,20.0,400.0,Web,No,Ninguna,0,Soleado,26,0,7,12,50,32
2025-06-16,Lunes,6,2025,0,0,Almuerzo,12,16,Cheeseburger,Hamburguesas,15,14.0,210.0,Delivery,No,Ninguna,0,Soleado,26,0,7,9,27,40
2025-06-16,Lunes,6,2025,0,0,Almuerzo,12,16,Hamburguesa Clásica,Hamburguesas,17,12.0,204.0,Presencial,No,Ninguna,0,Soleado,26,0,7,14,36,32
2025-06-16,Lunes,6,2025,0,0,Cena,18,22,Salchipapa Clásica,Salchipapas,18,10.0,180.0,Web,No,Ninguna,0,Soleado,26,0,5,13,48,53
2025-06-16,Lunes,6,2025,0,0,Cena,18,22,Pizza Personal,Pizzas,15,13.0,195.0,Presencial,No,Ninguna,0,Soleado,26,0,5,23,33,50
2025-06-16,Lunes,6,2025,0,0,Cena,18,22,Pizza Familiar,Pizzas,18,32.0,460.8,Delivery,Sí,Combo,20,Soleado,26,0,5,19,28,55
2025-06-16,Lunes,6,2025,0,0,Cena,18,22,Cheeseburger,Hamburguesas,16,14.0,179.2,Delivery,Sí,Combo,20,Soleado,26,0,5,14,39,60
2025-06-17,Martes,6,2025,0,0,Desayuno,7,11,Pollo Broaster,Pollos,14,18.0,252.0,Presencial,No,Ninguna,0,Lluvioso,19,1,2,15,39,35
2025-06-17,Martes,6,2025,0,0,Desayuno,7,11,Jugo Natural,Bebidas,9,6.0,54.0,Presencial,No,Ninguna,0,Lluvioso,19,1,2,5,49,33
2025-06-17,Martes,6,2025,0,0,Desayuno,7,11,Cheeseburger,Hamburguesas,7,14.0,98.0,Presencial,No,Ninguna,0,Lluvioso,19,1,2,11,38,27
2025-06-17,Martes,6,2025,0,0,Desayuno,7,11,Sándwich de Pollo,Sándwiches,8,11.0,88.0,Presencial,No,Ninguna,0,Lluvioso,19,1,2,9,22,35
2025-06-17,Martes,6,2025,0,0,Almuerzo,12,16,Pollo Broaster,Pollos,36,18.0,486.0,Delivery,Sí,Combo,25,Lluvioso,19,1,5,15,50,57
2025-06-17,Martes,6,2025,0,0,Almuerzo,12,16,Hamburguesa Clásica,Hamburguesas,25,12.0,300.0,Delivery,No,Ninguna,0,Lluvioso,19,1,5,11,52,48
2025-06-17,Martes,6,2025,0,0,Almuerzo,12,16,Sándwich de Pollo,Sándwiches,16,11.0,176.0,Delivery,No,Ninguna,0,Lluvioso,19,1,5,9,24,53
2025-06-17,Martes,6,2025,0,0,Almuerzo,12,16,Cheeseburger,Hamburguesas,25,14.0,350.0,Web,No,Ninguna,0,Lluvioso,19,1,5,14,43,39
2025-06-17,Martes,6,2025,0,0,Cena,18,22,Hamburguesa Clásica,Hamburguesas,31,12.0,372.0,Web,No,Ninguna,0,Lluvioso,19,1,6,10,62,56
2025-06-17,Martes,6,2025,0,0,Cena,18,22,Jugo Natural,Bebidas,17,6.0,91.8,Delivery,Sí,Descuento,10,Lluvioso,19,1,6,3,71,64
2025-06-17,Martes,6,2025,0,0,Cena,18,22,Pollo Broaster,Pollos,30,18.0,540.0,Delivery,No,Ninguna,0,Lluvioso,19,1,6,16,56,74
2025-06-17,Martes,6,2025,0,0,Cena,18,22,Hamburguesa BBQ,Hamburguesas,18,16.0,288.0,Delivery,No,Ninguna,0,Lluvioso,19,1,6,9,40,78
2025-06-18,Miércoles,6,2025,0,0,Desayuno,7,11,Sándwich de Pollo,Sándwiches,8,11.0,88.0,Presencial,No,Ninguna,0,Nublado,20,0,2,6,20,22
2025-06-18,Miércoles,6,2025,0,0,Desayuno,7,11,Cheeseburger,Hamburguesas,9,14.0,126.0,Presencial,No,Ninguna,0,Nublado,20,0,2,14,24,11
2025-06-18,Miércoles,6,2025,0,0,Desayuno,7,11,Gaseosa,Bebidas,11,4.0,37.4,Delivery,Sí,Descuento,15,Nublado,20,0,2,5,57,18
2025-06-18,Miércoles,6,2025,0,0,Desayuno,7,11,Jugo Natural,Bebidas,9,6.0,54.0,Delivery,No,Ninguna,0,Nublado,20,0,2,3,53,17
2025-06-18,Miércoles,6,2025,0,0,Desayuno,7,11,Pollo Broaster,Pollos,13,18.0,234.0,Delivery,No,Ninguna,0,Nublado,20,0,2,17,28,19
2025-06-18,Miércoles,6,2025,0,0,Almuerzo,12,16,Salchipapa Especial,Salchipapas,28,15.0,378.0,Delivery,Sí,2x1,10,Nublado,20,0,6,15,46,30
2025-06-18,Miércoles,6,2025,0,0,Almuerzo,12,16,Jugo Natural,Bebidas,23,6.0,138.0,Delivery,No,Ninguna,0,Nublado,20,0,6,5,62,40
2025-06-18,Miércoles,6,2025,0,0,Almuerzo,12,16,Alitas BBQ,Pollos,19,20.0,380.0,Presencial,No,Ninguna,0,Nublado,20,0,6,13,25,31
2025-06-18,Miércoles,6,2025,0,0,Almuerzo,12,16,Cheeseburger,Hamburguesas,18,14.0,252.0,Delivery,No,Ninguna,0,Nublado,20,0,6,9,25,45
2025-06-18,Miércoles,6,2025,0,0,Almuerzo,12,16,Gaseosa,Bebidas,42,4.0,142.8,Presencial,Sí,Combo,15,Nublado,20,0,6,4,76,49
2025-06-18,Miércoles,6,2025,0,0,Cena,18,22,Salchipapa Especial,Salchipapas,25,15.0,375.0,Presencial,No,Ninguna,0,Nublado,20,0,8,11,40,40
2025-06-18,Miércoles,6,2025,0,0,Cena,18,22,Pizza Personal,Pizzas,22,13.0,243.1,Delivery,Sí,Combo,15,Nublado,20,0,8,19,56,46
2025-06-18,Miércoles,6,2025,0,0,Cena,18,22,Alitas BBQ,Pollos,15,20.0,300.0,Web,No,Ninguna,0,Nublado,20,0,8,17,41,55
2025-06-19,Jueves,6,2025,0,0,Desayuno,7,11,Sándwich de Pollo,Sándwiches,10,11.0,110.0,Delivery,No,Ninguna,0,Nublado,18,0,2,10,28,13
2025-06-19,Jueves,6,2025,0,0,Desayuno,7,11,Jugo Natural,Bebidas,15,6.0,76.5,Presencial,Sí,Combo,15,Nublado,18,0,2,5,65,13
2025-06-19,Jueves,6,2025,0,0,Desayuno,7,11,Salchipapa Clásica,Salchipapas,10,10.0,80.0,Presencial,Sí,Descuento,20,Nublado,18,0,2,12,17,25
2025-06-19,Jueves,6,2025,0,0,Desayuno,7,11,Gaseosa,Bebidas,16,4.0,64.0,Presencial,No,Ninguna,0,Nublado,18,0,2,4,47,22
2025-06-19,Jueves,6,2025,0,0,Desayuno,7,11,Hamburguesa Clásica,Hamburguesas,13,12.0,156.0,Presencial,No,Ninguna,0,Nublado,18,0,2,9,25,22
2025-06-19,Jueves,6,2025,0,0,Almuerzo,12,16,Cheeseburger,Hamburguesas,21,14.0,294.0,Presencial,No,Ninguna,0,Nublado,18,0,7,11,30,36
2025-06-19,Jueves,6,2025,0,0,Almuerzo,12,16,Alitas BBQ,Pollos,23,20.0,460.0,Presencial,No,Ninguna,0,Nublado,18,0,7,20,48,28
2025-06-19,Jueves,6,2025,0,0,Almuerzo,12,16,Hamburguesa Clásica,Hamburguesas,23,12.0,276.0,Presencial,No,Ninguna,0,Nublado,18,0,7,13,39,30
2025-06-19,Jueves,6,2025,0,0,Almuerzo,12,16,Salchipapa Especial,Salchipapas,32,15.0,480.0,Delivery,No,Ninguna,0,Nublado,18,0,7,15,59,40
2025-06-19,Jueves,6,2025,0,0,Cena,18,22,Hamburguesa Clásica,Hamburguesas,20,12.0,240.0,Web,No,Ninguna,0,Nublado,18,0,8,13,38,63
2025-06-19,Jueves,6,2025,0,0,Cena,18,22,Pizza Personal,Pizzas,10,13.0,130.0,Presencial,No,Ninguna,0,Nublado,18,0,8,25,35,44
2025-06-19,Jueves,6,2025,0,0,Cena,18,22,Salchipapa Especial,Salchipapas,33,15.0,495.0,Delivery,No,Ninguna,0,Nublado,18,0,8,8,41,55
2025-06-19,Jueves,6,2025,0,0,Cena,18,22,Pollo Broaster,Pollos,32,18.0,518.4,Web,Sí,Descuento,10,Nublado,18,0,8,12,42,60
2025-06-20,Viernes,6,2025,0,0,Desayuno,7,11,Sándwich de Pollo,Sándwiches,9,11.0,99.0,Presencial,No,Ninguna,0,Soleado,23,0,4,9,21,17
2025-06-20,Viernes,6,2025,0,0,Desayuno,7,11,Cheeseburger,Hamburguesas,11,14.0,154.0,Presencial,No,Ninguna,0,Soleado,23,0,4,11,20,15
2025-06-20,Viernes,6,2025,0,0,Desayuno,7,11,Pizza Personal,Pizzas,11,13.0,143.0,Delivery,No,Ninguna,0,Soleado,23,0,4,21,19,10
2025-06-20,Viernes,6,2025,0,0,Desayuno,7,11,Hamburguesa Clásica,Hamburguesas,20,12.0,216.0,Presencial,Sí,Descuento,10,Soleado,23,0,4,12,32,25
2025-06-20,Viernes,6,2025,0,0,Almuerzo,12,16,Hamburguesa Clásica,Hamburguesas,35,12.0,420.0,Presencial,No,Ninguna,0,Soleado,23,0,6,9,43,26
2025-06-20,Viernes,6,2025,0,0,Almuerzo,12,16,Alitas BBQ,Pollos,26,20.0,468.0,Presencial,Sí,Descuento,10,Soleado,23,0,6,13,46,37
2025-06-20,Viernes,6,2025,0,0,Almuerzo,12,16,Gaseosa,Bebidas,45,4.0,180.0,Presencial,No,Ninguna,0,Soleado,23,0,6,3,102,45
2025-06-20,Viernes,6,2025,0,0,Almuerzo,12,16,Cheeseburger,Hamburguesas,27,14.0,378.0,Web,No,Ninguna,0,Soleado,23,0,6,9,42,32
2025-06-20,Viernes,6,2025,0,0,Almuerzo,12,16,Pollo Broaster,Pollos,46,18.0,828.0,Presencial,No,Ninguna,0,Soleado,23,0,6,18,55,43
2025-06-20,Viernes,6,2025,0,0,Cena,18,22,Gaseosa,Bebidas,44,4.0,176.0,Presencial,No,Ninguna,0,Soleado,23,0,7,5,86,58
2025-06-20,Viernes,6,2025,0,0,Cena,18,22,Salchipapa Especial,Salchipapas,30,15.0,450.0,Web,No,Ninguna,0,Soleado,23,0,7,8,35,56
2025-06-20,Viernes,6,2025,0,0,Cena,18,22,Salchipapa Clásica,Salchipapas,31,10.0,310.0,Delivery,No,Ninguna,0,Soleado,23,0,7,14,36,47
2025-06-20,Viernes,6,2025,0,0,Cena,18,22,Pollo Broaster,Pollos,41,18.0,738.0,Delivery,No,Ninguna,0,Soleado,23,0,7,15,58,64
2025-06-21,Sábado,6,2025,1,0,Desayuno,7,11,Sándwich de Pollo,Sándwiches,13,11.0,143.0,Presencial,No,Ninguna,0,Soleado,26,0,5,12,34,21
2025-06-21,Sábado,6,2025,1,0,Desayuno,7,11,Jugo Natural,Bebidas,11,6.0,66.0,Presencial,No,Ninguna,0,Soleado,26,0,5,3,35,29
2025-06-21,Sábado,6,2025,1,0,Desayuno,7,11,Hamburguesa Clásica,Hamburguesas,18,12.0,183.6,Delivery,Sí,2x1,15,Soleado,26,0,5,11,32,41
2025-06-21,Sábado,6,2025,1,0,Desayuno,7,11,Gaseosa,Bebidas,17,4.0,68.0,Presencial,No,Ninguna,0,Soleado,26,0,5,4,67,25
2025-06-21,Sábado,6,2025,1,0,Desayuno,7,11,Hamburguesa BBQ,Hamburguesas,13,16.0,208.0,Presencial,No,Ninguna,0,Soleado,26,0,5,14,37,25
2025-06-21,Sábado,6,2025,1,0,Almuerzo,12,16,Hamburguesa Clásica,Hamburguesas,32,12.0,384.0,Web,No,Ninguna,0,Soleado,26,0,6,14,55,54
2025-06-21,Sábado,6,2025,1,0,Almuerzo,12,16,Salchipapa Clásica,Salchipapas,31,10.0,310.0,Presencial,No,Ninguna,0,Soleado,26,0,6,8,48,50
2025-06-21,Sábado,6,2025,1,0,Almuerzo,12,16,Hamburguesa BBQ,Hamburguesas,29,16.0,464.0,Presencial,No,Ninguna,0,Soleado,26,0,6,14,35,32
2025-06-21,Sábado,6,2025,1,0,Cena,18,22,Gaseosa,Bebidas,32,4.0,128.0,Delivery,No,Ninguna,0,Soleado,26,0,6,4,88,68
2025-06-21,Sábado,6,2025,1,0,Cena,18,22,Salchipapa Clásica,Salchipapas,35,10.0,350.0,Web,No,Ninguna,0,Soleado,26,0,6,9,52,51
2025-06-21,Sábado,6,2025,1,0,Cena,18,22,Alitas BBQ,Pollos,31,20.0,620.0,Presencial,No,Ninguna,0,Soleado,26,0,6,17,43,67
2025-06-21,Sábado,6,2025,1,0,Cena,18,22,Pizza Familiar,Pizzas,21,32.0,672.0,Delivery,No,Ninguna,0,Soleado,26,0,6,21,42,54
2025-06-21,Sábado,6,2025,1,0,Cena,18,22,Pizza Personal,Pizzas,25,13.0,260.0,Delivery,Sí,2x1,20,Soleado,26,0,6,17,49,78
2025-06-21,Sábado,6,2025,1,0,Cena,18,22,Pollo Broaster,Pollos,48,18.0,864.0,Delivery,No,Ninguna,0,Soleado,26,0,6,12,78,73
2025-06-22,Domingo,6,2025,1,0,Desayuno,7,11,Sándwich de Pollo,Sándwiches,11,11.0,121.0,Presencial,No,Ninguna,0,Soleado,24,0,4,6,35,24
2025-06-22,Domingo,6,2025,1,0,Desayuno,7,11,Jugo Natural,Bebidas,14,6.0,84.0,Presencial,No,Ninguna,0,Soleado,24,0,4,2,55,30
2025-06-22,Domingo,6,2025,1,0,Desayuno,7,11,Cheeseburger,Hamburguesas,12,14.0,168.0,Presencial,No,Ninguna,0,Soleado,24,0,4,10,19,31
2025-06-22,Domingo,6,2025,1,0,Almuerzo,12,16,Gaseosa,Bebidas,49,4.0,196.0,Presencial,No,Ninguna,0,Soleado,24,0,7,4,103,38
2025-06-22,Domingo,6,2025,1,0,Almuerzo,12,16,Pollo Broaster,Pollos,42,18.0,756.0,Presencial,No,Ninguna,0,Soleado,24,0,7,17,59,50
2025-06-22,Domingo,6,2025,1,0,Almuerzo,12,16,Cheeseburger,Hamburguesas,27,14.0,378.0,Presencial,No,Ninguna,0,Soleado,24,0,7,12,53,38
2025-06-22,Domingo,6,2025,1,0,Almuerzo,12,16,Salchipapa Especial,Salchipapas,44,15.0,660.0,Delivery,No,Ninguna,0,Soleado,24,0,7,12,52,49
2025-06-22,Domingo,6,2025,1,0,Cena,18,22,Salchipapa Clásica,Salchipapas,26,10.0,260.0,Delivery,No,Ninguna,0,Soleado,24,0,8,9,40,60
2025-06-22,Domingo,6,2025,1,0,Cena,18,22,Pizza Familiar,Pizzas,28,32.0,806.4,Presencial,Sí,2x1,10,Soleado,24,0,8,19,38,70
2025-06-22,Domingo,6,2025,1,0,Cena,18,22,Pizza Personal,Pizzas,20,13.0,260.0,Delivery,No,Ninguna,0,Soleado,24,0,8,20,32,67
2025-06-22,Domingo,6,2025,1,0,Cena,18,22,Gaseosa,Bebidas,42,4.0,168.0,Presencial,No,Ninguna,0,Soleado,24,0,8,4,98,64
2025-06-22,Domingo,6,2025,1,0,Cena,18,22,Alitas BBQ,Pollos,37,20.0,555.0,Delivery,Sí,Combo,25,Soleado,24,0,8,20,59,49
2025-06-23,Lunes,6,2025,0,0,Desayuno,7,11,Gaseosa,Bebidas,15,4.0,60.0,Presencial,No,Ninguna,0,Nublado,24,0,3,3,44,25
2025-06-23,Lunes,6,2025,0,0,Desayuno,7,11,Hamburguesa Clásica,Hamburguesas,9,12.0,108.0,Presencial,No,Ninguna,0,Nublado,24,0,3,11,32,19
2025-06-23,Lunes,6,2025,0,0,Desayuno,7,11,Sándwich de Pollo,Sándwiches,7,11.0,77.0,Presencial,No,Ninguna,0,Nublado,24,0,3,12,14,20
2025-06-23,Lunes,6,2025,0,0,Desayuno,7,11,Salchipapa Clásica,Salchipapas,7,10.0,70.0,Presencial,No,Ninguna,0,Nublado,24,0,3,13,41,10
2025-06-23,Lunes,6,2025,0,0,Desayuno,7,11,Jugo Natural,Bebidas,11,6.0,66.0,Presencial,No,Ninguna,0,Nublado,24,0,3,3,30,13
2025-06-23,Lunes,6,2025,0,0,Almuerzo,12,16,Hamburguesa Clásica,Hamburguesas,17,12.0,204.0,Presencial,No,Ninguna,0,Nublado,24,0,4,8,23,43
2025-06-23,Lunes,6,2025,0,0,Almuerzo,12,16,Pollo Broaster,Pollos,28,18.0,504.0,Presencial,No,Ninguna,0,Nublado,24,0,4,17,35,29
2025-06-23,Lunes,6,2025,0,0,Almuerzo,12,16,Alitas BBQ,Pollos,22,20.0,440.0,Web,No,Ninguna,0,Nublado,24,0,4,12,37,34
2025-06-23,Lunes,6,2025,0,0,Almuerzo,12,16,Salchipapa Especial,Salchipapas,19,15.0,285.0,Web,No,Ninguna,0,Nublado,24,0,4,10,40,34
2025-06-23,Lunes,6,2025,0,0,Almuerzo,12,16,Salchipapa Clásica,Salchipapas,16,10.0,160.0,Delivery,No,Ninguna,0,Nublado,24,0,4,10,49,40
2025-06-23,Lunes,6,2025,0,0,Almuerzo,12,16,Cheeseburger,Hamburguesas,15,14.0,210.0,Presencial,No,Ninguna,0,Nublado,24,0,4,14,47,42
2025-06-23,Lunes,6,2025,0,0,Cena,18,22,Hamburguesa BBQ,Hamburguesas,15,16.0,240.0,Delivery,No,Ninguna,0,Nublado,24,0,8,9,26,49
2025-06-23,Lunes,6,2025,0,0,Cena,18,22,Alitas BBQ,Pollos,19,20.0,380.0,Delivery,No,Ninguna,0,Nublado,24,0,8,17,49,51
2025-06-23,Lunes,6,2025,0,0,Cena,18,22,Pizza Personal,Pizzas,14,13.0,182.0,Web,No,Ninguna,0,Nublado,24,0,8,22,22,64
2025-06-23,Lunes,6,2025,0,0,Cena,18,22,Cheeseburger,Hamburguesas,14,14.0,196.0,Delivery,No,Ninguna,0,Nublado,24,0,8,12,47,48
2025-06-23,Lunes,6,2025,0,0,Cena,18,22,Pollo Broaster,Pollos,30,18.0,540.0,Delivery,No,Ninguna,0,Nublado,24,0,8,14,44,61
2025-06-24,Martes,6,2025,0,0,Desayuno,7,11,Sándwich de Pollo,Sándwiches,7,11.0,77.0,Presencial,No,Ninguna,0,Nublado,21,0,3,7,25,12
2025-06-24,Martes,6,2025,0,0,Desayuno,7,11,Jugo Natural,Bebidas,10,6.0,60.0,Delivery,No,Ninguna,0,Nublado,21,0,3,4,70,23
2025-06-24,Martes,6,2025,0,0,Desayuno,7,11,Cheeseburger,Hamburguesas,6,14.0,84.0,Presencial,No,Ninguna,0,Nublado,21,0,3,13,26,18
2025-06-24,Martes,6,2025,0,0,Desayuno,7,11,Salchipapa Clásica,Salchipapas,7,10.0,70.0,Presencial,No,Ninguna,0,Nublado,21,0,3,11,33,25
2025-06-24,Martes,6,2025,0,0,Almuerzo,12,16,Hamburguesa Clásica,Hamburguesas,23,12.0,276.0,Presencial,No,Ninguna,0,Nublado,21,0,7,13,51,27
2025-06-24,Martes,6,2025,0,0,Almuerzo,12,16,Alitas BBQ,Pollos,25,20.0,500.0,Presencial,No,Ninguna,0,Nublado,21,0,7,16,40,39
2025-06-24,Martes,6,2025,0,0,Almuerzo,12,16,Sándwich de Pollo,Sándwiches,22,11.0,242.0,Presencial,No,Ninguna,0,Nublado,21,0,7,12,36,44
2025-06-24,Martes,6,2025,0,0,Almuerzo,12,16,Salchipapa Clásica,Salchipapas,23,10.0,207.0,Presencial,Sí,2x1,10,Nublado,21,0,7,11,54,34
2025-06-24,Martes,6,2025,0,0,Cena,18,22,Sándwich de Pollo,Sándwiches,16,11.0,176.0,Presencial,No,Ninguna,0,Nublado,21,0,4,12,51,54
2025-06-24,Martes,6,2025,0,0,Cena,18,22,Alitas BBQ,Pollos,16,20.0,320.0,Presencial,No,Ninguna,0,Nublado,21,0,4,13,35,47
2025-06-24,Martes,6,2025,0,0,Cena,18,22,Hamburguesa Clásica,Hamburguesas,15,12.0,180.0,Delivery,No,Ninguna,0,Nublado,21,0,4,10,31,48
2025-06-24,Martes,6,2025,0,0,Cena,18,22,Hamburguesa BBQ,Hamburguesas,17,16.0,272.0,Delivery,No,Ninguna,0,Nublado,21,0,4,10,47,45
2025-06-25,Miércoles,6,2025,0,0,Desayuno,7,11,Cheeseburger,Hamburguesas,8,14.0,112.0,Presencial,No,Ninguna,0,Nublado,21,0,4,8,39,17
2025-06-25,Miércoles,6,2025,0,0,Desayuno,7,11,Jugo Natural,Bebidas,8,6.0,48.0,Presencial,No,Ninguna,0,Nublado,21,0,4,4,26,23
2025-06-25,Miércoles,6,2025,0,0,Desayuno,7,11,Pizza Personal,Pizzas,6,13.0,78.0,Presencial,No,Ninguna,0,Nublado,21,0,4,17,34,24
2025-06-25,Miércoles,6,2025,0,0,Almuerzo,12,16,Salchipapa Clásica,Salchipapas,16,10.0,160.0,Web,No,Ninguna,0,Nublado,21,0,7,12,38,39
2025-06-25,Miércoles,6,2025,0,0,Almuerzo,12,16,Jugo Natural,Bebidas,26,6.0,156.0,Delivery,No,Ninguna,0,Nublado,21,0,7,3,41,41
2025-06-25,Miércoles,6,2025,0,0,Almuerzo,12,16,Alitas BBQ,Pollos,22,20.0,440.0,Delivery,No,Ninguna,0,Nublado,21,0,7,19,51,30
2025-06-25,Miércoles,6,2025,0,0,Almuerzo,12,16,Salchipapa Especial,Salchipapas,38,15.0,570.0,Delivery,No,Ninguna,0,Nublado,21,0,7,12,49,30
2025-06-25,Miércoles,6,2025,0,0,Almuerzo,12,16,Pollo Broaster,Pollos,28,18.0,504.0,Presencial,No,Ninguna,0,Nublado,21,0,7,20,58,42
2025-06-25,Miércoles,6,2025,0,0,Cena,18,22,Pizza Familiar,Pizzas,13,32.0,416.0,Web,No,Ninguna,0,Nublado,21,0,6,21,46,63
2025-06-25,Miércoles,6,2025,0,0,Cena,18,22,Salchipapa Especial,Salchipapas,26,15.0,390.0,Presencial,No,Ninguna,0,Nublado,21,0,6,15,41,41
2025-06-25,Miércoles,6,2025,0,0,Cena,18,22,Cheeseburger,Hamburguesas,18,14.0,252.0,Presencial,No,Ninguna,0,Nublado,21,0,6,9,28,48
2025-06-26,Jueves,6,2025,0,0,Desayuno,7,11,Salchipapa Clásica,Salchipapas,9,10.0,81.0,Presencial,Sí,Descuento,10,Nublado,20,0,4,11,20,17
2025-06-26,Jueves,6,2025,0,0,Desayuno,7,11,Gaseosa,Bebidas,17,4.0,68.0,Presencial,No,Ninguna,0,Nublado,20,0,4,5,60,25
2025-06-26,Jueves,6,2025,0,0,Desayuno,7,11,Jugo Natural,Bebidas,10,6.0,60.0,Presencial,No,Ninguna,0,Nublado,20,0,4,4,62,17
2025-06-26,Jueves,6,2025,0,0,Desayuno,7,11,Sándwich de Pollo,Sándwiches,12,11.0,99.0,Presencial,Sí,2x1,25,Nublado,20,0,4,7,39,16
2025-06-26,Jueves,6,2025,0,0,Almuerzo,12,16,Pizza Personal,Pizzas,19,13.0,247.0,Presencial,No,Ninguna,0,Nublado,20,0,7,18,52,39
2025-06-26,Jueves,6,2025,0,0,Almuerzo,12,16,Cheeseburger,Hamburguesas,20,14.0,280.0,Presencial,No,Ninguna,0,Nublado,20,0,7,14,30,37
2025-06-26,Jueves,6,2025,0,0,Almuerzo,12,16,Salchipapa Clásica,Salchipapas,17,10.0,170.0,Presencial,No,Ninguna,0,Nublado,20,0,7,15,37,30
2025-06-26,Jueves,6,2025,0,0,Almuerzo,12,16,Alitas BBQ,Pollos,24,20.0,480.0,Presencial,No,Ninguna,0,Nublado,20,0,7,12,43,32
2025-06-26,Jueves,6,2025,0,0,Almuerzo,12,16,Salchipapa Especial,Salchipapas,22,15.0,330.0,Presencial,No,Ninguna,0,Nublado,20,0,7,8,50,26
2025-06-26,Jueves,6,2025,0,0,Cena,18,22,Cheeseburger,Hamburguesas,16,14.0,224.0,Web,No,Ninguna,0,Nublado,20,0,4,10,44,51
2025-06-26,Jueves,6,2025,0,0,Cena,18,22,Hamburguesa Clásica,Hamburguesas,26,12.0,312.0,Delivery,No,Ninguna,0,Nublado,20,0,4,13,51,42
2025-06-26,Jueves,6,2025,0,0,Cena,18,22,Alitas BBQ,Pollos,21,20.0,420.0,Presencial,No,Ninguna,0,Nublado,20,0,4,13,52,54
2025-06-26,Jueves,6,2025,0,0,Cena,18,22,Hamburguesa BBQ,Hamburguesas,29,16.0,464.0,Web,No,Ninguna,0,Nublado,20,0,4,13,44,58
2025-06-26,Jueves,6,2025,0,0,Cena,18,22,Pizza Personal,Pizzas,14,13.0,182.0,Delivery,No,Ninguna,0,Nublado,20,0,4,20,39,43
2025-06-27,Viernes,6,2025,0,0,Desayuno,7,11,Cheeseburger,Hamburguesas,10,14.0,119.0,Delivery,Sí,Combo,15,Lluvioso,17,1,3,11,40,28
2025-06-27,Viernes,6,2025,0,0,Desayuno,7,11,Gaseosa,Bebidas,19,4.0,76.0,Presencial,No,Ninguna,0,Lluvioso,17,1,3,4,69,27
2025-06-27,Viernes,6,2025,0,0,Desayuno,7,11,Sándwich de Pollo,Sándwiches,14,11.0,154.0,Presencial,No,Ninguna,0,Lluvioso,17,1,3,8,42,37
2025-06-27,Viernes,6,2025,0,0,Almuerzo,12,16,Salchipapa Especial,Salchipapas,41,15.0,615.0,Delivery,No,Ninguna,0,Lluvioso,17,1,7,13,67,49
2025-06-27,Viernes,6,2025,0,0,Almuerzo,12,16,Gaseosa,Bebidas,54,4.0,216.0,Presencial,No,Ninguna,0,Lluvioso,17,1,7,3,106,56
2025-06-27,Viernes,6,2025,0,0,Almuerzo,12,16,Salchipapa Clásica,Salchipapas,29,10.0,290.0,Delivery,No,Ninguna,0,Lluvioso,17,1,7,9,55,50
2025-06-27,Viernes,6,2025,0,0,Cena,18,22,Hamburguesa BBQ,Hamburguesas,25,16.0,400.0,Delivery,No,Ninguna,0,Lluvioso,17,1,7,10,44,74
2025-06-27,Viernes,6,2025,0,0,Cena,18,22,Alitas BBQ,Pollos,28,20.0,560.0,Web,No,Ninguna,0,Lluvioso,17,1,7,17,39,76
2025-06-27,Viernes,6,2025,0,0,Cena,18,22,Pizza Familiar,Pizzas,14,32.0,448.0,Delivery,No,Ninguna,0,Lluvioso,17,1,7,15,36,62
2025-06-27,Viernes,6,2025,0,0,Cena,18,22,Gaseosa,Bebidas,60,4.0,240.0,Delivery,No,Ninguna,0,Lluvioso,17,1,7,4,99,78
2025-06-28,Sábado,6,2025,1,0,Desayuno,7,11,Sándwich de Pollo,Sándwiches,10,11.0,110.0,Presencial,No,Ninguna,0,Soleado,27,0,3,9,16,24
2025-06-28,Sábado,6,2025,1,0,Desayuno,7,11,Jugo Natural,Bebidas,12,6.0,72.0,Presencial,No,Ninguna,0,Soleado,27,0,3,5,48,15
2025-06-28,Sábado,6,2025,1,0,Desayuno,7,11,Pizza Personal,Pizzas,10,13.0,130.0,Presencial,No,Ninguna,0,Soleado,27,0,3,21,30,19
2025-06-28,Sábado,6,2025,1,0,Desayuno,7,11,Pizza Familiar,Pizzas,10,32.0,320.0,Presencial,No,Ninguna,0,Soleado,27,0,3,15,37,29
2025-06-28,Sábado,6,2025,1,0,Desayuno,7,11,Hamburguesa Clásica,Hamburguesas,8,12.0,96.0,Presencial,No,Ninguna,0,Soleado,27,0,3,10,17,27
2025-06-28,Sábado,6,2025,1,0,Almuerzo,12,16,Sándwich de Pollo,Sándwiches,25,11.0,275.0,Delivery,No,Ninguna,0,Soleado,27,0,4,7,47,54
2025-06-28,Sábado,6,2025,1,0,Almuerzo,12,16,Pizza Personal,Pizzas,25,13.0,325.0,Delivery,No,Ninguna,0,Soleado,27,0,4,25,33,46
2025-06-28,Sábado,6,2025,1,0,Almuerzo,12,16,Pizza Familiar,Pizzas,23,32.0,736.0,Presencial,No,Ninguna,0,Soleado,27,0,4,15,33,46
2025-06-28,Sábado,6,2025,1,0,Almuerzo,12,16,Alitas BBQ,Pollos,32,20.0,640.0,Delivery,No,Ninguna,0,Soleado,27,0,4,20,50,44
2025-06-28,Sábado,6,2025,1,0,Almuerzo,12,16,Salchipapa Especial,Salchipapas,32,15.0,480.0,Web,No,Ninguna,0,Soleado,27,0,4,9,53,44
2025-06-28,Sábado,6,2025,1,0,Almuerzo,12,16,Gaseosa,Bebidas,39,4.0,140.4,Delivery,Sí,Descuento,10,Soleado,27,0,4,3,81,49
2025-06-28,Sábado,6,2025,1,0,Cena,18,22,Pizza Personal,Pizzas,21,13.0,273.0,Delivery,No,Ninguna,0,Soleado,27,0,8,15,56,47
2025-06-28,Sábado,6,2025,1,0,Cena,18,22,Hamburguesa BBQ,Hamburguesas,30,16.0,480.0,Delivery,No,Ninguna,0,Soleado,27,0,8,10,37,60
2025-06-28,Sábado,6,2025,1,0,Cena,18,22,Pizza Familiar,Pizzas,17,32.0,544.0,Delivery,No,Ninguna,0,Soleado,27,0,8,15,29,56
2025-06-28,Sábado,6,2025,1,0,Cena,18,22,Hamburguesa Clásica,Hamburguesas,35,12.0,420.0,Delivery,No,Ninguna,0,Soleado,27,0,8,10,47,68
2025-06-28,Sábado,6,2025,1,0,Cena,18,22,Pollo Broaster,Pollos,51,18.0,918.0,Web,No,Ninguna,0,Soleado,27,0,8,17,84,55
2025-06-28,Sábado,6,2025,1,0,Cena,18,22,Gaseosa,Bebidas,61,4.0,244.0,Presencial,No,Ninguna,0,Soleado,27,0,8,2,82,66
2025-06-29,Domingo,6,2025,1,1,Desayuno,7,11,Pollo Broaster,Pollos,29,18.0,443.7,Presencial,Sí,Combo,15,Nublado,24,0,5,17,45,34
2025-06-29,Domingo,6,2025,1,1,Desayuno,7,11,Jugo Natural,Bebidas,16,6.0,96.0,Delivery,No,Ninguna,0,Nublado,24,0,5,4,32,29
2025-06-29,Domingo,6,2025,1,1,Desayuno,7,11,Sándwich de Pollo,Sándwiches,12,11.0,132.0,Presencial,No,Ninguna,0,Nublado,24,0,5,11,33,21
2025-06-29,Domingo,6,2025,1,1,Desayuno,7,11,Hamburguesa Clásica,Hamburguesas,10,12.0,120.0,Presencial,No,Ninguna,0,Nublado,24,0,5,12,20,32
2025-06-29,Domingo,6,2025,1,1,Desayuno,7,11,Salchipapa Clásica,Salchipapas,9,10.0,90.0,Delivery,No,Ninguna,0,Nublado,24,0,5,15,25,33
2025-06-29,Domingo,6,2025,1,1,Almuerzo,12,16,Gaseosa,Bebidas,74,4.0,222.0,Presencial,Sí,2x1,25,Nublado,24,0,5,2,102,39
2025-06-29,Domingo,6,2025,1,1,Almuerzo,12,16,Hamburguesa BBQ,Hamburguesas,28,16.0,448.0,Presencial,No,Ninguna,0,Nublado,24,0,5,12,63,46
2025-06-29,Domingo,6,2025,1,1,Almuerzo,12,16,Salchipapa Especial,Salchipapas,51,15.0,612.0,Delivery,Sí,2x1,20,Nublado,24,0,5,12,61,48
2025-06-29,Domingo,6,2025,1,1,Almuerzo,12,16,Hamburguesa Clásica,Hamburguesas,36,12.0,432.0,Presencial,No,Ninguna,0,Nublado,24,0,5,12,67,52
2025-06-29,Domingo,6,2025,1,1,Almuerzo,12,16,Pollo Broaster,Pollos,50,18.0,900.0,Delivery,No,Ninguna,0,Nublado,24,0,5,12,57,48
2025-06-29,Domingo,6,2025,1,1,Cena,18,22,Jugo Natural,Bebidas,38,6.0,228.0,Delivery,No,Ninguna,0,Nublado,24,0,8,4,53,72
2025-06-29,Domingo,6,2025,1,1,Cena,18,22,Hamburguesa BBQ,Hamburguesas,21,16.0,336.0,Web,No,Ninguna,0,Nublado,24,0,8,12,55,44
2025-06-29,Domingo,6,2025,1,1,Cena,18,22,Cheeseburger,Hamburguesas,22,14.0,308.0,Presencial,No,Ninguna,0,Nublado,24,0,8,8,52,55
2025-06-29,Domingo,6,2025,1,1,Cena,18,22,Pollo Broaster,Pollos,51,18.0,918.0,Delivery,No,Ninguna,0,Nublado,24,0,8,18,68,65
2025-06-30,Lunes,6,2025,0,0,Desayuno,7,11,Cheeseburger,Hamburguesas,9,14.0,113.4,Presencial,Sí,Descuento,10,Nublado,20,0,4,13,27,17
2025-06-30,Lunes,6,2025,0,0,Desayuno,7,11,Hamburguesa Clásica,Hamburguesas,8,12.0,96.0,Presencial,No,Ninguna,0,Nublado,20,0,4,8,13,17
2025-06-30,Lunes,6,2025,0,0,Desayuno,7,11,Jugo Natural,Bebidas,7,6.0,42.0,Presencial,No,Ninguna,0,Nublado,20,0,4,2,58,25
2025-06-30,Lunes,6,2025,0,0,Desayuno,7,11,Hamburguesa BBQ,Hamburguesas,9,16.0,129.6,Presencial,Sí,Combo,10,Nublado,20,0,4,10,40,18
2025-06-30,Lunes,6,2025,0,0,Almuerzo,12,16,Pollo Broaster,Pollos,35,18.0,630.0,Presencial,No,Ninguna,0,Nublado,20,0,4,12,68,35
2025-06-30,Lunes,6,2025,0,0,Almuerzo,12,16,Salchipapa Especial,Salchipapas,22,15.0,330.0,Presencial,No,Ninguna,0,Nublado,20,0,4,13,27,26
2025-06-30,Lunes,6,2025,0,0,Almuerzo,12,16,Hamburguesa BBQ,Hamburguesas,17,16.0,272.0,Delivery,No,Ninguna,0,Nublado,20,0,4,8,51,28
2025-06-30,Lunes,6,2025,0,0,Almuerzo,12,16,Alitas BBQ,Pollos,15,20.0,300.0,Presencial,No,Ninguna,0,Nublado,20,0,4,16,24,45
2025-06-30,Lunes,6,2025,0,0,Cena,18,22,Alitas BBQ,Pollos,13,20.0,260.0,Delivery,No,Ninguna,0,Nublado,20,0,5,13,47,45
2025-06-30,Lunes,6,2025,0,0,Cena,18,22,Hamburguesa Clásica,Hamburguesas,16,12.0,192.0,Presencial,No,Ninguna,0,Nublado,20,0,5,13,41,49
2025-06-30,Lunes,6,2025,0,0,Cena,18,22,Salchipapa Clásica,Salchipapas,13,10.0,130.0,Delivery,No,Ninguna,0,Nublado,20,0,5,11,22,47
2025-06-30,Lunes,6,2025,0,0,Cena,18,22,Hamburguesa BBQ,Hamburguesas,16,16.0,192.0,Presencial,Sí,2x1,25,Nublado,20,0,5,13,36,69
