fecha,dia_semana,mes,anio,es_fin_semana,es_feriado,franja_horaria,hora_inicio,hora_fin,total_pedidos_franja,total_venta_franja,producto_lider,categoria_lider,canal_predominante,promocion_activa,clima,temperatura,lluvia,porcentaje_delivery,personal_disponible,nivel_demanda
2024-01-01,Lunes,1,2024,0,1,Almuerzo,12,16,116,1698.0,Pollo Broaster,Pollos,Delivery,No,Soleado,23.0,0,35.5,6,Demanda moderada
2024-01-01,Lunes,1,2024,0,1,Cena,18,22,149,2159.5,Pollo Broaster,Pollos,Delivery,Sí,Soleado,23.0,0,57.2,9,Alta demanda
2024-01-01,Lunes,1,2024,0,1,Desayuno,7,11,71,729.4,Pollo Broaster,Pollos,Presencial,Sí,Soleado,23.0,0,15.6,5,Baja demanda
2024-01-02,Martes,1,2024,0,0,Almuerzo,12,16,105,1107.0,Gaseosa,Bebidas,Presencial,No,Soleado,27.0,0,34.5,7,Demanda moderada
2024-01-02,Martes,1,2024,0,0,Cena,18,22,129,1502.8,Jugo Natural,Bebidas,Presencial,Sí,Soleado,27.0,0,46.8,5,Alta demanda
2024-01-02,Martes,1,2024,0,0,Desayuno,7,11,36,404.4,Cheeseburger,Hamburguesas,Presencial,Sí,Soleado,27.0,0,18.2,2,Baja demanda
2024-01-03,Miércoles,1,2024,0,0,Almuerzo,12,16,133,1396.0,Gaseosa,Bebidas,Delivery,No,Soleado,30.0,0,31.2,5,Alta demanda
2024-01-03,Miércoles,1,2024,0,0,Cena,18,22,64,1207.6,Alitas BBQ,Pollos,Web,Sí,Soleado,30.0,0,55.2,6,Baja demanda
2024-01-03,Miércoles,1,2024,0,0,Desayuno,7,11,44,488.2,Hamburguesa Clásica,Hamburguesas,Presencial,Sí,Soleado,30.0,0,17.0,2,Baja demanda
2024-01-04,Jueves,1,2024,0,0,Almuerzo,12,16,136,1633.0,Pollo Broaster,Pollos,Presencial,No,Soleado,24.0,0,34.0,5,Alta demanda
2024-01-04,Jueves,1,2024,0,0,Cena,18,22,87,1214.75,Hamburguesa Clásica,Hamburguesas,Presencial,Sí,Soleado,24.0,0,59.5,6,Demanda moderada
2024-01-04,Jueves,1,2024,0,0,Desayuno,7,11,57,491.0,Hamburguesa Clásica,Hamburguesas,Presencial,No,Soleado,24.0,0,17.0,2,Baja demanda
2024-01-05,Viernes,1,2024,0,0,Almuerzo,12,16,169,2726.0,Hamburguesa Clásica,Hamburguesas,Presencial,No,Nublado,24.0,0,35.6,5,Alta demanda
2024-01-05,Viernes,1,2024,0,0,Cena,18,22,137,1634.5,Gaseosa,Bebidas,Delivery,Sí,Nublado,24.0,0,51.8,5,Alta demanda
2024-01-05,Viernes,1,2024,0,0,Desayuno,7,11,78,812.0,Gaseosa,Bebidas,Presencial,No,Nublado,24.0,0,13.5,3,Baja demanda
2024-01-06,Sábado,1,2024,1,0,Almuerzo,12,16,162,2329.6,Salchipapa Especial,Salchipapas,Presencial,Sí,Soleado,30.0,0,47.0,5,Alta demanda
2024-01-06,Sábado,1,2024,1,0,Cena,18,22,133,1539.2,Hamburguesa Clásica,Hamburguesas,Web,Sí,Soleado,30.0,0,64.8,9,Alta demanda
2024-01-06,Sábado,1,2024,1,0,Desayuno,7,11,65,487.6,Gaseosa,Bebidas,Delivery,Sí,Soleado,30.0,0,28.5,4,Baja demanda
2024-01-07,Domingo,1,2024,1,0,Almuerzo,12,16,149,1592.0,Gaseosa,Bebidas,Delivery,No,Soleado,24.0,0,46.8,5,Alta demanda
2024-01-07,Domingo,1,2024,1,0,Cena,18,22,173,1820.0,Gaseosa,Bebidas,Delivery,Sí,Soleado,24.0,0,57.3,6,Alta demanda
2024-01-07,Domingo,1,2024,1,0,Desayuno,7,11,57,449.0,Gaseosa,Bebidas,Presencial,No,Soleado,24.0,0,21.5,3,Baja demanda
2024-01-08,Lunes,1,2024,0,0,Almuerzo,12,16,74,1150.0,Hamburguesa Clásica,Hamburguesas,Delivery,No,Soleado,29.0,0,35.8,5,Baja demanda
2024-01-08,Lunes,1,2024,0,0,Cena,18,22,94,1066.0,Pollo Broaster,Pollos,Delivery,No,Soleado,29.0,0,57.5,8,Demanda moderada
2024-01-08,Lunes,1,2024,0,0,Desayuno,7,11,42,466.0,Alitas BBQ,Pollos,Presencial,No,Soleado,29.0,0,23.0,3,Baja demanda
2024-01-09,Martes,1,2024,0,0,Almuerzo,12,16,107,1529.0,Salchipapa Clásica,Salchipapas,Presencial,No,Nublado,19.0,0,32.2,4,Demanda moderada
2024-01-09,Martes,1,2024,0,0,Cena,18,22,81,1288.0,Salchipapa Clásica,Salchipapas,Delivery,No,Nublado,19.0,0,52.5,4,Demanda moderada
2024-01-09,Martes,1,2024,0,0,Desayuno,7,11,56,472.25,Salchipapa Especial,Salchipapas,Delivery,Sí,Nublado,19.0,0,17.0,4,Baja demanda
2024-01-10,Miércoles,1,2024,0,0,Almuerzo,12,16,125,1382.8,Gaseosa,Bebidas,Presencial,Sí,Soleado,27.0,0,33.8,4,Alta demanda
2024-01-10,Miércoles,1,2024,0,0,Cena,18,22,111,1949.0,Salchipapa Especial,Salchipapas,Delivery,No,Soleado,27.0,0,53.8,5,Demanda moderada
2024-01-10,Miércoles,1,2024,0,0,Desayuno,7,11,35,433.0,Jugo Natural,Bebidas,Delivery,No,Soleado,27.0,0,18.5,2,Baja demanda
2024-01-11,Jueves,1,2024,0,0,Almuerzo,12,16,131,1513.0,Gaseosa,Bebidas,Presencial,No,Soleado,27.0,0,34.8,6,Alta demanda
2024-01-11,Jueves,1,2024,0,0,Cena,18,22,90,858.0,Gaseosa,Bebidas,Delivery,No,Soleado,27.0,0,56.5,4,Demanda moderada
2024-01-11,Jueves,1,2024,0,0,Desayuno,7,11,55,580.0,Salchipapa Clásica,Salchipapas,Presencial,No,Soleado,27.0,0,16.6,2,Baja demanda
2024-01-12,Viernes,1,2024,0,0,Almuerzo,12,16,169,2497.0,Pollo Broaster,Pollos,Presencial,No,Soleado,25.0,0,32.8,6,Alta demanda
2024-01-12,Viernes,1,2024,0,0,Cena,18,22,80,856.0,Gaseosa,Bebidas,Delivery,No,Soleado,25.0,0,54.7,8,Demanda moderada
2024-01-12,Viernes,1,2024,0,0,Desayuno,7,11,59,636.0,Gaseosa,Bebidas,Presencial,No,Soleado,25.0,0,18.5,2,Baja demanda
2024-01-13,Sábado,1,2024,1,0,Almuerzo,12,16,185,2149.45,Pollo Broaster,Pollos,Presencial,Sí,Nublado,23.0,0,39.2,7,Demanda crítica
2024-01-13,Sábado,1,2024,1,0,Cena,18,22,125,1454.2,Gaseosa,Bebidas,Delivery,Sí,Nublado,23.0,0,63.0,8,Alta demanda
2024-01-13,Sábado,1,2024,1,0,Desayuno,7,11,81,607.2,Gaseosa,Bebidas,Presencial,Sí,Nublado,23.0,0,30.6,5,Demanda moderada
2024-01-14,Domingo,1,2024,1,0,Almuerzo,12,16,171,2245.0,Salchipapa Especial,Salchipapas,Presencial,No,Soleado,30.0,0,43.4,4,Alta demanda
2024-01-14,Domingo,1,2024,1,0,Cena,18,22,116,1235.0,Gaseosa,Bebidas,Presencial,Sí,Soleado,30.0,0,60.0,6,Demanda moderada
2024-01-14,Domingo,1,2024,1,0,Desayuno,7,11,65,752.0,Gaseosa,Bebidas,Delivery,No,Soleado,30.0,0,27.8,5,Baja demanda
2024-01-15,Lunes,1,2024,0,0,Almuerzo,12,16,115,1685.0,Pollo Broaster,Pollos,Delivery,Sí,Lluvioso,21.0,1,50.0,5,Demanda moderada
2024-01-15,Lunes,1,2024,0,0,Cena,18,22,137,1689.0,Salchipapa Especial,Salchipapas,Delivery,Sí,Lluvioso,21.0,1,70.4,7,Alta demanda
2024-01-15,Lunes,1,2024,0,0,Desayuno,7,11,45,606.0,Hamburguesa Clásica,Hamburguesas,Delivery,No,Lluvioso,21.0,1,36.8,3,Baja demanda
2024-01-16,Martes,1,2024,0,0,Almuerzo,12,16,115,1302.0,Salchipapa Clásica,Salchipapas,Presencial,No,Soleado,31.0,0,35.8,5,Demanda moderada
2024-01-16,Martes,1,2024,0,0,Cena,18,22,72,1080.7,Pizza Personal,Pizzas,Delivery,Sí,Soleado,31.0,0,54.8,6,Baja demanda
2024-01-16,Martes,1,2024,0,0,Desayuno,7,11,50,518.9,Gaseosa,Bebidas,Presencial,Sí,Soleado,31.0,0,20.2,2,Baja demanda
2024-01-17,Miércoles,1,2024,0,0,Almuerzo,12,16,168,2227.0,Gaseosa,Bebidas,Presencial,No,Soleado,29.0,0,33.8,5,Alta demanda
2024-01-17,Miércoles,1,2024,0,0,Cena,18,22,87,1515.0,Salchipapa Especial,Salchipapas,Delivery,Sí,Soleado,29.0,0,49.2,7,Demanda moderada
2024-01-17,Miércoles,1,2024,0,0,Desayuno,7,11,44,464.0,Gaseosa,Bebidas,Presencial,No,Soleado,29.0,0,17.8,2,Baja demanda
2024-01-18,Jueves,1,2024,0,0,Almuerzo,12,16,74,874.0,Hamburguesa BBQ,Hamburguesas,Web,No,Nublado,23.0,0,43.7,4,Baja demanda
2024-01-18,Jueves,1,2024,0,0,Cena,18,22,151,2161.4,Hamburguesa Clásica,Hamburguesas,Delivery,Sí,Nublado,23.0,0,50.8,4,Alta demanda
2024-01-18,Jueves,1,2024,0,0,Desayuno,7,11,70,668.2,Hamburguesa Clásica,Hamburguesas,Presencial,Sí,Nublado,23.0,0,19.5,3,Baja demanda
2024-01-19,Viernes,1,2024,0,0,Almuerzo,12,16,175,2260.0,Hamburguesa Clásica,Hamburguesas,Presencial,Sí,Nublado,24.0,0,38.5,6,Alta demanda
2024-01-19,Viernes,1,2024,0,0,Cena,18,22,129,1557.0,Alitas BBQ,Pollos,Delivery,No,Nublado,24.0,0,56.6,7,Alta demanda
2024-01-19,Viernes,1,2024,0,0,Desayuno,7,11,67,834.0,Hamburguesa Clásica,Hamburguesas,Presencial,Sí,Nublado,24.0,0,20.8,3,Baja demanda
2024-01-20,Sábado,1,2024,1,0,Almuerzo,12,16,275,3494.4,Pollo Broaster,Pollos,Delivery,Sí,Lluvioso,19.0,1,60.2,7,Demanda crítica
2024-01-20,Sábado,1,2024,1,0,Cena,18,22,166,1920.0,Gaseosa,Bebidas,Web,No,Lluvioso,19.0,1,73.2,8,Alta demanda
2024-01-20,Sábado,1,2024,1,0,Desayuno,7,11,52,393.5,Jugo Natural,Bebidas,Delivery,Sí,Lluvioso,19.0,1,41.0,4,Baja demanda
2024-01-21,Domingo,1,2024,1,0,Almuerzo,12,16,123,1471.45,Cheeseburger,Hamburguesas,Presencial,Sí,Soleado,28.0,0,46.2,7,Alta demanda
2024-01-21,Domingo,1,2024,1,0,Cena,18,22,101,1654.0,Hamburguesa Clásica,Hamburguesas,Presencial,No,Soleado,28.0,0,58.8,6,Demanda moderada
2024-01-21,Domingo,1,2024,1,0,Desayuno,7,11,95,1033.2,Pollo Broaster,Pollos,Presencial,Sí,Soleado,28.0,0,25.7,5,Demanda moderada
2024-01-22,Lunes,1,2024,0,0,Almuerzo,12,16,69,1260.0,Pollo Broaster,Pollos,Delivery,No,Nublado,20.0,0,34.3,5,Baja demanda
2024-01-22,Lunes,1,2024,0,0,Cena,18,22,55,788.0,Gaseosa,Bebidas,Delivery,No,Nublado,20.0,0,61.7,8,Baja demanda
2024-01-22,Lunes,1,2024,0,0,Desayuno,7,11,37,299.0,Gaseosa,Bebidas,Presencial,Sí,Nublado,20.0,0,20.0,2,Baja demanda
2024-01-23,Martes,1,2024,0,0,Almuerzo,12,16,102,1501.0,Pollo Broaster,Pollos,Presencial,No,Nublado,19.0,0,31.8,6,Demanda moderada
2024-01-23,Martes,1,2024,0,0,Cena,18,22,68,948.0,Salchipapa Especial,Salchipapas,Presencial,Sí,Nublado,19.0,0,52.0,4,Baja demanda
2024-01-23,Martes,1,2024,0,0,Desayuno,7,11,43,475.0,Hamburguesa Clásica,Hamburguesas,Presencial,No,Nublado,19.0,0,13.0,2,Baja demanda
2024-01-24,Miércoles,1,2024,0,0,Almuerzo,12,16,72,980.0,Hamburguesa Clásica,Hamburguesas,Web,No,Soleado,27.0,0,32.3,5,Baja demanda
2024-01-24,Miércoles,1,2024,0,0,Cena,18,22,177,2153.0,Gaseosa,Bebidas,Web,Sí,Soleado,27.0,0,57.2,6,Alta demanda
2024-01-24,Miércoles,1,2024,0,0,Desayuno,7,11,55,497.0,Gaseosa,Bebidas,Presencial,No,Soleado,27.0,0,19.4,2,Baja demanda
2024-01-25,Jueves,1,2024,0,0,Almuerzo,12,16,141,1644.0,Pollo Broaster,Pollos,Presencial,Sí,Nublado,18.0,0,35.5,4,Alta demanda
2024-01-25,Jueves,1,2024,0,0,Cena,18,22,123,1552.4,Gaseosa,Bebidas,Presencial,Sí,Nublado,18.0,0,51.4,7,Alta demanda
2024-01-25,Jueves,1,2024,0,0,Desayuno,7,11,58,461.4,Gaseosa,Bebidas,Delivery,Sí,Nublado,18.0,0,20.2,2,Baja demanda
2024-01-26,Viernes,1,2024,0,0,Almuerzo,12,16,176,2773.0,Pollo Broaster,Pollos,Presencial,No,Soleado,25.0,0,32.8,7,Alta demanda
2024-01-26,Viernes,1,2024,0,0,Cena,18,22,125,1984.0,Pollo Broaster,Pollos,Delivery,No,Soleado,25.0,0,54.5,4,Alta demanda
2024-01-26,Viernes,1,2024,0,0,Desayuno,7,11,57,399.0,Gaseosa,Bebidas,Presencial,Sí,Soleado,25.0,0,18.0,2,Baja demanda
2024-01-27,Sábado,1,2024,1,0,Almuerzo,12,16,128,1429.6,Hamburguesa Clásica,Hamburguesas,Delivery,Sí,Soleado,26.0,0,50.0,7,Alta demanda
2024-01-27,Sábado,1,2024,1,0,Cena,18,22,129,1587.0,Alitas BBQ,Pollos,Presencial,No,Soleado,26.0,0,58.4,8,Alta demanda
2024-01-27,Sábado,1,2024,1,0,Desayuno,7,11,88,787.25,Gaseosa,Bebidas,Presencial,Sí,Soleado,26.0,0,24.6,4,Demanda moderada
2024-01-28,Domingo,1,2024,1,0,Almuerzo,12,16,180,2510.0,Pollo Broaster,Pollos,Delivery,No,Nublado,21.0,0,46.2,5,Demanda crítica
2024-01-28,Domingo,1,2024,1,0,Cena,18,22,136,2277.2,Pollo Broaster,Pollos,Delivery,Sí,Nublado,21.0,0,59.8,4,Alta demanda
2024-01-28,Domingo,1,2024,1,0,Desayuno,7,11,29,243.8,Sándwich de Pollo,Sándwiches,Presencial,Sí,Nublado,21.0,0,18.7,3,Baja demanda
2024-01-29,Lunes,1,2024,0,0,Almuerzo,12,16,104,1796.0,Pollo Broaster,Pollos,Delivery,No,Soleado,29.0,0,36.0,7,Demanda moderada
2024-01-29,Lunes,1,2024,0,0,Cena,18,22,90,1278.6,Hamburguesa Clásica,Hamburguesas,Web,Sí,Soleado,29.0,0,50.0,6,Demanda moderada
2024-01-29,Lunes,1,2024,0,0,Desayuno,7,11,55,512.8,Gaseosa,Bebidas,Presencial,Sí,Soleado,29.0,0,20.2,4,Baja demanda
2024-01-30,Martes,1,2024,0,0,Almuerzo,12,16,113,1581.75,Pollo Broaster,Pollos,Web,Sí,Nublado,23.0,0,39.5,6,Demanda moderada
2024-01-30,Martes,1,2024,0,0,Cena,18,22,109,1811.0,Salchipapa Especial,Salchipapas,Delivery,No,Nublado,23.0,0,56.6,4,Demanda moderada
2024-01-30,Martes,1,2024,0,0,Desayuno,7,11,35,402.0,Hamburguesa Clásica,Hamburguesas,Presencial,No,Nublado,23.0,0,18.0,2,Baja demanda
2024-01-31,Miércoles,1,2024,0,0,Almuerzo,12,16,117,1508.6,Hamburguesa Clásica,Hamburguesas,Presencial,Sí,Nublado,19.0,0,37.8,7,Demanda moderada
2024-01-31,Miércoles,1,2024,0,0,Cena,18,22,97,854.8,Gaseosa,Bebidas,Delivery,Sí,Nublado,19.0,0,49.0,5,Demanda moderada
2024-01-31,Miércoles,1,2024,0,0,Desayuno,7,11,52,419.0,Gaseosa,Bebidas,Presencial,No,Nublado,19.0,0,16.2,4,Baja demanda
2024-02-01,Jueves,2,2024,0,0,Almuerzo,12,16,114,1434.5,Pollo Broaster,Pollos,Presencial,Sí,Nublado,20.0,0,37.8,6,Demanda moderada
2024-02-01,Jueves,2,2024,0,0,Cena,18,22,69,1084.0,Gaseosa,Bebidas,Delivery,No,Nublado,20.0,0,59.3,4,Baja demanda
2024-02-01,Jueves,2,2024,0,0,Desayuno,7,11,66,651.0,Gaseosa,Bebidas,Presencial,Sí,Nublado,20.0,0,20.0,3,Baja demanda
2024-02-02,Viernes,2,2024,0,0,Almuerzo,12,16,117,1880.0,Pollo Broaster,Pollos,Presencial,No,Soleado,23.0,0,31.0,7,Demanda moderada
2024-02-02,Viernes,2,2024,0,0,Cena,18,22,175,1479.0,Gaseosa,Bebidas,Presencial,Sí,Soleado,23.0,0,53.3,8,Alta demanda
2024-02-02,Viernes,2,2024,0,0,Desayuno,7,11,60,553.0,Gaseosa,Bebidas,Presencial,No,Soleado,23.0,0,17.4,3,Baja demanda
2024-02-03,Sábado,2,2024,1,0,Almuerzo,12,16,149,2362.4,Salchipapa Especial,Salchipapas,Delivery,Sí,Nublado,24.0,0,44.2,7,Alta demanda
2024-02-03,Sábado,2,2024,1,0,Cena,18,22,132,2338.8,Salchipapa Especial,Salchipapas,Delivery,Sí,Nublado,24.0,0,61.4,9,Alta demanda
2024-02-03,Sábado,2,2024,1,0,Desayuno,7,11,103,959.2,Pollo Broaster,Pollos,Presencial,Sí,Nublado,24.0,0,27.2,3,Demanda moderada
2024-02-04,Domingo,2,2024,1,0,Almuerzo,12,16,169,1762.0,Pollo Broaster,Pollos,Web,No,Nublado,24.0,0,40.2,7,Alta demanda
2024-02-04,Domingo,2,2024,1,0,Cena,18,22,62,708.0,Jugo Natural,Bebidas,Delivery,No,Nublado,24.0,0,55.3,6,Baja demanda
2024-02-04,Domingo,2,2024,1,0,Desayuno,7,11,54,437.0,Gaseosa,Bebidas,Presencial,No,Nublado,24.0,0,27.0,5,Baja demanda
2024-02-05,Lunes,2,2024,0,0,Almuerzo,12,16,149,1932.4,Gaseosa,Bebidas,Delivery,Sí,Nublado,20.0,0,33.5,7,Alta demanda
2024-02-05,Lunes,2,2024,0,0,Cena,18,22,137,1694.0,Gaseosa,Bebidas,Delivery,Sí,Nublado,20.0,0,55.2,8,Alta demanda
2024-02-05,Lunes,2,2024,0,0,Desayuno,7,11,28,400.0,Salchipapa Especial,Salchipapas,Web,No,Nublado,20.0,0,18.0,2,Baja demanda
2024-02-06,Martes,2,2024,0,0,Almuerzo,12,16,126,1654.0,Gaseosa,Bebidas,Presencial,No,Soleado,24.0,0,34.2,7,Alta demanda
2024-02-06,Martes,2,2024,0,0,Cena,18,22,183,2145.9,Gaseosa,Bebidas,Delivery,Sí,Soleado,24.0,0,56.8,7,Demanda crítica
2024-02-06,Martes,2,2024,0,0,Desayuno,7,11,51,465.0,Gaseosa,Bebidas,Presencial,No,Soleado,24.0,0,14.8,2,Baja demanda
2024-02-07,Miércoles,2,2024,0,0,Almuerzo,12,16,91,1214.0,Hamburguesa Clásica,Hamburguesas,Presencial,No,Soleado,28.0,0,32.3,5,Demanda moderada
2024-02-07,Miércoles,2,2024,0,0,Cena,18,22,87,1366.0,Salchipapa Especial,Salchipapas,Delivery,Sí,Soleado,28.0,0,50.8,6,Demanda moderada
2024-02-07,Miércoles,2,2024,0,0,Desayuno,7,11,56,459.0,Gaseosa,Bebidas,Presencial,No,Soleado,28.0,0,18.4,4,Baja demanda
2024-02-08,Jueves,2,2024,0,0,Almuerzo,12,16,116,1864.0,Pollo Broaster,Pollos,Delivery,No,Soleado,31.0,0,38.5,7,Demanda moderada
2024-02-08,Jueves,2,2024,0,0,Cena,18,22,101,1737.0,Hamburguesa Clásica,Hamburguesas,Delivery,Sí,Soleado,31.0,0,52.2,6,Demanda moderada
2024-02-08,Jueves,2,2024,0,0,Desayuno,7,11,63,576.0,Gaseosa,Bebidas,Presencial,No,Soleado,31.0,0,18.4,4,Baja demanda
2024-02-09,Viernes,2,2024,0,0,Almuerzo,12,16,139,1938.0,Pollo Broaster,Pollos,Presencial,No,Nublado,18.0,0,31.0,6,Alta demanda
2024-02-09,Viernes,2,2024,0,0,Cena,18,22,89,967.0,Salchipapa Especial,Salchipapas,Delivery,No,Nublado,18.0,0,46.0,5,Demanda moderada
2024-02-09,Viernes,2,2024,0,0,Desayuno,7,11,60,574.0,Gaseosa,Bebidas,Presencial,No,Nublado,18.0,0,18.5,2,Baja demanda
2024-02-10,Sábado,2,2024,1,0,Almuerzo,12,16,128,1807.0,Pollo Broaster,Pollos,Delivery,No,Lluvioso,21.0,1,53.3,7,Alta demanda
2024-02-10,Sábado,2,2024,1,0,Cena,18,22,177,2234.7,Jugo Natural,Bebidas,Web,Sí,Lluvioso,21.0,1,73.8,6,Alta demanda
2024-02-10,Sábado,2,2024,1,0,Desayuno,7,11,102,1001.2,Gaseosa,Bebidas,Delivery,Sí,Lluvioso,21.0,1,42.0,3,Demanda moderada
2024-02-11,Domingo,2,2024,1,0,Almuerzo,12,16,215,2854.8,Pollo Broaster,Pollos,Delivery,Sí,Nublado,22.0,0,45.8,4,Demanda crítica
2024-02-11,Domingo,2,2024,1,0,Cena,18,22,168,2297.8,Gaseosa,Bebidas,Delivery,Sí,Nublado,22.0,0,57.8,7,Alta demanda
2024-02-11,Domingo,2,2024,1,0,Desayuno,7,11,73,584.6,Gaseosa,Bebidas,Delivery,Sí,Nublado,22.0,0,31.0,3,Baja demanda
2024-02-12,Lunes,2,2024,0,0,Almuerzo,12,16,101,1367.0,Pollo Broaster,Pollos,Presencial,No,Nublado,23.0,0,38.8,6,Demanda moderada
2024-02-12,Lunes,2,2024,0,0,Cena,18,22,57,736.0,Salchipapa Especial,Salchipapas,Delivery,Sí,Nublado,23.0,0,54.0,7,Baja demanda
2024-02-12,Lunes,2,2024,0,0,Desayuno,7,11,51,454.0,Gaseosa,Bebidas,Presencial,No,Nublado,23.0,0,19.5,2,Baja demanda
2024-02-13,Martes,2,2024,0,0,Almuerzo,12,16,121,1832.7,Pollo Broaster,Pollos,Delivery,Sí,Soleado,23.0,0,40.0,6,Alta demanda
2024-02-13,Martes,2,2024,0,0,Cena,18,22,106,1576.0,Gaseosa,Bebidas,Delivery,No,Soleado,23.0,0,57.0,5,Demanda moderada
2024-02-13,Martes,2,2024,0,0,Desayuno,7,11,36,552.0,Pollo Broaster,Pollos,Presencial,No,Soleado,23.0,0,18.3,4,Baja demanda
2024-02-14,Miércoles,2,2024,0,0,Almuerzo,12,16,61,858.0,Salchipapa Clásica,Salchipapas,Presencial,No,Soleado,30.0,0,38.0,5,Baja demanda
2024-02-14,Miércoles,2,2024,0,0,Cena,18,22,121,1718.0,Pollo Broaster,Pollos,Delivery,No,Soleado,30.0,0,49.2,7,Alta demanda
2024-02-14,Miércoles,2,2024,0,0,Desayuno,7,11,47,425.0,Gaseosa,Bebidas,Presencial,No,Soleado,30.0,0,17.2,4,Baja demanda
2024-02-15,Jueves,2,2024,0,0,Almuerzo,12,16,131,1950.0,Pollo Broaster,Pollos,Presencial,Sí,Lluvioso,21.0,1,47.5,7,Alta demanda
2024-02-15,Jueves,2,2024,0,0,Cena,18,22,144,1752.0,Gaseosa,Bebidas,Delivery,No,Lluvioso,21.0,1,65.0,4,Alta demanda
2024-02-15,Jueves,2,2024,0,0,Desayuno,7,11,32,423.0,Sándwich de Pollo,Sándwiches,Delivery,No,Lluvioso,21.0,1,29.3,3,Baja demanda
2024-02-16,Viernes,2,2024,0,0,Almuerzo,12,16,102,1796.0,Salchipapa Especial,Salchipapas,Presencial,No,Soleado,24.0,0,39.7,6,Demanda moderada
2024-02-16,Viernes,2,2024,0,0,Cena,18,22,155,1934.0,Pollo Broaster,Pollos,Web,Sí,Soleado,24.0,0,51.2,7,Alta demanda
2024-02-16,Viernes,2,2024,0,0,Desayuno,7,11,45,290.8,Gaseosa,Bebidas,Presencial,Sí,Soleado,24.0,0,22.0,4,Baja demanda
2024-02-17,Sábado,2,2024,1,0,Almuerzo,12,16,180,1872.0,Hamburguesa Clásica,Hamburguesas,Web,No,Soleado,23.0,0,38.2,5,Demanda crítica
2024-02-17,Sábado,2,2024,1,0,Cena,18,22,173,2129.0,Gaseosa,Bebidas,Delivery,No,Soleado,23.0,0,60.7,5,Alta demanda
2024-02-17,Sábado,2,2024,1,0,Desayuno,7,11,92,985.0,Salchipapa Especial,Salchipapas,Presencial,No,Soleado,23.0,0,26.8,5,Demanda moderada
2024-02-18,Domingo,2,2024,1,0,Almuerzo,12,16,169,2050.0,Gaseosa,Bebidas,Presencial,No,Lluvioso,16.0,1,57.2,6,Alta demanda
2024-02-18,Domingo,2,2024,1,0,Cena,18,22,143,2342.0,Salchipapa Especial,Salchipapas,Delivery,No,Lluvioso,16.0,1,66.0,7,Alta demanda
2024-02-18,Domingo,2,2024,1,0,Desayuno,7,11,48,348.0,Gaseosa,Bebidas,Presencial,No,Lluvioso,16.0,1,41.0,2,Baja demanda
2024-02-19,Lunes,2,2024,0,0,Almuerzo,12,16,102,1635.2,Pollo Broaster,Pollos,Presencial,Sí,Soleado,29.0,0,36.2,7,Demanda moderada
2024-02-19,Lunes,2,2024,0,0,Cena,18,22,99,1429.0,Gaseosa,Bebidas,Web,No,Soleado,29.0,0,53.2,6,Demanda moderada
2024-02-19,Lunes,2,2024,0,0,Desayuno,7,11,35,274.4,Gaseosa,Bebidas,Delivery,Sí,Soleado,29.0,0,19.7,4,Baja demanda
2024-02-20,Martes,2,2024,0,0,Almuerzo,12,16,94,987.2,Gaseosa,Bebidas,Delivery,Sí,Soleado,25.0,0,33.5,7,Demanda moderada
2024-02-20,Martes,2,2024,0,0,Cena,18,22,75,998.4,Salchipapa Especial,Salchipapas,Delivery,Sí,Soleado,25.0,0,53.0,5,Baja demanda
2024-02-20,Martes,2,2024,0,0,Desayuno,7,11,54,622.5,Jugo Natural,Bebidas,Presencial,Sí,Soleado,25.0,0,14.8,2,Baja demanda
2024-02-21,Miércoles,2,2024,0,0,Almuerzo,12,16,72,1108.0,Hamburguesa Clásica,Hamburguesas,Presencial,No,Soleado,27.0,0,36.0,5,Baja demanda
2024-02-21,Miércoles,2,2024,0,0,Cena,18,22,132,1639.0,Gaseosa,Bebidas,Presencial,Sí,Soleado,27.0,0,57.3,4,Alta demanda
2024-02-21,Miércoles,2,2024,0,0,Desayuno,7,11,61,758.8,Salchipapa Especial,Salchipapas,Presencial,Sí,Soleado,27.0,0,16.4,3,Baja demanda
2024-02-22,Jueves,2,2024,0,0,Almuerzo,12,16,138,1745.4,Pollo Broaster,Pollos,Presencial,Sí,Soleado,24.0,0,32.6,5,Alta demanda
2024-02-22,Jueves,2,2024,0,0,Cena,18,22,117,2030.0,Pollo Broaster,Pollos,Web,No,Soleado,24.0,0,53.2,4,Demanda moderada
2024-02-22,Jueves,2,2024,0,0,Desayuno,7,11,61,673.0,Gaseosa,Bebidas,Presencial,No,Soleado,24.0,0,19.0,2,Baja demanda
2024-02-23,Viernes,2,2024,0,0,Almuerzo,12,16,158,2012.0,Gaseosa,Bebidas,Presencial,No,Soleado,27.0,0,38.0,7,Alta demanda
2024-02-23,Viernes,2,2024,0,0,Cena,18,22,136,1732.0,Gaseosa,Bebidas,Presencial,No,Soleado,27.0,0,53.4,5,Alta demanda
2024-02-23,Viernes,2,2024,0,0,Desayuno,7,11,105,894.0,Gaseosa,Bebidas,Presencial,Sí,Soleado,27.0,0,16.8,2,Demanda moderada
2024-02-24,Sábado,2,2024,1,0,Almuerzo,12,16,178,1929.4,Gaseosa,Bebidas,Presencial,Sí,Soleado,25.0,0,39.0,4,Alta demanda
2024-02-24,Sábado,2,2024,1,0,Cena,18,22,141,1944.0,Gaseosa,Bebidas,Delivery,No,Soleado,25.0,0,58.5,5,Alta demanda
2024-02-24,Sábado,2,2024,1,0,Desayuno,7,11,50,336.0,Gaseosa,Bebidas,Presencial,Sí,Soleado,25.0,0,31.7,3,Baja demanda
2024-02-25,Domingo,2,2024,1,0,Almuerzo,12,16,150,2002.2,Pollo Broaster,Pollos,Presencial,Sí,Soleado,23.0,0,42.5,6,Alta demanda
2024-02-25,Domingo,2,2024,1,0,Cena,18,22,108,1467.8,Gaseosa,Bebidas,Delivery,Sí,Soleado,23.0,0,60.0,5,Demanda moderada
2024-02-25,Domingo,2,2024,1,0,Desayuno,7,11,67,640.0,Gaseosa,Bebidas,Presencial,No,Soleado,23.0,0,23.8,4,Baja demanda
2024-02-26,Lunes,2,2024,0,0,Almuerzo,12,16,128,1901.0,Salchipapa Especial,Salchipapas,Presencial,No,Nublado,18.0,0,39.8,7,Alta demanda
2024-02-26,Lunes,2,2024,0,0,Cena,18,22,138,1390.2,Gaseosa,Bebidas,Delivery,Sí,Nublado,18.0,0,50.3,7,Alta demanda
2024-02-26,Lunes,2,2024,0,0,Desayuno,7,11,31,193.0,Gaseosa,Bebidas,Presencial,No,Nublado,18.0,0,15.3,2,Baja demanda
2024-02-27,Martes,2,2024,0,0,Almuerzo,12,16,108,1388.0,Alitas BBQ,Pollos,Presencial,No,Nublado,18.0,0,40.0,4,Demanda moderada
2024-02-27,Martes,2,2024,0,0,Cena,18,22,75,1070.8,Hamburguesa Clásica,Hamburguesas,Delivery,Sí,Nublado,18.0,0,56.8,6,Baja demanda
2024-02-27,Martes,2,2024,0,0,Desayuno,7,11,43,310.0,Gaseosa,Bebidas,Presencial,No,Nublado,18.0,0,19.2,3,Baja demanda
2024-02-28,Miércoles,2,2024,0,0,Almuerzo,12,16,109,1308.0,Gaseosa,Bebidas,Presencial,No,Soleado,28.0,0,29.0,5,Demanda moderada
2024-02-28,Miércoles,2,2024,0,0,Cena,18,22,142,1906.0,Pollo Broaster,Pollos,Delivery,Sí,Soleado,28.0,0,53.8,6,Alta demanda
2024-02-28,Miércoles,2,2024,0,0,Desayuno,7,11,45,393.0,Gaseosa,Bebidas,Presencial,No,Soleado,28.0,0,19.5,3,Baja demanda
2024-02-29,Jueves,2,2024,0,0,Almuerzo,12,16,142,1583.75,Salchipapa Especial,Salchipapas,Presencial,Sí,Soleado,31.0,0,36.0,7,Alta demanda
2024-02-29,Jueves,2,2024,0,0,Cena,18,22,128,1590.4,Gaseosa,Bebidas,Web,Sí,Soleado,31.0,0,49.4,8,Alta demanda
2024-02-29,Jueves,2,2024,0,0,Desayuno,7,11,46,547.0,Gaseosa,Bebidas,Presencial,No,Soleado,31.0,0,18.0,2,Baja demanda
2024-03-01,Viernes,3,2024,0,0,Almuerzo,12,16,139,2209.0,Pollo Broaster,Pollos,Presencial,No,Soleado,25.0,0,38.8,6,Alta demanda
2024-03-01,Viernes,3,2024,0,0,Cena,18,22,140,1433.6,Gaseosa,Bebidas,Presencial,Sí,Soleado,25.0,0,56.4,6,Alta demanda
2024-03-01,Viernes,3,2024,0,0,Desayuno,7,11,57,767.0,Gaseosa,Bebidas,Presencial,No,Soleado,25.0,0,17.6,4,Baja demanda
2024-03-02,Sábado,3,2024,1,0,Almuerzo,12,16,179,2080.0,Gaseosa,Bebidas,Delivery,No,Soleado,26.0,0,40.0,7,Alta demanda
2024-03-02,Sábado,3,2024,1,0,Cena,18,22,147,1592.0,Gaseosa,Bebidas,Presencial,No,Soleado,26.0,0,54.2,7,Alta demanda
2024-03-02,Sábado,3,2024,1,0,Desayuno,7,11,94,831.0,Gaseosa,Bebidas,Presencial,Sí,Soleado,26.0,0,20.2,2,Demanda moderada
2024-03-03,Domingo,3,2024,1,0,Almuerzo,12,16,182,1605.6,Gaseosa,Bebidas,Delivery,Sí,Nublado,18.0,0,50.2,8,Demanda crítica
2024-03-03,Domingo,3,2024,1,0,Cena,18,22,65,1378.0,Pollo Broaster,Pollos,Delivery,No,Nublado,18.0,0,57.7,6,Baja demanda
2024-03-03,Domingo,3,2024,1,0,Desayuno,7,11,35,497.0,Pollo Broaster,Pollos,Presencial,No,Nublado,18.0,0,31.7,4,Baja demanda
2024-03-04,Lunes,3,2024,0,0,Almuerzo,12,16,101,1276.0,Gaseosa,Bebidas,Presencial,No,Soleado,26.0,0,34.8,7,Demanda moderada
2024-03-04,Lunes,3,2024,0,0,Cena,18,22,75,711.0,Gaseosa,Bebidas,Delivery,No,Soleado,26.0,0,55.8,5,Baja demanda
2024-03-04,Lunes,3,2024,0,0,Desayuno,7,11,36,368.0,Hamburguesa Clásica,Hamburguesas,Presencial,No,Soleado,26.0,0,15.5,3,Baja demanda
2024-03-05,Martes,3,2024,0,0,Almuerzo,12,16,55,558.0,Gaseosa,Bebidas,Web,No,Nublado,19.0,0,28.7,4,Baja demanda
2024-03-05,Martes,3,2024,0,0,Cena,18,22,98,963.2,Gaseosa,Bebidas,Presencial,Sí,Nublado,19.0,0,49.2,7,Demanda moderada
2024-03-05,Martes,3,2024,0,0,Desayuno,7,11,56,682.0,Pollo Broaster,Pollos,Presencial,No,Nublado,19.0,0,18.5,3,Baja demanda
2024-03-06,Miércoles,3,2024,0,0,Almuerzo,12,16,119,1915.0,Pollo Broaster,Pollos,Presencial,No,Nublado,18.0,0,32.2,4,Demanda moderada
2024-03-06,Miércoles,3,2024,0,0,Cena,18,22,92,1455.0,Pollo Broaster,Pollos,Delivery,No,Nublado,18.0,0,53.5,5,Demanda moderada
2024-03-06,Miércoles,3,2024,0,0,Desayuno,7,11,44,316.0,Gaseosa,Bebidas,Presencial,No,Nublado,18.0,0,15.8,2,Baja demanda
2024-03-07,Jueves,3,2024,0,0,Almuerzo,12,16,88,1027.5,Salchipapa Especial,Salchipapas,Presencial,Sí,Lluvioso,19.0,1,42.0,6,Demanda moderada
2024-03-07,Jueves,3,2024,0,0,Cena,18,22,141,1830.0,Gaseosa,Bebidas,Web,Sí,Lluvioso,19.0,1,68.8,4,Alta demanda
2024-03-07,Jueves,3,2024,0,0,Desayuno,7,11,62,528.0,Gaseosa,Bebidas,Delivery,No,Lluvioso,19.0,1,32.5,2,Baja demanda
2024-03-08,Viernes,3,2024,0,0,Almuerzo,12,16,149,2086.0,Pollo Broaster,Pollos,Web,No,Nublado,24.0,0,33.8,4,Alta demanda
2024-03-08,Viernes,3,2024,0,0,Cena,18,22,96,1848.0,Pollo Broaster,Pollos,Web,Sí,Nublado,24.0,0,54.8,4,Demanda moderada
2024-03-08,Viernes,3,2024,0,0,Desayuno,7,11,47,679.6,Jugo Natural,Bebidas,Presencial,Sí,Nublado,24.0,0,21.8,3,Baja demanda
2024-03-09,Sábado,3,2024,1,0,Almuerzo,12,16,162,2542.5,Pollo Broaster,Pollos,Delivery,Sí,Soleado,31.0,0,46.0,4,Alta demanda
2024-03-09,Sábado,3,2024,1,0,Cena,18,22,130,2100.0,Salchipapa Clásica,Salchipapas,Presencial,Sí,Soleado,31.0,0,58.0,5,Alta demanda
2024-03-09,Sábado,3,2024,1,0,Desayuno,7,11,86,1082.15,Gaseosa,Bebidas,Presencial,Sí,Soleado,31.0,0,28.2,5,Demanda moderada
2024-03-10,Domingo,3,2024,1,0,Almuerzo,12,16,128,1860.6,Sándwich de Pollo,Sándwiches,Delivery,Sí,Soleado,28.0,0,42.0,6,Alta demanda
2024-03-10,Domingo,3,2024,1,0,Cena,18,22,158,1840.4,Pollo Broaster,Pollos,Delivery,Sí,Soleado,28.0,0,62.4,6,Alta demanda
2024-03-10,Domingo,3,2024,1,0,Desayuno,7,11,61,474.05,Gaseosa,Bebidas,Presencial,Sí,Soleado,28.0,0,25.0,2,Baja demanda
2024-03-11,Lunes,3,2024,0,0,Almuerzo,12,16,103,987.6,Gaseosa,Bebidas,Presencial,Sí,Soleado,31.0,0,36.2,5,Demanda moderada
2024-03-11,Lunes,3,2024,0,0,Cena,18,22,92,1086.4,Gaseosa,Bebidas,Delivery,Sí,Soleado,31.0,0,52.5,5,Demanda moderada
2024-03-11,Lunes,3,2024,0,0,Desayuno,7,11,54,520.0,Gaseosa,Bebidas,Presencial,No,Soleado,31.0,0,15.5,2,Baja demanda
2024-03-12,Martes,3,2024,0,0,Almuerzo,12,16,131,1466.5,Gaseosa,Bebidas,Presencial,Sí,Soleado,27.0,0,35.2,6,Alta demanda
2024-03-12,Martes,3,2024,0,0,Cena,18,22,69,818.0,Gaseosa,Bebidas,Web,Sí,Soleado,27.0,0,52.3,5,Baja demanda
2024-03-12,Martes,3,2024,0,0,Desayuno,7,11,55,631.0,Gaseosa,Bebidas,Presencial,No,Soleado,27.0,0,20.0,3,Baja demanda
2024-03-13,Miércoles,3,2024,0,0,Almuerzo,12,16,196,2446.0,Gaseosa,Bebidas,Presencial,Sí,Nublado,24.0,0,35.0,7,Demanda crítica
2024-03-13,Miércoles,3,2024,0,0,Cena,18,22,118,2076.8,Pollo Broaster,Pollos,Presencial,Sí,Nublado,24.0,0,48.8,6,Demanda moderada
2024-03-13,Miércoles,3,2024,0,0,Desayuno,7,11,37,285.0,Gaseosa,Bebidas,Presencial,No,Nublado,24.0,0,21.2,4,Baja demanda
2024-03-14,Jueves,3,2024,0,0,Almuerzo,12,16,200,2579.0,Pollo Broaster,Pollos,Delivery,No,Nublado,21.0,0,39.7,5,Demanda crítica
2024-03-14,Jueves,3,2024,0,0,Cena,18,22,97,1466.8,Pollo Broaster,Pollos,Presencial,Sí,Nublado,21.0,0,49.2,4,Demanda moderada
2024-03-14,Jueves,3,2024,0,0,Desayuno,7,11,60,769.0,Pollo Broaster,Pollos,Presencial,No,Nublado,21.0,0,20.2,4,Baja demanda
2024-03-15,Viernes,3,2024,0,0,Almuerzo,12,16,74,990.0,Pollo Broaster,Pollos,Presencial,No,Nublado,18.0,0,36.3,6,Baja demanda
2024-03-15,Viernes,3,2024,0,0,Cena,18,22,75,1175.0,Alitas BBQ,Pollos,Presencial,No,Nublado,18.0,0,52.3,4,Baja demanda
2024-03-15,Viernes,3,2024,0,0,Desayuno,7,11,59,534.0,Gaseosa,Bebidas,Presencial,No,Nublado,18.0,0,16.8,2,Baja demanda
2024-03-16,Sábado,3,2024,1,0,Almuerzo,12,16,176,2558.8,Hamburguesa BBQ,Hamburguesas,Presencial,Sí,Soleado,24.0,0,48.6,6,Alta demanda
2024-03-16,Sábado,3,2024,1,0,Cena,18,22,172,2175.5,Pollo Broaster,Pollos,Presencial,Sí,Soleado,24.0,0,57.6,4,Alta demanda
2024-03-16,Sábado,3,2024,1,0,Desayuno,7,11,104,1219.0,Hamburguesa Clásica,Hamburguesas,Presencial,Sí,Soleado,24.0,0,26.5,3,Demanda moderada
2024-03-17,Domingo,3,2024,1,0,Almuerzo,12,16,103,1551.0,Pollo Broaster,Pollos,Delivery,No,Lluvioso,19.0,1,58.0,5,Demanda moderada
2024-03-17,Domingo,3,2024,1,0,Cena,18,22,65,801.0,Salchipapa Clásica,Salchipapas,Web,Sí,Lluvioso,19.0,1,80.7,5,Baja demanda
2024-03-17,Domingo,3,2024,1,0,Desayuno,7,11,38,445.6,Hamburguesa BBQ,Hamburguesas,Presencial,Sí,Lluvioso,19.0,1,45.7,5,Baja demanda
2024-03-18,Lunes,3,2024,0,0,Almuerzo,12,16,123,1335.4,Pollo Broaster,Pollos,Presencial,Sí,Nublado,18.0,0,35.8,5,Alta demanda
2024-03-18,Lunes,3,2024,0,0,Cena,18,22,69,743.0,Salchipapa Especial,Salchipapas,Presencial,No,Nublado,18.0,0,45.0,5,Baja demanda
2024-03-18,Lunes,3,2024,0,0,Desayuno,7,11,56,598.0,Hamburguesa Clásica,Hamburguesas,Presencial,No,Nublado,18.0,0,20.7,2,Baja demanda
2024-03-19,Martes,3,2024,0,0,Almuerzo,12,16,90,1356.0,Hamburguesa Clásica,Hamburguesas,Delivery,No,Soleado,28.0,0,35.8,5,Demanda moderada
2024-03-19,Martes,3,2024,0,0,Cena,18,22,136,1618.6,Gaseosa,Bebidas,Presencial,Sí,Soleado,28.0,0,50.0,8,Alta demanda
2024-03-19,Martes,3,2024,0,0,Desayuno,7,11,44,344.4,Gaseosa,Bebidas,Delivery,Sí,Soleado,28.0,0,20.5,4,Baja demanda
2024-03-20,Miércoles,3,2024,0,0,Almuerzo,12,16,149,2212.2,Alitas BBQ,Pollos,Presencial,Sí,Soleado,24.0,0,35.6,7,Alta demanda
2024-03-20,Miércoles,3,2024,0,0,Cena,18,22,58,838.0,Hamburguesa Clásica,Hamburguesas,Delivery,No,Soleado,24.0,0,54.3,8,Baja demanda
2024-03-20,Miércoles,3,2024,0,0,Desayuno,7,11,31,335.0,Salchipapa Especial,Salchipapas,Presencial,No,Soleado,24.0,0,17.7,2,Baja demanda
2024-03-21,Jueves,3,2024,0,0,Almuerzo,12,16,128,1686.0,Gaseosa,Bebidas,Delivery,No,Lluvioso,18.0,1,52.8,6,Alta demanda
2024-03-21,Jueves,3,2024,0,0,Cena,18,22,119,1662.0,Gaseosa,Bebidas,Delivery,No,Lluvioso,18.0,1,70.8,8,Demanda moderada
2024-03-21,Jueves,3,2024,0,0,Desayuno,7,11,58,618.2,Jugo Natural,Bebidas,Delivery,Sí,Lluvioso,18.0,1,29.0,3,Baja demanda
2024-03-22,Viernes,3,2024,0,0,Almuerzo,12,16,196,2131.6,Gaseosa,Bebidas,Presencial,Sí,Soleado,26.0,0,35.2,7,Demanda crítica
2024-03-22,Viernes,3,2024,0,0,Cena,18,22,123,1608.0,Gaseosa,Bebidas,Delivery,No,Soleado,26.0,0,50.0,7,Alta demanda
2024-03-22,Viernes,3,2024,0,0,Desayuno,7,11,34,323.0,Sándwich de Pollo,Sándwiches,Presencial,Sí,Soleado,26.0,0,17.0,2,Baja demanda
2024-03-23,Sábado,3,2024,1,0,Almuerzo,12,16,231,2840.1,Pollo Broaster,Pollos,Delivery,Sí,Lluvioso,20.0,1,58.8,6,Demanda crítica
2024-03-23,Sábado,3,2024,1,0,Cena,18,22,114,1443.2,Salchipapa Especial,Salchipapas,Delivery,Sí,Lluvioso,20.0,1,71.8,7,Demanda moderada
2024-03-23,Sábado,3,2024,1,0,Desayuno,7,11,78,717.7,Gaseosa,Bebidas,Delivery,Sí,Lluvioso,20.0,1,38.6,3,Baja demanda
2024-03-24,Domingo,3,2024,1,0,Almuerzo,12,16,128,1963.0,Pollo Broaster,Pollos,Delivery,No,Soleado,31.0,0,45.2,7,Alta demanda
2024-03-24,Domingo,3,2024,1,0,Cena,18,22,186,2858.4,Pollo Broaster,Pollos,Delivery,Sí,Soleado,31.0,0,59.0,6,Demanda crítica
2024-03-24,Domingo,3,2024,1,0,Desayuno,7,11,57,458.7,Gaseosa,Bebidas,Presencial,Sí,Soleado,31.0,0,25.8,4,Baja demanda
2024-03-25,Lunes,3,2024,0,0,Almuerzo,12,16,81,1153.6,Salchipapa Especial,Salchipapas,Delivery,Sí,Soleado,27.0,0,35.5,6,Demanda moderada
2024-03-25,Lunes,3,2024,0,0,Cena,18,22,107,1141.1,Gaseosa,Bebidas,Presencial,Sí,Soleado,27.0,0,56.5,5,Demanda moderada
2024-03-25,Lunes,3,2024,0,0,Desayuno,7,11,28,248.0,Jugo Natural,Bebidas,Presencial,No,Soleado,27.0,0,14.3,3,Baja demanda
2024-03-26,Martes,3,2024,0,0,Almuerzo,12,16,159,1859.0,Gaseosa,Bebidas,Presencial,No,Nublado,23.0,0,29.3,5,Alta demanda
2024-03-26,Martes,3,2024,0,0,Cena,18,22,119,1334.0,Gaseosa,Bebidas,Delivery,No,Nublado,23.0,0,49.4,8,Demanda moderada
2024-03-26,Martes,3,2024,0,0,Desayuno,7,11,24,332.8,Alitas BBQ,Pollos,Presencial,Sí,Nublado,23.0,0,22.0,4,Baja demanda
2024-03-27,Miércoles,3,2024,0,0,Almuerzo,12,16,102,1260.2,Hamburguesa Clásica,Hamburguesas,Presencial,Sí,Soleado,30.0,0,36.2,4,Demanda moderada
2024-03-27,Miércoles,3,2024,0,0,Cena,18,22,73,891.25,Salchipapa Especial,Salchipapas,Delivery,Sí,Soleado,30.0,0,54.0,8,Baja demanda
2024-03-27,Miércoles,3,2024,0,0,Desayuno,7,11,41,558.0,Salchipapa Especial,Salchipapas,Presencial,No,Soleado,30.0,0,19.8,3,Baja demanda
2024-03-28,Jueves,3,2024,0,0,Almuerzo,12,16,72,1036.0,Salchipapa Clásica,Salchipapas,Delivery,No,Soleado,29.0,0,37.3,5,Baja demanda
2024-03-28,Jueves,3,2024,0,0,Cena,18,22,143,1568.8,Gaseosa,Bebidas,Delivery,Sí,Soleado,29.0,0,51.8,6,Alta demanda
2024-03-28,Jueves,3,2024,0,0,Desayuno,7,11,43,322.0,Gaseosa,Bebidas,Presencial,No,Soleado,29.0,0,17.5,2,Baja demanda
2024-03-29,Viernes,3,2024,0,0,Almuerzo,12,16,147,2367.0,Pollo Broaster,Pollos,Web,No,Soleado,28.0,0,38.6,5,Alta demanda
2024-03-29,Viernes,3,2024,0,0,Cena,18,22,84,1248.8,Alitas BBQ,Pollos,Web,Sí,Soleado,28.0,0,51.7,7,Demanda moderada
2024-03-29,Viernes,3,2024,0,0,Desayuno,7,11,82,845.0,Gaseosa,Bebidas,Presencial,No,Soleado,28.0,0,20.7,3,Demanda moderada
2024-03-30,Sábado,3,2024,1,0,Almuerzo,12,16,152,2080.0,Pollo Broaster,Pollos,Delivery,Sí,Soleado,27.0,0,48.0,6,Alta demanda
2024-03-30,Sábado,3,2024,1,0,Cena,18,22,148,2740.8,Pollo Broaster,Pollos,Delivery,Sí,Soleado,27.0,0,62.2,5,Alta demanda
2024-03-30,Sábado,3,2024,1,0,Desayuno,7,11,49,558.9,Sándwich de Pollo,Sándwiches,Presencial,Sí,Soleado,27.0,0,28.2,4,Baja demanda
2024-03-31,Domingo,3,2024,1,0,Almuerzo,12,16,202,2522.0,Gaseosa,Bebidas,Presencial,No,Soleado,23.0,0,40.4,6,Demanda crítica
2024-03-31,Domingo,3,2024,1,0,Cena,18,22,102,890.25,Gaseosa,Bebidas,Presencial,Sí,Soleado,23.0,0,54.0,5,Demanda moderada
2024-03-31,Domingo,3,2024,1,0,Desayuno,7,11,53,525.0,Gaseosa,Bebidas,Presencial,Sí,Soleado,23.0,0,27.0,4,Baja demanda
2024-04-01,Lunes,4,2024,0,0,Almuerzo,12,16,89,1547.0,Pollo Broaster,Pollos,Delivery,No,Nublado,20.0,0,38.2,6,Demanda moderada
2024-04-01,Lunes,4,2024,0,0,Cena,18,22,78,1272.0,Hamburguesa Clásica,Hamburguesas,Delivery,No,Nublado,20.0,0,53.2,6,Baja demanda
2024-04-01,Lunes,4,2024,0,0,Desayuno,7,11,49,402.4,Gaseosa,Bebidas,Presencial,Sí,Nublado,20.0,0,20.8,4,Baja demanda
2024-04-02,Martes,4,2024,0,0,Almuerzo,12,16,94,1306.0,Pollo Broaster,Pollos,Delivery,No,Nublado,19.0,0,29.2,7,Demanda moderada
2024-04-02,Martes,4,2024,0,0,Cena,18,22,114,1199.5,Gaseosa,Bebidas,Delivery,Sí,Nublado,19.0,0,53.8,7,Demanda moderada
2024-04-02,Martes,4,2024,0,0,Desayuno,7,11,37,345.3,Jugo Natural,Bebidas,Presencial,Sí,Nublado,19.0,0,23.0,2,Baja demanda
2024-04-03,Miércoles,4,2024,0,0,Almuerzo,12,16,101,1512.6,Pollo Broaster,Pollos,Delivery,Sí,Nublado,23.0,0,35.0,6,Demanda moderada
2024-04-03,Miércoles,4,2024,0,0,Cena,18,22,105,1523.0,Alitas BBQ,Pollos,Delivery,Sí,Nublado,23.0,0,59.8,4,Demanda moderada
2024-04-03,Miércoles,4,2024,0,0,Desayuno,7,11,69,656.0,Gaseosa,Bebidas,Presencial,No,Nublado,23.0,0,15.3,4,Baja demanda
2024-04-04,Jueves,4,2024,0,0,Almuerzo,12,16,133,1607.0,Gaseosa,Bebidas,Delivery,No,Nublado,23.0,0,39.0,7,Alta demanda
2024-04-04,Jueves,4,2024,0,0,Cena,18,22,90,1341.0,Pollo Broaster,Pollos,Delivery,No,Nublado,23.0,0,58.2,8,Demanda moderada
2024-04-04,Jueves,4,2024,0,0,Desayuno,7,11,81,617.0,Gaseosa,Bebidas,Presencial,Sí,Nublado,23.0,0,18.2,4,Demanda moderada
2024-04-05,Viernes,4,2024,0,0,Almuerzo,12,16,180,2574.0,Pollo Broaster,Pollos,Web,Sí,Lluvioso,18.0,1,45.6,4,Demanda crítica
2024-04-05,Viernes,4,2024,0,0,Cena,18,22,183,2197.6,Pollo Broaster,Pollos,Delivery,Sí,Lluvioso,18.0,1,72.8,7,Demanda crítica
2024-04-05,Viernes,4,2024,0,0,Desayuno,7,11,64,676.0,Gaseosa,Bebidas,Presencial,No,Lluvioso,18.0,1,34.2,4,Baja demanda
2024-04-06,Sábado,4,2024,1,0,Almuerzo,12,16,109,1738.0,Pollo Broaster,Pollos,Presencial,No,Nublado,19.0,0,35.0,5,Demanda moderada
2024-04-06,Sábado,4,2024,1,0,Cena,18,22,159,2221.6,Pollo Broaster,Pollos,Delivery,Sí,Nublado,19.0,0,60.4,6,Alta demanda
2024-04-06,Sábado,4,2024,1,0,Desayuno,7,11,50,335.0,Gaseosa,Bebidas,Presencial,Sí,Nublado,19.0,0,28.0,4,Baja demanda
2024-04-07,Domingo,4,2024,1,0,Almuerzo,12,16,182,2508.0,Pollo Broaster,Pollos,Presencial,No,Soleado,25.0,0,39.2,7,Demanda crítica
2024-04-07,Domingo,4,2024,1,0,Cena,18,22,175,2068.0,Pollo Broaster,Pollos,Delivery,No,Soleado,25.0,0,63.0,9,Alta demanda
2024-04-07,Domingo,4,2024,1,0,Desayuno,7,11,80,636.8,Gaseosa,Bebidas,Presencial,Sí,Soleado,25.0,0,29.0,3,Demanda moderada
2024-04-08,Lunes,4,2024,0,0,Almuerzo,12,16,156,1917.0,Gaseosa,Bebidas,Presencial,No,Nublado,24.0,0,37.5,6,Alta demanda
2024-04-08,Lunes,4,2024,0,0,Cena,18,22,141,1838.0,Gaseosa,Bebidas,Delivery,No,Nublado,24.0,0,49.3,4,Alta demanda
2024-04-08,Lunes,4,2024,0,0,Desayuno,7,11,25,243.0,Sándwich de Pollo,Sándwiches,Delivery,No,Nublado,24.0,0,22.7,4,Baja demanda
2024-04-09,Martes,4,2024,0,0,Almuerzo,12,16,148,1820.0,Gaseosa,Bebidas,Delivery,No,Lluvioso,22.0,1,50.4,7,Alta demanda
2024-04-09,Martes,4,2024,0,0,Cena,18,22,108,1452.6,Gaseosa,Bebidas,Web,Sí,Lluvioso,22.0,1,73.8,6,Demanda moderada
2024-04-09,Martes,4,2024,0,0,Desayuno,7,11,46,335.0,Gaseosa,Bebidas,Delivery,Sí,Lluvioso,22.0,1,34.8,4,Baja demanda
2024-04-10,Miércoles,4,2024,0,0,Almuerzo,12,16,142,1951.85,Pollo Broaster,Pollos,Presencial,Sí,Soleado,27.0,0,38.7,5,Alta demanda
2024-04-10,Miércoles,4,2024,0,0,Cena,18,22,131,1841.8,Gaseosa,Bebidas,Delivery,Sí,Soleado,27.0,0,58.0,6,Alta demanda
2024-04-10,Miércoles,4,2024,0,0,Desayuno,7,11,35,369.2,Jugo Natural,Bebidas,Presencial,Sí,Soleado,27.0,0,17.5,3,Baja demanda
2024-04-11,Jueves,4,2024,0,0,Almuerzo,12,16,123,1218.3,Jugo Natural,Bebidas,Presencial,Sí,Nublado,23.0,0,32.6,6,Alta demanda
2024-04-11,Jueves,4,2024,0,0,Cena,18,22,137,2249.0,Pollo Broaster,Pollos,Delivery,Sí,Nublado,23.0,0,53.3,4,Alta demanda
2024-04-11,Jueves,4,2024,0,0,Desayuno,7,11,34,208.2,Gaseosa,Bebidas,Presencial,Sí,Nublado,23.0,0,18.3,2,Baja demanda
2024-04-12,Viernes,4,2024,0,0,Almuerzo,12,16,114,1703.0,Salchipapa Especial,Salchipapas,Presencial,No,Lluvioso,22.0,1,55.8,5,Demanda moderada
2024-04-12,Viernes,4,2024,0,0,Cena,18,22,170,2318.7,Pollo Broaster,Pollos,Web,Sí,Lluvioso,22.0,1,69.2,5,Alta demanda
2024-04-12,Viernes,4,2024,0,0,Desayuno,7,11,69,798.0,Hamburguesa Clásica,Hamburguesas,Delivery,Sí,Lluvioso,22.0,1,35.6,4,Baja demanda
2024-04-13,Sábado,4,2024,1,0,Almuerzo,12,16,97,1734.0,Pollo Broaster,Pollos,Delivery,No,Nublado,19.0,0,36.7,4,Demanda moderada
2024-04-13,Sábado,4,2024,1,0,Cena,18,22,126,2287.0,Salchipapa Especial,Salchipapas,Presencial,No,Nublado,19.0,0,60.4,5,Alta demanda
2024-04-13,Sábado,4,2024,1,0,Desayuno,7,11,78,746.4,Cheeseburger,Hamburguesas,Presencial,Sí,Nublado,19.0,0,28.0,4,Baja demanda
2024-04-14,Domingo,4,2024,1,0,Almuerzo,12,16,155,2433.0,Pollo Broaster,Pollos,Delivery,No,Soleado,23.0,0,41.0,5,Alta demanda
2024-04-14,Domingo,4,2024,1,0,Cena,18,22,150,2011.6,Hamburguesa Clásica,Hamburguesas,Delivery,Sí,Soleado,23.0,0,65.6,8,Alta demanda
2024-04-14,Domingo,4,2024,1,0,Desayuno,7,11,37,411.0,Jugo Natural,Bebidas,Presencial,No,Soleado,23.0,0,21.7,4,Baja demanda
2024-04-15,Lunes,4,2024,0,0,Almuerzo,12,16,64,1204.0,Hamburguesa BBQ,Hamburguesas,Presencial,No,Soleado,28.0,0,37.0,7,Baja demanda
2024-04-15,Lunes,4,2024,0,0,Cena,18,22,113,1535.15,Pollo Broaster,Pollos,Delivery,Sí,Soleado,28.0,0,49.8,6,Demanda moderada
2024-04-15,Lunes,4,2024,0,0,Desayuno,7,11,40,546.0,Hamburguesa BBQ,Hamburguesas,Presencial,No,Soleado,28.0,0,16.6,4,Baja demanda
2024-04-16,Martes,4,2024,0,0,Almuerzo,12,16,159,1762.6,Gaseosa,Bebidas,Web,Sí,Soleado,29.0,0,33.8,6,Alta demanda
2024-04-16,Martes,4,2024,0,0,Cena,18,22,107,1171.8,Gaseosa,Bebidas,Presencial,Sí,Soleado,29.0,0,55.0,5,Demanda moderada
2024-04-16,Martes,4,2024,0,0,Desayuno,7,11,57,519.5,Gaseosa,Bebidas,Presencial,Sí,Soleado,29.0,0,16.4,2,Baja demanda
2024-04-17,Miércoles,4,2024,0,0,Almuerzo,12,16,115,1234.0,Gaseosa,Bebidas,Presencial,No,Nublado,24.0,0,38.2,6,Demanda moderada
2024-04-17,Miércoles,4,2024,0,0,Cena,18,22,139,1777.8,Gaseosa,Bebidas,Delivery,Sí,Nublado,24.0,0,52.3,4,Alta demanda
2024-04-17,Miércoles,4,2024,0,0,Desayuno,7,11,34,447.0,Cheeseburger,Hamburguesas,Presencial,No,Nublado,24.0,0,16.2,2,Baja demanda
2024-04-18,Jueves,4,2024,0,0,Almuerzo,12,16,130,1308.9,Gaseosa,Bebidas,Presencial,Sí,Soleado,23.0,0,34.0,5,Alta demanda
2024-04-18,Jueves,4,2024,0,0,Cena,18,22,102,1103.0,Hamburguesa Clásica,Hamburguesas,Delivery,Sí,Soleado,23.0,0,55.0,8,Demanda moderada
2024-04-18,Jueves,4,2024,0,0,Desayuno,7,11,49,432.0,Gaseosa,Bebidas,Delivery,Sí,Soleado,23.0,0,21.2,3,Baja demanda
2024-04-19,Viernes,4,2024,0,0,Almuerzo,12,16,155,1271.0,Gaseosa,Bebidas,Presencial,No,Nublado,22.0,0,36.0,7,Alta demanda
2024-04-19,Viernes,4,2024,0,0,Cena,18,22,97,1139.0,Salchipapa Especial,Salchipapas,Presencial,No,Nublado,22.0,0,55.6,6,Demanda moderada
2024-04-19,Viernes,4,2024,0,0,Desayuno,7,11,59,681.1,Salchipapa Especial,Salchipapas,Presencial,Sí,Nublado,22.0,0,14.8,2,Baja demanda
2024-04-20,Sábado,4,2024,1,0,Almuerzo,12,16,161,1711.0,Gaseosa,Bebidas,Presencial,No,Nublado,20.0,0,41.4,4,Alta demanda
2024-04-20,Sábado,4,2024,1,0,Cena,18,22,115,1487.2,Gaseosa,Bebidas,Delivery,Sí,Nublado,20.0,0,61.5,8,Demanda moderada
2024-04-20,Sábado,4,2024,1,0,Desayuno,7,11,40,271.75,Gaseosa,Bebidas,Presencial,Sí,Nublado,20.0,0,26.0,5,Baja demanda
2024-04-21,Domingo,4,2024,1,0,Almuerzo,12,16,156,2072.9,Pollo Broaster,Pollos,Presencial,Sí,Nublado,18.0,0,48.0,6,Alta demanda
2024-04-21,Domingo,4,2024,1,0,Cena,18,22,87,1506.0,Alitas BBQ,Pollos,Delivery,Sí,Nublado,18.0,0,67.2,5,Demanda moderada
2024-04-21,Domingo,4,2024,1,0,Desayuno,7,11,52,396.0,Gaseosa,Bebidas,Presencial,No,Nublado,18.0,0,22.8,3,Baja demanda
2024-04-22,Lunes,4,2024,0,0,Almuerzo,12,16,126,1305.6,Gaseosa,Bebidas,Presencial,Sí,Nublado,24.0,0,36.6,7,Alta demanda
2024-04-22,Lunes,4,2024,0,0,Cena,18,22,63,633.0,Gaseosa,Bebidas,Web,No,Nublado,24.0,0,44.7,6,Baja demanda
2024-04-22,Lunes,4,2024,0,0,Desayuno,7,11,23,270.0,Hamburguesa Clásica,Hamburguesas,Presencial,No,Nublado,24.0,0,17.0,4,Baja demanda
2024-04-23,Martes,4,2024,0,0,Almuerzo,12,16,116,1499.6,Hamburguesa Clásica,Hamburguesas,Presencial,Sí,Nublado,20.0,0,38.2,6,Demanda moderada
2024-04-23,Martes,4,2024,0,0,Cena,18,22,96,1594.0,Hamburguesa Clásica,Hamburguesas,Delivery,No,Nublado,20.0,0,49.8,4,Demanda moderada
2024-04-23,Martes,4,2024,0,0,Desayuno,7,11,53,664.0,Salchipapa Especial,Salchipapas,Presencial,No,Nublado,20.0,0,19.3,4,Baja demanda
2024-04-24,Miércoles,4,2024,0,0,Almuerzo,12,16,137,1553.0,Pollo Broaster,Pollos,Delivery,No,Lluvioso,18.0,1,50.5,4,Alta demanda
2024-04-24,Miércoles,4,2024,0,0,Cena,18,22,104,1073.0,Gaseosa,Bebidas,Web,Sí,Lluvioso,18.0,1,75.8,7,Demanda moderada
2024-04-24,Miércoles,4,2024,0,0,Desayuno,7,11,61,478.4,Gaseosa,Bebidas,Delivery,Sí,Lluvioso,18.0,1,38.4,2,Baja demanda
2024-04-25,Jueves,4,2024,0,0,Almuerzo,12,16,143,2651.2,Pollo Broaster,Pollos,Web,Sí,Soleado,31.0,0,35.0,5,Alta demanda
2024-04-25,Jueves,4,2024,0,0,Cena,18,22,131,1645.6,Gaseosa,Bebidas,Web,Sí,Soleado,31.0,0,47.8,4,Alta demanda
2024-04-25,Jueves,4,2024,0,0,Desayuno,7,11,40,525.0,Hamburguesa Clásica,Hamburguesas,Presencial,No,Soleado,31.0,0,15.8,3,Baja demanda
2024-04-26,Viernes,4,2024,0,0,Almuerzo,12,16,115,1495.4,Hamburguesa Clásica,Hamburguesas,Presencial,Sí,Nublado,21.0,0,35.2,4,Demanda moderada
2024-04-26,Viernes,4,2024,0,0,Cena,18,22,146,2046.0,Gaseosa,Bebidas,Presencial,Sí,Nublado,21.0,0,50.3,8,Alta demanda
2024-04-26,Viernes,4,2024,0,0,Desayuno,7,11,34,344.0,Hamburguesa Clásica,Hamburguesas,Presencial,No,Nublado,21.0,0,13.3,2,Baja demanda
2024-04-27,Sábado,4,2024,1,0,Almuerzo,12,16,176,1611.0,Gaseosa,Bebidas,Presencial,Sí,Nublado,20.0,0,44.0,8,Alta demanda
2024-04-27,Sábado,4,2024,1,0,Cena,18,22,109,1617.0,Hamburguesa Clásica,Hamburguesas,Web,Sí,Nublado,20.0,0,59.0,6,Demanda moderada
2024-04-27,Sábado,4,2024,1,0,Desayuno,7,11,59,750.4,Pollo Broaster,Pollos,Presencial,Sí,Nublado,20.0,0,25.8,4,Baja demanda
2024-04-28,Domingo,4,2024,1,0,Almuerzo,12,16,154,2165.0,Salchipapa Clásica,Salchipapas,Presencial,Sí,Lluvioso,19.0,1,61.4,5,Alta demanda
2024-04-28,Domingo,4,2024,1,0,Cena,18,22,111,1486.0,Gaseosa,Bebidas,Delivery,No,Lluvioso,19.0,1,77.2,4,Demanda moderada
2024-04-28,Domingo,4,2024,1,0,Desayuno,7,11,50,285.2,Gaseosa,Bebidas,Presencial,Sí,Lluvioso,19.0,1,40.0,2,Baja demanda
2024-04-29,Lunes,4,2024,0,0,Almuerzo,12,16,95,1236.6,Hamburguesa Clásica,Hamburguesas,Presencial,Sí,Nublado,19.0,0,32.2,6,Demanda moderada
2024-04-29,Lunes,4,2024,0,0,Cena,18,22,88,1126.0,Gaseosa,Bebidas,Delivery,No,Nublado,19.0,0,53.8,4,Demanda moderada
2024-04-29,Lunes,4,2024,0,0,Desayuno,7,11,49,480.0,Jugo Natural,Bebidas,Presencial,Sí,Nublado,19.0,0,17.2,2,Baja demanda
2024-04-30,Martes,4,2024,0,0,Almuerzo,12,16,121,1801.0,Hamburguesa Clásica,Hamburguesas,Delivery,No,Soleado,27.0,0,32.8,7,Alta demanda
2024-04-30,Martes,4,2024,0,0,Cena,18,22,95,1430.6,Pollo Broaster,Pollos,Presencial,Sí,Soleado,27.0,0,54.2,5,Demanda moderada
2024-04-30,Martes,4,2024,0,0,Desayuno,7,11,42,373.0,Gaseosa,Bebidas,Presencial,No,Soleado,27.0,0,17.2,4,Baja demanda
2024-05-01,Miércoles,5,2024,0,1,Almuerzo,12,16,179,1903.75,Gaseosa,Bebidas,Delivery,Sí,Lluvioso,17.0,1,48.6,6,Alta demanda
2024-05-01,Miércoles,5,2024,0,1,Cena,18,22,118,1618.0,Pollo Broaster,Pollos,Delivery,No,Lluvioso,17.0,1,65.8,8,Demanda moderada
2024-05-01,Miércoles,5,2024,0,1,Desayuno,7,11,60,686.0,Gaseosa,Bebidas,Presencial,No,Lluvioso,17.0,1,31.8,2,Baja demanda
2024-05-02,Jueves,5,2024,0,0,Almuerzo,12,16,154,2389.2,Gaseosa,Bebidas,Presencial,Sí,Nublado,18.0,0,38.2,5,Alta demanda
2024-05-02,Jueves,5,2024,0,0,Cena,18,22,61,836.25,Pizza Personal,Pizzas,Delivery,Sí,Nublado,18.0,0,50.5,7,Baja demanda
2024-05-02,Jueves,5,2024,0,0,Desayuno,7,11,43,494.0,Hamburguesa Clásica,Hamburguesas,Presencial,No,Nublado,18.0,0,18.2,4,Baja demanda
2024-05-03,Viernes,5,2024,0,0,Almuerzo,12,16,79,920.0,Hamburguesa Clásica,Hamburguesas,Presencial,No,Soleado,27.0,0,35.3,5,Baja demanda
2024-05-03,Viernes,5,2024,0,0,Cena,18,22,149,1506.2,Gaseosa,Bebidas,Delivery,Sí,Soleado,27.0,0,51.0,7,Alta demanda
2024-05-03,Viernes,5,2024,0,0,Desayuno,7,11,73,604.0,Gaseosa,Bebidas,Presencial,No,Soleado,27.0,0,21.0,4,Baja demanda
2024-05-04,Sábado,5,2024,1,0,Almuerzo,12,16,144,2496.8,Pollo Broaster,Pollos,Delivery,Sí,Nublado,21.0,0,40.2,7,Alta demanda
2024-05-04,Sábado,5,2024,1,0,Cena,18,22,158,2036.0,Gaseosa,Bebidas,Delivery,No,Nublado,21.0,0,61.2,6,Alta demanda
2024-05-04,Sábado,5,2024,1,0,Desayuno,7,11,67,463.6,Gaseosa,Bebidas,Presencial,Sí,Nublado,21.0,0,25.2,5,Baja demanda
2024-05-05,Domingo,5,2024,1,0,Almuerzo,12,16,124,1788.25,Salchipapa Especial,Salchipapas,Delivery,Sí,Nublado,21.0,0,46.6,7,Alta demanda
2024-05-05,Domingo,5,2024,1,0,Cena,18,22,101,845.5,Gaseosa,Bebidas,Delivery,Sí,Nublado,21.0,0,55.3,6,Demanda moderada
2024-05-05,Domingo,5,2024,1,0,Desayuno,7,11,51,644.0,Hamburguesa Clásica,Hamburguesas,Presencial,No,Nublado,21.0,0,25.2,5,Baja demanda
2024-05-06,Lunes,5,2024,0,0,Almuerzo,12,16,106,1182.0,Gaseosa,Bebidas,Presencial,Sí,Nublado,19.0,0,34.2,6,Demanda moderada
2024-05-06,Lunes,5,2024,0,0,Cena,18,22,95,926.0,Hamburguesa Clásica,Hamburguesas,Presencial,Sí,Nublado,19.0,0,48.8,5,Demanda moderada
2024-05-06,Lunes,5,2024,0,0,Desayuno,7,11,41,418.0,Salchipapa Especial,Salchipapas,Presencial,Sí,Nublado,19.0,0,21.2,3,Baja demanda
2024-05-07,Martes,5,2024,0,0,Almuerzo,12,16,84,1078.0,Hamburguesa Clásica,Hamburguesas,Presencial,No,Nublado,19.0,0,34.2,5,Demanda moderada
2024-05-07,Martes,5,2024,0,0,Cena,18,22,90,803.9,Hamburguesa BBQ,Hamburguesas,Presencial,Sí,Nublado,19.0,0,44.5,7,Demanda moderada
2024-05-07,Martes,5,2024,0,0,Desayuno,7,11,50,393.0,Gaseosa,Bebidas,Presencial,No,Nublado,19.0,0,15.4,2,Baja demanda
2024-05-08,Miércoles,5,2024,0,0,Almuerzo,12,16,128,2181.0,Hamburguesa Clásica,Hamburguesas,Delivery,Sí,Soleado,24.0,0,39.0,6,Alta demanda
2024-05-08,Miércoles,5,2024,0,0,Cena,18,22,102,1463.75,Salchipapa Especial,Salchipapas,Delivery,Sí,Soleado,24.0,0,53.6,5,Demanda moderada
2024-05-08,Miércoles,5,2024,0,0,Desayuno,7,11,26,238.0,Salchipapa Clásica,Salchipapas,Presencial,No,Soleado,24.0,0,20.0,2,Baja demanda
2024-05-09,Jueves,5,2024,0,0,Almuerzo,12,16,101,1142.4,Hamburguesa Clásica,Hamburguesas,Presencial,Sí,Nublado,23.0,0,36.2,5,Demanda moderada
2024-05-09,Jueves,5,2024,0,0,Cena,18,22,109,1636.8,Pollo Broaster,Pollos,Delivery,Sí,Nublado,23.0,0,56.6,7,Demanda moderada
2024-05-09,Jueves,5,2024,0,0,Desayuno,7,11,52,485.6,Gaseosa,Bebidas,Presencial,Sí,Nublado,23.0,0,18.5,3,Baja demanda
2024-05-10,Viernes,5,2024,0,0,Almuerzo,12,16,127,1390.0,Gaseosa,Bebidas,Presencial,No,Lluvioso,21.0,1,46.2,7,Alta demanda
2024-05-10,Viernes,5,2024,0,0,Cena,18,22,132,1577.8,Gaseosa,Bebidas,Delivery,Sí,Lluvioso,21.0,1,66.6,8,Alta demanda
2024-05-10,Viernes,5,2024,0,0,Desayuno,7,11,47,429.0,Gaseosa,Bebidas,Presencial,No,Lluvioso,21.0,1,35.0,2,Baja demanda
2024-05-11,Sábado,5,2024,1,0,Almuerzo,12,16,173,1555.0,Gaseosa,Bebidas,Presencial,Sí,Nublado,22.0,0,42.0,8,Alta demanda
2024-05-11,Sábado,5,2024,1,0,Cena,18,22,172,2144.4,Gaseosa,Bebidas,Delivery,Sí,Nublado,22.0,0,60.5,5,Alta demanda
2024-05-11,Sábado,5,2024,1,0,Desayuno,7,11,63,784.0,Gaseosa,Bebidas,Delivery,No,Nublado,22.0,0,24.4,2,Baja demanda
2024-05-12,Domingo,5,2024,1,0,Almuerzo,12,16,198,2435.0,Pollo Broaster,Pollos,Delivery,No,Lluvioso,17.0,1,58.8,6,Demanda crítica
2024-05-12,Domingo,5,2024,1,0,Cena,18,22,75,1208.0,Hamburguesa Clásica,Hamburguesas,Delivery,Sí,Lluvioso,17.0,1,70.7,9,Baja demanda
2024-05-12,Domingo,5,2024,1,0,Desayuno,7,11,79,734.4,Gaseosa,Bebidas,Delivery,Sí,Lluvioso,17.0,1,41.5,2,Baja demanda
2024-05-13,Lunes,5,2024,0,0,Almuerzo,12,16,158,1746.4,Gaseosa,Bebidas,Presencial,Sí,Nublado,23.0,0,31.8,4,Alta demanda
2024-05-13,Lunes,5,2024,0,0,Cena,18,22,103,1209.25,Gaseosa,Bebidas,Delivery,Sí,Nublado,23.0,0,52.6,8,Demanda moderada
2024-05-13,Lunes,5,2024,0,0,Desayuno,7,11,55,497.0,Gaseosa,Bebidas,Presencial,No,Nublado,23.0,0,20.7,3,Baja demanda
2024-05-14,Martes,5,2024,0,0,Almuerzo,12,16,129,1310.2,Gaseosa,Bebidas,Delivery,Sí,Soleado,26.0,0,36.6,4,Alta demanda
2024-05-14,Martes,5,2024,0,0,Cena,18,22,127,1447.0,Gaseosa,Bebidas,Presencial,Sí,Soleado,26.0,0,52.2,5,Alta demanda
2024-05-14,Martes,5,2024,0,0,Desayuno,7,11,59,591.0,Gaseosa,Bebidas,Presencial,No,Soleado,26.0,0,16.0,4,Baja demanda
2024-05-15,Miércoles,5,2024,0,0,Almuerzo,12,16,151,1732.0,Gaseosa,Bebidas,Presencial,Sí,Soleado,26.0,0,37.0,5,Alta demanda
2024-05-15,Miércoles,5,2024,0,0,Cena,18,22,115,970.5,Gaseosa,Bebidas,Delivery,Sí,Soleado,26.0,0,47.8,6,Demanda moderada
2024-05-15,Miércoles,5,2024,0,0,Desayuno,7,11,64,489.8,Gaseosa,Bebidas,Presencial,Sí,Soleado,26.0,0,18.6,4,Baja demanda
2024-05-16,Jueves,5,2024,0,0,Almuerzo,12,16,141,1521.6,Pollo Broaster,Pollos,Presencial,Sí,Nublado,18.0,0,35.2,6,Alta demanda
2024-05-16,Jueves,5,2024,0,0,Cena,18,22,125,1640.8,Pollo Broaster,Pollos,Delivery,Sí,Nublado,18.0,0,52.4,8,Alta demanda
2024-05-16,Jueves,5,2024,0,0,Desayuno,7,11,33,382.0,Hamburguesa Clásica,Hamburguesas,Presencial,No,Nublado,18.0,0,17.8,3,Baja demanda
2024-05-17,Viernes,5,2024,0,0,Almuerzo,12,16,152,2390.0,Pollo Broaster,Pollos,Web,No,Soleado,31.0,0,34.4,4,Alta demanda
2024-05-17,Viernes,5,2024,0,0,Cena,18,22,100,1360.0,Salchipapa Clásica,Salchipapas,Web,No,Soleado,31.0,0,54.5,8,Demanda moderada
2024-05-17,Viernes,5,2024,0,0,Desayuno,7,11,47,513.0,Hamburguesa Clásica,Hamburguesas,Presencial,No,Soleado,31.0,0,13.8,2,Baja demanda
2024-05-18,Sábado,5,2024,1,0,Almuerzo,12,16,113,1726.0,Gaseosa,Bebidas,Presencial,No,Nublado,18.0,0,41.8,5,Demanda moderada
2024-05-18,Sábado,5,2024,1,0,Cena,18,22,166,2450.5,Hamburguesa Clásica,Hamburguesas,Delivery,Sí,Nublado,18.0,0,60.0,4,Alta demanda
2024-05-18,Sábado,5,2024,1,0,Desayuno,7,11,44,365.6,Gaseosa,Bebidas,Presencial,Sí,Nublado,18.0,0,26.0,2,Baja demanda
2024-05-19,Domingo,5,2024,1,0,Almuerzo,12,16,195,2342.8,Pollo Broaster,Pollos,Web,Sí,Soleado,29.0,0,43.8,5,Demanda crítica
2024-05-19,Domingo,5,2024,1,0,Cena,18,22,159,1861.0,Gaseosa,Bebidas,Delivery,Sí,Soleado,29.0,0,64.3,7,Alta demanda
2024-05-19,Domingo,5,2024,1,0,Desayuno,7,11,78,552.0,Gaseosa,Bebidas,Presencial,Sí,Soleado,29.0,0,30.0,4,Baja demanda
2024-05-20,Lunes,5,2024,0,0,Almuerzo,12,16,83,1174.8,Salchipapa Especial,Salchipapas,Presencial,Sí,Nublado,21.0,0,41.0,5,Demanda moderada
2024-05-20,Lunes,5,2024,0,0,Cena,18,22,123,1657.8,Gaseosa,Bebidas,Web,Sí,Nublado,21.0,0,57.0,4,Alta demanda
2024-05-20,Lunes,5,2024,0,0,Desayuno,7,11,52,508.6,Jugo Natural,Bebidas,Presencial,Sí,Nublado,21.0,0,18.5,3,Baja demanda
2024-05-21,Martes,5,2024,0,0,Almuerzo,12,16,85,1070.0,Pollo Broaster,Pollos,Delivery,No,Nublado,18.0,0,33.7,4,Demanda moderada
2024-05-21,Martes,5,2024,0,0,Cena,18,22,97,1133.4,Gaseosa,Bebidas,Delivery,Sí,Nublado,18.0,0,58.6,4,Demanda moderada
2024-05-21,Martes,5,2024,0,0,Desayuno,7,11,48,376.0,Gaseosa,Bebidas,Presencial,No,Nublado,18.0,0,15.8,4,Baja demanda
2024-05-22,Miércoles,5,2024,0,0,Almuerzo,12,16,98,1004.8,Gaseosa,Bebidas,Presencial,Sí,Nublado,19.0,0,36.7,7,Demanda moderada
2024-05-22,Miércoles,5,2024,0,0,Cena,18,22,86,912.4,Hamburguesa Clásica,Hamburguesas,Web,Sí,Nublado,19.0,0,53.8,8,Demanda moderada
2024-05-22,Miércoles,5,2024,0,0,Desayuno,7,11,24,304.0,Hamburguesa Clásica,Hamburguesas,Presencial,No,Nublado,19.0,0,14.7,2,Baja demanda
2024-05-23,Jueves,5,2024,0,0,Almuerzo,12,16,120,1825.0,Pollo Broaster,Pollos,Presencial,No,Nublado,22.0,0,31.5,4,Alta demanda
2024-05-23,Jueves,5,2024,0,0,Cena,18,22,63,1303.0,Alitas BBQ,Pollos,Delivery,Sí,Nublado,22.0,0,54.7,7,Baja demanda
2024-05-23,Jueves,5,2024,0,0,Desayuno,7,11,30,243.3,Jugo Natural,Bebidas,Presencial,Sí,Nublado,22.0,0,18.0,2,Baja demanda
2024-05-24,Viernes,5,2024,0,0,Almuerzo,12,16,105,765.0,Gaseosa,Bebidas,Presencial,No,Nublado,22.0,0,31.2,7,Demanda moderada
2024-05-24,Viernes,5,2024,0,0,Cena,18,22,123,1779.0,Gaseosa,Bebidas,Web,No,Nublado,22.0,0,57.6,8,Alta demanda
2024-05-24,Viernes,5,2024,0,0,Desayuno,7,11,60,563.0,Gaseosa,Bebidas,Presencial,No,Nublado,22.0,0,17.0,4,Baja demanda
2024-05-25,Sábado,5,2024,1,0,Almuerzo,12,16,133,1472.0,Gaseosa,Bebidas,Presencial,Sí,Nublado,20.0,0,40.0,7,Alta demanda
2024-05-25,Sábado,5,2024,1,0,Cena,18,22,111,1680.0,Pollo Broaster,Pollos,Presencial,No,Nublado,20.0,0,61.0,9,Demanda moderada
2024-05-25,Sábado,5,2024,1,0,Desayuno,7,11,91,783.6,Gaseosa,Bebidas,Presencial,Sí,Nublado,20.0,0,23.8,3,Demanda moderada
2024-05-26,Domingo,5,2024,1,0,Almuerzo,12,16,106,1653.0,Pollo Broaster,Pollos,Delivery,No,Nublado,19.0,0,39.8,4,Demanda moderada
2024-05-26,Domingo,5,2024,1,0,Cena,18,22,162,2473.0,Salchipapa Especial,Salchipapas,Presencial,Sí,Nublado,19.0,0,60.2,6,Alta demanda
2024-05-26,Domingo,5,2024,1,0,Desayuno,7,11,83,862.2,Gaseosa,Bebidas,Presencial,Sí,Nublado,19.0,0,22.2,2,Demanda moderada
2024-05-27,Lunes,5,2024,0,0,Almuerzo,12,16,106,1076.0,Gaseosa,Bebidas,Presencial,No,Nublado,19.0,0,32.6,4,Demanda moderada
2024-05-27,Lunes,5,2024,0,0,Cena,18,22,85,1277.0,Salchipapa Especial,Salchipapas,Presencial,Sí,Nublado,19.0,0,51.2,4,Demanda moderada
2024-05-27,Lunes,5,2024,0,0,Desayuno,7,11,39,338.0,Gaseosa,Bebidas,Presencial,No,Nublado,19.0,0,16.4,4,Baja demanda
2024-05-28,Martes,5,2024,0,0,Almuerzo,12,16,161,2063.0,Gaseosa,Bebidas,Delivery,Sí,Nublado,18.0,0,35.5,5,Alta demanda
2024-05-28,Martes,5,2024,0,0,Cena,18,22,124,2166.0,Pollo Broaster,Pollos,Web,No,Nublado,18.0,0,52.3,5,Alta demanda
2024-05-28,Martes,5,2024,0,0,Desayuno,7,11,47,606.0,Gaseosa,Bebidas,Presencial,No,Nublado,18.0,0,18.6,3,Baja demanda
2024-05-29,Miércoles,5,2024,0,0,Almuerzo,12,16,130,1449.0,Gaseosa,Bebidas,Presencial,No,Nublado,19.0,0,38.6,4,Alta demanda
2024-05-29,Miércoles,5,2024,0,0,Cena,18,22,127,1483.0,Gaseosa,Bebidas,Delivery,No,Nublado,19.0,0,57.6,5,Alta demanda
2024-05-29,Miércoles,5,2024,0,0,Desayuno,7,11,44,279.2,Gaseosa,Bebidas,Presencial,Sí,Nublado,19.0,0,14.8,2,Baja demanda
2024-05-30,Jueves,5,2024,0,0,Almuerzo,12,16,57,667.0,Hamburguesa Clásica,Hamburguesas,Delivery,No,Nublado,22.0,0,33.7,4,Baja demanda
2024-05-30,Jueves,5,2024,0,0,Cena,18,22,127,1376.0,Gaseosa,Bebidas,Delivery,Sí,Nublado,22.0,0,50.4,4,Alta demanda
2024-05-30,Jueves,5,2024,0,0,Desayuno,7,11,32,184.0,Gaseosa,Bebidas,Presencial,No,Nublado,22.0,0,13.3,3,Baja demanda
2024-05-31,Viernes,5,2024,0,0,Almuerzo,12,16,191,2932.0,Hamburguesa Clásica,Hamburguesas,Delivery,Sí,Lluvioso,19.0,1,51.8,7,Demanda crítica
2024-05-31,Viernes,5,2024,0,0,Cena,18,22,104,1655.0,Pollo Broaster,Pollos,Delivery,No,Lluvioso,19.0,1,61.2,8,Demanda moderada
2024-05-31,Viernes,5,2024,0,0,Desayuno,7,11,63,604.0,Gaseosa,Bebidas,Presencial,Sí,Lluvioso,19.0,1,34.8,2,Baja demanda
2024-06-01,Sábado,6,2024,1,0,Almuerzo,12,16,81,954.0,Salchipapa Clásica,Salchipapas,Delivery,No,Soleado,30.0,0,43.3,6,Demanda moderada
2024-06-01,Sábado,6,2024,1,0,Cena,18,22,163,2152.4,Salchipapa Especial,Salchipapas,Presencial,Sí,Soleado,30.0,0,60.8,4,Alta demanda
2024-06-01,Sábado,6,2024,1,0,Desayuno,7,11,75,603.8,Gaseosa,Bebidas,Presencial,Sí,Soleado,30.0,0,31.0,4,Baja demanda
2024-06-02,Domingo,6,2024,1,0,Almuerzo,12,16,151,1778.0,Gaseosa,Bebidas,Delivery,No,Soleado,30.0,0,40.8,7,Alta demanda
2024-06-02,Domingo,6,2024,1,0,Cena,18,22,119,1621.5,Salchipapa Especial,Salchipapas,Presencial,Sí,Soleado,30.0,0,53.4,5,Demanda moderada
2024-06-02,Domingo,6,2024,1,0,Desayuno,7,11,76,825.9,Pollo Broaster,Pollos,Presencial,Sí,Soleado,30.0,0,25.6,3,Baja demanda
2024-06-03,Lunes,6,2024,0,0,Almuerzo,12,16,83,1126.0,Gaseosa,Bebidas,Presencial,No,Lluvioso,18.0,1,48.2,5,Demanda moderada
2024-06-03,Lunes,6,2024,0,0,Cena,18,22,104,1905.0,Pollo Broaster,Pollos,Delivery,Sí,Lluvioso,18.0,1,64.2,7,Demanda moderada
2024-06-03,Lunes,6,2024,0,0,Desayuno,7,11,43,380.0,Gaseosa,Bebidas,Delivery,No,Lluvioso,18.0,1,36.2,2,Baja demanda
2024-06-04,Martes,6,2024,0,0,Almuerzo,12,16,102,1366.0,Pollo Broaster,Pollos,Presencial,No,Nublado,21.0,0,33.2,7,Demanda moderada
2024-06-04,Martes,6,2024,0,0,Cena,18,22,118,1842.8,Pollo Broaster,Pollos,Presencial,Sí,Nublado,21.0,0,52.5,6,Demanda moderada
2024-06-04,Martes,6,2024,0,0,Desayuno,7,11,28,206.0,Gaseosa,Bebidas,Presencial,No,Nublado,21.0,0,15.7,2,Baja demanda
2024-06-05,Miércoles,6,2024,0,0,Almuerzo,12,16,107,1144.5,Gaseosa,Bebidas,Delivery,Sí,Lluvioso,22.0,1,43.2,5,Demanda moderada
2024-06-05,Miércoles,6,2024,0,0,Cena,18,22,98,1397.0,Salchipapa Especial,Salchipapas,Web,No,Lluvioso,22.0,1,64.2,8,Demanda moderada
2024-06-05,Miércoles,6,2024,0,0,Desayuno,7,11,60,581.5,Gaseosa,Bebidas,Presencial,Sí,Lluvioso,22.0,1,28.8,4,Baja demanda
2024-06-06,Jueves,6,2024,0,0,Almuerzo,12,16,140,1331.0,Gaseosa,Bebidas,Delivery,Sí,Lluvioso,20.0,1,49.2,5,Alta demanda
2024-06-06,Jueves,6,2024,0,0,Cena,18,22,110,1838.0,Salchipapa Especial,Salchipapas,Delivery,Sí,Lluvioso,20.0,1,72.8,5,Demanda moderada
2024-06-06,Jueves,6,2024,0,0,Desayuno,7,11,80,808.0,Gaseosa,Bebidas,Presencial,No,Lluvioso,20.0,1,29.5,4,Demanda moderada
2024-06-07,Viernes,6,2024,0,0,Almuerzo,12,16,159,1430.0,Gaseosa,Bebidas,Delivery,No,Nublado,20.0,0,36.2,5,Alta demanda
2024-06-07,Viernes,6,2024,0,0,Cena,18,22,138,1348.0,Gaseosa,Bebidas,Web,No,Nublado,20.0,0,52.0,8,Alta demanda
2024-06-07,Viernes,6,2024,0,0,Desayuno,7,11,57,491.0,Gaseosa,Bebidas,Presencial,No,Nublado,20.0,0,19.0,2,Baja demanda
2024-06-08,Sábado,6,2024,1,0,Almuerzo,12,16,145,2033.1,Pollo Broaster,Pollos,Web,Sí,Lluvioso,17.0,1,65.0,7,Alta demanda
2024-06-08,Sábado,6,2024,1,0,Cena,18,22,155,2326.0,Alitas BBQ,Pollos,Delivery,Sí,Lluvioso,17.0,1,72.4,7,Alta demanda
2024-06-08,Sábado,6,2024,1,0,Desayuno,7,11,63,639.35,Gaseosa,Bebidas,Presencial,Sí,Lluvioso,17.0,1,37.0,4,Baja demanda
2024-06-09,Domingo,6,2024,1,0,Almuerzo,12,16,230,2350.4,Gaseosa,Bebidas,Web,Sí,Lluvioso,20.0,1,59.0,5,Demanda crítica
2024-06-09,Domingo,6,2024,1,0,Cena,18,22,180,2403.6,Gaseosa,Bebidas,Delivery,Sí,Lluvioso,20.0,1,76.2,7,Demanda crítica
2024-06-09,Domingo,6,2024,1,0,Desayuno,7,11,46,304.4,Gaseosa,Bebidas,Delivery,Sí,Lluvioso,20.0,1,38.3,2,Baja demanda
2024-06-10,Lunes,6,2024,0,0,Almuerzo,12,16,109,1198.0,Gaseosa,Bebidas,Presencial,No,Nublado,20.0,0,32.2,7,Demanda moderada
2024-06-10,Lunes,6,2024,0,0,Cena,18,22,95,1277.2,Hamburguesa Clásica,Hamburguesas,Presencial,Sí,Nublado,20.0,0,54.0,4,Demanda moderada
2024-06-10,Lunes,6,2024,0,0,Desayuno,7,11,49,370.0,Gaseosa,Bebidas,Presencial,Sí,Nublado,20.0,0,19.4,2,Baja demanda
2024-06-11,Martes,6,2024,0,0,Almuerzo,12,16,109,2036.0,Pollo Broaster,Pollos,Delivery,No,Nublado,21.0,0,30.5,4,Demanda moderada
2024-06-11,Martes,6,2024,0,0,Cena,18,22,75,1516.0,Pollo Broaster,Pollos,Delivery,No,Nublado,21.0,0,54.8,7,Baja demanda
2024-06-11,Martes,6,2024,0,0,Desayuno,7,11,47,362.0,Jugo Natural,Bebidas,Presencial,Sí,Nublado,21.0,0,20.4,2,Baja demanda
2024-06-12,Miércoles,6,2024,0,0,Almuerzo,12,16,64,1035.0,Salchipapa Especial,Salchipapas,Presencial,No,Lluvioso,16.0,1,47.7,6,Baja demanda
2024-06-12,Miércoles,6,2024,0,0,Cena,18,22,129,1944.0,Gaseosa,Bebidas,Delivery,No,Lluvioso,16.0,1,74.2,6,Alta demanda
2024-06-12,Miércoles,6,2024,0,0,Desayuno,7,11,44,485.2,Pollo Broaster,Pollos,Presencial,Sí,Lluvioso,16.0,1,36.0,3,Baja demanda
2024-06-13,Jueves,6,2024,0,0,Almuerzo,12,16,113,1044.25,Hamburguesa Clásica,Hamburguesas,Presencial,Sí,Soleado,25.0,0,32.8,6,Demanda moderada
2024-06-13,Jueves,6,2024,0,0,Cena,18,22,83,1129.0,Hamburguesa Clásica,Hamburguesas,Web,No,Soleado,25.0,0,48.2,4,Demanda moderada
2024-06-13,Jueves,6,2024,0,0,Desayuno,7,11,50,355.0,Gaseosa,Bebidas,Presencial,No,Soleado,25.0,0,20.2,4,Baja demanda
2024-06-14,Viernes,6,2024,0,0,Almuerzo,12,16,158,1844.4,Gaseosa,Bebidas,Presencial,Sí,Nublado,18.0,0,37.2,4,Alta demanda
2024-06-14,Viernes,6,2024,0,0,Cena,18,22,69,636.0,Gaseosa,Bebidas,Presencial,No,Nublado,18.0,0,52.3,6,Baja demanda
2024-06-14,Viernes,6,2024,0,0,Desayuno,7,11,82,884.0,Gaseosa,Bebidas,Presencial,No,Nublado,18.0,0,16.8,2,Demanda moderada
2024-06-15,Sábado,6,2024,1,0,Almuerzo,12,16,160,1991.0,Pollo Broaster,Pollos,Delivery,Sí,Nublado,23.0,0,47.2,5,Alta demanda
2024-06-15,Sábado,6,2024,1,0,Cena,18,22,158,2054.0,Gaseosa,Bebidas,Delivery,Sí,Nublado,23.0,0,64.0,5,Alta demanda
2024-06-15,Sábado,6,2024,1,0,Desayuno,7,11,49,314.3,Gaseosa,Bebidas,Presencial,Sí,Nublado,23.0,0,26.3,2,Baja demanda
2024-06-16,Domingo,6,2024,1,0,Almuerzo,12,16,115,1683.0,Pollo Broaster,Pollos,Delivery,No,Nublado,22.0,0,38.0,4,Demanda moderada
2024-06-16,Domingo,6,2024,1,0,Cena,18,22,128,1708.6,Pollo Broaster,Pollos,Delivery,Sí,Nublado,22.0,0,62.2,4,Alta demanda
2024-06-16,Domingo,6,2024,1,0,Desayuno,7,11,64,783.15,Salchipapa Especial,Salchipapas,Delivery,Sí,Nublado,22.0,0,23.4,4,Baja demanda
2024-06-17,Lunes,6,2024,0,0,Almuerzo,12,16,114,1249.6,Gaseosa,Bebidas,Delivery,Sí,Nublado,20.0,0,40.8,6,Demanda moderada
2024-06-17,Lunes,6,2024,0,0,Cena,18,22,70,1147.0,Hamburguesa Clásica,Hamburguesas,Web,No,Nublado,20.0,0,56.0,7,Baja demanda
2024-06-17,Lunes,6,2024,0,0,Desayuno,7,11,43,450.0,Hamburguesa Clásica,Hamburguesas,Presencial,No,Nublado,20.0,0,17.6,3,Baja demanda
2024-06-18,Martes,6,2024,0,0,Almuerzo,12,16,139,1689.2,Gaseosa,Bebidas,Presencial,Sí,Soleado,27.0,0,41.2,5,Alta demanda
2024-06-18,Martes,6,2024,0,0,Cena,18,22,81,1270.0,Gaseosa,Bebidas,Presencial,No,Soleado,27.0,0,48.8,7,Demanda moderada
2024-06-18,Martes,6,2024,0,0,Desayuno,7,11,49,615.0,Salchipapa Especial,Salchipapas,Presencial,Sí,Soleado,27.0,0,20.2,2,Baja demanda
2024-06-19,Miércoles,6,2024,0,0,Almuerzo,12,16,109,1410.25,Gaseosa,Bebidas,Presencial,Sí,Nublado,21.0,0,33.8,6,Demanda moderada
2024-06-19,Miércoles,6,2024,0,0,Cena,18,22,71,1315.0,Pollo Broaster,Pollos,Delivery,No,Nublado,21.0,0,54.2,5,Baja demanda
2024-06-19,Miércoles,6,2024,0,0,Desayuno,7,11,42,372.0,Gaseosa,Bebidas,Delivery,No,Nublado,21.0,0,13.7,2,Baja demanda
2024-06-20,Jueves,6,2024,0,0,Almuerzo,12,16,65,816.0,Cheeseburger,Hamburguesas,Delivery,No,Lluvioso,18.0,1,49.3,7,Baja demanda
2024-06-20,Jueves,6,2024,0,0,Cena,18,22,71,1228.0,Pollo Broaster,Pollos,Delivery,No,Lluvioso,18.0,1,62.0,8,Baja demanda
2024-06-20,Jueves,6,2024,0,0,Desayuno,7,11,40,629.0,Pollo Broaster,Pollos,Presencial,No,Lluvioso,18.0,1,33.8,3,Baja demanda
2024-06-21,Viernes,6,2024,0,0,Almuerzo,12,16,85,1119.0,Salchipapa Especial,Salchipapas,Presencial,No,Soleado,31.0,0,31.7,5,Demanda moderada
2024-06-21,Viernes,6,2024,0,0,Cena,18,22,86,1024.0,Gaseosa,Bebidas,Delivery,Sí,Soleado,31.0,0,48.0,7,Demanda moderada
2024-06-21,Viernes,6,2024,0,0,Desayuno,7,11,73,694.0,Gaseosa,Bebidas,Presencial,No,Soleado,31.0,0,17.5,2,Baja demanda
2024-06-22,Sábado,6,2024,1,0,Almuerzo,12,16,178,1983.0,Salchipapa Especial,Salchipapas,Presencial,No,Nublado,20.0,0,38.7,8,Alta demanda
2024-06-22,Sábado,6,2024,1,0,Cena,18,22,137,1912.0,Alitas BBQ,Pollos,Delivery,Sí,Nublado,20.0,0,61.8,5,Alta demanda
2024-06-22,Sábado,6,2024,1,0,Desayuno,7,11,43,280.0,Gaseosa,Bebidas,Presencial,No,Nublado,20.0,0,27.7,4,Baja demanda
2024-06-23,Domingo,6,2024,1,0,Almuerzo,12,16,200,2418.0,Gaseosa,Bebidas,Delivery,No,Nublado,20.0,0,40.2,4,Demanda crítica
2024-06-23,Domingo,6,2024,1,0,Cena,18,22,88,1364.5,Salchipapa Especial,Salchipapas,Delivery,Sí,Nublado,20.0,0,61.7,5,Demanda moderada
2024-06-23,Domingo,6,2024,1,0,Desayuno,7,11,72,574.4,Gaseosa,Bebidas,Presencial,Sí,Nublado,20.0,0,24.4,3,Baja demanda
2024-06-24,Lunes,6,2024,0,0,Almuerzo,12,16,51,623.5,Cheeseburger,Hamburguesas,Presencial,Sí,Nublado,24.0,0,34.7,7,Baja demanda
2024-06-24,Lunes,6,2024,0,0,Cena,18,22,100,1669.8,Pollo Broaster,Pollos,Presencial,Sí,Nublado,24.0,0,52.6,6,Demanda moderada
2024-06-24,Lunes,6,2024,0,0,Desayuno,7,11,33,390.5,Sándwich de Pollo,Sándwiches,Presencial,Sí,Nublado,24.0,0,17.2,2,Baja demanda
2024-06-25,Martes,6,2024,0,0,Almuerzo,12,16,122,1051.0,Gaseosa,Bebidas,Presencial,No,Nublado,22.0,0,35.0,4,Alta demanda
2024-06-25,Martes,6,2024,0,0,Cena,18,22,82,1109.0,Gaseosa,Bebidas,Web,No,Nublado,22.0,0,55.6,7,Demanda moderada
2024-06-25,Martes,6,2024,0,0,Desayuno,7,11,38,300.0,Gaseosa,Bebidas,Presencial,No,Nublado,22.0,0,20.0,3,Baja demanda
2024-06-26,Miércoles,6,2024,0,0,Almuerzo,12,16,146,2382.0,Pollo Broaster,Pollos,Delivery,No,Lluvioso,19.0,1,52.2,6,Alta demanda
2024-06-26,Miércoles,6,2024,0,0,Cena,18,22,70,829.0,Gaseosa,Bebidas,Delivery,No,Lluvioso,19.0,1,75.3,7,Baja demanda
2024-06-26,Miércoles,6,2024,0,0,Desayuno,7,11,60,684.0,Pollo Broaster,Pollos,Presencial,No,Lluvioso,19.0,1,30.6,3,Baja demanda
2024-06-27,Jueves,6,2024,0,0,Almuerzo,12,16,147,2177.0,Alitas BBQ,Pollos,Presencial,Sí,Soleado,28.0,0,38.3,6,Alta demanda
2024-06-27,Jueves,6,2024,0,0,Cena,18,22,126,1802.35,Pollo Broaster,Pollos,Delivery,Sí,Soleado,28.0,0,57.6,4,Alta demanda
2024-06-27,Jueves,6,2024,0,0,Desayuno,7,11,37,284.0,Hamburguesa Clásica,Hamburguesas,Presencial,No,Soleado,28.0,0,20.3,4,Baja demanda
2024-06-28,Viernes,6,2024,0,0,Almuerzo,12,16,126,1907.0,Pollo Broaster,Pollos,Web,No,Nublado,24.0,0,33.0,7,Alta demanda
2024-06-28,Viernes,6,2024,0,0,Cena,18,22,133,1635.4,Gaseosa,Bebidas,Web,Sí,Nublado,24.0,0,53.8,8,Alta demanda
2024-06-28,Viernes,6,2024,0,0,Desayuno,7,11,50,638.0,Salchipapa Especial,Salchipapas,Presencial,No,Nublado,24.0,0,18.0,3,Baja demanda
2024-06-29,Sábado,6,2024,1,1,Almuerzo,12,16,188,2058.0,Gaseosa,Bebidas,Delivery,No,Nublado,18.0,0,42.0,9,Demanda crítica
2024-06-29,Sábado,6,2024,1,1,Cena,18,22,167,2132.4,Gaseosa,Bebidas,Web,Sí,Nublado,18.0,0,55.0,9,Alta demanda
2024-06-29,Sábado,6,2024,1,1,Desayuno,7,11,89,958.0,Gaseosa,Bebidas,Delivery,No,Nublado,18.0,0,25.0,4,Demanda moderada
2024-06-30,Domingo,6,2024,1,0,Almuerzo,12,16,121,1282.0,Alitas BBQ,Pollos,Delivery,Sí,Nublado,23.0,0,43.2,6,Alta demanda
2024-06-30,Domingo,6,2024,1,0,Cena,18,22,187,2516.0,Gaseosa,Bebidas,Delivery,Sí,Nublado,23.0,0,60.2,9,Demanda crítica
2024-06-30,Domingo,6,2024,1,0,Desayuno,7,11,62,635.6,Pollo Broaster,Pollos,Presencial,Sí,Nublado,23.0,0,21.0,4,Baja demanda
2024-07-01,Lunes,7,2024,0,0,Almuerzo,12,16,156,1877.0,Gaseosa,Bebidas,Presencial,No,Soleado,24.0,0,38.2,5,Alta demanda
2024-07-01,Lunes,7,2024,0,0,Cena,18,22,133,1822.45,Gaseosa,Bebidas,Delivery,Sí,Soleado,24.0,0,54.3,8,Alta demanda
2024-07-01,Lunes,7,2024,0,0,Desayuno,7,11,41,334.0,Gaseosa,Bebidas,Presencial,No,Soleado,24.0,0,17.0,4,Baja demanda
2024-07-02,Martes,7,2024,0,0,Almuerzo,12,16,117,1109.2,Gaseosa,Bebidas,Presencial,Sí,Soleado,31.0,0,32.8,4,Demanda moderada
2024-07-02,Martes,7,2024,0,0,Cena,18,22,130,1800.2,Gaseosa,Bebidas,Delivery,Sí,Soleado,31.0,0,50.4,7,Alta demanda
2024-07-02,Martes,7,2024,0,0,Desayuno,7,11,71,582.5,Gaseosa,Bebidas,Presencial,Sí,Soleado,31.0,0,16.5,2,Baja demanda
2024-07-03,Miércoles,7,2024,0,0,Almuerzo,12,16,95,1424.4,Pollo Broaster,Pollos,Presencial,Sí,Nublado,23.0,0,39.2,5,Demanda moderada
2024-07-03,Miércoles,7,2024,0,0,Cena,18,22,102,1516.6,Salchipapa Especial,Salchipapas,Web,Sí,Nublado,23.0,0,58.4,8,Demanda moderada
2024-07-03,Miércoles,7,2024,0,0,Desayuno,7,11,25,446.0,Alitas BBQ,Pollos,Presencial,No,Nublado,23.0,0,15.7,2,Baja demanda
2024-07-04,Jueves,7,2024,0,0,Almuerzo,12,16,150,1790.0,Hamburguesa Clásica,Hamburguesas,Presencial,No,Nublado,24.0,0,34.0,7,Alta demanda
2024-07-04,Jueves,7,2024,0,0,Cena,18,22,90,1054.0,Gaseosa,Bebidas,Delivery,No,Nublado,24.0,0,50.2,7,Demanda moderada
2024-07-04,Jueves,7,2024,0,0,Desayuno,7,11,50,482.0,Gaseosa,Bebidas,Presencial,No,Nublado,24.0,0,17.2,2,Baja demanda
2024-07-05,Viernes,7,2024,0,0,Almuerzo,12,16,121,1842.0,Pollo Broaster,Pollos,Presencial,No,Nublado,20.0,0,35.2,4,Alta demanda
2024-07-05,Viernes,7,2024,0,0,Cena,18,22,149,1582.0,Gaseosa,Bebidas,Delivery,No,Nublado,20.0,0,47.2,8,Alta demanda
2024-07-05,Viernes,7,2024,0,0,Desayuno,7,11,52,539.5,Salchipapa Especial,Salchipapas,Presencial,Sí,Nublado,20.0,0,20.8,2,Baja demanda
2024-07-06,Sábado,7,2024,1,0,Almuerzo,12,16,184,2678.25,Pollo Broaster,Pollos,Presencial,Sí,Nublado,18.0,0,43.6,6,Demanda crítica
2024-07-06,Sábado,7,2024,1,0,Cena,18,22,145,2318.8,Salchipapa Especial,Salchipapas,Web,Sí,Nublado,18.0,0,66.6,7,Alta demanda
2024-07-06,Sábado,7,2024,1,0,Desayuno,7,11,61,484.8,Gaseosa,Bebidas,Presencial,Sí,Nublado,18.0,0,24.5,2,Baja demanda
2024-07-07,Domingo,7,2024,1,0,Almuerzo,12,16,129,1898.25,Pollo Broaster,Pollos,Delivery,Sí,Lluvioso,18.0,1,60.7,5,Alta demanda
2024-07-07,Domingo,7,2024,1,0,Cena,18,22,134,2129.0,Salchipapa Clásica,Salchipapas,Web,No,Lluvioso,18.0,1,70.4,7,Alta demanda
2024-07-07,Domingo,7,2024,1,0,Desayuno,7,11,76,606.8,Gaseosa,Bebidas,Delivery,Sí,Lluvioso,18.0,1,40.0,5,Baja demanda
2024-07-08,Lunes,7,2024,0,0,Almuerzo,12,16,103,1378.0,Pollo Broaster,Pollos,Web,Sí,Nublado,19.0,0,32.2,7,Demanda moderada
2024-07-08,Lunes,7,2024,0,0,Cena,18,22,123,1423.8,Gaseosa,Bebidas,Delivery,Sí,Nublado,19.0,0,47.8,5,Alta demanda
2024-07-08,Lunes,7,2024,0,0,Desayuno,7,11,38,254.2,Gaseosa,Bebidas,Presencial,Sí,Nublado,19.0,0,22.8,4,Baja demanda
2024-07-09,Martes,7,2024,0,0,Almuerzo,12,16,111,1832.0,Pollo Broaster,Pollos,Presencial,No,Nublado,19.0,0,33.5,6,Demanda moderada
2024-07-09,Martes,7,2024,0,0,Cena,18,22,109,1610.6,Pollo Broaster,Pollos,Delivery,Sí,Nublado,19.0,0,56.4,8,Demanda moderada
2024-07-09,Martes,7,2024,0,0,Desayuno,7,11,64,798.6,Jugo Natural,Bebidas,Presencial,Sí,Nublado,19.0,0,22.5,4,Baja demanda
2024-07-10,Miércoles,7,2024,0,0,Almuerzo,12,16,110,1213.0,Gaseosa,Bebidas,Web,No,Soleado,31.0,0,34.0,4,Demanda moderada
2024-07-10,Miércoles,7,2024,0,0,Cena,18,22,110,1466.0,Gaseosa,Bebidas,Delivery,No,Soleado,31.0,0,52.2,4,Demanda moderada
2024-07-10,Miércoles,7,2024,0,0,Desayuno,7,11,42,412.0,Gaseosa,Bebidas,Presencial,No,Soleado,31.0,0,16.3,4,Baja demanda
2024-07-11,Jueves,7,2024,0,0,Almuerzo,12,16,150,1768.0,Gaseosa,Bebidas,Delivery,No,Lluvioso,19.0,1,48.5,7,Alta demanda
2024-07-11,Jueves,7,2024,0,0,Cena,18,22,124,1112.6,Gaseosa,Bebidas,Presencial,Sí,Lluvioso,19.0,1,71.0,8,Alta demanda
2024-07-11,Jueves,7,2024,0,0,Desayuno,7,11,52,509.0,Gaseosa,Bebidas,Presencial,No,Lluvioso,19.0,1,28.2,2,Baja demanda
2024-07-12,Viernes,7,2024,0,0,Almuerzo,12,16,152,1788.0,Gaseosa,Bebidas,Delivery,No,Lluvioso,19.0,1,52.2,7,Alta demanda
2024-07-12,Viernes,7,2024,0,0,Cena,18,22,139,1603.0,Gaseosa,Bebidas,Delivery,No,Lluvioso,19.0,1,72.0,8,Alta demanda
2024-07-12,Viernes,7,2024,0,0,Desayuno,7,11,56,437.0,Gaseosa,Bebidas,Presencial,No,Lluvioso,19.0,1,32.5,2,Baja demanda
2024-07-13,Sábado,7,2024,1,0,Almuerzo,12,16,153,2615.2,Hamburguesa Clásica,Hamburguesas,Delivery,Sí,Soleado,29.0,0,43.8,5,Alta demanda
2024-07-13,Sábado,7,2024,1,0,Cena,18,22,193,2415.0,Pollo Broaster,Pollos,Delivery,No,Soleado,29.0,0,56.4,7,Demanda crítica
2024-07-13,Sábado,7,2024,1,0,Desayuno,7,11,72,720.0,Gaseosa,Bebidas,Presencial,No,Soleado,29.0,0,26.6,5,Baja demanda
2024-07-14,Domingo,7,2024,1,0,Almuerzo,12,16,222,2577.4,Hamburguesa Clásica,Hamburguesas,Delivery,Sí,Lluvioso,21.0,1,60.0,5,Demanda crítica
2024-07-14,Domingo,7,2024,1,0,Cena,18,22,87,1546.0,Salchipapa Especial,Salchipapas,Delivery,No,Lluvioso,21.0,1,78.0,5,Demanda moderada
2024-07-14,Domingo,7,2024,1,0,Desayuno,7,11,72,675.0,Gaseosa,Bebidas,Presencial,No,Lluvioso,21.0,1,38.2,3,Baja demanda
2024-07-15,Lunes,7,2024,0,0,Almuerzo,12,16,66,998.0,Hamburguesa Clásica,Hamburguesas,Presencial,No,Nublado,23.0,0,35.0,7,Baja demanda
2024-07-15,Lunes,7,2024,0,0,Cena,18,22,88,1264.0,Gaseosa,Bebidas,Presencial,No,Nublado,23.0,0,57.0,5,Demanda moderada
2024-07-15,Lunes,7,2024,0,0,Desayuno,7,11,27,233.0,Salchipapa Clásica,Salchipapas,Presencial,Sí,Nublado,23.0,0,20.0,2,Baja demanda
2024-07-16,Martes,7,2024,0,0,Almuerzo,12,16,126,1430.0,Pollo Broaster,Pollos,Presencial,No,Nublado,23.0,0,33.0,7,Alta demanda
2024-07-16,Martes,7,2024,0,0,Cena,18,22,80,1131.0,Gaseosa,Bebidas,Presencial,No,Nublado,23.0,0,57.8,7,Demanda moderada
2024-07-16,Martes,7,2024,0,0,Desayuno,7,11,45,315.4,Gaseosa,Bebidas,Presencial,Sí,Nublado,23.0,0,17.0,2,Baja demanda
2024-07-17,Miércoles,7,2024,0,0,Almuerzo,12,16,128,1299.0,Gaseosa,Bebidas,Presencial,Sí,Nublado,22.0,0,32.6,5,Alta demanda
2024-07-17,Miércoles,7,2024,0,0,Cena,18,22,135,1735.0,Gaseosa,Bebidas,Delivery,No,Nublado,22.0,0,54.7,5,Alta demanda
2024-07-17,Miércoles,7,2024,0,0,Desayuno,7,11,60,461.0,Gaseosa,Bebidas,Presencial,Sí,Nublado,22.0,0,19.2,4,Baja demanda
2024-07-18,Jueves,7,2024,0,0,Almuerzo,12,16,139,1640.0,Gaseosa,Bebidas,Web,No,Lluvioso,18.0,1,56.5,4,Alta demanda
2024-07-18,Jueves,7,2024,0,0,Cena,18,22,72,862.0,Jugo Natural,Bebidas,Presencial,No,Lluvioso,18.0,1,65.7,7,Baja demanda
2024-07-18,Jueves,7,2024,0,0,Desayuno,7,11,31,371.0,Cheeseburger,Hamburguesas,Delivery,No,Lluvioso,18.0,1,30.0,4,Baja demanda
2024-07-19,Viernes,7,2024,0,0,Almuerzo,12,16,144,2169.0,Pollo Broaster,Pollos,Presencial,No,Nublado,18.0,0,34.6,4,Alta demanda
2024-07-19,Viernes,7,2024,0,0,Cena,18,22,110,1662.0,Pollo Broaster,Pollos,Presencial,No,Nublado,18.0,0,47.5,8,Demanda moderada
2024-07-19,Viernes,7,2024,0,0,Desayuno,7,11,39,307.0,Gaseosa,Bebidas,Presencial,No,Nublado,18.0,0,20.0,3,Baja demanda
2024-07-20,Sábado,7,2024,1,0,Almuerzo,12,16,127,1866.0,Jugo Natural,Bebidas,Delivery,No,Lluvioso,18.0,1,59.8,8,Alta demanda
2024-07-20,Sábado,7,2024,1,0,Cena,18,22,164,2695.8,Pollo Broaster,Pollos,Delivery,Sí,Lluvioso,18.0,1,74.4,8,Alta demanda
2024-07-20,Sábado,7,2024,1,0,Desayuno,7,11,81,648.5,Gaseosa,Bebidas,Delivery,Sí,Lluvioso,18.0,1,42.8,4,Demanda moderada
2024-07-21,Domingo,7,2024,1,0,Almuerzo,12,16,151,2265.3,Pollo Broaster,Pollos,Presencial,Sí,Nublado,24.0,0,40.2,7,Alta demanda
2024-07-21,Domingo,7,2024,1,0,Cena,18,22,151,1444.0,Gaseosa,Bebidas,Delivery,Sí,Nublado,24.0,0,63.4,8,Alta demanda
2024-07-21,Domingo,7,2024,1,0,Desayuno,7,11,60,450.0,Gaseosa,Bebidas,Presencial,No,Nublado,24.0,0,26.0,3,Baja demanda
2024-07-22,Lunes,7,2024,0,0,Almuerzo,12,16,114,1374.0,Pollo Broaster,Pollos,Presencial,No,Nublado,22.0,0,37.8,4,Demanda moderada
2024-07-22,Lunes,7,2024,0,0,Cena,18,22,88,964.8,Gaseosa,Bebidas,Delivery,Sí,Nublado,22.0,0,51.5,5,Demanda moderada
2024-07-22,Lunes,7,2024,0,0,Desayuno,7,11,44,340.3,Gaseosa,Bebidas,Presencial,Sí,Nublado,22.0,0,23.2,3,Baja demanda
2024-07-23,Martes,7,2024,0,0,Almuerzo,12,16,149,2098.5,Gaseosa,Bebidas,Delivery,Sí,Nublado,24.0,0,36.7,4,Alta demanda
2024-07-23,Martes,7,2024,0,0,Cena,18,22,113,1875.0,Jugo Natural,Bebidas,Presencial,Sí,Nublado,24.0,0,50.2,4,Demanda moderada
2024-07-23,Martes,7,2024,0,0,Desayuno,7,11,39,513.0,Hamburguesa Clásica,Hamburguesas,Presencial,No,Nublado,24.0,0,17.8,3,Baja demanda
2024-07-24,Miércoles,7,2024,0,0,Almuerzo,12,16,92,1734.0,Salchipapa Especial,Salchipapas,Web,No,Lluvioso,22.0,1,52.2,4,Demanda moderada
2024-07-24,Miércoles,7,2024,0,0,Cena,18,22,116,1527.0,Gaseosa,Bebidas,Delivery,No,Lluvioso,22.0,1,70.0,5,Demanda moderada
2024-07-24,Miércoles,7,2024,0,0,Desayuno,7,11,54,498.2,Gaseosa,Bebidas,Delivery,Sí,Lluvioso,22.0,1,31.8,2,Baja demanda
2024-07-25,Jueves,7,2024,0,0,Almuerzo,12,16,157,2182.0,Pollo Broaster,Pollos,Presencial,No,Nublado,23.0,0,34.2,5,Alta demanda
2024-07-25,Jueves,7,2024,0,0,Cena,18,22,80,759.0,Gaseosa,Bebidas,Delivery,No,Nublado,23.0,0,54.5,7,Demanda moderada
2024-07-25,Jueves,7,2024,0,0,Desayuno,7,11,52,611.0,Jugo Natural,Bebidas,Presencial,Sí,Nublado,23.0,0,18.4,4,Baja demanda
2024-07-26,Viernes,7,2024,0,0,Almuerzo,12,16,91,999.0,Salchipapa Clásica,Salchipapas,Web,No,Nublado,19.0,0,32.3,4,Demanda moderada
2024-07-26,Viernes,7,2024,0,0,Cena,18,22,170,2414.5,Pollo Broaster,Pollos,Presencial,Sí,Nublado,19.0,0,56.0,5,Alta demanda
2024-07-26,Viernes,7,2024,0,0,Desayuno,7,11,50,421.0,Gaseosa,Bebidas,Presencial,No,Nublado,19.0,0,16.0,2,Baja demanda
2024-07-27,Sábado,7,2024,1,0,Almuerzo,12,16,248,2758.8,Gaseosa,Bebidas,Delivery,Sí,Nublado,22.0,0,45.7,5,Demanda crítica
2024-07-27,Sábado,7,2024,1,0,Cena,18,22,87,786.0,Gaseosa,Bebidas,Delivery,No,Nublado,22.0,0,67.3,7,Demanda moderada
2024-07-27,Sábado,7,2024,1,0,Desayuno,7,11,82,725.0,Gaseosa,Bebidas,Presencial,Sí,Nublado,22.0,0,24.8,4,Demanda moderada
2024-07-28,Domingo,7,2024,1,1,Almuerzo,12,16,192,2462.0,Gaseosa,Bebidas,Presencial,No,Nublado,20.0,0,42.2,7,Demanda crítica
2024-07-28,Domingo,7,2024,1,1,Cena,18,22,123,2311.0,Alitas BBQ,Pollos,Delivery,No,Nublado,20.0,0,58.2,6,Alta demanda
2024-07-28,Domingo,7,2024,1,1,Desayuno,7,11,86,831.6,Hamburguesa Clásica,Hamburguesas,Presencial,Sí,Nublado,20.0,0,27.6,4,Demanda moderada
2024-07-29,Lunes,7,2024,0,1,Almuerzo,12,16,158,1726.0,Gaseosa,Bebidas,Presencial,Sí,Nublado,23.0,0,39.8,4,Alta demanda
2024-07-29,Lunes,7,2024,0,1,Cena,18,22,83,1020.0,Gaseosa,Bebidas,Presencial,No,Nublado,23.0,0,58.7,9,Demanda moderada
2024-07-29,Lunes,7,2024,0,1,Desayuno,7,11,61,487.0,Gaseosa,Bebidas,Presencial,No,Nublado,23.0,0,18.2,4,Baja demanda
2024-07-30,Martes,7,2024,0,0,Almuerzo,12,16,148,1544.0,Gaseosa,Bebidas,Presencial,Sí,Nublado,23.0,0,37.4,5,Alta demanda
2024-07-30,Martes,7,2024,0,0,Cena,18,22,53,644.6,Salchipapa Clásica,Salchipapas,Presencial,Sí,Nublado,23.0,0,56.7,7,Baja demanda
2024-07-30,Martes,7,2024,0,0,Desayuno,7,11,48,514.0,Gaseosa,Bebidas,Presencial,No,Nublado,23.0,0,20.6,2,Baja demanda
2024-07-31,Miércoles,7,2024,0,0,Almuerzo,12,16,86,1310.0,Pollo Broaster,Pollos,Presencial,No,Nublado,18.0,0,39.5,6,Demanda moderada
2024-07-31,Miércoles,7,2024,0,0,Cena,18,22,121,1497.75,Gaseosa,Bebidas,Presencial,Sí,Nublado,18.0,0,47.6,6,Alta demanda
2024-07-31,Miércoles,7,2024,0,0,Desayuno,7,11,63,558.8,Pollo Broaster,Pollos,Presencial,Sí,Nublado,18.0,0,21.0,2,Baja demanda
2024-08-01,Jueves,8,2024,0,0,Almuerzo,12,16,118,1197.1,Gaseosa,Bebidas,Presencial,Sí,Soleado,29.0,0,37.5,6,Demanda moderada
2024-08-01,Jueves,8,2024,0,0,Cena,18,22,111,1881.0,Pollo Broaster,Pollos,Web,No,Soleado,29.0,0,55.4,4,Demanda moderada
2024-08-01,Jueves,8,2024,0,0,Desayuno,7,11,46,453.0,Gaseosa,Bebidas,Presencial,No,Soleado,29.0,0,19.0,2,Baja demanda
2024-08-02,Viernes,8,2024,0,0,Almuerzo,12,16,149,1842.6,Salchipapa Especial,Salchipapas,Delivery,Sí,Lluvioso,20.0,1,52.6,7,Alta demanda
2024-08-02,Viernes,8,2024,0,0,Cena,18,22,110,1380.0,Salchipapa Clásica,Salchipapas,Presencial,No,Lluvioso,20.0,1,71.8,6,Demanda moderada
2024-08-02,Viernes,8,2024,0,0,Desayuno,7,11,59,479.0,Gaseosa,Bebidas,Delivery,No,Lluvioso,20.0,1,26.4,3,Baja demanda
2024-08-03,Sábado,8,2024,1,0,Almuerzo,12,16,127,2046.0,Hamburguesa Clásica,Hamburguesas,Web,No,Nublado,22.0,0,45.4,4,Alta demanda
2024-08-03,Sábado,8,2024,1,0,Cena,18,22,111,1606.85,Hamburguesa Clásica,Hamburguesas,Web,Sí,Nublado,22.0,0,61.0,4,Demanda moderada
2024-08-03,Sábado,8,2024,1,0,Desayuno,7,11,99,1124.6,Gaseosa,Bebidas,Presencial,Sí,Nublado,22.0,0,29.5,4,Demanda moderada
2024-08-04,Domingo,8,2024,1,0,Almuerzo,12,16,241,2500.6,Gaseosa,Bebidas,Presencial,Sí,Lluvioso,20.0,1,56.4,7,Demanda crítica
2024-08-04,Domingo,8,2024,1,0,Cena,18,22,142,2179.3,Pollo Broaster,Pollos,Delivery,Sí,Lluvioso,20.0,1,78.8,7,Alta demanda
2024-08-04,Domingo,8,2024,1,0,Desayuno,7,11,64,633.0,Gaseosa,Bebidas,Delivery,No,Lluvioso,20.0,1,37.8,3,Baja demanda
2024-08-05,Lunes,8,2024,0,0,Almuerzo,12,16,123,1454.0,Gaseosa,Bebidas,Delivery,No,Nublado,22.0,0,36.2,5,Alta demanda
2024-08-05,Lunes,8,2024,0,0,Cena,18,22,75,811.0,Gaseosa,Bebidas,Presencial,No,Nublado,22.0,0,52.2,4,Baja demanda
2024-08-05,Lunes,8,2024,0,0,Desayuno,7,11,32,204.0,Gaseosa,Bebidas,Presencial,No,Nublado,22.0,0,15.0,4,Baja demanda
2024-08-06,Martes,8,2024,0,0,Almuerzo,12,16,121,1299.0,Gaseosa,Bebidas,Delivery,No,Nublado,23.0,0,34.6,6,Alta demanda
2024-08-06,Martes,8,2024,0,0,Cena,18,22,82,1355.4,Pollo Broaster,Pollos,Delivery,Sí,Nublado,23.0,0,63.2,6,Demanda moderada
2024-08-06,Martes,8,2024,0,0,Desayuno,7,11,42,316.4,Gaseosa,Bebidas,Presencial,Sí,Nublado,23.0,0,16.2,2,Baja demanda
2024-08-07,Miércoles,8,2024,0,0,Almuerzo,12,16,128,1837.0,Pollo Broaster,Pollos,Presencial,No,Nublado,24.0,0,34.4,6,Alta demanda
2024-08-07,Miércoles,8,2024,0,0,Cena,18,22,50,646.0,Hamburguesa Clásica,Hamburguesas,Delivery,No,Nublado,24.0,0,53.7,7,Baja demanda
2024-08-07,Miércoles,8,2024,0,0,Desayuno,7,11,42,317.0,Gaseosa,Bebidas,Presencial,No,Nublado,24.0,0,15.8,4,Baja demanda
2024-08-08,Jueves,8,2024,0,0,Almuerzo,12,16,128,2367.0,Salchipapa Especial,Salchipapas,Presencial,No,Nublado,19.0,0,40.2,4,Alta demanda
2024-08-08,Jueves,8,2024,0,0,Cena,18,22,142,1831.0,Gaseosa,Bebidas,Presencial,No,Nublado,19.0,0,46.8,7,Alta demanda
2024-08-08,Jueves,8,2024,0,0,Desayuno,7,11,43,583.5,Hamburguesa Clásica,Hamburguesas,Presencial,Sí,Nublado,19.0,0,18.5,4,Baja demanda
2024-08-09,Viernes,8,2024,0,0,Almuerzo,12,16,164,2246.0,Pollo Broaster,Pollos,Delivery,No,Nublado,24.0,0,39.6,7,Alta demanda
2024-08-09,Viernes,8,2024,0,0,Cena,18,22,175,2422.6,Pollo Broaster,Pollos,Presencial,Sí,Nublado,24.0,0,59.8,8,Alta demanda
2024-08-09,Viernes,8,2024,0,0,Desayuno,7,11,50,552.0,Gaseosa,Bebidas,Presencial,No,Nublado,24.0,0,19.2,3,Baja demanda
2024-08-10,Sábado,8,2024,1,0,Almuerzo,12,16,151,2385.0,Pollo Broaster,Pollos,Web,Sí,Nublado,19.0,0,43.0,5,Alta demanda
2024-08-10,Sábado,8,2024,1,0,Cena,18,22,118,2045.9,Salchipapa Especial,Salchipapas,Delivery,Sí,Nublado,19.0,0,62.8,8,Demanda moderada
2024-08-10,Sábado,8,2024,1,0,Desayuno,7,11,63,564.0,Gaseosa,Bebidas,Presencial,Sí,Nublado,19.0,0,26.5,3,Baja demanda
2024-08-11,Domingo,8,2024,1,0,Almuerzo,12,16,167,1930.0,Gaseosa,Bebidas,Presencial,Sí,Nublado,21.0,0,38.0,7,Alta demanda
2024-08-11,Domingo,8,2024,1,0,Cena,18,22,139,1843.0,Gaseosa,Bebidas,Delivery,No,Nublado,21.0,0,56.6,6,Alta demanda
2024-08-11,Domingo,8,2024,1,0,Desayuno,7,11,68,764.0,Salchipapa Clásica,Salchipapas,Presencial,No,Nublado,21.0,0,24.2,3,Baja demanda
2024-08-12,Lunes,8,2024,0,0,Almuerzo,12,16,128,1742.65,Hamburguesa Clásica,Hamburguesas,Delivery,Sí,Soleado,29.0,0,33.7,6,Alta demanda
2024-08-12,Lunes,8,2024,0,0,Cena,18,22,86,1041.0,Gaseosa,Bebidas,Delivery,Sí,Soleado,29.0,0,53.8,4,Demanda moderada
2024-08-12,Lunes,8,2024,0,0,Desayuno,7,11,43,336.0,Gaseosa,Bebidas,Presencial,No,Soleado,29.0,0,15.0,4,Baja demanda
2024-08-13,Martes,8,2024,0,0,Almuerzo,12,16,121,1557.0,Pollo Broaster,Pollos,Delivery,No,Nublado,21.0,0,38.0,7,Alta demanda
2024-08-13,Martes,8,2024,0,0,Cena,18,22,86,906.0,Gaseosa,Bebidas,Web,No,Nublado,21.0,0,53.8,8,Demanda moderada
2024-08-13,Martes,8,2024,0,0,Desayuno,7,11,42,462.0,Gaseosa,Bebidas,Presencial,No,Nublado,21.0,0,22.0,4,Baja demanda
2024-08-14,Miércoles,8,2024,0,0,Almuerzo,12,16,105,1397.0,Salchipapa Especial,Salchipapas,Delivery,No,Lluvioso,21.0,1,48.0,7,Demanda moderada
2024-08-14,Miércoles,8,2024,0,0,Cena,18,22,71,1359.0,Pollo Broaster,Pollos,Delivery,No,Lluvioso,21.0,1,65.5,7,Baja demanda
2024-08-14,Miércoles,8,2024,0,0,Desayuno,7,11,65,549.6,Gaseosa,Bebidas,Presencial,Sí,Lluvioso,21.0,1,34.0,2,Baja demanda
2024-08-15,Jueves,8,2024,0,0,Almuerzo,12,16,111,1598.0,Hamburguesa Clásica,Hamburguesas,Web,No,Lluvioso,17.0,1,51.0,4,Demanda moderada
2024-08-15,Jueves,8,2024,0,0,Cena,18,22,116,1941.0,Salchipapa Especial,Salchipapas,Delivery,No,Lluvioso,17.0,1,62.6,8,Demanda moderada
2024-08-15,Jueves,8,2024,0,0,Desayuno,7,11,46,279.0,Gaseosa,Bebidas,Presencial,No,Lluvioso,17.0,1,31.3,2,Baja demanda
2024-08-16,Viernes,8,2024,0,0,Almuerzo,12,16,76,1120.0,Alitas BBQ,Pollos,Delivery,Sí,Nublado,21.0,0,36.0,6,Baja demanda
2024-08-16,Viernes,8,2024,0,0,Cena,18,22,178,2659.2,Pollo Broaster,Pollos,Delivery,Sí,Nublado,21.0,0,50.2,7,Alta demanda
2024-08-16,Viernes,8,2024,0,0,Desayuno,7,11,57,448.0,Gaseosa,Bebidas,Presencial,No,Nublado,21.0,0,16.2,3,Baja demanda
2024-08-17,Sábado,8,2024,1,0,Almuerzo,12,16,184,2260.0,Gaseosa,Bebidas,Presencial,Sí,Nublado,21.0,0,40.2,5,Demanda crítica
2024-08-17,Sábado,8,2024,1,0,Cena,18,22,149,1924.0,Salchipapa Especial,Salchipapas,Delivery,Sí,Nublado,21.0,0,58.0,8,Alta demanda
2024-08-17,Sábado,8,2024,1,0,Desayuno,7,11,74,636.6,Gaseosa,Bebidas,Presencial,Sí,Nublado,21.0,0,24.0,5,Baja demanda
2024-08-18,Domingo,8,2024,1,0,Almuerzo,12,16,63,1060.5,Salchipapa Especial,Salchipapas,Web,Sí,Nublado,24.0,0,48.0,7,Baja demanda
2024-08-18,Domingo,8,2024,1,0,Cena,18,22,84,1670.0,Alitas BBQ,Pollos,Delivery,No,Nublado,24.0,0,60.0,4,Demanda moderada
2024-08-18,Domingo,8,2024,1,0,Desayuno,7,11,68,636.8,Gaseosa,Bebidas,Presencial,Sí,Nublado,24.0,0,28.0,5,Baja demanda
2024-08-19,Lunes,8,2024,0,0,Almuerzo,12,16,125,1430.0,Gaseosa,Bebidas,Delivery,No,Lluvioso,21.0,1,53.5,7,Alta demanda
2024-08-19,Lunes,8,2024,0,0,Cena,18,22,67,703.0,Salchipapa Especial,Salchipapas,Web,No,Lluvioso,21.0,1,71.0,5,Baja demanda
2024-08-19,Lunes,8,2024,0,0,Desayuno,7,11,57,620.0,Pollo Broaster,Pollos,Presencial,No,Lluvioso,21.0,1,34.8,4,Baja demanda
2024-08-20,Martes,8,2024,0,0,Almuerzo,12,16,100,1749.0,Pollo Broaster,Pollos,Delivery,No,Lluvioso,19.0,1,42.3,5,Demanda moderada
2024-08-20,Martes,8,2024,0,0,Cena,18,22,75,1370.0,Hamburguesa BBQ,Hamburguesas,Delivery,No,Lluvioso,19.0,1,70.2,7,Baja demanda
2024-08-20,Martes,8,2024,0,0,Desayuno,7,11,48,411.0,Gaseosa,Bebidas,Presencial,No,Lluvioso,19.0,1,31.0,3,Baja demanda
2024-08-21,Miércoles,8,2024,0,0,Almuerzo,12,16,135,1708.0,Pollo Broaster,Pollos,Presencial,Sí,Nublado,20.0,0,33.8,4,Alta demanda
2024-08-21,Miércoles,8,2024,0,0,Cena,18,22,74,1354.0,Pollo Broaster,Pollos,Delivery,No,Nublado,20.0,0,54.0,5,Baja demanda
2024-08-21,Miércoles,8,2024,0,0,Desayuno,7,11,61,603.0,Gaseosa,Bebidas,Presencial,No,Nublado,20.0,0,16.3,3,Baja demanda
2024-08-22,Jueves,8,2024,0,0,Almuerzo,12,16,156,1485.0,Gaseosa,Bebidas,Delivery,Sí,Soleado,26.0,0,36.0,7,Alta demanda
2024-08-22,Jueves,8,2024,0,0,Cena,18,22,102,1277.0,Pollo Broaster,Pollos,Delivery,Sí,Soleado,26.0,0,59.0,4,Demanda moderada
2024-08-22,Jueves,8,2024,0,0,Desayuno,7,11,36,382.0,Jugo Natural,Bebidas,Presencial,No,Soleado,26.0,0,17.2,3,Baja demanda
2024-08-23,Viernes,8,2024,0,0,Almuerzo,12,16,94,938.0,Gaseosa,Bebidas,Delivery,No,Nublado,20.0,0,32.0,5,Demanda moderada
2024-08-23,Viernes,8,2024,0,0,Cena,18,22,91,1743.2,Alitas BBQ,Pollos,Delivery,Sí,Nublado,20.0,0,52.8,5,Demanda moderada
2024-08-23,Viernes,8,2024,0,0,Desayuno,7,11,60,658.0,Gaseosa,Bebidas,Delivery,No,Nublado,20.0,0,17.8,4,Baja demanda
2024-08-24,Sábado,8,2024,1,0,Almuerzo,12,16,189,2164.8,Gaseosa,Bebidas,Presencial,Sí,Soleado,23.0,0,46.5,5,Demanda crítica
2024-08-24,Sábado,8,2024,1,0,Cena,18,22,155,2191.0,Gaseosa,Bebidas,Delivery,No,Soleado,23.0,0,62.7,9,Alta demanda
2024-08-24,Sábado,8,2024,1,0,Desayuno,7,11,93,895.0,Gaseosa,Bebidas,Presencial,No,Soleado,23.0,0,26.0,3,Demanda moderada
2024-08-25,Domingo,8,2024,1,0,Almuerzo,12,16,104,1200.0,Pollo Broaster,Pollos,Presencial,No,Nublado,18.0,0,45.3,4,Demanda moderada
2024-08-25,Domingo,8,2024,1,0,Cena,18,22,117,1868.0,Pizza Personal,Pizzas,Web,No,Nublado,18.0,0,64.2,7,Demanda moderada
2024-08-25,Domingo,8,2024,1,0,Desayuno,7,11,73,776.0,Gaseosa,Bebidas,Presencial,Sí,Nublado,18.0,0,28.2,5,Baja demanda
2024-08-26,Lunes,8,2024,0,0,Almuerzo,12,16,84,1638.0,Pollo Broaster,Pollos,Delivery,No,Nublado,24.0,0,33.2,6,Demanda moderada
2024-08-26,Lunes,8,2024,0,0,Cena,18,22,125,1673.0,Pollo Broaster,Pollos,Delivery,Sí,Nublado,24.0,0,50.2,6,Alta demanda
2024-08-26,Lunes,8,2024,0,0,Desayuno,7,11,39,310.8,Hamburguesa Clásica,Hamburguesas,Presencial,Sí,Nublado,24.0,0,20.8,3,Baja demanda
2024-08-27,Martes,8,2024,0,0,Almuerzo,12,16,137,1935.0,Pollo Broaster,Pollos,Delivery,No,Nublado,22.0,0,33.7,5,Alta demanda
2024-08-27,Martes,8,2024,0,0,Cena,18,22,73,1327.0,Pollo Broaster,Pollos,Delivery,No,Nublado,22.0,0,56.5,7,Baja demanda
2024-08-27,Martes,8,2024,0,0,Desayuno,7,11,55,609.0,Gaseosa,Bebidas,Presencial,No,Nublado,22.0,0,20.4,4,Baja demanda
2024-08-28,Miércoles,8,2024,0,0,Almuerzo,12,16,175,2065.0,Gaseosa,Bebidas,Presencial,No,Nublado,19.0,0,34.8,4,Alta demanda
2024-08-28,Miércoles,8,2024,0,0,Cena,18,22,106,1143.8,Pollo Broaster,Pollos,Delivery,Sí,Nublado,19.0,0,59.2,8,Demanda moderada
2024-08-28,Miércoles,8,2024,0,0,Desayuno,7,11,40,402.0,Hamburguesa Clásica,Hamburguesas,Presencial,No,Nublado,19.0,0,21.0,2,Baja demanda
2024-08-29,Jueves,8,2024,0,0,Almuerzo,12,16,165,1977.0,Gaseosa,Bebidas,Delivery,No,Lluvioso,17.0,1,48.8,4,Alta demanda
2024-08-29,Jueves,8,2024,0,0,Cena,18,22,134,2006.0,Pollo Broaster,Pollos,Delivery,Sí,Lluvioso,17.0,1,68.0,8,Alta demanda
2024-08-29,Jueves,8,2024,0,0,Desayuno,7,11,43,327.0,Gaseosa,Bebidas,Delivery,No,Lluvioso,17.0,1,34.8,2,Baja demanda
2024-08-30,Viernes,8,2024,0,0,Almuerzo,12,16,146,1864.2,Hamburguesa Clásica,Hamburguesas,Presencial,Sí,Soleado,26.0,0,39.4,6,Alta demanda
2024-08-30,Viernes,8,2024,0,0,Cena,18,22,131,2217.5,Salchipapa Clásica,Salchipapas,Delivery,Sí,Soleado,26.0,0,52.0,5,Alta demanda
2024-08-30,Viernes,8,2024,0,0,Desayuno,7,11,80,906.5,Gaseosa,Bebidas,Presencial,Sí,Soleado,26.0,0,16.7,2,Demanda moderada
2024-08-31,Sábado,8,2024,1,0,Almuerzo,12,16,144,1624.0,Jugo Natural,Bebidas,Delivery,No,Nublado,18.0,0,38.0,5,Alta demanda
2024-08-31,Sábado,8,2024,1,0,Cena,18,22,145,1624.0,Gaseosa,Bebidas,Delivery,No,Nublado,18.0,0,61.4,6,Alta demanda
2024-08-31,Sábado,8,2024,1,0,Desayuno,7,11,47,531.0,Hamburguesa Clásica,Hamburguesas,Presencial,No,Nublado,18.0,0,22.2,2,Baja demanda
2024-09-01,Domingo,9,2024,1,0,Almuerzo,12,16,134,1151.5,Gaseosa,Bebidas,Presencial,Sí,Nublado,22.0,0,43.5,7,Alta demanda
2024-09-01,Domingo,9,2024,1,0,Cena,18,22,166,2347.0,Hamburguesa Clásica,Hamburguesas,Delivery,Sí,Nublado,22.0,0,63.8,7,Alta demanda
2024-09-01,Domingo,9,2024,1,0,Desayuno,7,11,73,655.8,Gaseosa,Bebidas,Presencial,Sí,Nublado,22.0,0,29.8,2,Baja demanda
2024-09-02,Lunes,9,2024,0,0,Almuerzo,12,16,117,1733.0,Pollo Broaster,Pollos,Delivery,No,Lluvioso,20.0,1,50.0,7,Demanda moderada
2024-09-02,Lunes,9,2024,0,0,Cena,18,22,91,1416.0,Pollo Broaster,Pollos,Delivery,No,Lluvioso,20.0,1,63.0,6,Demanda moderada
2024-09-02,Lunes,9,2024,0,0,Desayuno,7,11,42,370.0,Gaseosa,Bebidas,Delivery,No,Lluvioso,20.0,1,32.0,2,Baja demanda
2024-09-03,Martes,9,2024,0,0,Almuerzo,12,16,119,1342.0,Salchipapa Especial,Salchipapas,Presencial,No,Nublado,21.0,0,40.2,5,Demanda moderada
2024-09-03,Martes,9,2024,0,0,Cena,18,22,98,941.0,Gaseosa,Bebidas,Delivery,Sí,Nublado,21.0,0,52.5,6,Demanda moderada
2024-09-03,Martes,9,2024,0,0,Desayuno,7,11,39,295.0,Gaseosa,Bebidas,Presencial,No,Nublado,21.0,0,21.8,2,Baja demanda
2024-09-04,Miércoles,9,2024,0,0,Almuerzo,12,16,73,1310.0,Salchipapa Especial,Salchipapas,Presencial,No,Lluvioso,21.0,1,48.8,7,Baja demanda
2024-09-04,Miércoles,9,2024,0,0,Cena,18,22,124,1419.0,Gaseosa,Bebidas,Delivery,Sí,Lluvioso,21.0,1,62.6,4,Alta demanda
2024-09-04,Miércoles,9,2024,0,0,Desayuno,7,11,56,588.6,Pollo Broaster,Pollos,Presencial,Sí,Lluvioso,21.0,1,36.2,2,Baja demanda
2024-09-05,Jueves,9,2024,0,0,Almuerzo,12,16,153,1538.0,Gaseosa,Bebidas,Delivery,No,Nublado,22.0,0,32.6,6,Alta demanda
2024-09-05,Jueves,9,2024,0,0,Cena,18,22,103,1697.4,Hamburguesa Clásica,Hamburguesas,Delivery,Sí,Nublado,22.0,0,57.4,8,Demanda moderada
2024-09-05,Jueves,9,2024,0,0,Desayuno,7,11,61,768.75,Salchipapa Especial,Salchipapas,Presencial,Sí,Nublado,22.0,0,17.7,4,Baja demanda
2024-09-06,Viernes,9,2024,0,0,Almuerzo,12,16,172,1776.9,Gaseosa,Bebidas,Delivery,Sí,Lluvioso,21.0,1,55.4,7,Alta demanda
2024-09-06,Viernes,9,2024,0,0,Cena,18,22,97,1563.0,Salchipapa Especial,Salchipapas,Delivery,No,Lluvioso,21.0,1,71.0,6,Demanda moderada
2024-09-06,Viernes,9,2024,0,0,Desayuno,7,11,40,387.0,Jugo Natural,Bebidas,Presencial,No,Lluvioso,21.0,1,36.5,2,Baja demanda
2024-09-07,Sábado,9,2024,1,0,Almuerzo,12,16,185,2341.0,Gaseosa,Bebidas,Delivery,Sí,Nublado,19.0,0,45.7,8,Demanda crítica
2024-09-07,Sábado,9,2024,1,0,Cena,18,22,84,1492.0,Hamburguesa Clásica,Hamburguesas,Delivery,Sí,Nublado,19.0,0,62.0,5,Demanda moderada
2024-09-07,Sábado,9,2024,1,0,Desayuno,7,11,54,594.0,Hamburguesa Clásica,Hamburguesas,Presencial,No,Nublado,19.0,0,26.0,4,Baja demanda
2024-09-08,Domingo,9,2024,1,0,Almuerzo,12,16,151,1402.75,Hamburguesa BBQ,Hamburguesas,Delivery,Sí,Lluvioso,19.0,1,59.4,6,Alta demanda
2024-09-08,Domingo,9,2024,1,0,Cena,18,22,152,1540.2,Gaseosa,Bebidas,Delivery,Sí,Lluvioso,19.0,1,80.4,7,Alta demanda
2024-09-08,Domingo,9,2024,1,0,Desayuno,7,11,49,559.0,Hamburguesa Clásica,Hamburguesas,Presencial,Sí,Lluvioso,19.0,1,41.2,2,Baja demanda
2024-09-09,Lunes,9,2024,0,0,Almuerzo,12,16,133,1661.0,Pollo Broaster,Pollos,Web,Sí,Lluvioso,20.0,1,52.8,4,Alta demanda
2024-09-09,Lunes,9,2024,0,0,Cena,18,22,54,811.5,Pollo Broaster,Pollos,Delivery,Sí,Lluvioso,20.0,1,74.8,5,Baja demanda
2024-09-09,Lunes,9,2024,0,0,Desayuno,7,11,42,476.0,Gaseosa,Bebidas,Presencial,Sí,Lluvioso,20.0,1,32.0,2,Baja demanda
2024-09-10,Martes,9,2024,0,0,Almuerzo,12,16,114,1469.0,Gaseosa,Bebidas,Presencial,No,Lluvioso,22.0,1,47.5,6,Demanda moderada
2024-09-10,Martes,9,2024,0,0,Cena,18,22,79,1415.0,Pollo Broaster,Pollos,Delivery,Sí,Lluvioso,22.0,1,69.8,7,Baja demanda
2024-09-10,Martes,9,2024,0,0,Desayuno,7,11,49,516.0,Gaseosa,Bebidas,Presencial,No,Lluvioso,22.0,1,30.2,4,Baja demanda
2024-09-11,Miércoles,9,2024,0,0,Almuerzo,12,16,128,1903.0,Pollo Broaster,Pollos,Delivery,No,Lluvioso,22.0,1,50.6,7,Alta demanda
2024-09-11,Miércoles,9,2024,0,0,Cena,18,22,91,1125.1,Pollo Broaster,Pollos,Delivery,Sí,Lluvioso,22.0,1,76.2,7,Demanda moderada
2024-09-11,Miércoles,9,2024,0,0,Desayuno,7,11,52,524.5,Salchipapa Especial,Salchipapas,Delivery,Sí,Lluvioso,22.0,1,36.2,3,Baja demanda
2024-09-12,Jueves,9,2024,0,0,Almuerzo,12,16,99,1444.0,Pollo Broaster,Pollos,Presencial,No,Nublado,22.0,0,34.2,6,Demanda moderada
2024-09-12,Jueves,9,2024,0,0,Cena,18,22,115,1532.2,Hamburguesa Clásica,Hamburguesas,Delivery,Sí,Nublado,22.0,0,57.2,7,Demanda moderada
2024-09-12,Jueves,9,2024,0,0,Desayuno,7,11,60,616.0,Gaseosa,Bebidas,Presencial,No,Nublado,22.0,0,15.0,4,Baja demanda
2024-09-13,Viernes,9,2024,0,0,Almuerzo,12,16,140,2404.0,Hamburguesa Clásica,Hamburguesas,Presencial,No,Nublado,21.0,0,32.8,5,Alta demanda
2024-09-13,Viernes,9,2024,0,0,Cena,18,22,138,2494.0,Salchipapa Especial,Salchipapas,Delivery,No,Nublado,21.0,0,50.2,4,Alta demanda
2024-09-13,Viernes,9,2024,0,0,Desayuno,7,11,68,585.0,Gaseosa,Bebidas,Presencial,No,Nublado,21.0,0,18.0,3,Baja demanda
2024-09-14,Sábado,9,2024,1,0,Almuerzo,12,16,169,2349.0,Salchipapa Especial,Salchipapas,Presencial,No,Nublado,18.0,0,45.2,4,Alta demanda
2024-09-14,Sábado,9,2024,1,0,Cena,18,22,159,2164.0,Salchipapa Especial,Salchipapas,Presencial,Sí,Nublado,18.0,0,56.8,5,Alta demanda
2024-09-14,Sábado,9,2024,1,0,Desayuno,7,11,71,554.0,Hamburguesa Clásica,Hamburguesas,Presencial,Sí,Nublado,18.0,0,26.0,3,Baja demanda
2024-09-15,Domingo,9,2024,1,0,Almuerzo,12,16,93,1228.0,Pollo Broaster,Pollos,Delivery,Sí,Soleado,26.0,0,39.7,5,Demanda moderada
2024-09-15,Domingo,9,2024,1,0,Cena,18,22,156,1984.0,Pollo Broaster,Pollos,Presencial,No,Soleado,26.0,0,62.8,5,Alta demanda
2024-09-15,Domingo,9,2024,1,0,Desayuno,7,11,64,708.0,Jugo Natural,Bebidas,Presencial,No,Soleado,26.0,0,24.8,5,Baja demanda
2024-09-16,Lunes,9,2024,0,0,Almuerzo,12,16,130,1763.0,Gaseosa,Bebidas,Delivery,Sí,Lluvioso,21.0,1,50.3,4,Alta demanda
2024-09-16,Lunes,9,2024,0,0,Cena,18,22,87,1125.0,Gaseosa,Bebidas,Delivery,Sí,Lluvioso,21.0,1,64.6,4,Demanda moderada
2024-09-16,Lunes,9,2024,0,0,Desayuno,7,11,31,381.0,Sándwich de Pollo,Sándwiches,Delivery,No,Lluvioso,21.0,1,29.7,2,Baja demanda
2024-09-17,Martes,9,2024,0,0,Almuerzo,12,16,110,1178.0,Gaseosa,Bebidas,Presencial,No,Nublado,21.0,0,36.5,7,Demanda moderada
2024-09-17,Martes,9,2024,0,0,Cena,18,22,77,1314.0,Pollo Broaster,Pollos,Presencial,No,Nublado,21.0,0,53.5,5,Baja demanda
2024-09-17,Martes,9,2024,0,0,Desayuno,7,11,34,356.0,Hamburguesa Clásica,Hamburguesas,Presencial,No,Nublado,21.0,0,18.5,4,Baja demanda
2024-09-18,Miércoles,9,2024,0,0,Almuerzo,12,16,90,1421.0,Pollo Broaster,Pollos,Presencial,No,Lluvioso,20.0,1,50.8,7,Demanda moderada
2024-09-18,Miércoles,9,2024,0,0,Cena,18,22,106,1190.0,Gaseosa,Bebidas,Delivery,No,Lluvioso,20.0,1,66.5,5,Demanda moderada
2024-09-18,Miércoles,9,2024,0,0,Desayuno,7,11,58,501.4,Gaseosa,Bebidas,Delivery,Sí,Lluvioso,20.0,1,34.2,4,Baja demanda
2024-09-19,Jueves,9,2024,0,0,Almuerzo,12,16,145,2538.0,Pollo Broaster,Pollos,Presencial,No,Nublado,20.0,0,33.7,7,Alta demanda
2024-09-19,Jueves,9,2024,0,0,Cena,18,22,66,1095.0,Alitas BBQ,Pollos,Delivery,No,Nublado,20.0,0,50.7,6,Baja demanda
2024-09-19,Jueves,9,2024,0,0,Desayuno,7,11,34,284.0,Gaseosa,Bebidas,Presencial,No,Nublado,20.0,0,20.0,2,Baja demanda
2024-09-20,Viernes,9,2024,0,0,Almuerzo,12,16,106,1521.25,Pollo Broaster,Pollos,Delivery,Sí,Nublado,20.0,0,37.7,6,Demanda moderada
2024-09-20,Viernes,9,2024,0,0,Cena,18,22,55,1020.8,Hamburguesa BBQ,Hamburguesas,Delivery,Sí,Nublado,20.0,0,56.7,8,Baja demanda
2024-09-20,Viernes,9,2024,0,0,Desayuno,7,11,63,741.0,Pollo Broaster,Pollos,Presencial,No,Nublado,20.0,0,15.6,3,Baja demanda
2024-09-21,Sábado,9,2024,1,0,Almuerzo,12,16,137,1721.0,Salchipapa Especial,Salchipapas,Presencial,Sí,Nublado,24.0,0,45.6,5,Alta demanda
2024-09-21,Sábado,9,2024,1,0,Cena,18,22,140,1436.0,Gaseosa,Bebidas,Web,Sí,Nublado,24.0,0,56.2,6,Alta demanda
2024-09-21,Sábado,9,2024,1,0,Desayuno,7,11,59,440.0,Gaseosa,Bebidas,Presencial,Sí,Nublado,24.0,0,29.0,3,Baja demanda
2024-09-22,Domingo,9,2024,1,0,Almuerzo,12,16,154,2114.2,Pollo Broaster,Pollos,Presencial,Sí,Nublado,20.0,0,38.8,8,Alta demanda
2024-09-22,Domingo,9,2024,1,0,Cena,18,22,83,1310.0,Pollo Broaster,Pollos,Delivery,No,Nublado,20.0,0,60.8,7,Demanda moderada
2024-09-22,Domingo,9,2024,1,0,Desayuno,7,11,34,407.0,Hamburguesa Clásica,Hamburguesas,Presencial,No,Nublado,20.0,0,20.3,5,Baja demanda
2024-09-23,Lunes,9,2024,0,0,Almuerzo,12,16,131,1340.0,Gaseosa,Bebidas,Delivery,No,Nublado,23.0,0,34.0,4,Alta demanda
2024-09-23,Lunes,9,2024,0,0,Cena,18,22,83,1238.0,Jugo Natural,Bebidas,Delivery,No,Nublado,23.0,0,53.2,5,Demanda moderada
2024-09-23,Lunes,9,2024,0,0,Desayuno,7,11,41,348.0,Jugo Natural,Bebidas,Presencial,No,Nublado,23.0,0,19.4,4,Baja demanda
2024-09-24,Martes,9,2024,0,0,Almuerzo,12,16,116,1370.0,Gaseosa,Bebidas,Web,No,Lluvioso,18.0,1,46.2,5,Demanda moderada
2024-09-24,Martes,9,2024,0,0,Cena,18,22,104,1362.0,Gaseosa,Bebidas,Web,No,Lluvioso,18.0,1,70.0,4,Demanda moderada
2024-09-24,Martes,9,2024,0,0,Desayuno,7,11,39,405.0,Gaseosa,Bebidas,Delivery,No,Lluvioso,18.0,1,32.8,3,Baja demanda
2024-09-25,Miércoles,9,2024,0,0,Almuerzo,12,16,76,996.75,Salchipapa Clásica,Salchipapas,Presencial,Sí,Nublado,19.0,0,35.7,6,Baja demanda
2024-09-25,Miércoles,9,2024,0,0,Cena,18,22,82,842.0,Gaseosa,Bebidas,Delivery,No,Nublado,19.0,0,54.0,4,Demanda moderada
2024-09-25,Miércoles,9,2024,0,0,Desayuno,7,11,55,538.6,Gaseosa,Bebidas,Presencial,Sí,Nublado,19.0,0,17.4,2,Baja demanda
2024-09-26,Jueves,9,2024,0,0,Almuerzo,12,16,155,1736.6,Gaseosa,Bebidas,Delivery,Sí,Lluvioso,16.0,1,49.5,6,Alta demanda
2024-09-26,Jueves,9,2024,0,0,Cena,18,22,95,1110.4,Gaseosa,Bebidas,Delivery,Sí,Lluvioso,16.0,1,65.8,7,Demanda moderada
2024-09-26,Jueves,9,2024,0,0,Desayuno,7,11,40,345.4,Hamburguesa Clásica,Hamburguesas,Presencial,Sí,Lluvioso,16.0,1,34.0,2,Baja demanda
2024-09-27,Viernes,9,2024,0,0,Almuerzo,12,16,142,2180.0,Pollo Broaster,Pollos,Delivery,No,Nublado,23.0,0,35.6,6,Alta demanda
2024-09-27,Viernes,9,2024,0,0,Cena,18,22,147,1660.0,Gaseosa,Bebidas,Delivery,No,Nublado,23.0,0,50.8,7,Alta demanda
2024-09-27,Viernes,9,2024,0,0,Desayuno,7,11,49,463.6,Jugo Natural,Bebidas,Presencial,Sí,Nublado,23.0,0,17.8,3,Baja demanda
2024-09-28,Sábado,9,2024,1,0,Almuerzo,12,16,194,2209.4,Gaseosa,Bebidas,Presencial,Sí,Nublado,19.0,0,50.2,7,Demanda crítica
2024-09-28,Sábado,9,2024,1,0,Cena,18,22,164,1467.0,Gaseosa,Bebidas,Presencial,No,Nublado,19.0,0,62.8,8,Alta demanda
2024-09-28,Sábado,9,2024,1,0,Desayuno,7,11,71,731.0,Jugo Natural,Bebidas,Presencial,No,Nublado,19.0,0,25.2,5,Baja demanda
2024-09-29,Domingo,9,2024,1,0,Almuerzo,12,16,106,1508.0,Pollo Broaster,Pollos,Delivery,No,Nublado,23.0,0,45.7,6,Demanda moderada
2024-09-29,Domingo,9,2024,1,0,Cena,18,22,111,1084.5,Pollo Broaster,Pollos,Delivery,Sí,Nublado,23.0,0,56.8,5,Demanda moderada
2024-09-29,Domingo,9,2024,1,0,Desayuno,7,11,70,849.2,Gaseosa,Bebidas,Presencial,Sí,Nublado,23.0,0,24.8,3,Baja demanda
2024-09-30,Lunes,9,2024,0,0,Almuerzo,12,16,101,1166.0,Hamburguesa Clásica,Hamburguesas,Web,No,Lluvioso,22.0,1,46.2,5,Demanda moderada
2024-09-30,Lunes,9,2024,0,0,Cena,18,22,104,1728.0,Salchipapa Especial,Salchipapas,Presencial,Sí,Lluvioso,22.0,1,69.2,6,Demanda moderada
2024-09-30,Lunes,9,2024,0,0,Desayuno,7,11,37,404.0,Salchipapa Clásica,Salchipapas,Presencial,Sí,Lluvioso,22.0,1,31.5,3,Baja demanda
2024-10-01,Martes,10,2024,0,0,Almuerzo,12,16,110,1517.0,Salchipapa Especial,Salchipapas,Presencial,No,Soleado,25.0,0,32.8,4,Demanda moderada
2024-10-01,Martes,10,2024,0,0,Cena,18,22,76,1220.0,Hamburguesa Clásica,Hamburguesas,Delivery,Sí,Soleado,25.0,0,51.2,6,Baja demanda
2024-10-01,Martes,10,2024,0,0,Desayuno,7,11,56,490.25,Gaseosa,Bebidas,Presencial,Sí,Soleado,25.0,0,17.6,3,Baja demanda
2024-10-02,Miércoles,10,2024,0,0,Almuerzo,12,16,149,1535.0,Gaseosa,Bebidas,Presencial,No,Nublado,24.0,0,35.3,5,Alta demanda
2024-10-02,Miércoles,10,2024,0,0,Cena,18,22,110,1660.0,Salchipapa Especial,Salchipapas,Presencial,No,Nublado,24.0,0,49.8,5,Demanda moderada
2024-10-02,Miércoles,10,2024,0,0,Desayuno,7,11,53,404.8,Gaseosa,Bebidas,Presencial,Sí,Nublado,24.0,0,15.8,4,Baja demanda
2024-10-03,Jueves,10,2024,0,0,Almuerzo,12,16,139,1663.0,Gaseosa,Bebidas,Delivery,No,Lluvioso,17.0,1,50.4,7,Alta demanda
2024-10-03,Jueves,10,2024,0,0,Cena,18,22,112,1445.8,Gaseosa,Bebidas,Delivery,Sí,Lluvioso,17.0,1,73.4,6,Demanda moderada
2024-10-03,Jueves,10,2024,0,0,Desayuno,7,11,58,613.5,Gaseosa,Bebidas,Presencial,Sí,Lluvioso,17.0,1,40.2,4,Baja demanda
2024-10-04,Viernes,10,2024,0,0,Almuerzo,12,16,106,1275.8,Hamburguesa Clásica,Hamburguesas,Delivery,Sí,Soleado,28.0,0,37.3,7,Demanda moderada
2024-10-04,Viernes,10,2024,0,0,Cena,18,22,109,1448.8,Pollo Broaster,Pollos,Delivery,Sí,Soleado,28.0,0,46.2,5,Demanda moderada
2024-10-04,Viernes,10,2024,0,0,Desayuno,7,11,80,683.0,Gaseosa,Bebidas,Presencial,No,Soleado,28.0,0,19.3,2,Demanda moderada
2024-10-05,Sábado,10,2024,1,0,Almuerzo,12,16,147,1502.8,Gaseosa,Bebidas,Delivery,Sí,Nublado,20.0,0,42.2,4,Alta demanda
2024-10-05,Sábado,10,2024,1,0,Cena,18,22,91,956.4,Gaseosa,Bebidas,Web,Sí,Nublado,20.0,0,53.7,7,Demanda moderada
2024-10-05,Sábado,10,2024,1,0,Desayuno,7,11,48,456.2,Hamburguesa Clásica,Hamburguesas,Presencial,Sí,Nublado,20.0,0,24.8,3,Baja demanda
2024-10-06,Domingo,10,2024,1,0,Almuerzo,12,16,130,2151.0,Pollo Broaster,Pollos,Delivery,Sí,Nublado,18.0,0,47.8,8,Alta demanda
2024-10-06,Domingo,10,2024,1,0,Cena,18,22,86,1359.4,Salchipapa Especial,Salchipapas,Web,Sí,Nublado,18.0,0,63.0,5,Demanda moderada
2024-10-06,Domingo,10,2024,1,0,Desayuno,7,11,61,546.0,Gaseosa,Bebidas,Presencial,No,Nublado,18.0,0,26.0,4,Baja demanda
2024-10-07,Lunes,10,2024,0,0,Almuerzo,12,16,108,1205.5,Gaseosa,Bebidas,Delivery,Sí,Nublado,18.0,0,38.5,5,Demanda moderada
2024-10-07,Lunes,10,2024,0,0,Cena,18,22,84,1137.0,Pollo Broaster,Pollos,Delivery,No,Nublado,18.0,0,47.2,6,Demanda moderada
2024-10-07,Lunes,10,2024,0,0,Desayuno,7,11,31,327.5,Hamburguesa Clásica,Hamburguesas,Presencial,Sí,Nublado,18.0,0,22.2,2,Baja demanda
2024-10-08,Martes,10,2024,0,1,Almuerzo,12,16,150,1887.0,Gaseosa,Bebidas,Presencial,No,Soleado,29.0,0,32.2,7,Alta demanda
2024-10-08,Martes,10,2024,0,1,Cena,18,22,156,1820.25,Gaseosa,Bebidas,Web,Sí,Soleado,29.0,0,53.4,7,Alta demanda
2024-10-08,Martes,10,2024,0,1,Desayuno,7,11,43,347.0,Gaseosa,Bebidas,Delivery,No,Soleado,29.0,0,19.3,2,Baja demanda
2024-10-09,Miércoles,10,2024,0,0,Almuerzo,12,16,89,1602.0,Pollo Broaster,Pollos,Presencial,No,Soleado,27.0,0,33.2,7,Demanda moderada
2024-10-09,Miércoles,10,2024,0,0,Cena,18,22,123,1587.4,Gaseosa,Bebidas,Delivery,Sí,Soleado,27.0,0,52.4,5,Alta demanda
2024-10-09,Miércoles,10,2024,0,0,Desayuno,7,11,57,579.0,Hamburguesa Clásica,Hamburguesas,Presencial,Sí,Soleado,27.0,0,18.0,3,Baja demanda
2024-10-10,Jueves,10,2024,0,0,Almuerzo,12,16,89,979.0,Salchipapa Especial,Salchipapas,Delivery,No,Nublado,24.0,0,36.0,6,Demanda moderada
2024-10-10,Jueves,10,2024,0,0,Cena,18,22,122,1467.0,Gaseosa,Bebidas,Delivery,Sí,Nublado,24.0,0,57.2,7,Alta demanda
2024-10-10,Jueves,10,2024,0,0,Desayuno,7,11,45,395.0,Gaseosa,Bebidas,Presencial,Sí,Nublado,24.0,0,16.5,2,Baja demanda
2024-10-11,Viernes,10,2024,0,0,Almuerzo,12,16,126,1559.0,Alitas BBQ,Pollos,Presencial,Sí,Nublado,22.0,0,34.2,5,Alta demanda
2024-10-11,Viernes,10,2024,0,0,Cena,18,22,165,2127.4,Salchipapa Especial,Salchipapas,Delivery,Sí,Nublado,22.0,0,52.2,8,Alta demanda
2024-10-11,Viernes,10,2024,0,0,Desayuno,7,11,57,427.0,Gaseosa,Bebidas,Presencial,Sí,Nublado,22.0,0,19.2,2,Baja demanda
2024-10-12,Sábado,10,2024,1,0,Almuerzo,12,16,113,1309.0,Hamburguesa Clásica,Hamburguesas,Delivery,No,Nublado,23.0,0,44.2,5,Demanda moderada
2024-10-12,Sábado,10,2024,1,0,Cena,18,22,136,1342.0,Gaseosa,Bebidas,Delivery,No,Nublado,23.0,0,60.4,7,Alta demanda
2024-10-12,Sábado,10,2024,1,0,Desayuno,7,11,74,774.0,Gaseosa,Bebidas,Presencial,No,Nublado,23.0,0,24.2,4,Baja demanda
2024-10-13,Domingo,10,2024,1,0,Almuerzo,12,16,95,1371.0,Salchipapa Especial,Salchipapas,Presencial,Sí,Nublado,22.0,0,41.3,7,Demanda moderada
2024-10-13,Domingo,10,2024,1,0,Cena,18,22,91,1600.0,Salchipapa Especial,Salchipapas,Delivery,Sí,Nublado,22.0,0,59.5,5,Demanda moderada
2024-10-13,Domingo,10,2024,1,0,Desayuno,7,11,77,758.4,Gaseosa,Bebidas,Presencial,Sí,Nublado,22.0,0,25.8,3,Baja demanda
2024-10-14,Lunes,10,2024,0,0,Almuerzo,12,16,86,1334.0,Pollo Broaster,Pollos,Delivery,No,Soleado,30.0,0,32.2,4,Demanda moderada
2024-10-14,Lunes,10,2024,0,0,Cena,18,22,90,1244.0,Gaseosa,Bebidas,Delivery,No,Soleado,30.0,0,51.4,6,Demanda moderada
2024-10-14,Lunes,10,2024,0,0,Desayuno,7,11,55,519.6,Jugo Natural,Bebidas,Presencial,Sí,Soleado,30.0,0,16.5,2,Baja demanda
2024-10-15,Martes,10,2024,0,0,Almuerzo,12,16,107,1562.0,Pollo Broaster,Pollos,Web,No,Soleado,26.0,0,32.4,5,Demanda moderada
2024-10-15,Martes,10,2024,0,0,Cena,18,22,131,2126.0,Hamburguesa Clásica,Hamburguesas,Delivery,No,Soleado,26.0,0,50.2,7,Alta demanda
2024-10-15,Martes,10,2024,0,0,Desayuno,7,11,38,371.0,Gaseosa,Bebidas,Presencial,No,Soleado,26.0,0,16.4,3,Baja demanda
2024-10-16,Miércoles,10,2024,0,0,Almuerzo,12,16,64,825.0,Hamburguesa Clásica,Hamburguesas,Presencial,No,Soleado,25.0,0,32.0,6,Baja demanda
2024-10-16,Miércoles,10,2024,0,0,Cena,18,22,135,1679.0,Pollo Broaster,Pollos,Web,Sí,Soleado,25.0,0,54.2,6,Alta demanda
2024-10-16,Miércoles,10,2024,0,0,Desayuno,7,11,59,635.2,Gaseosa,Bebidas,Presencial,Sí,Soleado,25.0,0,19.4,4,Baja demanda
2024-10-17,Jueves,10,2024,0,0,Almuerzo,12,16,146,1659.5,Pollo Broaster,Pollos,Delivery,Sí,Nublado,19.0,0,28.4,6,Alta demanda
2024-10-17,Jueves,10,2024,0,0,Cena,18,22,146,1829.6,Pollo Broaster,Pollos,Web,Sí,Nublado,19.0,0,54.0,8,Alta demanda
2024-10-17,Jueves,10,2024,0,0,Desayuno,7,11,46,517.0,Gaseosa,Bebidas,Presencial,No,Nublado,19.0,0,14.8,3,Baja demanda
2024-10-18,Viernes,10,2024,0,0,Almuerzo,12,16,116,1727.6,Alitas BBQ,Pollos,Web,Sí,Lluvioso,17.0,1,49.8,6,Demanda moderada
2024-10-18,Viernes,10,2024,0,0,Cena,18,22,184,1918.8,Gaseosa,Bebidas,Delivery,Sí,Lluvioso,17.0,1,74.2,5,Demanda crítica
2024-10-18,Viernes,10,2024,0,0,Desayuno,7,11,60,692.0,Gaseosa,Bebidas,Presencial,No,Lluvioso,17.0,1,33.2,2,Baja demanda
2024-10-19,Sábado,10,2024,1,0,Almuerzo,12,16,123,1680.0,Hamburguesa Clásica,Hamburguesas,Presencial,No,Nublado,24.0,0,40.7,7,Alta demanda
2024-10-19,Sábado,10,2024,1,0,Cena,18,22,108,1251.4,Salchipapa Especial,Salchipapas,Delivery,Sí,Nublado,24.0,0,62.7,8,Demanda moderada
2024-10-19,Sábado,10,2024,1,0,Desayuno,7,11,62,538.2,Gaseosa,Bebidas,Presencial,Sí,Nublado,24.0,0,23.8,3,Baja demanda
2024-10-20,Domingo,10,2024,1,0,Almuerzo,12,16,180,2288.0,Pollo Broaster,Pollos,Presencial,No,Soleado,30.0,0,45.4,6,Demanda crítica
2024-10-20,Domingo,10,2024,1,0,Cena,18,22,110,1056.0,Gaseosa,Bebidas,Delivery,Sí,Soleado,30.0,0,66.0,9,Demanda moderada
2024-10-20,Domingo,10,2024,1,0,Desayuno,7,11,56,747.0,Hamburguesa Clásica,Hamburguesas,Presencial,Sí,Soleado,30.0,0,28.0,2,Baja demanda
2024-10-21,Lunes,10,2024,0,0,Almuerzo,12,16,127,1434.0,Pollo Broaster,Pollos,Presencial,No,Nublado,24.0,0,35.2,7,Alta demanda
2024-10-21,Lunes,10,2024,0,0,Cena,18,22,97,1210.8,Gaseosa,Bebidas,Presencial,Sí,Nublado,24.0,0,53.6,4,Demanda moderada
2024-10-21,Lunes,10,2024,0,0,Desayuno,7,11,29,250.0,Gaseosa,Bebidas,Presencial,No,Nublado,24.0,0,19.8,4,Baja demanda
2024-10-22,Martes,10,2024,0,0,Almuerzo,12,16,91,1084.0,Gaseosa,Bebidas,Presencial,No,Nublado,24.0,0,35.0,5,Demanda moderada
2024-10-22,Martes,10,2024,0,0,Cena,18,22,85,1180.0,Pollo Broaster,Pollos,Delivery,No,Nublado,24.0,0,51.5,7,Demanda moderada
2024-10-22,Martes,10,2024,0,0,Desayuno,7,11,38,261.0,Gaseosa,Bebidas,Presencial,No,Nublado,24.0,0,18.5,3,Baja demanda
2024-10-23,Miércoles,10,2024,0,0,Almuerzo,12,16,140,1664.2,Gaseosa,Bebidas,Delivery,Sí,Nublado,20.0,0,37.2,6,Alta demanda
2024-10-23,Miércoles,10,2024,0,0,Cena,18,22,82,1011.2,Jugo Natural,Bebidas,Presencial,Sí,Nublado,20.0,0,52.8,4,Demanda moderada
2024-10-23,Miércoles,10,2024,0,0,Desayuno,7,11,47,644.0,Salchipapa Especial,Salchipapas,Presencial,No,Nublado,20.0,0,17.4,4,Baja demanda
2024-10-24,Jueves,10,2024,0,0,Almuerzo,12,16,158,1510.6,Gaseosa,Bebidas,Presencial,Sí,Soleado,27.0,0,41.4,5,Alta demanda
2024-10-24,Jueves,10,2024,0,0,Cena,18,22,102,1337.0,Salchipapa Especial,Salchipapas,Delivery,No,Soleado,27.0,0,53.0,7,Demanda moderada
2024-10-24,Jueves,10,2024,0,0,Desayuno,7,11,46,580.0,Hamburguesa Clásica,Hamburguesas,Presencial,No,Soleado,27.0,0,19.0,2,Baja demanda
2024-10-25,Viernes,10,2024,0,0,Almuerzo,12,16,189,2187.0,Pollo Broaster,Pollos,Presencial,No,Soleado,31.0,0,36.5,7,Demanda crítica
2024-10-25,Viernes,10,2024,0,0,Cena,18,22,144,1343.0,Gaseosa,Bebidas,Delivery,Sí,Soleado,31.0,0,58.6,6,Alta demanda
2024-10-25,Viernes,10,2024,0,0,Desayuno,7,11,58,480.5,Jugo Natural,Bebidas,Presencial,Sí,Soleado,31.0,0,19.0,4,Baja demanda
2024-10-26,Sábado,10,2024,1,0,Almuerzo,12,16,143,1891.0,Salchipapa Especial,Salchipapas,Presencial,Sí,Soleado,31.0,0,38.8,6,Alta demanda
2024-10-26,Sábado,10,2024,1,0,Cena,18,22,214,2645.6,Pollo Broaster,Pollos,Presencial,Sí,Soleado,31.0,0,58.7,8,Demanda crítica
2024-10-26,Sábado,10,2024,1,0,Desayuno,7,11,50,388.6,Gaseosa,Bebidas,Presencial,Sí,Soleado,31.0,0,24.5,4,Baja demanda
2024-10-27,Domingo,10,2024,1,0,Almuerzo,12,16,129,1972.0,Pollo Broaster,Pollos,Delivery,No,Nublado,20.0,0,44.2,5,Alta demanda
2024-10-27,Domingo,10,2024,1,0,Cena,18,22,88,650.0,Gaseosa,Bebidas,Web,No,Nublado,20.0,0,62.0,7,Demanda moderada
2024-10-27,Domingo,10,2024,1,0,Desayuno,7,11,39,299.0,Gaseosa,Bebidas,Presencial,No,Nublado,20.0,0,24.3,3,Baja demanda
2024-10-28,Lunes,10,2024,0,0,Almuerzo,12,16,126,1324.0,Gaseosa,Bebidas,Presencial,No,Soleado,29.0,0,32.8,4,Alta demanda
2024-10-28,Lunes,10,2024,0,0,Cena,18,22,97,1381.0,Salchipapa Clásica,Salchipapas,Delivery,Sí,Soleado,29.0,0,54.5,7,Demanda moderada
2024-10-28,Lunes,10,2024,0,0,Desayuno,7,11,36,236.0,Gaseosa,Bebidas,Presencial,No,Soleado,29.0,0,19.3,2,Baja demanda
2024-10-29,Martes,10,2024,0,0,Almuerzo,12,16,128,1483.0,Gaseosa,Bebidas,Presencial,No,Lluvioso,22.0,1,48.8,4,Alta demanda
2024-10-29,Martes,10,2024,0,0,Cena,18,22,79,1123.0,Alitas BBQ,Pollos,Delivery,Sí,Lluvioso,22.0,1,65.0,6,Baja demanda
2024-10-29,Martes,10,2024,0,0,Desayuno,7,11,64,627.9,Gaseosa,Bebidas,Presencial,Sí,Lluvioso,22.0,1,35.5,4,Baja demanda
2024-10-30,Miércoles,10,2024,0,0,Almuerzo,12,16,163,1964.0,Pollo Broaster,Pollos,Presencial,Sí,Soleado,31.0,0,34.5,5,Alta demanda
2024-10-30,Miércoles,10,2024,0,0,Cena,18,22,108,1913.0,Pollo Broaster,Pollos,Delivery,No,Soleado,31.0,0,52.8,7,Demanda moderada
2024-10-30,Miércoles,10,2024,0,0,Desayuno,7,11,35,516.0,Pollo Broaster,Pollos,Presencial,No,Soleado,31.0,0,16.2,3,Baja demanda
2024-10-31,Jueves,10,2024,0,0,Almuerzo,12,16,118,1725.0,Salchipapa Especial,Salchipapas,Presencial,Sí,Nublado,21.0,0,39.6,6,Demanda moderada
2024-10-31,Jueves,10,2024,0,0,Cena,18,22,93,1680.8,Alitas BBQ,Pollos,Web,Sí,Nublado,21.0,0,49.8,8,Demanda moderada
2024-10-31,Jueves,10,2024,0,0,Desayuno,7,11,39,303.0,Gaseosa,Bebidas,Presencial,No,Nublado,21.0,0,15.5,4,Baja demanda
2024-11-01,Viernes,11,2024,0,1,Almuerzo,12,16,222,2828.0,Gaseosa,Bebidas,Delivery,No,Soleado,23.0,0,33.2,6,Demanda crítica
2024-11-01,Viernes,11,2024,0,1,Cena,18,22,149,1829.4,Pollo Broaster,Pollos,Delivery,Sí,Soleado,23.0,0,47.6,5,Alta demanda
2024-11-01,Viernes,11,2024,0,1,Desayuno,7,11,81,789.0,Gaseosa,Bebidas,Presencial,Sí,Soleado,23.0,0,13.8,4,Demanda moderada
2024-11-02,Sábado,11,2024,1,0,Almuerzo,12,16,87,1112.0,Jugo Natural,Bebidas,Delivery,No,Lluvioso,22.0,1,60.3,6,Demanda moderada
2024-11-02,Sábado,11,2024,1,0,Cena,18,22,229,2774.3,Pollo Broaster,Pollos,Delivery,Sí,Lluvioso,22.0,1,80.3,6,Demanda crítica
2024-11-02,Sábado,11,2024,1,0,Desayuno,7,11,82,622.6,Gaseosa,Bebidas,Presencial,Sí,Lluvioso,22.0,1,41.0,4,Demanda moderada
2024-11-03,Domingo,11,2024,1,0,Almuerzo,12,16,145,1526.0,Gaseosa,Bebidas,Presencial,Sí,Nublado,21.0,0,48.8,7,Alta demanda
2024-11-03,Domingo,11,2024,1,0,Cena,18,22,140,1835.0,Gaseosa,Bebidas,Delivery,No,Nublado,21.0,0,59.0,7,Alta demanda
2024-11-03,Domingo,11,2024,1,0,Desayuno,7,11,50,332.0,Gaseosa,Bebidas,Presencial,Sí,Nublado,21.0,0,30.7,4,Baja demanda
2024-11-04,Lunes,11,2024,0,0,Almuerzo,12,16,124,1827.2,Pollo Broaster,Pollos,Presencial,Sí,Nublado,20.0,0,33.8,5,Alta demanda
2024-11-04,Lunes,11,2024,0,0,Cena,18,22,92,847.0,Gaseosa,Bebidas,Delivery,No,Nublado,20.0,0,58.2,6,Demanda moderada
2024-11-04,Lunes,11,2024,0,0,Desayuno,7,11,45,460.0,Gaseosa,Bebidas,Presencial,No,Nublado,20.0,0,18.5,2,Baja demanda
2024-11-05,Martes,11,2024,0,0,Almuerzo,12,16,103,1159.0,Gaseosa,Bebidas,Presencial,No,Soleado,28.0,0,37.8,4,Demanda moderada
2024-11-05,Martes,11,2024,0,0,Cena,18,22,80,711.0,Gaseosa,Bebidas,Delivery,No,Soleado,28.0,0,50.8,5,Demanda moderada
2024-11-05,Martes,11,2024,0,0,Desayuno,7,11,59,535.0,Gaseosa,Bebidas,Presencial,No,Soleado,28.0,0,15.8,2,Baja demanda
2024-11-06,Miércoles,11,2024,0,0,Almuerzo,12,16,146,1630.0,Hamburguesa Clásica,Hamburguesas,Delivery,Sí,Lluvioso,20.0,1,54.6,7,Alta demanda
2024-11-06,Miércoles,11,2024,0,0,Cena,18,22,129,1844.0,Gaseosa,Bebidas,Delivery,Sí,Lluvioso,20.0,1,66.6,5,Alta demanda
2024-11-06,Miércoles,11,2024,0,0,Desayuno,7,11,54,532.0,Gaseosa,Bebidas,Delivery,No,Lluvioso,20.0,1,32.8,2,Baja demanda
2024-11-07,Jueves,11,2024,0,0,Almuerzo,12,16,90,1231.0,Salchipapa Especial,Salchipapas,Delivery,No,Nublado,23.0,0,39.5,6,Demanda moderada
2024-11-07,Jueves,11,2024,0,0,Cena,18,22,107,1353.0,Gaseosa,Bebidas,Presencial,No,Nublado,23.0,0,49.0,8,Demanda moderada
2024-11-07,Jueves,11,2024,0,0,Desayuno,7,11,70,850.0,Gaseosa,Bebidas,Presencial,No,Nublado,23.0,0,19.4,3,Baja demanda
2024-11-08,Viernes,11,2024,0,0,Almuerzo,12,16,179,1583.8,Gaseosa,Bebidas,Delivery,Sí,Lluvioso,20.0,1,56.2,5,Alta demanda
2024-11-08,Viernes,11,2024,0,0,Cena,18,22,113,1408.0,Salchipapa Especial,Salchipapas,Delivery,No,Lluvioso,20.0,1,68.0,5,Demanda moderada
2024-11-08,Viernes,11,2024,0,0,Desayuno,7,11,31,423.0,Sándwich de Pollo,Sándwiches,Delivery,No,Lluvioso,20.0,1,29.0,3,Baja demanda
2024-11-09,Sábado,11,2024,1,0,Almuerzo,12,16,110,959.0,Gaseosa,Bebidas,Delivery,No,Soleado,31.0,0,39.0,7,Demanda moderada
2024-11-09,Sábado,11,2024,1,0,Cena,18,22,153,2628.0,Pollo Broaster,Pollos,Web,Sí,Soleado,31.0,0,64.2,5,Alta demanda
2024-11-09,Sábado,11,2024,1,0,Desayuno,7,11,45,297.0,Gaseosa,Bebidas,Presencial,No,Soleado,31.0,0,21.0,3,Baja demanda
2024-11-10,Domingo,11,2024,1,0,Almuerzo,12,16,155,2209.7,Gaseosa,Bebidas,Delivery,Sí,Nublado,21.0,0,46.6,7,Alta demanda
2024-11-10,Domingo,11,2024,1,0,Cena,18,22,93,1413.0,Pollo Broaster,Pollos,Delivery,No,Nublado,21.0,0,62.0,5,Demanda moderada
2024-11-10,Domingo,11,2024,1,0,Desayuno,7,11,40,463.4,Salchipapa Clásica,Salchipapas,Presencial,Sí,Nublado,21.0,0,27.3,4,Baja demanda
2024-11-11,Lunes,11,2024,0,0,Almuerzo,12,16,54,782.0,Salchipapa Clásica,Salchipapas,Presencial,No,Nublado,20.0,0,30.7,7,Baja demanda
2024-11-11,Lunes,11,2024,0,0,Cena,18,22,106,1136.5,Gaseosa,Bebidas,Web,Sí,Nublado,20.0,0,55.5,5,Demanda moderada
2024-11-11,Lunes,11,2024,0,0,Desayuno,7,11,42,354.0,Gaseosa,Bebidas,Presencial,No,Nublado,20.0,0,17.5,2,Baja demanda
2024-11-12,Martes,11,2024,0,0,Almuerzo,12,16,125,2324.0,Pollo Broaster,Pollos,Delivery,No,Lluvioso,18.0,1,48.8,7,Alta demanda
2024-11-12,Martes,11,2024,0,0,Cena,18,22,119,1389.0,Gaseosa,Bebidas,Delivery,No,Lluvioso,18.0,1,65.2,4,Demanda moderada
2024-11-12,Martes,11,2024,0,0,Desayuno,7,11,34,313.0,Gaseosa,Bebidas,Delivery,No,Lluvioso,18.0,1,38.0,4,Baja demanda
2024-11-13,Miércoles,11,2024,0,0,Almuerzo,12,16,157,2141.0,Pollo Broaster,Pollos,Delivery,No,Nublado,24.0,0,31.2,4,Alta demanda
2024-11-13,Miércoles,11,2024,0,0,Cena,18,22,69,1193.7,Pollo Broaster,Pollos,Presencial,Sí,Nublado,24.0,0,55.2,4,Baja demanda
2024-11-13,Miércoles,11,2024,0,0,Desayuno,7,11,44,594.0,Pollo Broaster,Pollos,Presencial,No,Nublado,24.0,0,14.8,3,Baja demanda
2024-11-14,Jueves,11,2024,0,0,Almuerzo,12,16,97,1543.0,Alitas BBQ,Pollos,Presencial,No,Soleado,23.0,0,36.8,4,Demanda moderada
2024-11-14,Jueves,11,2024,0,0,Cena,18,22,142,1674.0,Pollo Broaster,Pollos,Delivery,Sí,Soleado,23.0,0,58.8,8,Alta demanda
2024-11-14,Jueves,11,2024,0,0,Desayuno,7,11,52,422.0,Gaseosa,Bebidas,Presencial,Sí,Soleado,23.0,0,16.6,3,Baja demanda
2024-11-15,Viernes,11,2024,0,0,Almuerzo,12,16,162,1953.0,Gaseosa,Bebidas,Delivery,No,Lluvioso,22.0,1,52.8,6,Alta demanda
2024-11-15,Viernes,11,2024,0,0,Cena,18,22,121,1563.2,Gaseosa,Bebidas,Web,Sí,Lluvioso,22.0,1,72.0,4,Alta demanda
2024-11-15,Viernes,11,2024,0,0,Desayuno,7,11,45,584.0,Pollo Broaster,Pollos,Web,No,Lluvioso,22.0,1,31.8,4,Baja demanda
2024-11-16,Sábado,11,2024,1,0,Almuerzo,12,16,105,892.0,Gaseosa,Bebidas,Delivery,No,Lluvioso,21.0,1,62.7,5,Demanda moderada
2024-11-16,Sábado,11,2024,1,0,Cena,18,22,144,1451.6,Gaseosa,Bebidas,Presencial,Sí,Lluvioso,21.0,1,71.0,5,Alta demanda
2024-11-16,Sábado,11,2024,1,0,Desayuno,7,11,60,470.0,Gaseosa,Bebidas,Presencial,No,Lluvioso,21.0,1,33.5,3,Baja demanda
2024-11-17,Domingo,11,2024,1,0,Almuerzo,12,16,172,2480.2,Pollo Broaster,Pollos,Delivery,Sí,Nublado,22.0,0,42.5,7,Alta demanda
2024-11-17,Domingo,11,2024,1,0,Cena,18,22,94,1239.2,Pollo Broaster,Pollos,Delivery,Sí,Nublado,22.0,0,61.3,6,Demanda moderada
2024-11-17,Domingo,11,2024,1,0,Desayuno,7,11,82,640.9,Gaseosa,Bebidas,Presencial,Sí,Nublado,22.0,0,30.4,4,Demanda moderada
2024-11-18,Lunes,11,2024,0,0,Almuerzo,12,16,105,1672.0,Pollo Broaster,Pollos,Delivery,Sí,Soleado,24.0,0,36.8,7,Demanda moderada
2024-11-18,Lunes,11,2024,0,0,Cena,18,22,125,1954.8,Pollo Broaster,Pollos,Delivery,Sí,Soleado,24.0,0,53.8,7,Alta demanda
2024-11-18,Lunes,11,2024,0,0,Desayuno,7,11,36,379.0,Hamburguesa Clásica,Hamburguesas,Presencial,No,Soleado,24.0,0,15.2,3,Baja demanda
2024-11-19,Martes,11,2024,0,0,Almuerzo,12,16,100,1253.0,Pollo Broaster,Pollos,Delivery,No,Nublado,20.0,0,36.5,5,Demanda moderada
2024-11-19,Martes,11,2024,0,0,Cena,18,22,66,814.0,Gaseosa,Bebidas,Delivery,No,Nublado,20.0,0,49.8,5,Baja demanda
2024-11-19,Martes,11,2024,0,0,Desayuno,7,11,34,244.25,Gaseosa,Bebidas,Presencial,Sí,Nublado,20.0,0,19.3,4,Baja demanda
2024-11-20,Miércoles,11,2024,0,0,Almuerzo,12,16,95,1046.75,Pollo Broaster,Pollos,Web,Sí,Nublado,18.0,0,39.7,4,Demanda moderada
2024-11-20,Miércoles,11,2024,0,0,Cena,18,22,74,700.0,Gaseosa,Bebidas,Delivery,No,Nublado,18.0,0,57.0,5,Baja demanda
2024-11-20,Miércoles,11,2024,0,0,Desayuno,7,11,61,560.0,Gaseosa,Bebidas,Presencial,No,Nublado,18.0,0,18.2,4,Baja demanda
2024-11-21,Jueves,11,2024,0,0,Almuerzo,12,16,177,1989.0,Gaseosa,Bebidas,Presencial,Sí,Soleado,23.0,0,40.0,4,Alta demanda
2024-11-21,Jueves,11,2024,0,0,Cena,18,22,115,1350.0,Gaseosa,Bebidas,Web,No,Soleado,23.0,0,53.6,6,Demanda moderada
2024-11-21,Jueves,11,2024,0,0,Desayuno,7,11,60,791.8,Pollo Broaster,Pollos,Presencial,Sí,Soleado,23.0,0,17.4,3,Baja demanda
2024-11-22,Viernes,11,2024,0,0,Almuerzo,12,16,110,1724.0,Pollo Broaster,Pollos,Presencial,No,Nublado,24.0,0,32.2,5,Demanda moderada
2024-11-22,Viernes,11,2024,0,0,Cena,18,22,120,1558.0,Gaseosa,Bebidas,Web,Sí,Nublado,24.0,0,55.8,5,Alta demanda
2024-11-22,Viernes,11,2024,0,0,Desayuno,7,11,42,452.0,Salchipapa Especial,Salchipapas,Presencial,Sí,Nublado,24.0,0,21.5,4,Baja demanda
2024-11-23,Sábado,11,2024,1,0,Almuerzo,12,16,198,2288.0,Salchipapa Especial,Salchipapas,Presencial,Sí,Nublado,22.0,0,41.6,7,Demanda crítica
2024-11-23,Sábado,11,2024,1,0,Cena,18,22,148,1859.8,Gaseosa,Bebidas,Delivery,Sí,Nublado,22.0,0,61.2,7,Alta demanda
2024-11-23,Sábado,11,2024,1,0,Desayuno,7,11,46,442.4,Jugo Natural,Bebidas,Presencial,Sí,Nublado,22.0,0,26.0,3,Baja demanda
2024-11-24,Domingo,11,2024,1,0,Almuerzo,12,16,113,2038.0,Alitas BBQ,Pollos,Delivery,No,Nublado,18.0,0,36.5,8,Demanda moderada
2024-11-24,Domingo,11,2024,1,0,Cena,18,22,65,1272.8,Pollo Broaster,Pollos,Delivery,Sí,Nublado,18.0,0,55.7,5,Baja demanda
2024-11-24,Domingo,11,2024,1,0,Desayuno,7,11,57,742.0,Alitas BBQ,Pollos,Delivery,Sí,Nublado,18.0,0,27.8,2,Baja demanda
2024-11-25,Lunes,11,2024,0,0,Almuerzo,12,16,96,1649.6,Pollo Broaster,Pollos,Presencial,Sí,Soleado,26.0,0,34.8,7,Demanda moderada
2024-11-25,Lunes,11,2024,0,0,Cena,18,22,82,839.0,Gaseosa,Bebidas,Delivery,No,Soleado,26.0,0,44.0,5,Demanda moderada
2024-11-25,Lunes,11,2024,0,0,Desayuno,7,11,46,345.0,Jugo Natural,Bebidas,Presencial,Sí,Soleado,26.0,0,17.5,2,Baja demanda
2024-11-26,Martes,11,2024,0,0,Almuerzo,12,16,73,1155.05,Hamburguesa Clásica,Hamburguesas,Delivery,Sí,Lluvioso,18.0,1,55.0,7,Baja demanda
2024-11-26,Martes,11,2024,0,0,Cena,18,22,125,1819.0,Gaseosa,Bebidas,Presencial,No,Lluvioso,18.0,1,61.3,7,Alta demanda
2024-11-26,Martes,11,2024,0,0,Desayuno,7,11,48,396.0,Gaseosa,Bebidas,Presencial,No,Lluvioso,18.0,1,33.8,2,Baja demanda
2024-11-27,Miércoles,11,2024,0,0,Almuerzo,12,16,147,1239.0,Gaseosa,Bebidas,Presencial,No,Soleado,24.0,0,28.2,5,Alta demanda
2024-11-27,Miércoles,11,2024,0,0,Cena,18,22,147,1933.0,Hamburguesa Clásica,Hamburguesas,Delivery,Sí,Soleado,24.0,0,56.0,4,Alta demanda
2024-11-27,Miércoles,11,2024,0,0,Desayuno,7,11,49,500.0,Gaseosa,Bebidas,Presencial,No,Soleado,24.0,0,15.8,4,Baja demanda
2024-11-28,Jueves,11,2024,0,0,Almuerzo,12,16,116,2076.0,Pollo Broaster,Pollos,Presencial,No,Nublado,23.0,0,32.4,7,Demanda moderada
2024-11-28,Jueves,11,2024,0,0,Cena,18,22,77,1100.0,Gaseosa,Bebidas,Delivery,Sí,Nublado,23.0,0,46.5,8,Baja demanda
2024-11-28,Jueves,11,2024,0,0,Desayuno,7,11,47,404.0,Gaseosa,Bebidas,Presencial,Sí,Nublado,23.0,0,18.4,2,Baja demanda
2024-11-29,Viernes,11,2024,0,0,Almuerzo,12,16,98,1279.0,Hamburguesa Clásica,Hamburguesas,Presencial,Sí,Soleado,26.0,0,34.3,7,Demanda moderada
2024-11-29,Viernes,11,2024,0,0,Cena,18,22,149,2034.0,Pollo Broaster,Pollos,Delivery,No,Soleado,26.0,0,57.8,8,Alta demanda
2024-11-29,Viernes,11,2024,0,0,Desayuno,7,11,71,700.0,Gaseosa,Bebidas,Presencial,No,Soleado,26.0,0,17.2,2,Baja demanda
2024-11-30,Sábado,11,2024,1,0,Almuerzo,12,16,184,1489.0,Gaseosa,Bebidas,Presencial,Sí,Nublado,18.0,0,43.8,7,Demanda crítica
2024-11-30,Sábado,11,2024,1,0,Cena,18,22,66,1287.8,Pizza Personal,Pizzas,Web,Sí,Nublado,18.0,0,56.5,5,Baja demanda
2024-11-30,Sábado,11,2024,1,0,Desayuno,7,11,54,578.8,Gaseosa,Bebidas,Presencial,Sí,Nublado,18.0,0,29.8,4,Baja demanda
2024-12-01,Domingo,12,2024,1,0,Almuerzo,12,16,155,1630.0,Gaseosa,Bebidas,Presencial,No,Soleado,25.0,0,41.0,8,Alta demanda
2024-12-01,Domingo,12,2024,1,0,Cena,18,22,156,1952.2,Gaseosa,Bebidas,Delivery,Sí,Soleado,25.0,0,57.0,8,Alta demanda
2024-12-01,Domingo,12,2024,1,0,Desayuno,7,11,81,689.0,Gaseosa,Bebidas,Presencial,Sí,Soleado,25.0,0,22.8,4,Demanda moderada
2024-12-02,Lunes,12,2024,0,0,Almuerzo,12,16,98,1288.0,Cheeseburger,Hamburguesas,Presencial,No,Soleado,31.0,0,40.5,5,Demanda moderada
2024-12-02,Lunes,12,2024,0,0,Cena,18,22,70,902.0,Gaseosa,Bebidas,Presencial,No,Soleado,31.0,0,45.7,5,Baja demanda
2024-12-02,Lunes,12,2024,0,0,Desayuno,7,11,36,536.0,Salchipapa Especial,Salchipapas,Presencial,No,Soleado,31.0,0,18.0,3,Baja demanda
2024-12-03,Martes,12,2024,0,0,Almuerzo,12,16,149,1821.25,Pollo Broaster,Pollos,Presencial,Sí,Nublado,19.0,0,38.8,5,Alta demanda
2024-12-03,Martes,12,2024,0,0,Cena,18,22,101,1073.8,Pollo Broaster,Pollos,Presencial,Sí,Nublado,19.0,0,47.8,8,Demanda moderada
2024-12-03,Martes,12,2024,0,0,Desayuno,7,11,39,545.0,Pollo Broaster,Pollos,Presencial,No,Nublado,19.0,0,19.5,3,Baja demanda
2024-12-04,Miércoles,12,2024,0,0,Almuerzo,12,16,125,1931.0,Pollo Broaster,Pollos,Presencial,No,Soleado,26.0,0,37.8,5,Alta demanda
2024-12-04,Miércoles,12,2024,0,0,Cena,18,22,117,2193.0,Pollo Broaster,Pollos,Delivery,No,Soleado,26.0,0,51.7,6,Demanda moderada
2024-12-04,Miércoles,12,2024,0,0,Desayuno,7,11,73,692.8,Gaseosa,Bebidas,Presencial,Sí,Soleado,26.0,0,16.0,2,Baja demanda
2024-12-05,Jueves,12,2024,0,0,Almuerzo,12,16,151,1464.5,Gaseosa,Bebidas,Presencial,Sí,Soleado,28.0,0,34.0,5,Alta demanda
2024-12-05,Jueves,12,2024,0,0,Cena,18,22,136,1684.0,Gaseosa,Bebidas,Delivery,Sí,Soleado,28.0,0,54.8,4,Alta demanda
2024-12-05,Jueves,12,2024,0,0,Desayuno,7,11,41,465.7,Cheeseburger,Hamburguesas,Presencial,Sí,Soleado,28.0,0,18.8,2,Baja demanda
2024-12-06,Viernes,12,2024,0,0,Almuerzo,12,16,142,1773.0,Gaseosa,Bebidas,Web,No,Nublado,20.0,0,32.8,4,Alta demanda
2024-12-06,Viernes,12,2024,0,0,Cena,18,22,150,2352.0,Pollo Broaster,Pollos,Delivery,No,Nublado,20.0,0,57.8,4,Alta demanda
2024-12-06,Viernes,12,2024,0,0,Desayuno,7,11,33,264.0,Gaseosa,Bebidas,Presencial,No,Nublado,20.0,0,14.7,2,Baja demanda
2024-12-07,Sábado,12,2024,1,0,Almuerzo,12,16,156,2284.0,Alitas BBQ,Pollos,Delivery,Sí,Nublado,21.0,0,43.5,6,Alta demanda
2024-12-07,Sábado,12,2024,1,0,Cena,18,22,201,2249.0,Gaseosa,Bebidas,Delivery,Sí,Nublado,21.0,0,57.3,4,Demanda crítica
2024-12-07,Sábado,12,2024,1,0,Desayuno,7,11,66,682.0,Hamburguesa Clásica,Hamburguesas,Presencial,No,Nublado,21.0,0,24.2,3,Baja demanda
2024-12-08,Domingo,12,2024,1,1,Almuerzo,12,16,219,2899.8,Pollo Broaster,Pollos,Presencial,Sí,Soleado,24.0,0,43.2,8,Demanda crítica
2024-12-08,Domingo,12,2024,1,1,Cena,18,22,88,1580.0,Salchipapa Clásica,Salchipapas,Presencial,No,Soleado,24.0,0,58.0,10,Demanda moderada
2024-12-08,Domingo,12,2024,1,1,Desayuno,7,11,93,846.0,Gaseosa,Bebidas,Presencial,No,Soleado,24.0,0,21.4,6,Demanda moderada
2024-12-09,Lunes,12,2024,0,0,Almuerzo,12,16,100,1308.0,Salchipapa Especial,Salchipapas,Presencial,No,Soleado,26.0,0,39.2,7,Demanda moderada
2024-12-09,Lunes,12,2024,0,0,Cena,18,22,96,1343.0,Salchipapa Especial,Salchipapas,Delivery,No,Soleado,26.0,0,48.8,5,Demanda moderada
2024-12-09,Lunes,12,2024,0,0,Desayuno,7,11,43,332.4,Gaseosa,Bebidas,Presencial,Sí,Soleado,26.0,0,16.5,3,Baja demanda
2024-12-10,Martes,12,2024,0,0,Almuerzo,12,16,105,1054.0,Salchipapa Especial,Salchipapas,Presencial,No,Soleado,31.0,0,32.8,4,Demanda moderada
2024-12-10,Martes,12,2024,0,0,Cena,18,22,100,1367.4,Gaseosa,Bebidas,Delivery,Sí,Soleado,31.0,0,53.0,5,Demanda moderada
2024-12-10,Martes,12,2024,0,0,Desayuno,7,11,66,543.8,Gaseosa,Bebidas,Presencial,Sí,Soleado,31.0,0,18.8,3,Baja demanda
2024-12-11,Miércoles,12,2024,0,0,Almuerzo,12,16,134,1452.0,Gaseosa,Bebidas,Presencial,No,Soleado,31.0,0,33.5,6,Alta demanda
2024-12-11,Miércoles,12,2024,0,0,Cena,18,22,128,1889.8,Salchipapa Especial,Salchipapas,Web,Sí,Soleado,31.0,0,49.7,7,Alta demanda
2024-12-11,Miércoles,12,2024,0,0,Desayuno,7,11,51,397.0,Gaseosa,Bebidas,Presencial,No,Soleado,31.0,0,15.0,2,Baja demanda
2024-12-12,Jueves,12,2024,0,0,Almuerzo,12,16,139,1704.0,Hamburguesa Clásica,Hamburguesas,Presencial,No,Nublado,20.0,0,35.2,6,Alta demanda
2024-12-12,Jueves,12,2024,0,0,Cena,18,22,68,911.0,Hamburguesa Clásica,Hamburguesas,Delivery,No,Nublado,20.0,0,58.0,7,Baja demanda
2024-12-12,Jueves,12,2024,0,0,Desayuno,7,11,39,319.0,Gaseosa,Bebidas,Presencial,No,Nublado,20.0,0,21.7,4,Baja demanda
2024-12-13,Viernes,12,2024,0,0,Almuerzo,12,16,127,1711.7,Pollo Broaster,Pollos,Presencial,Sí,Lluvioso,20.0,1,49.8,6,Alta demanda
2024-12-13,Viernes,12,2024,0,0,Cena,18,22,105,1087.8,Gaseosa,Bebidas,Web,Sí,Lluvioso,20.0,1,77.8,7,Demanda moderada
2024-12-13,Viernes,12,2024,0,0,Desayuno,7,11,74,650.0,Salchipapa Clásica,Salchipapas,Presencial,Sí,Lluvioso,20.0,1,34.4,4,Baja demanda
2024-12-14,Sábado,12,2024,1,0,Almuerzo,12,16,188,1884.0,Gaseosa,Bebidas,Delivery,No,Soleado,23.0,0,41.2,7,Demanda crítica
2024-12-14,Sábado,12,2024,1,0,Cena,18,22,152,1811.0,Gaseosa,Bebidas,Delivery,Sí,Soleado,23.0,0,62.0,8,Alta demanda
2024-12-14,Sábado,12,2024,1,0,Desayuno,7,11,65,516.0,Jugo Natural,Bebidas,Presencial,No,Soleado,23.0,0,22.0,2,Baja demanda
2024-12-15,Domingo,12,2024,1,0,Almuerzo,12,16,143,2219.0,Hamburguesa Clásica,Hamburguesas,Delivery,No,Lluvioso,16.0,1,55.8,8,Alta demanda
2024-12-15,Domingo,12,2024,1,0,Cena,18,22,104,961.8,Gaseosa,Bebidas,Delivery,Sí,Lluvioso,16.0,1,70.0,5,Demanda moderada
2024-12-15,Domingo,12,2024,1,0,Desayuno,7,11,51,388.25,Gaseosa,Bebidas,Presencial,Sí,Lluvioso,16.0,1,41.8,2,Baja demanda
2024-12-16,Lunes,12,2024,0,0,Almuerzo,12,16,86,604.8,Gaseosa,Bebidas,Presencial,Sí,Soleado,26.0,0,38.0,6,Demanda moderada
2024-12-16,Lunes,12,2024,0,0,Cena,18,22,118,1360.7,Pollo Broaster,Pollos,Presencial,Sí,Soleado,26.0,0,50.8,4,Demanda moderada
2024-12-16,Lunes,12,2024,0,0,Desayuno,7,11,53,673.0,Pollo Broaster,Pollos,Presencial,No,Soleado,26.0,0,18.8,2,Baja demanda
2024-12-17,Martes,12,2024,0,0,Almuerzo,12,16,104,1588.0,Pollo Broaster,Pollos,Presencial,Sí,Nublado,23.0,0,36.5,4,Demanda moderada
2024-12-17,Martes,12,2024,0,0,Cena,18,22,141,1687.6,Gaseosa,Bebidas,Presencial,Sí,Nublado,23.0,0,53.8,6,Alta demanda
2024-12-17,Martes,12,2024,0,0,Desayuno,7,11,37,367.0,Hamburguesa Clásica,Hamburguesas,Presencial,No,Nublado,23.0,0,17.8,3,Baja demanda
2024-12-18,Miércoles,12,2024,0,0,Almuerzo,12,16,133,1998.0,Pollo Broaster,Pollos,Presencial,No,Soleado,29.0,0,33.4,6,Alta demanda
2024-12-18,Miércoles,12,2024,0,0,Cena,18,22,107,1410.2,Gaseosa,Bebidas,Web,Sí,Soleado,29.0,0,51.5,8,Demanda moderada
2024-12-18,Miércoles,12,2024,0,0,Desayuno,7,11,61,591.4,Pizza Personal,Pizzas,Presencial,Sí,Soleado,29.0,0,19.2,2,Baja demanda
2024-12-19,Jueves,12,2024,0,0,Almuerzo,12,16,132,1456.0,Gaseosa,Bebidas,Delivery,No,Nublado,21.0,0,40.0,6,Alta demanda
2024-12-19,Jueves,12,2024,0,0,Cena,18,22,71,1486.0,Pollo Broaster,Pollos,Presencial,No,Nublado,21.0,0,57.0,4,Baja demanda
2024-12-19,Jueves,12,2024,0,0,Desayuno,7,11,33,422.0,Pollo Broaster,Pollos,Presencial,No,Nublado,21.0,0,17.0,4,Baja demanda
2024-12-20,Viernes,12,2024,0,0,Almuerzo,12,16,162,1576.0,Gaseosa,Bebidas,Presencial,Sí,Nublado,23.0,0,31.2,6,Alta demanda
2024-12-20,Viernes,12,2024,0,0,Cena,18,22,127,1767.0,Gaseosa,Bebidas,Delivery,Sí,Nublado,23.0,0,55.2,8,Alta demanda
2024-12-20,Viernes,12,2024,0,0,Desayuno,7,11,41,291.2,Gaseosa,Bebidas,Presencial,Sí,Nublado,23.0,0,22.3,3,Baja demanda
2024-12-21,Sábado,12,2024,1,0,Almuerzo,12,16,169,1876.0,Gaseosa,Bebidas,Presencial,Sí,Nublado,22.0,0,44.8,7,Alta demanda
2024-12-21,Sábado,12,2024,1,0,Cena,18,22,157,1772.6,Gaseosa,Bebidas,Delivery,Sí,Nublado,22.0,0,60.2,6,Alta demanda
2024-12-21,Sábado,12,2024,1,0,Desayuno,7,11,34,306.6,Jugo Natural,Bebidas,Presencial,Sí,Nublado,22.0,0,29.3,5,Baja demanda
2024-12-22,Domingo,12,2024,1,0,Almuerzo,12,16,188,2017.5,Pollo Broaster,Pollos,Delivery,Sí,Nublado,22.0,0,48.2,5,Demanda crítica
2024-12-22,Domingo,12,2024,1,0,Cena,18,22,134,1486.0,Gaseosa,Bebidas,Presencial,Sí,Nublado,22.0,0,62.8,5,Alta demanda
2024-12-22,Domingo,12,2024,1,0,Desayuno,7,11,55,574.0,Gaseosa,Bebidas,Presencial,No,Nublado,22.0,0,26.8,2,Baja demanda
2024-12-23,Lunes,12,2024,0,0,Almuerzo,12,16,98,1458.0,Alitas BBQ,Pollos,Presencial,No,Soleado,28.0,0,39.0,7,Demanda moderada
2024-12-23,Lunes,12,2024,0,0,Cena,18,22,108,1672.0,Pollo Broaster,Pollos,Delivery,No,Soleado,28.0,0,51.4,8,Demanda moderada
2024-12-23,Lunes,12,2024,0,0,Desayuno,7,11,24,272.0,Jugo Natural,Bebidas,Presencial,No,Soleado,28.0,0,17.0,2,Baja demanda
2024-12-24,Martes,12,2024,0,0,Almuerzo,12,16,127,1274.6,Gaseosa,Bebidas,Presencial,Sí,Soleado,30.0,0,33.2,6,Alta demanda
2024-12-24,Martes,12,2024,0,0,Cena,18,22,113,1308.0,Gaseosa,Bebidas,Presencial,No,Soleado,30.0,0,52.8,6,Demanda moderada
2024-12-24,Martes,12,2024,0,0,Desayuno,7,11,61,512.8,Gaseosa,Bebidas,Presencial,Sí,Soleado,30.0,0,18.6,4,Baja demanda
2024-12-25,Miércoles,12,2024,0,1,Almuerzo,12,16,183,1854.0,Gaseosa,Bebidas,Delivery,No,Nublado,24.0,0,32.8,4,Demanda crítica
2024-12-25,Miércoles,12,2024,0,1,Cena,18,22,82,1406.2,Pollo Broaster,Pollos,Presencial,Sí,Nublado,24.0,0,52.3,4,Demanda moderada
2024-12-25,Miércoles,12,2024,0,1,Desayuno,7,11,54,515.0,Gaseosa,Bebidas,Presencial,No,Nublado,24.0,0,14.8,5,Baja demanda
2024-12-26,Jueves,12,2024,0,0,Almuerzo,12,16,93,1428.0,Cheeseburger,Hamburguesas,Delivery,No,Soleado,28.0,0,42.0,4,Demanda moderada
2024-12-26,Jueves,12,2024,0,0,Cena,18,22,144,2001.0,Gaseosa,Bebidas,Presencial,No,Soleado,28.0,0,55.2,6,Alta demanda
2024-12-26,Jueves,12,2024,0,0,Desayuno,7,11,62,553.0,Hamburguesa Clásica,Hamburguesas,Presencial,No,Soleado,28.0,0,15.5,2,Baja demanda
2024-12-27,Viernes,12,2024,0,0,Almuerzo,12,16,174,2067.2,Hamburguesa Clásica,Hamburguesas,Presencial,Sí,Soleado,23.0,0,37.8,5,Alta demanda
2024-12-27,Viernes,12,2024,0,0,Cena,18,22,87,1378.0,Salchipapa Especial,Salchipapas,Delivery,No,Soleado,23.0,0,45.0,6,Demanda moderada
2024-12-27,Viernes,12,2024,0,0,Desayuno,7,11,55,479.8,Gaseosa,Bebidas,Presencial,Sí,Soleado,23.0,0,19.5,2,Baja demanda
2024-12-28,Sábado,12,2024,1,0,Almuerzo,12,16,197,2236.8,Gaseosa,Bebidas,Delivery,Sí,Lluvioso,20.0,1,48.5,4,Demanda crítica
2024-12-28,Sábado,12,2024,1,0,Cena,18,22,117,1331.0,Gaseosa,Bebidas,Delivery,No,Lluvioso,20.0,1,72.7,9,Demanda moderada
2024-12-28,Sábado,12,2024,1,0,Desayuno,7,11,90,770.5,Gaseosa,Bebidas,Delivery,Sí,Lluvioso,20.0,1,40.8,3,Demanda moderada
2024-12-29,Domingo,12,2024,1,0,Almuerzo,12,16,193,2274.5,Pollo Broaster,Pollos,Presencial,Sí,Soleado,23.0,0,45.6,6,Demanda crítica
2024-12-29,Domingo,12,2024,1,0,Cena,18,22,161,2203.8,Hamburguesa Clásica,Hamburguesas,Delivery,Sí,Soleado,23.0,0,65.2,8,Alta demanda
2024-12-29,Domingo,12,2024,1,0,Desayuno,7,11,61,601.0,Pollo Broaster,Pollos,Presencial,No,Soleado,23.0,0,20.5,5,Baja demanda
2024-12-30,Lunes,12,2024,0,0,Almuerzo,12,16,154,1741.6,Gaseosa,Bebidas,Presencial,Sí,Soleado,30.0,0,33.8,5,Alta demanda
2024-12-30,Lunes,12,2024,0,0,Cena,18,22,81,1418.0,Salchipapa Clásica,Salchipapas,Web,No,Soleado,30.0,0,53.8,4,Demanda moderada
2024-12-30,Lunes,12,2024,0,0,Desayuno,7,11,53,470.6,Salchipapa Especial,Salchipapas,Presencial,Sí,Soleado,30.0,0,19.0,4,Baja demanda
2024-12-31,Martes,12,2024,0,0,Almuerzo,12,16,93,1815.0,Alitas BBQ,Pollos,Presencial,Sí,Soleado,26.0,0,32.2,7,Demanda moderada
2024-12-31,Martes,12,2024,0,0,Cena,18,22,96,1660.0,Pollo Broaster,Pollos,Delivery,No,Soleado,26.0,0,54.2,5,Demanda moderada
2024-12-31,Martes,12,2024,0,0,Desayuno,7,11,28,244.0,Jugo Natural,Bebidas,Presencial,No,Soleado,26.0,0,18.7,2,Baja demanda
2025-01-01,Miércoles,1,2025,0,1,Almuerzo,12,16,132,1677.0,Gaseosa,Bebidas,Delivery,No,Soleado,30.0,0,38.8,7,Alta demanda
2025-01-01,Miércoles,1,2025,0,1,Cena,18,22,110,1459.6,Gaseosa,Bebidas,Delivery,Sí,Soleado,30.0,0,60.2,6,Demanda moderada
2025-01-01,Miércoles,1,2025,0,1,Desayuno,7,11,87,857.4,Gaseosa,Bebidas,Presencial,Sí,Soleado,30.0,0,15.8,3,Demanda moderada
2025-01-02,Jueves,1,2025,0,0,Almuerzo,12,16,135,1673.5,Pollo Broaster,Pollos,Web,Sí,Nublado,19.0,0,32.4,5,Alta demanda
2025-01-02,Jueves,1,2025,0,0,Cena,18,22,63,1088.0,Hamburguesa BBQ,Hamburguesas,Presencial,No,Nublado,19.0,0,49.7,5,Baja demanda
2025-01-02,Jueves,1,2025,0,0,Desayuno,7,11,62,685.0,Gaseosa,Bebidas,Presencial,No,Nublado,19.0,0,18.0,4,Baja demanda
2025-01-03,Viernes,1,2025,0,0,Almuerzo,12,16,134,1501.0,Gaseosa,Bebidas,Presencial,Sí,Nublado,20.0,0,36.2,4,Alta demanda
2025-01-03,Viernes,1,2025,0,0,Cena,18,22,109,1965.2,Pollo Broaster,Pollos,Delivery,Sí,Nublado,20.0,0,55.0,5,Demanda moderada
2025-01-03,Viernes,1,2025,0,0,Desayuno,7,11,63,879.0,Gaseosa,Bebidas,Presencial,No,Nublado,20.0,0,17.4,3,Baja demanda
2025-01-04,Sábado,1,2025,1,0,Almuerzo,12,16,196,2384.0,Pollo Broaster,Pollos,Presencial,No,Soleado,31.0,0,42.4,7,Demanda crítica
2025-01-04,Sábado,1,2025,1,0,Cena,18,22,120,1750.2,Hamburguesa Clásica,Hamburguesas,Delivery,Sí,Soleado,31.0,0,67.0,8,Alta demanda
2025-01-04,Sábado,1,2025,1,0,Desayuno,7,11,100,919.8,Gaseosa,Bebidas,Presencial,Sí,Soleado,31.0,0,21.2,3,Demanda moderada
2025-01-05,Domingo,1,2025,1,0,Almuerzo,12,16,217,2123.0,Gaseosa,Bebidas,Presencial,Sí,Nublado,24.0,0,40.7,5,Demanda crítica
2025-01-05,Domingo,1,2025,1,0,Cena,18,22,103,1315.3,Hamburguesa Clásica,Hamburguesas,Presencial,Sí,Nublado,24.0,0,57.7,8,Demanda moderada
2025-01-05,Domingo,1,2025,1,0,Desayuno,7,11,58,647.0,Hamburguesa Clásica,Hamburguesas,Presencial,No,Nublado,24.0,0,27.8,3,Baja demanda
2025-01-06,Lunes,1,2025,0,0,Almuerzo,12,16,117,1566.8,Hamburguesa Clásica,Hamburguesas,Delivery,Sí,Soleado,31.0,0,31.5,7,Demanda moderada
2025-01-06,Lunes,1,2025,0,0,Cena,18,22,66,549.0,Gaseosa,Bebidas,Presencial,No,Soleado,31.0,0,53.7,6,Baja demanda
2025-01-06,Lunes,1,2025,0,0,Desayuno,7,11,43,415.4,Gaseosa,Bebidas,Delivery,Sí,Soleado,31.0,0,16.8,2,Baja demanda
2025-01-07,Martes,1,2025,0,0,Almuerzo,12,16,164,2146.0,Gaseosa,Bebidas,Delivery,No,Soleado,26.0,0,36.0,6,Alta demanda
2025-01-07,Martes,1,2025,0,0,Cena,18,22,71,1119.0,Hamburguesa Clásica,Hamburguesas,Web,Sí,Soleado,26.0,0,52.2,5,Baja demanda
2025-01-07,Martes,1,2025,0,0,Desayuno,7,11,32,267.0,Gaseosa,Bebidas,Presencial,No,Soleado,26.0,0,19.0,2,Baja demanda
2025-01-08,Miércoles,1,2025,0,0,Almuerzo,12,16,147,1595.0,Gaseosa,Bebidas,Presencial,No,Soleado,25.0,0,35.6,6,Alta demanda
2025-01-08,Miércoles,1,2025,0,0,Cena,18,22,103,1345.0,Gaseosa,Bebidas,Delivery,No,Soleado,25.0,0,50.6,7,Demanda moderada
2025-01-08,Miércoles,1,2025,0,0,Desayuno,7,11,42,341.0,Gaseosa,Bebidas,Presencial,No,Soleado,25.0,0,17.0,4,Baja demanda
2025-01-09,Jueves,1,2025,0,0,Almuerzo,12,16,137,1822.0,Pollo Broaster,Pollos,Delivery,Sí,Nublado,20.0,0,34.8,6,Alta demanda
2025-01-09,Jueves,1,2025,0,0,Cena,18,22,82,855.0,Gaseosa,Bebidas,Web,No,Nublado,20.0,0,46.3,7,Demanda moderada
2025-01-09,Jueves,1,2025,0,0,Desayuno,7,11,58,520.0,Gaseosa,Bebidas,Presencial,No,Nublado,20.0,0,18.6,4,Baja demanda
2025-01-10,Viernes,1,2025,0,0,Almuerzo,12,16,171,2320.0,Pollo Broaster,Pollos,Presencial,No,Nublado,20.0,0,32.4,7,Alta demanda
2025-01-10,Viernes,1,2025,0,0,Cena,18,22,133,1840.0,Pollo Broaster,Pollos,Delivery,No,Nublado,20.0,0,51.4,4,Alta demanda
2025-01-10,Viernes,1,2025,0,0,Desayuno,7,11,75,743.0,Gaseosa,Bebidas,Presencial,No,Nublado,20.0,0,18.0,4,Baja demanda
2025-01-11,Sábado,1,2025,1,0,Almuerzo,12,16,132,1893.0,Pollo Broaster,Pollos,Presencial,No,Soleado,24.0,0,48.7,8,Alta demanda
2025-01-11,Sábado,1,2025,1,0,Cena,18,22,136,2056.0,Salchipapa Clásica,Salchipapas,Delivery,No,Soleado,24.0,0,65.0,7,Alta demanda
2025-01-11,Sábado,1,2025,1,0,Desayuno,7,11,70,506.0,Gaseosa,Bebidas,Presencial,Sí,Soleado,24.0,0,32.0,3,Baja demanda
2025-01-12,Domingo,1,2025,1,0,Almuerzo,12,16,123,985.0,Gaseosa,Bebidas,Presencial,No,Soleado,31.0,0,39.7,5,Alta demanda
2025-01-12,Domingo,1,2025,1,0,Cena,18,22,133,1360.25,Sándwich de Pollo,Sándwiches,Delivery,Sí,Soleado,31.0,0,60.0,5,Alta demanda
2025-01-12,Domingo,1,2025,1,0,Desayuno,7,11,68,562.2,Gaseosa,Bebidas,Presencial,Sí,Soleado,31.0,0,26.2,4,Baja demanda
2025-01-13,Lunes,1,2025,0,0,Almuerzo,12,16,80,1047.4,Salchipapa Especial,Salchipapas,Presencial,Sí,Soleado,26.0,0,34.8,5,Demanda moderada
2025-01-13,Lunes,1,2025,0,0,Cena,18,22,91,1181.5,Alitas BBQ,Pollos,Presencial,Sí,Soleado,26.0,0,46.8,4,Demanda moderada
2025-01-13,Lunes,1,2025,0,0,Desayuno,7,11,45,493.0,Hamburguesa Clásica,Hamburguesas,Presencial,No,Soleado,26.0,0,20.0,4,Baja demanda
2025-01-14,Martes,1,2025,0,0,Almuerzo,12,16,117,1305.3,Salchipapa Clásica,Salchipapas,Delivery,Sí,Lluvioso,22.0,1,55.8,5,Demanda moderada
2025-01-14,Martes,1,2025,0,0,Cena,18,22,138,1875.5,Salchipapa Especial,Salchipapas,Web,Sí,Lluvioso,22.0,1,70.8,8,Alta demanda
2025-01-14,Martes,1,2025,0,0,Desayuno,7,11,48,410.75,Gaseosa,Bebidas,Presencial,Sí,Lluvioso,22.0,1,34.6,3,Baja demanda
2025-01-15,Miércoles,1,2025,0,0,Almuerzo,12,16,105,1277.0,Pollo Broaster,Pollos,Presencial,No,Nublado,22.0,0,31.8,5,Demanda moderada
2025-01-15,Miércoles,1,2025,0,0,Cena,18,22,70,994.0,Salchipapa Especial,Salchipapas,Presencial,No,Nublado,22.0,0,55.0,7,Baja demanda
2025-01-15,Miércoles,1,2025,0,0,Desayuno,7,11,68,765.6,Pollo Broaster,Pollos,Presencial,Sí,Nublado,22.0,0,16.5,4,Baja demanda
2025-01-16,Jueves,1,2025,0,0,Almuerzo,12,16,120,1629.0,Salchipapa Especial,Salchipapas,Web,No,Soleado,27.0,0,41.0,7,Alta demanda
2025-01-16,Jueves,1,2025,0,0,Cena,18,22,75,998.0,Gaseosa,Bebidas,Presencial,No,Soleado,27.0,0,53.0,6,Baja demanda
2025-01-16,Jueves,1,2025,0,0,Desayuno,7,11,53,568.0,Gaseosa,Bebidas,Presencial,Sí,Soleado,27.0,0,20.0,3,Baja demanda
2025-01-17,Viernes,1,2025,0,0,Almuerzo,12,16,162,1524.0,Salchipapa Especial,Salchipapas,Presencial,No,Nublado,18.0,0,40.0,5,Alta demanda
2025-01-17,Viernes,1,2025,0,0,Cena,18,22,126,2061.0,Salchipapa Especial,Salchipapas,Delivery,No,Nublado,18.0,0,59.8,4,Alta demanda
2025-01-17,Viernes,1,2025,0,0,Desayuno,7,11,75,925.2,Hamburguesa Clásica,Hamburguesas,Presencial,Sí,Nublado,18.0,0,18.0,4,Baja demanda
2025-01-18,Sábado,1,2025,1,0,Almuerzo,12,16,193,2230.0,Gaseosa,Bebidas,Delivery,No,Lluvioso,20.0,1,59.4,6,Demanda crítica
2025-01-18,Sábado,1,2025,1,0,Cena,18,22,155,1710.0,Gaseosa,Bebidas,Delivery,No,Lluvioso,20.0,1,78.2,9,Alta demanda
2025-01-18,Sábado,1,2025,1,0,Desayuno,7,11,79,688.0,Gaseosa,Bebidas,Presencial,Sí,Lluvioso,20.0,1,43.4,3,Baja demanda
2025-01-19,Domingo,1,2025,1,0,Almuerzo,12,16,206,2391.15,Gaseosa,Bebidas,Presencial,Sí,Soleado,30.0,0,48.4,5,Demanda crítica
2025-01-19,Domingo,1,2025,1,0,Cena,18,22,111,1833.0,Salchipapa Especial,Salchipapas,Presencial,Sí,Soleado,30.0,0,62.5,5,Demanda moderada
2025-01-19,Domingo,1,2025,1,0,Desayuno,7,11,54,740.0,Jugo Natural,Bebidas,Presencial,No,Soleado,30.0,0,25.2,3,Baja demanda
2025-01-20,Lunes,1,2025,0,0,Almuerzo,12,16,162,1880.0,Gaseosa,Bebidas,Presencial,No,Soleado,30.0,0,35.2,4,Alta demanda
2025-01-20,Lunes,1,2025,0,0,Cena,18,22,56,726.0,Gaseosa,Bebidas,Presencial,No,Soleado,30.0,0,41.0,8,Baja demanda
2025-01-20,Lunes,1,2025,0,0,Desayuno,7,11,57,595.0,Gaseosa,Bebidas,Presencial,No,Soleado,30.0,0,18.8,3,Baja demanda
2025-01-21,Martes,1,2025,0,0,Almuerzo,12,16,148,1568.0,Gaseosa,Bebidas,Presencial,No,Nublado,20.0,0,34.0,6,Alta demanda
2025-01-21,Martes,1,2025,0,0,Cena,18,22,70,1186.0,Pollo Broaster,Pollos,Delivery,No,Nublado,20.0,0,50.7,8,Baja demanda
2025-01-21,Martes,1,2025,0,0,Desayuno,7,11,57,498.3,Hamburguesa Clásica,Hamburguesas,Presencial,Sí,Nublado,20.0,0,14.8,4,Baja demanda
2025-01-22,Miércoles,1,2025,0,0,Almuerzo,12,16,102,1535.0,Pollo Broaster,Pollos,Presencial,No,Nublado,24.0,0,35.5,5,Demanda moderada
2025-01-22,Miércoles,1,2025,0,0,Cena,18,22,119,1450.5,Salchipapa Especial,Salchipapas,Delivery,Sí,Nublado,24.0,0,59.4,8,Demanda moderada
2025-01-22,Miércoles,1,2025,0,0,Desayuno,7,11,51,517.6,Salchipapa Clásica,Salchipapas,Presencial,Sí,Nublado,24.0,0,21.8,2,Baja demanda
2025-01-23,Jueves,1,2025,0,0,Almuerzo,12,16,127,2214.15,Salchipapa Especial,Salchipapas,Presencial,Sí,Soleado,30.0,0,31.6,4,Alta demanda
2025-01-23,Jueves,1,2025,0,0,Cena,18,22,157,1548.0,Gaseosa,Bebidas,Web,Sí,Soleado,30.0,0,55.7,5,Alta demanda
2025-01-23,Jueves,1,2025,0,0,Desayuno,7,11,55,390.4,Gaseosa,Bebidas,Presencial,Sí,Soleado,30.0,0,21.5,4,Baja demanda
2025-01-24,Viernes,1,2025,0,0,Almuerzo,12,16,175,2360.0,Gaseosa,Bebidas,Presencial,No,Nublado,21.0,0,33.5,7,Alta demanda
2025-01-24,Viernes,1,2025,0,0,Cena,18,22,103,1805.0,Pollo Broaster,Pollos,Delivery,No,Nublado,21.0,0,51.2,6,Demanda moderada
2025-01-24,Viernes,1,2025,0,0,Desayuno,7,11,44,508.0,Cheeseburger,Hamburguesas,Presencial,No,Nublado,21.0,0,17.2,4,Baja demanda
2025-01-25,Sábado,1,2025,1,0,Almuerzo,12,16,236,3006.0,Pollo Broaster,Pollos,Delivery,Sí,Nublado,20.0,0,46.0,6,Demanda crítica
2025-01-25,Sábado,1,2025,1,0,Cena,18,22,194,3007.4,Hamburguesa BBQ,Hamburguesas,Presencial,Sí,Nublado,20.0,0,67.7,8,Demanda crítica
2025-01-25,Sábado,1,2025,1,0,Desayuno,7,11,47,500.0,Hamburguesa Clásica,Hamburguesas,Presencial,No,Nublado,20.0,0,26.0,4,Baja demanda
2025-01-26,Domingo,1,2025,1,0,Almuerzo,12,16,123,1816.0,Salchipapa Especial,Salchipapas,Delivery,Sí,Lluvioso,21.0,1,52.0,4,Alta demanda
2025-01-26,Domingo,1,2025,1,0,Cena,18,22,143,2262.0,Alitas BBQ,Pollos,Delivery,Sí,Lluvioso,21.0,1,69.6,7,Alta demanda
2025-01-26,Domingo,1,2025,1,0,Desayuno,7,11,35,422.0,Hamburguesa BBQ,Hamburguesas,Presencial,No,Lluvioso,21.0,1,46.3,4,Baja demanda
2025-01-27,Lunes,1,2025,0,0,Almuerzo,12,16,100,1516.0,Hamburguesa Clásica,Hamburguesas,Presencial,No,Soleado,24.0,0,33.5,6,Demanda moderada
2025-01-27,Lunes,1,2025,0,0,Cena,18,22,83,642.0,Gaseosa,Bebidas,Delivery,Sí,Soleado,24.0,0,47.7,5,Demanda moderada
2025-01-27,Lunes,1,2025,0,0,Desayuno,7,11,36,451.0,Sándwich de Pollo,Sándwiches,Presencial,No,Soleado,24.0,0,15.8,4,Baja demanda
2025-01-28,Martes,1,2025,0,0,Almuerzo,12,16,97,1119.6,Salchipapa Clásica,Salchipapas,Presencial,Sí,Soleado,27.0,0,35.0,5,Demanda moderada
2025-01-28,Martes,1,2025,0,0,Cena,18,22,113,1326.5,Hamburguesa Clásica,Hamburguesas,Delivery,Sí,Soleado,27.0,0,51.8,4,Demanda moderada
2025-01-28,Martes,1,2025,0,0,Desayuno,7,11,43,409.2,Sándwich de Pollo,Sándwiches,Presencial,Sí,Soleado,27.0,0,13.5,4,Baja demanda
2025-01-29,Miércoles,1,2025,0,0,Almuerzo,12,16,87,1451.0,Pollo Broaster,Pollos,Web,No,Soleado,30.0,0,37.0,5,Demanda moderada
2025-01-29,Miércoles,1,2025,0,0,Cena,18,22,138,1604.6,Pollo Broaster,Pollos,Delivery,Sí,Soleado,30.0,0,57.2,6,Alta demanda
2025-01-29,Miércoles,1,2025,0,0,Desayuno,7,11,32,304.0,Jugo Natural,Bebidas,Presencial,No,Soleado,30.0,0,20.5,2,Baja demanda
2025-01-30,Jueves,1,2025,0,0,Almuerzo,12,16,82,1162.75,Salchipapa Especial,Salchipapas,Presencial,Sí,Nublado,23.0,0,39.0,7,Demanda moderada
2025-01-30,Jueves,1,2025,0,0,Cena,18,22,134,1538.0,Pollo Broaster,Pollos,Presencial,Sí,Nublado,23.0,0,56.8,7,Alta demanda
2025-01-30,Jueves,1,2025,0,0,Desayuno,7,11,32,321.0,Gaseosa,Bebidas,Presencial,No,Nublado,23.0,0,19.0,3,Baja demanda
2025-01-31,Viernes,1,2025,0,0,Almuerzo,12,16,234,2732.5,Pollo Broaster,Pollos,Presencial,Sí,Soleado,29.0,0,37.7,7,Demanda crítica
2025-01-31,Viernes,1,2025,0,0,Cena,18,22,114,1678.0,Gaseosa,Bebidas,Delivery,No,Soleado,29.0,0,56.2,6,Demanda moderada
2025-01-31,Viernes,1,2025,0,0,Desayuno,7,11,41,598.0,Hamburguesa Clásica,Hamburguesas,Delivery,No,Soleado,29.0,0,19.0,3,Baja demanda
2025-02-01,Sábado,2,2025,1,0,Almuerzo,12,16,165,1649.2,Gaseosa,Bebidas,Delivery,Sí,Nublado,20.0,0,34.0,4,Alta demanda
2025-02-01,Sábado,2,2025,1,0,Cena,18,22,86,741.0,Gaseosa,Bebidas,Presencial,No,Nublado,20.0,0,53.3,7,Demanda moderada
2025-02-01,Sábado,2,2025,1,0,Desayuno,7,11,73,846.2,Pollo Broaster,Pollos,Presencial,Sí,Nublado,20.0,0,29.0,4,Baja demanda
2025-02-02,Domingo,2,2025,1,0,Almuerzo,12,16,223,2635.0,Pollo Broaster,Pollos,Presencial,No,Soleado,28.0,0,38.8,5,Demanda crítica
2025-02-02,Domingo,2,2025,1,0,Cena,18,22,96,1684.25,Hamburguesa Clásica,Hamburguesas,Web,Sí,Soleado,28.0,0,63.5,8,Demanda moderada
2025-02-02,Domingo,2,2025,1,0,Desayuno,7,11,46,319.0,Gaseosa,Bebidas,Presencial,No,Soleado,28.0,0,22.0,4,Baja demanda
2025-02-03,Lunes,2,2025,0,0,Almuerzo,12,16,89,672.0,Gaseosa,Bebidas,Presencial,Sí,Soleado,25.0,0,36.7,6,Demanda moderada
2025-02-03,Lunes,2,2025,0,0,Cena,18,22,70,1064.0,Hamburguesa BBQ,Hamburguesas,Presencial,Sí,Soleado,25.0,0,55.5,4,Baja demanda
2025-02-03,Lunes,2,2025,0,0,Desayuno,7,11,49,627.4,Pollo Broaster,Pollos,Presencial,Sí,Soleado,25.0,0,18.4,3,Baja demanda
2025-02-04,Martes,2,2025,0,0,Almuerzo,12,16,125,1696.0,Pollo Broaster,Pollos,Presencial,No,Nublado,19.0,0,35.7,5,Alta demanda
2025-02-04,Martes,2,2025,0,0,Cena,18,22,118,1677.0,Gaseosa,Bebidas,Web,No,Nublado,19.0,0,51.3,4,Demanda moderada
2025-02-04,Martes,2,2025,0,0,Desayuno,7,11,48,364.0,Gaseosa,Bebidas,Presencial,Sí,Nublado,19.0,0,19.2,2,Baja demanda
2025-02-05,Miércoles,2,2025,0,0,Almuerzo,12,16,127,1812.0,Pollo Broaster,Pollos,Presencial,No,Soleado,30.0,0,35.0,4,Alta demanda
2025-02-05,Miércoles,2,2025,0,0,Cena,18,22,88,1758.0,Alitas BBQ,Pollos,Delivery,Sí,Soleado,30.0,0,60.0,8,Demanda moderada
2025-02-05,Miércoles,2,2025,0,0,Desayuno,7,11,69,677.0,Gaseosa,Bebidas,Presencial,No,Soleado,30.0,0,18.4,3,Baja demanda
2025-02-06,Jueves,2,2025,0,0,Almuerzo,12,16,118,1608.0,Gaseosa,Bebidas,Presencial,No,Nublado,22.0,0,37.4,4,Demanda moderada
2025-02-06,Jueves,2,2025,0,0,Cena,18,22,124,1520.0,Gaseosa,Bebidas,Delivery,No,Nublado,22.0,0,53.0,4,Alta demanda
2025-02-06,Jueves,2,2025,0,0,Desayuno,7,11,49,659.2,Jugo Natural,Bebidas,Presencial,Sí,Nublado,22.0,0,18.4,4,Baja demanda
2025-02-07,Viernes,2,2025,0,0,Almuerzo,12,16,101,1339.0,Salchipapa Especial,Salchipapas,Presencial,No,Soleado,29.0,0,32.0,5,Demanda moderada
2025-02-07,Viernes,2,2025,0,0,Cena,18,22,64,1146.0,Hamburguesa Clásica,Hamburguesas,Delivery,No,Soleado,29.0,0,54.7,8,Baja demanda
2025-02-07,Viernes,2,2025,0,0,Desayuno,7,11,49,520.0,Gaseosa,Bebidas,Presencial,No,Soleado,29.0,0,16.2,3,Baja demanda
2025-02-08,Sábado,2,2025,1,0,Almuerzo,12,16,139,1656.0,Gaseosa,Bebidas,Presencial,No,Nublado,18.0,0,40.3,7,Alta demanda
2025-02-08,Sábado,2,2025,1,0,Cena,18,22,118,1896.0,Salchipapa Especial,Salchipapas,Delivery,No,Nublado,18.0,0,61.8,8,Demanda moderada
2025-02-08,Sábado,2,2025,1,0,Desayuno,7,11,80,604.5,Jugo Natural,Bebidas,Presencial,Sí,Nublado,18.0,0,23.0,4,Demanda moderada
2025-02-09,Domingo,2,2025,1,0,Almuerzo,12,16,166,1752.05,Gaseosa,Bebidas,Web,Sí,Soleado,30.0,0,38.6,4,Alta demanda
2025-02-09,Domingo,2,2025,1,0,Cena,18,22,113,1992.0,Hamburguesa BBQ,Hamburguesas,Delivery,No,Soleado,30.0,0,62.0,6,Demanda moderada
2025-02-09,Domingo,2,2025,1,0,Desayuno,7,11,67,1039.0,Pollo Broaster,Pollos,Presencial,No,Soleado,30.0,0,24.6,2,Baja demanda
2025-02-10,Lunes,2,2025,0,0,Almuerzo,12,16,125,1957.8,Pollo Broaster,Pollos,Delivery,Sí,Lluvioso,18.0,1,51.0,4,Alta demanda
2025-02-10,Lunes,2,2025,0,0,Cena,18,22,118,1277.0,Gaseosa,Bebidas,Delivery,No,Lluvioso,18.0,1,64.5,5,Demanda moderada
2025-02-10,Lunes,2,2025,0,0,Desayuno,7,11,64,609.8,Gaseosa,Bebidas,Delivery,Sí,Lluvioso,18.0,1,31.3,4,Baja demanda
2025-02-11,Martes,2,2025,0,0,Almuerzo,12,16,97,811.0,Gaseosa,Bebidas,Delivery,Sí,Lluvioso,17.0,1,58.7,6,Demanda moderada
2025-02-11,Martes,2,2025,0,0,Cena,18,22,138,1501.75,Gaseosa,Bebidas,Delivery,Sí,Lluvioso,17.0,1,65.0,6,Alta demanda
2025-02-11,Martes,2,2025,0,0,Desayuno,7,11,61,637.8,Pollo Broaster,Pollos,Presencial,Sí,Lluvioso,17.0,1,35.0,3,Baja demanda
2025-02-12,Miércoles,2,2025,0,0,Almuerzo,12,16,105,1627.2,Pollo Broaster,Pollos,Presencial,Sí,Soleado,30.0,0,47.0,4,Demanda moderada
2025-02-12,Miércoles,2,2025,0,0,Cena,18,22,129,1837.0,Gaseosa,Bebidas,Delivery,Sí,Soleado,30.0,0,52.0,7,Alta demanda
2025-02-12,Miércoles,2,2025,0,0,Desayuno,7,11,32,412.0,Salchipapa Clásica,Salchipapas,Presencial,No,Soleado,30.0,0,19.3,4,Baja demanda
2025-02-13,Jueves,2,2025,0,0,Almuerzo,12,16,189,1966.1,Gaseosa,Bebidas,Presencial,Sí,Soleado,31.0,0,35.3,4,Demanda crítica
2025-02-13,Jueves,2,2025,0,0,Cena,18,22,146,2635.0,Pollo Broaster,Pollos,Presencial,Sí,Soleado,31.0,0,52.3,4,Alta demanda
2025-02-13,Jueves,2,2025,0,0,Desayuno,7,11,37,437.0,Pizza Personal,Pizzas,Presencial,Sí,Soleado,31.0,0,16.5,2,Baja demanda
2025-02-14,Viernes,2,2025,0,0,Almuerzo,12,16,144,1721.75,Salchipapa Especial,Salchipapas,Presencial,Sí,Nublado,20.0,0,29.0,5,Alta demanda
2025-02-14,Viernes,2,2025,0,0,Cena,18,22,111,1289.0,Gaseosa,Bebidas,Delivery,No,Nublado,20.0,0,47.5,7,Demanda moderada
2025-02-14,Viernes,2,2025,0,0,Desayuno,7,11,75,663.5,Gaseosa,Bebidas,Presencial,Sí,Nublado,20.0,0,18.6,3,Baja demanda
2025-02-15,Sábado,2,2025,1,0,Almuerzo,12,16,168,1979.0,Gaseosa,Bebidas,Presencial,Sí,Nublado,23.0,0,40.2,5,Alta demanda
2025-02-15,Sábado,2,2025,1,0,Cena,18,22,190,2153.8,Gaseosa,Bebidas,Delivery,Sí,Nublado,23.0,0,62.7,7,Demanda crítica
2025-02-15,Sábado,2,2025,1,0,Desayuno,7,11,48,432.7,Jugo Natural,Bebidas,Delivery,Sí,Nublado,23.0,0,23.8,4,Baja demanda
2025-02-16,Domingo,2,2025,1,0,Almuerzo,12,16,167,2452.1,Hamburguesa Clásica,Hamburguesas,Delivery,Sí,Soleado,30.0,0,40.4,6,Alta demanda
2025-02-16,Domingo,2,2025,1,0,Cena,18,22,151,1940.9,Hamburguesa Clásica,Hamburguesas,Delivery,Sí,Soleado,30.0,0,56.0,7,Alta demanda
2025-02-16,Domingo,2,2025,1,0,Desayuno,7,11,81,650.95,Gaseosa,Bebidas,Presencial,Sí,Soleado,30.0,0,22.6,5,Demanda moderada
2025-02-17,Lunes,2,2025,0,0,Almuerzo,12,16,99,1832.0,Pollo Broaster,Pollos,Presencial,No,Soleado,31.0,0,36.8,4,Demanda moderada
2025-02-17,Lunes,2,2025,0,0,Cena,18,22,92,1332.0,Hamburguesa Clásica,Hamburguesas,Delivery,Sí,Soleado,31.0,0,53.6,8,Demanda moderada
2025-02-17,Lunes,2,2025,0,0,Desayuno,7,11,51,511.0,Gaseosa,Bebidas,Presencial,No,Soleado,31.0,0,16.8,4,Baja demanda
2025-02-18,Martes,2,2025,0,0,Almuerzo,12,16,127,1229.2,Gaseosa,Bebidas,Presencial,Sí,Soleado,26.0,0,40.6,7,Alta demanda
2025-02-18,Martes,2,2025,0,0,Cena,18,22,62,1080.6,Salchipapa Especial,Salchipapas,Delivery,Sí,Soleado,26.0,0,57.0,7,Baja demanda
2025-02-18,Martes,2,2025,0,0,Desayuno,7,11,53,592.0,Salchipapa Especial,Salchipapas,Presencial,No,Soleado,26.0,0,16.0,3,Baja demanda
2025-02-19,Miércoles,2,2025,0,0,Almuerzo,12,16,135,1641.0,Gaseosa,Bebidas,Delivery,No,Soleado,27.0,0,33.2,6,Alta demanda
2025-02-19,Miércoles,2,2025,0,0,Cena,18,22,96,1248.3,Pollo Broaster,Pollos,Presencial,Sí,Soleado,27.0,0,60.8,7,Demanda moderada
2025-02-19,Miércoles,2,2025,0,0,Desayuno,7,11,42,298.0,Gaseosa,Bebidas,Presencial,No,Soleado,27.0,0,16.0,3,Baja demanda
2025-02-20,Jueves,2,2025,0,0,Almuerzo,12,16,158,2315.0,Pollo Broaster,Pollos,Presencial,No,Nublado,19.0,0,33.6,4,Alta demanda
2025-02-20,Jueves,2,2025,0,0,Cena,18,22,113,1455.6,Pollo Broaster,Pollos,Web,Sí,Nublado,19.0,0,54.0,4,Demanda moderada
2025-02-20,Jueves,2,2025,0,0,Desayuno,7,11,47,524.0,Hamburguesa Clásica,Hamburguesas,Presencial,No,Nublado,19.0,0,19.0,3,Baja demanda
2025-02-21,Viernes,2,2025,0,0,Almuerzo,12,16,172,1880.0,Pollo Broaster,Pollos,Presencial,No,Soleado,27.0,0,33.4,6,Alta demanda
2025-02-21,Viernes,2,2025,0,0,Cena,18,22,124,1993.2,Salchipapa Clásica,Salchipapas,Presencial,Sí,Soleado,27.0,0,58.6,4,Alta demanda
2025-02-21,Viernes,2,2025,0,0,Desayuno,7,11,35,343.2,Hamburguesa Clásica,Hamburguesas,Presencial,Sí,Soleado,27.0,0,21.7,2,Baja demanda
2025-02-22,Sábado,2,2025,1,0,Almuerzo,12,16,203,2654.5,Gaseosa,Bebidas,Delivery,Sí,Soleado,25.0,0,50.2,7,Demanda crítica
2025-02-22,Sábado,2,2025,1,0,Cena,18,22,191,2522.6,Gaseosa,Bebidas,Presencial,Sí,Soleado,25.0,0,63.5,6,Demanda crítica
2025-02-22,Sábado,2,2025,1,0,Desayuno,7,11,49,480.0,Hamburguesa Clásica,Hamburguesas,Presencial,No,Soleado,25.0,0,18.8,2,Baja demanda
2025-02-23,Domingo,2,2025,1,0,Almuerzo,12,16,202,2126.6,Gaseosa,Bebidas,Presencial,Sí,Soleado,27.0,0,42.2,6,Demanda crítica
2025-02-23,Domingo,2,2025,1,0,Cena,18,22,131,1944.0,Pollo Broaster,Pollos,Delivery,No,Soleado,27.0,0,56.8,7,Alta demanda
2025-02-23,Domingo,2,2025,1,0,Desayuno,7,11,40,389.0,Hamburguesa Clásica,Hamburguesas,Presencial,No,Soleado,27.0,0,20.3,4,Baja demanda
2025-02-24,Lunes,2,2025,0,0,Almuerzo,12,16,101,1433.6,Jugo Natural,Bebidas,Delivery,Sí,Lluvioso,21.0,1,52.2,7,Demanda moderada
2025-02-24,Lunes,2,2025,0,0,Cena,18,22,91,1750.0,Pollo Broaster,Pollos,Delivery,No,Lluvioso,21.0,1,66.5,4,Demanda moderada
2025-02-24,Lunes,2,2025,0,0,Desayuno,7,11,52,465.0,Gaseosa,Bebidas,Delivery,No,Lluvioso,21.0,1,31.0,2,Baja demanda
2025-02-25,Martes,2,2025,0,0,Almuerzo,12,16,129,1616.0,Pollo Broaster,Pollos,Delivery,No,Soleado,26.0,0,32.5,6,Alta demanda
2025-02-25,Martes,2,2025,0,0,Cena,18,22,119,1858.0,Alitas BBQ,Pollos,Presencial,Sí,Soleado,26.0,0,59.8,5,Demanda moderada
2025-02-25,Martes,2,2025,0,0,Desayuno,7,11,46,502.0,Gaseosa,Bebidas,Presencial,No,Soleado,26.0,0,16.8,3,Baja demanda
2025-02-26,Miércoles,2,2025,0,0,Almuerzo,12,16,123,1449.0,Gaseosa,Bebidas,Delivery,Sí,Nublado,18.0,0,36.2,4,Alta demanda
2025-02-26,Miércoles,2,2025,0,0,Cena,18,22,107,1231.0,Gaseosa,Bebidas,Delivery,No,Nublado,18.0,0,55.0,7,Demanda moderada
2025-02-26,Miércoles,2,2025,0,0,Desayuno,7,11,44,468.0,Hamburguesa Clásica,Hamburguesas,Presencial,No,Nublado,18.0,0,17.0,3,Baja demanda
2025-02-27,Jueves,2,2025,0,0,Almuerzo,12,16,170,2432.0,Hamburguesa BBQ,Hamburguesas,Presencial,Sí,Soleado,27.0,0,39.3,4,Alta demanda
2025-02-27,Jueves,2,2025,0,0,Cena,18,22,71,1211.0,Sándwich de Pollo,Sándwiches,Delivery,No,Soleado,27.0,0,52.5,7,Baja demanda
2025-02-27,Jueves,2,2025,0,0,Desayuno,7,11,56,557.0,Gaseosa,Bebidas,Presencial,No,Soleado,27.0,0,15.8,3,Baja demanda
2025-02-28,Viernes,2,2025,0,0,Almuerzo,12,16,196,2414.0,Gaseosa,Bebidas,Presencial,No,Soleado,23.0,0,30.8,7,Demanda crítica
2025-02-28,Viernes,2,2025,0,0,Cena,18,22,125,1896.0,Gaseosa,Bebidas,Presencial,No,Soleado,23.0,0,48.0,4,Alta demanda
2025-02-28,Viernes,2,2025,0,0,Desayuno,7,11,29,421.0,Sándwich de Pollo,Sándwiches,Presencial,No,Soleado,23.0,0,16.7,4,Baja demanda
2025-03-01,Sábado,3,2025,1,0,Almuerzo,12,16,101,1580.0,Pollo Broaster,Pollos,Delivery,No,Nublado,22.0,0,46.7,6,Demanda moderada
2025-03-01,Sábado,3,2025,1,0,Cena,18,22,96,1870.0,Hamburguesa BBQ,Hamburguesas,Presencial,No,Nublado,22.0,0,63.8,9,Demanda moderada
2025-03-01,Sábado,3,2025,1,0,Desayuno,7,11,77,621.2,Gaseosa,Bebidas,Presencial,Sí,Nublado,22.0,0,26.2,2,Baja demanda
2025-03-02,Domingo,3,2025,1,0,Almuerzo,12,16,201,3100.0,Hamburguesa Clásica,Hamburguesas,Delivery,No,Soleado,29.0,0,39.8,7,Demanda crítica
2025-03-02,Domingo,3,2025,1,0,Cena,18,22,121,1688.0,Gaseosa,Bebidas,Presencial,No,Soleado,29.0,0,60.2,7,Alta demanda
2025-03-02,Domingo,3,2025,1,0,Desayuno,7,11,60,600.6,Gaseosa,Bebidas,Presencial,Sí,Soleado,29.0,0,22.6,3,Baja demanda
2025-03-03,Lunes,3,2025,0,0,Almuerzo,12,16,80,958.0,Alitas BBQ,Pollos,Presencial,No,Soleado,31.0,0,37.5,4,Demanda moderada
2025-03-03,Lunes,3,2025,0,0,Cena,18,22,66,1104.0,Pollo Broaster,Pollos,Delivery,No,Soleado,31.0,0,51.0,6,Baja demanda
2025-03-03,Lunes,3,2025,0,0,Desayuno,7,11,44,391.0,Gaseosa,Bebidas,Presencial,No,Soleado,31.0,0,14.6,2,Baja demanda
2025-03-04,Martes,3,2025,0,0,Almuerzo,12,16,153,1999.0,Gaseosa,Bebidas,Web,No,Soleado,29.0,0,32.8,4,Alta demanda
2025-03-04,Martes,3,2025,0,0,Cena,18,22,122,1208.6,Gaseosa,Bebidas,Presencial,Sí,Soleado,29.0,0,49.8,4,Alta demanda
2025-03-04,Martes,3,2025,0,0,Desayuno,7,11,50,579.0,Salchipapa Especial,Salchipapas,Presencial,No,Soleado,29.0,0,15.4,3,Baja demanda
2025-03-05,Miércoles,3,2025,0,0,Almuerzo,12,16,76,1037.8,Pollo Broaster,Pollos,Delivery,Sí,Nublado,23.0,0,43.3,6,Baja demanda
2025-03-05,Miércoles,3,2025,0,0,Cena,18,22,72,985.0,Hamburguesa Clásica,Hamburguesas,Delivery,No,Nublado,23.0,0,43.5,5,Baja demanda
2025-03-05,Miércoles,3,2025,0,0,Desayuno,7,11,54,589.5,Gaseosa,Bebidas,Presencial,Sí,Nublado,23.0,0,20.8,3,Baja demanda
2025-03-06,Jueves,3,2025,0,0,Almuerzo,12,16,134,1637.0,Gaseosa,Bebidas,Presencial,No,Nublado,23.0,0,31.8,6,Alta demanda
2025-03-06,Jueves,3,2025,0,0,Cena,18,22,54,878.0,Cheeseburger,Hamburguesas,Presencial,No,Nublado,23.0,0,50.0,4,Baja demanda
2025-03-06,Jueves,3,2025,0,0,Desayuno,7,11,65,563.2,Gaseosa,Bebidas,Presencial,Sí,Nublado,23.0,0,20.2,4,Baja demanda
2025-03-07,Viernes,3,2025,0,0,Almuerzo,12,16,169,2028.0,Salchipapa Especial,Salchipapas,Delivery,No,Lluvioso,20.0,1,51.4,4,Alta demanda
2025-03-07,Viernes,3,2025,0,0,Cena,18,22,108,1923.0,Hamburguesa Clásica,Hamburguesas,Delivery,No,Lluvioso,20.0,1,68.5,5,Demanda moderada
2025-03-07,Viernes,3,2025,0,0,Desayuno,7,11,86,799.0,Gaseosa,Bebidas,Presencial,No,Lluvioso,20.0,1,32.0,2,Demanda moderada
2025-03-08,Sábado,3,2025,1,0,Almuerzo,12,16,200,2206.85,Gaseosa,Bebidas,Delivery,Sí,Soleado,31.0,0,44.4,7,Demanda crítica
2025-03-08,Sábado,3,2025,1,0,Cena,18,22,119,1520.0,Gaseosa,Bebidas,Presencial,No,Soleado,31.0,0,59.2,8,Demanda moderada
2025-03-08,Sábado,3,2025,1,0,Desayuno,7,11,40,348.0,Jugo Natural,Bebidas,Presencial,No,Soleado,31.0,0,24.7,4,Baja demanda
2025-03-09,Domingo,3,2025,1,0,Almuerzo,12,16,145,1552.0,Gaseosa,Bebidas,Delivery,No,Nublado,24.0,0,48.2,5,Alta demanda
2025-03-09,Domingo,3,2025,1,0,Cena,18,22,106,1556.0,Gaseosa,Bebidas,Delivery,No,Nublado,24.0,0,57.5,6,Demanda moderada
2025-03-09,Domingo,3,2025,1,0,Desayuno,7,11,50,640.5,Salchipapa Clásica,Salchipapas,Delivery,Sí,Nublado,24.0,0,25.2,5,Baja demanda
2025-03-10,Lunes,3,2025,0,0,Almuerzo,12,16,113,1376.0,Jugo Natural,Bebidas,Presencial,No,Soleado,26.0,0,34.5,7,Demanda moderada
2025-03-10,Lunes,3,2025,0,0,Cena,18,22,131,1669.8,Gaseosa,Bebidas,Delivery,Sí,Soleado,26.0,0,55.0,5,Alta demanda
2025-03-10,Lunes,3,2025,0,0,Desayuno,7,11,41,402.0,Gaseosa,Bebidas,Presencial,No,Soleado,26.0,0,18.8,4,Baja demanda
2025-03-11,Martes,3,2025,0,0,Almuerzo,12,16,98,1202.6,Salchipapa Especial,Salchipapas,Delivery,Sí,Nublado,19.0,0,32.5,4,Demanda moderada
2025-03-11,Martes,3,2025,0,0,Cena,18,22,112,1709.0,Hamburguesa Clásica,Hamburguesas,Delivery,Sí,Nublado,19.0,0,50.7,4,Demanda moderada
2025-03-11,Martes,3,2025,0,0,Desayuno,7,11,44,317.0,Gaseosa,Bebidas,Presencial,No,Nublado,19.0,0,16.0,2,Baja demanda
2025-03-12,Miércoles,3,2025,0,0,Almuerzo,12,16,184,2349.0,Gaseosa,Bebidas,Web,Sí,Nublado,20.0,0,37.5,5,Demanda crítica
2025-03-12,Miércoles,3,2025,0,0,Cena,18,22,156,1663.5,Gaseosa,Bebidas,Delivery,Sí,Nublado,20.0,0,55.8,7,Alta demanda
2025-03-12,Miércoles,3,2025,0,0,Desayuno,7,11,44,336.0,Gaseosa,Bebidas,Presencial,No,Nublado,20.0,0,17.2,4,Baja demanda
2025-03-13,Jueves,3,2025,0,0,Almuerzo,12,16,173,1740.0,Gaseosa,Bebidas,Presencial,No,Soleado,28.0,0,31.0,6,Alta demanda
2025-03-13,Jueves,3,2025,0,0,Cena,18,22,135,2371.4,Salchipapa Especial,Salchipapas,Presencial,Sí,Soleado,28.0,0,59.0,7,Alta demanda
2025-03-13,Jueves,3,2025,0,0,Desayuno,7,11,66,649.2,Gaseosa,Bebidas,Presencial,Sí,Soleado,28.0,0,18.2,4,Baja demanda
2025-03-14,Viernes,3,2025,0,0,Almuerzo,12,16,174,2308.0,Gaseosa,Bebidas,Web,No,Lluvioso,20.0,1,51.8,6,Alta demanda
2025-03-14,Viernes,3,2025,0,0,Cena,18,22,114,1934.0,Pollo Broaster,Pollos,Web,No,Lluvioso,20.0,1,67.2,8,Demanda moderada
2025-03-14,Viernes,3,2025,0,0,Desayuno,7,11,62,495.0,Hamburguesa Clásica,Hamburguesas,Presencial,Sí,Lluvioso,20.0,1,33.8,2,Baja demanda
2025-03-15,Sábado,3,2025,1,0,Almuerzo,12,16,189,2163.8,Gaseosa,Bebidas,Web,Sí,Nublado,21.0,0,45.0,5,Demanda crítica
2025-03-15,Sábado,3,2025,1,0,Cena,18,22,207,2385.0,Pollo Broaster,Pollos,Delivery,Sí,Nublado,21.0,0,62.3,4,Demanda crítica
2025-03-15,Sábado,3,2025,1,0,Desayuno,7,11,61,450.1,Gaseosa,Bebidas,Presencial,Sí,Nublado,21.0,0,29.0,4,Baja demanda
2025-03-16,Domingo,3,2025,1,0,Almuerzo,12,16,119,1168.9,Gaseosa,Bebidas,Presencial,Sí,Nublado,19.0,0,44.0,7,Demanda moderada
2025-03-16,Domingo,3,2025,1,0,Cena,18,22,130,1412.8,Salchipapa Especial,Salchipapas,Web,Sí,Nublado,19.0,0,69.0,7,Alta demanda
2025-03-16,Domingo,3,2025,1,0,Desayuno,7,11,54,317.55,Gaseosa,Bebidas,Presencial,Sí,Nublado,19.0,0,21.0,4,Baja demanda
2025-03-17,Lunes,3,2025,0,0,Almuerzo,12,16,147,1869.0,Salchipapa Especial,Salchipapas,Delivery,No,Soleado,30.0,0,41.8,5,Alta demanda
2025-03-17,Lunes,3,2025,0,0,Cena,18,22,77,1190.0,Pollo Broaster,Pollos,Delivery,No,Soleado,30.0,0,49.5,4,Baja demanda
2025-03-17,Lunes,3,2025,0,0,Desayuno,7,11,53,510.0,Gaseosa,Bebidas,Presencial,No,Soleado,30.0,0,18.8,3,Baja demanda
2025-03-18,Martes,3,2025,0,0,Almuerzo,12,16,99,1028.0,Gaseosa,Bebidas,Delivery,Sí,Nublado,20.0,0,35.0,6,Demanda moderada
2025-03-18,Martes,3,2025,0,0,Cena,18,22,77,909.8,Salchipapa Clásica,Salchipapas,Delivery,Sí,Nublado,20.0,0,56.2,7,Baja demanda
2025-03-18,Martes,3,2025,0,0,Desayuno,7,11,59,516.65,Gaseosa,Bebidas,Presencial,Sí,Nublado,20.0,0,17.0,3,Baja demanda
2025-03-19,Miércoles,3,2025,0,0,Almuerzo,12,16,141,1549.0,Hamburguesa Clásica,Hamburguesas,Presencial,No,Soleado,31.0,0,31.8,4,Alta demanda
2025-03-19,Miércoles,3,2025,0,0,Cena,18,22,96,1269.6,Gaseosa,Bebidas,Delivery,Sí,Soleado,31.0,0,47.5,8,Demanda moderada
2025-03-19,Miércoles,3,2025,0,0,Desayuno,7,11,36,385.0,Salchipapa Clásica,Salchipapas,Presencial,No,Soleado,31.0,0,16.0,4,Baja demanda
2025-03-20,Jueves,3,2025,0,0,Almuerzo,12,16,195,2272.0,Pollo Broaster,Pollos,Delivery,No,Lluvioso,20.0,1,52.4,7,Demanda crítica
2025-03-20,Jueves,3,2025,0,0,Cena,18,22,121,1543.2,Gaseosa,Bebidas,Delivery,Sí,Lluvioso,20.0,1,66.2,6,Alta demanda
2025-03-20,Jueves,3,2025,0,0,Desayuno,7,11,59,515.0,Gaseosa,Bebidas,Presencial,No,Lluvioso,20.0,1,29.2,4,Baja demanda
2025-03-21,Viernes,3,2025,0,0,Almuerzo,12,16,124,1239.0,Gaseosa,Bebidas,Presencial,No,Nublado,24.0,0,34.8,4,Alta demanda
2025-03-21,Viernes,3,2025,0,0,Cena,18,22,99,1759.35,Pollo Broaster,Pollos,Presencial,Sí,Nublado,24.0,0,53.4,7,Demanda moderada
2025-03-21,Viernes,3,2025,0,0,Desayuno,7,11,61,575.0,Gaseosa,Bebidas,Presencial,No,Nublado,24.0,0,17.0,2,Baja demanda
2025-03-22,Sábado,3,2025,1,0,Almuerzo,12,16,130,1292.0,Gaseosa,Bebidas,Presencial,No,Nublado,19.0,0,44.7,5,Alta demanda
2025-03-22,Sábado,3,2025,1,0,Cena,18,22,90,675.2,Gaseosa,Bebidas,Delivery,Sí,Nublado,19.0,0,63.7,6,Demanda moderada
2025-03-22,Sábado,3,2025,1,0,Desayuno,7,11,53,384.0,Gaseosa,Bebidas,Presencial,No,Nublado,19.0,0,21.7,4,Baja demanda
2025-03-23,Domingo,3,2025,1,0,Almuerzo,12,16,172,1956.0,Gaseosa,Bebidas,Presencial,No,Soleado,26.0,0,45.0,6,Alta demanda
2025-03-23,Domingo,3,2025,1,0,Cena,18,22,151,2199.75,Salchipapa Especial,Salchipapas,Delivery,Sí,Soleado,26.0,0,65.4,7,Alta demanda
2025-03-23,Domingo,3,2025,1,0,Desayuno,7,11,52,465.75,Salchipapa Clásica,Salchipapas,Presencial,Sí,Soleado,26.0,0,26.0,2,Baja demanda
2025-03-24,Lunes,3,2025,0,0,Almuerzo,12,16,89,1154.0,Gaseosa,Bebidas,Delivery,No,Soleado,26.0,0,37.5,7,Demanda moderada
2025-03-24,Lunes,3,2025,0,0,Cena,18,22,98,1497.0,Salchipapa Especial,Salchipapas,Web,Sí,Soleado,26.0,0,52.8,7,Demanda moderada
2025-03-24,Lunes,3,2025,0,0,Desayuno,7,11,39,490.0,Hamburguesa Clásica,Hamburguesas,Presencial,No,Soleado,26.0,0,14.0,4,Baja demanda
2025-03-25,Martes,3,2025,0,0,Almuerzo,12,16,94,1180.0,Pollo Broaster,Pollos,Presencial,No,Nublado,19.0,0,28.5,6,Demanda moderada
2025-03-25,Martes,3,2025,0,0,Cena,18,22,84,1398.0,Salchipapa Clásica,Salchipapas,Web,No,Nublado,19.0,0,53.8,5,Demanda moderada
2025-03-25,Martes,3,2025,0,0,Desayuno,7,11,43,341.4,Gaseosa,Bebidas,Presencial,Sí,Nublado,19.0,0,21.2,3,Baja demanda
2025-03-26,Miércoles,3,2025,0,0,Almuerzo,12,16,126,1369.0,Pollo Broaster,Pollos,Delivery,No,Nublado,24.0,0,39.6,4,Alta demanda
2025-03-26,Miércoles,3,2025,0,0,Cena,18,22,72,1460.0,Pollo Broaster,Pollos,Presencial,Sí,Nublado,24.0,0,55.5,8,Baja demanda
2025-03-26,Miércoles,3,2025,0,0,Desayuno,7,11,26,181.8,Sándwich de Pollo,Sándwiches,Presencial,Sí,Nublado,24.0,0,18.7,4,Baja demanda
2025-03-27,Jueves,3,2025,0,0,Almuerzo,12,16,105,1120.0,Gaseosa,Bebidas,Presencial,No,Soleado,25.0,0,31.0,4,Demanda moderada
2025-03-27,Jueves,3,2025,0,0,Cena,18,22,140,1918.0,Salchipapa Especial,Salchipapas,Delivery,Sí,Soleado,25.0,0,53.4,5,Alta demanda
2025-03-27,Jueves,3,2025,0,0,Desayuno,7,11,50,348.6,Gaseosa,Bebidas,Presencial,Sí,Soleado,25.0,0,14.2,3,Baja demanda
2025-03-28,Viernes,3,2025,0,0,Almuerzo,12,16,106,1807.0,Hamburguesa Clásica,Hamburguesas,Presencial,No,Soleado,26.0,0,31.5,7,Demanda moderada
2025-03-28,Viernes,3,2025,0,0,Cena,18,22,130,1760.0,Gaseosa,Bebidas,Delivery,Sí,Soleado,26.0,0,52.6,6,Alta demanda
2025-03-28,Viernes,3,2025,0,0,Desayuno,7,11,58,479.0,Gaseosa,Bebidas,Presencial,Sí,Soleado,26.0,0,17.6,3,Baja demanda
2025-03-29,Sábado,3,2025,1,0,Almuerzo,12,16,224,2254.3,Gaseosa,Bebidas,Delivery,Sí,Lluvioso,22.0,1,59.2,8,Demanda crítica
2025-03-29,Sábado,3,2025,1,0,Cena,18,22,128,2091.0,Alitas BBQ,Pollos,Delivery,Sí,Lluvioso,22.0,1,73.0,6,Alta demanda
2025-03-29,Sábado,3,2025,1,0,Desayuno,7,11,73,518.0,Gaseosa,Bebidas,Web,Sí,Lluvioso,22.0,1,40.2,3,Baja demanda
2025-03-30,Domingo,3,2025,1,0,Almuerzo,12,16,208,2447.4,Gaseosa,Bebidas,Presencial,Sí,Soleado,30.0,0,42.0,6,Demanda crítica
2025-03-30,Domingo,3,2025,1,0,Cena,18,22,104,1466.6,Salchipapa Especial,Salchipapas,Presencial,Sí,Soleado,30.0,0,59.8,9,Demanda moderada
2025-03-30,Domingo,3,2025,1,0,Desayuno,7,11,54,478.0,Gaseosa,Bebidas,Presencial,No,Soleado,30.0,0,27.0,3,Baja demanda
2025-03-31,Lunes,3,2025,0,0,Almuerzo,12,16,83,1641.75,Pollo Broaster,Pollos,Presencial,Sí,Nublado,22.0,0,31.0,7,Demanda moderada
2025-03-31,Lunes,3,2025,0,0,Cena,18,22,77,960.0,Gaseosa,Bebidas,Web,No,Nublado,22.0,0,54.6,8,Baja demanda
2025-03-31,Lunes,3,2025,0,0,Desayuno,7,11,54,549.4,Hamburguesa Clásica,Hamburguesas,Presencial,Sí,Nublado,22.0,0,19.0,3,Baja demanda
2025-04-01,Martes,4,2025,0,0,Almuerzo,12,16,110,1201.75,Gaseosa,Bebidas,Presencial,Sí,Nublado,18.0,0,37.6,7,Demanda moderada
2025-04-01,Martes,4,2025,0,0,Cena,18,22,68,933.0,Gaseosa,Bebidas,Delivery,No,Nublado,18.0,0,45.7,8,Baja demanda
2025-04-01,Martes,4,2025,0,0,Desayuno,7,11,40,495.0,Gaseosa,Bebidas,Presencial,No,Nublado,18.0,0,17.5,4,Baja demanda
2025-04-02,Miércoles,4,2025,0,0,Almuerzo,12,16,106,1666.0,Pollo Broaster,Pollos,Presencial,No,Soleado,23.0,0,35.2,4,Demanda moderada
2025-04-02,Miércoles,4,2025,0,0,Cena,18,22,87,1238.2,Pollo Broaster,Pollos,Delivery,Sí,Soleado,23.0,0,53.0,7,Demanda moderada
2025-04-02,Miércoles,4,2025,0,0,Desayuno,7,11,34,222.0,Gaseosa,Bebidas,Presencial,No,Soleado,23.0,0,16.3,2,Baja demanda
2025-04-03,Jueves,4,2025,0,0,Almuerzo,12,16,80,1307.0,Salchipapa Especial,Salchipapas,Presencial,No,Nublado,19.0,0,30.7,5,Demanda moderada
2025-04-03,Jueves,4,2025,0,0,Cena,18,22,90,1198.0,Gaseosa,Bebidas,Web,No,Nublado,19.0,0,59.5,6,Demanda moderada
2025-04-03,Jueves,4,2025,0,0,Desayuno,7,11,73,827.0,Gaseosa,Bebidas,Presencial,No,Nublado,19.0,0,21.5,2,Baja demanda
2025-04-04,Viernes,4,2025,0,0,Almuerzo,12,16,184,2682.0,Pollo Broaster,Pollos,Presencial,No,Soleado,25.0,0,31.2,7,Demanda crítica
2025-04-04,Viernes,4,2025,0,0,Cena,18,22,128,1285.0,Gaseosa,Bebidas,Delivery,No,Soleado,25.0,0,49.6,4,Alta demanda
2025-04-04,Viernes,4,2025,0,0,Desayuno,7,11,66,693.0,Pollo Broaster,Pollos,Presencial,No,Soleado,25.0,0,18.8,4,Baja demanda
2025-04-05,Sábado,4,2025,1,0,Almuerzo,12,16,144,1402.0,Gaseosa,Bebidas,Delivery,Sí,Soleado,26.0,0,44.5,5,Alta demanda
2025-04-05,Sábado,4,2025,1,0,Cena,18,22,83,1772.0,Alitas BBQ,Pollos,Presencial,No,Soleado,26.0,0,60.7,5,Demanda moderada
2025-04-05,Sábado,4,2025,1,0,Desayuno,7,11,75,594.25,Gaseosa,Bebidas,Presencial,Sí,Soleado,26.0,0,29.4,3,Baja demanda
2025-04-06,Domingo,4,2025,1,0,Almuerzo,12,16,123,1381.6,Jugo Natural,Bebidas,Delivery,Sí,Lluvioso,21.0,1,59.5,6,Alta demanda
2025-04-06,Domingo,4,2025,1,0,Cena,18,22,102,1150.6,Salchipapa Especial,Salchipapas,Web,Sí,Lluvioso,21.0,1,74.5,7,Demanda moderada
2025-04-06,Domingo,4,2025,1,0,Desayuno,7,11,73,869.25,Pollo Broaster,Pollos,Presencial,Sí,Lluvioso,21.0,1,39.4,4,Baja demanda
2025-04-07,Lunes,4,2025,0,0,Almuerzo,12,16,99,1549.8,Hamburguesa Clásica,Hamburguesas,Delivery,Sí,Lluvioso,17.0,1,45.6,5,Demanda moderada
2025-04-07,Lunes,4,2025,0,0,Cena,18,22,84,1420.0,Alitas BBQ,Pollos,Delivery,Sí,Lluvioso,17.0,1,65.0,5,Demanda moderada
2025-04-07,Lunes,4,2025,0,0,Desayuno,7,11,52,605.6,Pollo Broaster,Pollos,Presencial,Sí,Lluvioso,17.0,1,34.2,2,Baja demanda
2025-04-08,Martes,4,2025,0,0,Almuerzo,12,16,118,1252.0,Gaseosa,Bebidas,Delivery,No,Lluvioso,19.0,1,50.8,6,Demanda moderada
2025-04-08,Martes,4,2025,0,0,Cena,18,22,124,1414.0,Gaseosa,Bebidas,Delivery,No,Lluvioso,19.0,1,65.6,8,Alta demanda
2025-04-08,Martes,4,2025,0,0,Desayuno,7,11,54,553.0,Salchipapa Especial,Salchipapas,Presencial,Sí,Lluvioso,19.0,1,35.2,2,Baja demanda
2025-04-09,Miércoles,4,2025,0,0,Almuerzo,12,16,125,1342.5,Gaseosa,Bebidas,Presencial,Sí,Soleado,28.0,0,38.6,5,Alta demanda
2025-04-09,Miércoles,4,2025,0,0,Cena,18,22,113,1384.0,Gaseosa,Bebidas,Delivery,No,Soleado,28.0,0,56.2,7,Demanda moderada
2025-04-09,Miércoles,4,2025,0,0,Desayuno,7,11,38,306.0,Gaseosa,Bebidas,Presencial,No,Soleado,28.0,0,15.0,4,Baja demanda
2025-04-10,Jueves,4,2025,0,0,Almuerzo,12,16,141,1451.0,Gaseosa,Bebidas,Presencial,No,Soleado,30.0,0,39.2,4,Alta demanda
2025-04-10,Jueves,4,2025,0,0,Cena,18,22,132,1485.7,Pollo Broaster,Pollos,Presencial,Sí,Soleado,30.0,0,51.8,8,Alta demanda
2025-04-10,Jueves,4,2025,0,0,Desayuno,7,11,46,357.0,Gaseosa,Bebidas,Presencial,Sí,Soleado,30.0,0,23.8,2,Baja demanda
2025-04-11,Viernes,4,2025,0,0,Almuerzo,12,16,99,941.0,Gaseosa,Bebidas,Presencial,No,Soleado,27.0,0,33.3,7,Demanda moderada
2025-04-11,Viernes,4,2025,0,0,Cena,18,22,195,2521.1,Pollo Broaster,Pollos,Delivery,Sí,Soleado,27.0,0,51.3,4,Demanda crítica
2025-04-11,Viernes,4,2025,0,0,Desayuno,7,11,39,438.0,Hamburguesa Clásica,Hamburguesas,Presencial,No,Soleado,27.0,0,16.0,4,Baja demanda
2025-04-12,Sábado,4,2025,1,0,Almuerzo,12,16,188,2345.2,Pollo Broaster,Pollos,Presencial,Sí,Nublado,19.0,0,40.6,5,Demanda crítica
2025-04-12,Sábado,4,2025,1,0,Cena,18,22,163,1795.8,Gaseosa,Bebidas,Web,Sí,Nublado,19.0,0,60.8,6,Alta demanda
2025-04-12,Sábado,4,2025,1,0,Desayuno,7,11,40,237.0,Gaseosa,Bebidas,Presencial,No,Nublado,19.0,0,29.7,3,Baja demanda
2025-04-13,Domingo,4,2025,1,0,Almuerzo,12,16,152,1746.0,Salchipapa Especial,Salchipapas,Web,Sí,Nublado,20.0,0,44.8,7,Alta demanda
2025-04-13,Domingo,4,2025,1,0,Cena,18,22,129,2427.0,Pollo Broaster,Pollos,Presencial,No,Nublado,20.0,0,63.6,8,Alta demanda
2025-04-13,Domingo,4,2025,1,0,Desayuno,7,11,38,340.15,Gaseosa,Bebidas,Presencial,Sí,Nublado,20.0,0,31.3,5,Baja demanda
2025-04-14,Lunes,4,2025,0,0,Almuerzo,12,16,94,834.0,Gaseosa,Bebidas,Presencial,No,Nublado,19.0,0,36.0,4,Demanda moderada
2025-04-14,Lunes,4,2025,0,0,Cena,18,22,89,1535.0,Pollo Broaster,Pollos,Presencial,No,Nublado,19.0,0,47.8,4,Demanda moderada
2025-04-14,Lunes,4,2025,0,0,Desayuno,7,11,49,501.0,Salchipapa Especial,Salchipapas,Presencial,No,Nublado,19.0,0,15.6,3,Baja demanda
2025-04-15,Martes,4,2025,0,0,Almuerzo,12,16,93,1089.5,Gaseosa,Bebidas,Delivery,Sí,Nublado,19.0,0,34.5,5,Demanda moderada
2025-04-15,Martes,4,2025,0,0,Cena,18,22,103,1236.0,Gaseosa,Bebidas,Delivery,No,Nublado,19.0,0,52.8,7,Demanda moderada
2025-04-15,Martes,4,2025,0,0,Desayuno,7,11,68,746.7,Pollo Broaster,Pollos,Presencial,Sí,Nublado,19.0,0,18.2,3,Baja demanda
2025-04-16,Miércoles,4,2025,0,0,Almuerzo,12,16,83,1069.0,Salchipapa Especial,Salchipapas,Web,Sí,Soleado,31.0,0,33.7,5,Demanda moderada
2025-04-16,Miércoles,4,2025,0,0,Cena,18,22,121,1538.4,Gaseosa,Bebidas,Delivery,Sí,Soleado,31.0,0,49.8,6,Alta demanda
2025-04-16,Miércoles,4,2025,0,0,Desayuno,7,11,29,220.0,Gaseosa,Bebidas,Presencial,No,Soleado,31.0,0,18.0,2,Baja demanda
2025-04-17,Jueves,4,2025,0,0,Almuerzo,12,16,102,888.0,Gaseosa,Bebidas,Presencial,No,Lluvioso,22.0,1,44.0,7,Demanda moderada
2025-04-17,Jueves,4,2025,0,0,Cena,18,22,104,1569.0,Salchipapa Especial,Salchipapas,Delivery,No,Lluvioso,22.0,1,67.5,7,Demanda moderada
2025-04-17,Jueves,4,2025,0,0,Desayuno,7,11,50,465.2,Gaseosa,Bebidas,Presencial,Sí,Lluvioso,22.0,1,33.0,2,Baja demanda
2025-04-18,Viernes,4,2025,0,0,Almuerzo,12,16,154,1416.0,Gaseosa,Bebidas,Presencial,No,Nublado,21.0,0,34.8,5,Alta demanda
2025-04-18,Viernes,4,2025,0,0,Cena,18,22,163,2018.0,Gaseosa,Bebidas,Delivery,No,Nublado,21.0,0,53.3,6,Alta demanda
2025-04-18,Viernes,4,2025,0,0,Desayuno,7,11,63,536.5,Gaseosa,Bebidas,Presencial,Sí,Nublado,21.0,0,18.4,3,Baja demanda
2025-04-19,Sábado,4,2025,1,0,Almuerzo,12,16,110,1115.25,Sándwich de Pollo,Sándwiches,Presencial,Sí,Soleado,26.0,0,42.8,7,Demanda moderada
2025-04-19,Sábado,4,2025,1,0,Cena,18,22,74,1409.0,Salchipapa Especial,Salchipapas,Presencial,No,Soleado,26.0,0,60.7,5,Baja demanda
2025-04-19,Sábado,4,2025,1,0,Desayuno,7,11,46,342.0,Gaseosa,Bebidas,Presencial,No,Soleado,26.0,0,21.3,3,Baja demanda
2025-04-20,Domingo,4,2025,1,0,Almuerzo,12,16,161,1802.0,Gaseosa,Bebidas,Delivery,No,Soleado,25.0,0,38.0,5,Alta demanda
2025-04-20,Domingo,4,2025,1,0,Cena,18,22,143,2166.4,Gaseosa,Bebidas,Presencial,Sí,Soleado,25.0,0,59.0,7,Alta demanda
2025-04-20,Domingo,4,2025,1,0,Desayuno,7,11,79,778.6,Hamburguesa Clásica,Hamburguesas,Presencial,Sí,Soleado,25.0,0,25.0,4,Baja demanda
2025-04-21,Lunes,4,2025,0,0,Almuerzo,12,16,112,1072.8,Gaseosa,Bebidas,Presencial,Sí,Nublado,19.0,0,40.5,4,Demanda moderada
2025-04-21,Lunes,4,2025,0,0,Cena,18,22,74,1262.0,Salchipapa Especial,Salchipapas,Web,No,Nublado,19.0,0,58.0,6,Baja demanda
2025-04-21,Lunes,4,2025,0,0,Desayuno,7,11,29,303.0,Salchipapa Clásica,Salchipapas,Presencial,No,Nublado,19.0,0,15.2,4,Baja demanda
2025-04-22,Martes,4,2025,0,0,Almuerzo,12,16,134,1708.0,Pollo Broaster,Pollos,Presencial,Sí,Nublado,23.0,0,33.3,7,Alta demanda
2025-04-22,Martes,4,2025,0,0,Cena,18,22,71,1080.8,Hamburguesa Clásica,Hamburguesas,Web,Sí,Nublado,23.0,0,56.0,7,Baja demanda
2025-04-22,Martes,4,2025,0,0,Desayuno,7,11,62,587.6,Gaseosa,Bebidas,Presencial,Sí,Nublado,23.0,0,16.8,4,Baja demanda
2025-04-23,Miércoles,4,2025,0,0,Almuerzo,12,16,131,1580.0,Gaseosa,Bebidas,Presencial,No,Soleado,30.0,0,32.6,5,Alta demanda
2025-04-23,Miércoles,4,2025,0,0,Cena,18,22,142,2014.0,Gaseosa,Bebidas,Presencial,Sí,Soleado,30.0,0,57.0,8,Alta demanda
2025-04-23,Miércoles,4,2025,0,0,Desayuno,7,11,64,646.5,Gaseosa,Bebidas,Presencial,Sí,Soleado,30.0,0,16.7,3,Baja demanda
2025-04-24,Jueves,4,2025,0,0,Almuerzo,12,16,61,668.0,Cheeseburger,Hamburguesas,Web,No,Soleado,28.0,0,42.0,5,Baja demanda
2025-04-24,Jueves,4,2025,0,0,Cena,18,22,49,875.0,Sándwich de Pollo,Sándwiches,Delivery,No,Soleado,28.0,0,52.0,4,Baja demanda
2025-04-24,Jueves,4,2025,0,0,Desayuno,7,11,67,608.75,Gaseosa,Bebidas,Presencial,Sí,Soleado,28.0,0,18.0,2,Baja demanda
2025-04-25,Viernes,4,2025,0,0,Almuerzo,12,16,152,1948.8,Hamburguesa Clásica,Hamburguesas,Web,Sí,Nublado,24.0,0,40.2,7,Alta demanda
2025-04-25,Viernes,4,2025,0,0,Cena,18,22,99,1389.75,Pollo Broaster,Pollos,Presencial,Sí,Nublado,24.0,0,48.5,5,Demanda moderada
2025-04-25,Viernes,4,2025,0,0,Desayuno,7,11,45,315.8,Gaseosa,Bebidas,Presencial,Sí,Nublado,24.0,0,15.7,2,Baja demanda
2025-04-26,Sábado,4,2025,1,0,Almuerzo,12,16,133,2265.0,Alitas BBQ,Pollos,Delivery,Sí,Nublado,19.0,0,40.8,7,Alta demanda
2025-04-26,Sábado,4,2025,1,0,Cena,18,22,97,1260.0,Gaseosa,Bebidas,Web,No,Nublado,19.0,0,69.7,7,Demanda moderada
2025-04-26,Sábado,4,2025,1,0,Desayuno,7,11,45,414.8,Hamburguesa Clásica,Hamburguesas,Presencial,Sí,Nublado,19.0,0,25.0,4,Baja demanda
2025-04-27,Domingo,4,2025,1,0,Almuerzo,12,16,190,2752.0,Pollo Broaster,Pollos,Delivery,Sí,Nublado,23.0,0,41.7,5,Demanda crítica
2025-04-27,Domingo,4,2025,1,0,Cena,18,22,87,893.0,Jugo Natural,Bebidas,Web,Sí,Nublado,23.0,0,67.0,5,Demanda moderada
2025-04-27,Domingo,4,2025,1,0,Desayuno,7,11,76,702.0,Gaseosa,Bebidas,Presencial,No,Nublado,23.0,0,24.3,4,Baja demanda
2025-04-28,Lunes,4,2025,0,0,Almuerzo,12,16,130,1523.0,Gaseosa,Bebidas,Presencial,Sí,Nublado,20.0,0,36.4,7,Alta demanda
2025-04-28,Lunes,4,2025,0,0,Cena,18,22,88,1420.25,Salchipapa Especial,Salchipapas,Delivery,Sí,Nublado,20.0,0,51.8,8,Demanda moderada
2025-04-28,Lunes,4,2025,0,0,Desayuno,7,11,43,323.75,Gaseosa,Bebidas,Presencial,Sí,Nublado,20.0,0,14.2,4,Baja demanda
2025-04-29,Martes,4,2025,0,0,Almuerzo,12,16,80,1380.0,Hamburguesa Clásica,Hamburguesas,Web,No,Lluvioso,21.0,1,42.3,5,Demanda moderada
2025-04-29,Martes,4,2025,0,0,Cena,18,22,98,1049.0,Gaseosa,Bebidas,Delivery,No,Lluvioso,21.0,1,61.0,7,Demanda moderada
2025-04-29,Martes,4,2025,0,0,Desayuno,7,11,75,848.1,Pollo Broaster,Pollos,Presencial,Sí,Lluvioso,21.0,1,29.7,4,Baja demanda
2025-04-30,Miércoles,4,2025,0,0,Almuerzo,12,16,163,2228.0,Pollo Broaster,Pollos,Presencial,No,Soleado,26.0,0,32.0,5,Alta demanda
2025-04-30,Miércoles,4,2025,0,0,Cena,18,22,124,1827.0,Gaseosa,Bebidas,Delivery,No,Soleado,26.0,0,49.2,5,Alta demanda
2025-04-30,Miércoles,4,2025,0,0,Desayuno,7,11,33,502.0,Hamburguesa Clásica,Hamburguesas,Presencial,No,Soleado,26.0,0,18.0,4,Baja demanda
2025-05-01,Jueves,5,2025,0,1,Almuerzo,12,16,83,1060.0,Gaseosa,Bebidas,Presencial,No,Soleado,28.0,0,27.7,5,Demanda moderada
2025-05-01,Jueves,5,2025,0,1,Cena,18,22,120,1892.0,Gaseosa,Bebidas,Presencial,No,Soleado,28.0,0,54.5,8,Alta demanda
2025-05-01,Jueves,5,2025,0,1,Desayuno,7,11,53,449.0,Gaseosa,Bebidas,Presencial,No,Soleado,28.0,0,19.2,2,Baja demanda
2025-05-02,Viernes,5,2025,0,0,Almuerzo,12,16,192,2770.0,Gaseosa,Bebidas,Presencial,No,Nublado,22.0,0,38.6,6,Demanda crítica
2025-05-02,Viernes,5,2025,0,0,Cena,18,22,96,1522.0,Salchipapa Especial,Salchipapas,Presencial,No,Nublado,22.0,0,53.0,8,Demanda moderada
2025-05-02,Viernes,5,2025,0,0,Desayuno,7,11,42,262.8,Gaseosa,Bebidas,Presencial,Sí,Nublado,22.0,0,23.7,2,Baja demanda
2025-05-03,Sábado,5,2025,1,0,Almuerzo,12,16,189,1875.75,Gaseosa,Bebidas,Presencial,Sí,Soleado,24.0,0,38.2,7,Demanda crítica
2025-05-03,Sábado,5,2025,1,0,Cena,18,22,173,2695.0,Pollo Broaster,Pollos,Presencial,No,Soleado,24.0,0,59.5,9,Alta demanda
2025-05-03,Sábado,5,2025,1,0,Desayuno,7,11,53,702.0,Pollo Broaster,Pollos,Presencial,No,Soleado,24.0,0,24.3,3,Baja demanda
2025-05-04,Domingo,5,2025,1,0,Almuerzo,12,16,103,1708.0,Pollo Broaster,Pollos,Presencial,No,Lluvioso,17.0,1,51.3,7,Demanda moderada
2025-05-04,Domingo,5,2025,1,0,Cena,18,22,142,1611.6,Gaseosa,Bebidas,Delivery,Sí,Lluvioso,17.0,1,82.0,8,Alta demanda
2025-05-04,Domingo,5,2025,1,0,Desayuno,7,11,76,559.4,Gaseosa,Bebidas,Presencial,Sí,Lluvioso,17.0,1,43.8,2,Baja demanda
2025-05-05,Lunes,5,2025,0,0,Almuerzo,12,16,113,1362.0,Pollo Broaster,Pollos,Delivery,No,Nublado,21.0,0,32.8,4,Demanda moderada
2025-05-05,Lunes,5,2025,0,0,Cena,18,22,113,1744.0,Pollo Broaster,Pollos,Delivery,Sí,Nublado,21.0,0,55.8,7,Demanda moderada
2025-05-05,Lunes,5,2025,0,0,Desayuno,7,11,52,669.0,Gaseosa,Bebidas,Presencial,No,Nublado,21.0,0,16.5,3,Baja demanda
2025-05-06,Martes,5,2025,0,0,Almuerzo,12,16,80,1296.0,Hamburguesa Clásica,Hamburguesas,Presencial,No,Soleado,23.0,0,33.8,5,Demanda moderada
2025-05-06,Martes,5,2025,0,0,Cena,18,22,134,1942.0,Pollo Broaster,Pollos,Web,No,Soleado,23.0,0,56.7,4,Alta demanda
2025-05-06,Martes,5,2025,0,0,Desayuno,7,11,34,370.0,Hamburguesa Clásica,Hamburguesas,Presencial,No,Soleado,23.0,0,17.8,2,Baja demanda
2025-05-07,Miércoles,5,2025,0,0,Almuerzo,12,16,119,1550.0,Pollo Broaster,Pollos,Delivery,Sí,Nublado,21.0,0,37.5,6,Demanda moderada
2025-05-07,Miércoles,5,2025,0,0,Cena,18,22,124,2117.0,Pollo Broaster,Pollos,Delivery,No,Nublado,21.0,0,50.3,6,Alta demanda
2025-05-07,Miércoles,5,2025,0,0,Desayuno,7,11,59,619.0,Gaseosa,Bebidas,Presencial,No,Nublado,21.0,0,19.4,2,Baja demanda
2025-05-08,Jueves,5,2025,0,0,Almuerzo,12,16,144,1852.0,Gaseosa,Bebidas,Presencial,No,Nublado,22.0,0,37.5,5,Alta demanda
2025-05-08,Jueves,5,2025,0,0,Cena,18,22,108,1382.0,Gaseosa,Bebidas,Presencial,Sí,Nublado,22.0,0,54.2,6,Demanda moderada
2025-05-08,Jueves,5,2025,0,0,Desayuno,7,11,27,256.15,Jugo Natural,Bebidas,Delivery,Sí,Nublado,22.0,0,21.0,3,Baja demanda
2025-05-09,Viernes,5,2025,0,0,Almuerzo,12,16,107,1325.0,Alitas BBQ,Pollos,Web,No,Nublado,18.0,0,38.0,4,Demanda moderada
2025-05-09,Viernes,5,2025,0,0,Cena,18,22,103,1944.0,Pollo Broaster,Pollos,Web,No,Nublado,18.0,0,56.2,4,Demanda moderada
2025-05-09,Viernes,5,2025,0,0,Desayuno,7,11,65,546.0,Hamburguesa Clásica,Hamburguesas,Presencial,Sí,Nublado,18.0,0,15.0,4,Baja demanda
2025-05-10,Sábado,5,2025,1,0,Almuerzo,12,16,147,1929.95,Pollo Broaster,Pollos,Presencial,Sí,Soleado,31.0,0,42.5,4,Alta demanda
2025-05-10,Sábado,5,2025,1,0,Cena,18,22,116,1878.5,Pollo Broaster,Pollos,Delivery,Sí,Soleado,31.0,0,63.8,7,Demanda moderada
2025-05-10,Sábado,5,2025,1,0,Desayuno,7,11,63,522.8,Gaseosa,Bebidas,Presencial,Sí,Soleado,31.0,0,24.5,4,Baja demanda
2025-05-11,Domingo,5,2025,1,0,Almuerzo,12,16,126,1217.0,Gaseosa,Bebidas,Presencial,No,Nublado,18.0,0,38.0,7,Alta demanda
2025-05-11,Domingo,5,2025,1,0,Cena,18,22,134,2314.6,Pollo Broaster,Pollos,Delivery,Sí,Nublado,18.0,0,61.4,8,Alta demanda
2025-05-11,Domingo,5,2025,1,0,Desayuno,7,11,62,489.0,Gaseosa,Bebidas,Presencial,No,Nublado,18.0,0,22.0,2,Baja demanda
2025-05-12,Lunes,5,2025,0,0,Almuerzo,12,16,79,1143.0,Pollo Broaster,Pollos,Presencial,No,Soleado,24.0,0,29.5,6,Baja demanda
2025-05-12,Lunes,5,2025,0,0,Cena,18,22,76,699.2,Gaseosa,Bebidas,Presencial,Sí,Soleado,24.0,0,51.0,8,Baja demanda
2025-05-12,Lunes,5,2025,0,0,Desayuno,7,11,51,478.0,Gaseosa,Bebidas,Presencial,No,Soleado,24.0,0,19.0,4,Baja demanda
2025-05-13,Martes,5,2025,0,0,Almuerzo,12,16,92,1311.0,Pollo Broaster,Pollos,Web,No,Lluvioso,16.0,1,51.4,5,Demanda moderada
2025-05-13,Martes,5,2025,0,0,Cena,18,22,72,744.0,Gaseosa,Bebidas,Web,No,Lluvioso,16.0,1,73.0,6,Baja demanda
2025-05-13,Martes,5,2025,0,0,Desayuno,7,11,45,507.0,Gaseosa,Bebidas,Presencial,No,Lluvioso,16.0,1,25.8,2,Baja demanda
2025-05-14,Miércoles,5,2025,0,0,Almuerzo,12,16,71,1041.0,Pollo Broaster,Pollos,Presencial,No,Nublado,24.0,0,36.3,7,Baja demanda
2025-05-14,Miércoles,5,2025,0,0,Cena,18,22,85,1509.0,Pollo Broaster,Pollos,Delivery,Sí,Nublado,24.0,0,49.2,8,Demanda moderada
2025-05-14,Miércoles,5,2025,0,0,Desayuno,7,11,31,221.0,Gaseosa,Bebidas,Delivery,No,Nublado,24.0,0,19.3,2,Baja demanda
2025-05-15,Jueves,5,2025,0,0,Almuerzo,12,16,98,913.2,Gaseosa,Bebidas,Presencial,Sí,Nublado,23.0,0,40.0,7,Demanda moderada
2025-05-15,Jueves,5,2025,0,0,Cena,18,22,122,1547.0,Gaseosa,Bebidas,Delivery,Sí,Nublado,23.0,0,54.7,5,Alta demanda
2025-05-15,Jueves,5,2025,0,0,Desayuno,7,11,42,558.0,Hamburguesa Clásica,Hamburguesas,Presencial,No,Nublado,23.0,0,19.0,3,Baja demanda
2025-05-16,Viernes,5,2025,0,0,Almuerzo,12,16,57,755.0,Sándwich de Pollo,Sándwiches,Presencial,No,Nublado,20.0,0,38.0,6,Baja demanda
2025-05-16,Viernes,5,2025,0,0,Cena,18,22,84,1155.0,Gaseosa,Bebidas,Delivery,No,Nublado,20.0,0,52.2,8,Demanda moderada
2025-05-16,Viernes,5,2025,0,0,Desayuno,7,11,71,610.2,Gaseosa,Bebidas,Presencial,Sí,Nublado,20.0,0,20.4,4,Baja demanda
2025-05-17,Sábado,5,2025,1,0,Almuerzo,12,16,130,1789.0,Pollo Broaster,Pollos,Delivery,No,Soleado,29.0,0,39.2,6,Alta demanda
2025-05-17,Sábado,5,2025,1,0,Cena,18,22,186,2702.35,Hamburguesa Clásica,Hamburguesas,Delivery,Sí,Soleado,29.0,0,57.7,7,Demanda crítica
2025-05-17,Sábado,5,2025,1,0,Desayuno,7,11,86,675.6,Gaseosa,Bebidas,Presencial,Sí,Soleado,29.0,0,26.8,4,Demanda moderada
2025-05-18,Domingo,5,2025,1,0,Almuerzo,12,16,149,1572.0,Gaseosa,Bebidas,Delivery,No,Nublado,20.0,0,35.8,5,Alta demanda
2025-05-18,Domingo,5,2025,1,0,Cena,18,22,141,1788.1,Salchipapa Especial,Salchipapas,Delivery,Sí,Nublado,20.0,0,59.4,6,Alta demanda
2025-05-18,Domingo,5,2025,1,0,Desayuno,7,11,58,536.0,Hamburguesa Clásica,Hamburguesas,Presencial,Sí,Nublado,20.0,0,25.8,5,Baja demanda
2025-05-19,Lunes,5,2025,0,0,Almuerzo,12,16,119,1248.0,Gaseosa,Bebidas,Presencial,No,Soleado,27.0,0,40.0,7,Demanda moderada
2025-05-19,Lunes,5,2025,0,0,Cena,18,22,60,1138.0,Hamburguesa BBQ,Hamburguesas,Delivery,No,Soleado,27.0,0,57.0,8,Baja demanda
2025-05-19,Lunes,5,2025,0,0,Desayuno,7,11,50,501.0,Gaseosa,Bebidas,Presencial,Sí,Soleado,27.0,0,18.0,4,Baja demanda
2025-05-20,Martes,5,2025,0,0,Almuerzo,12,16,89,894.0,Gaseosa,Bebidas,Delivery,No,Lluvioso,19.0,1,50.3,5,Demanda moderada
2025-05-20,Martes,5,2025,0,0,Cena,18,22,111,1361.2,Pollo Broaster,Pollos,Delivery,Sí,Lluvioso,19.0,1,71.0,6,Demanda moderada
2025-05-20,Martes,5,2025,0,0,Desayuno,7,11,38,410.0,Gaseosa,Bebidas,Presencial,Sí,Lluvioso,19.0,1,35.5,2,Baja demanda
2025-05-21,Miércoles,5,2025,0,0,Almuerzo,12,16,132,1928.0,Gaseosa,Bebidas,Delivery,No,Nublado,24.0,0,35.7,7,Alta demanda
2025-05-21,Miércoles,5,2025,0,0,Cena,18,22,123,1515.0,Gaseosa,Bebidas,Delivery,Sí,Nublado,24.0,0,55.5,5,Alta demanda
2025-05-21,Miércoles,5,2025,0,0,Desayuno,7,11,29,202.0,Gaseosa,Bebidas,Presencial,No,Nublado,24.0,0,17.3,4,Baja demanda
2025-05-22,Jueves,5,2025,0,0,Almuerzo,12,16,122,1184.0,Gaseosa,Bebidas,Web,Sí,Nublado,19.0,0,36.8,6,Alta demanda
2025-05-22,Jueves,5,2025,0,0,Cena,18,22,66,1230.0,Salchipapa Especial,Salchipapas,Presencial,Sí,Nublado,19.0,0,56.0,7,Baja demanda
2025-05-22,Jueves,5,2025,0,0,Desayuno,7,11,36,353.0,Salchipapa Clásica,Salchipapas,Presencial,No,Nublado,19.0,0,19.5,4,Baja demanda
2025-05-23,Viernes,5,2025,0,0,Almuerzo,12,16,110,1613.0,Salchipapa Especial,Salchipapas,Presencial,Sí,Soleado,29.0,0,35.5,5,Demanda moderada
2025-05-23,Viernes,5,2025,0,0,Cena,18,22,123,1896.2,Salchipapa Especial,Salchipapas,Delivery,Sí,Soleado,29.0,0,52.8,7,Alta demanda
2025-05-23,Viernes,5,2025,0,0,Desayuno,7,11,63,542.0,Gaseosa,Bebidas,Presencial,Sí,Soleado,29.0,0,15.0,3,Baja demanda
2025-05-24,Sábado,5,2025,1,0,Almuerzo,12,16,169,2170.4,Pollo Broaster,Pollos,Delivery,Sí,Nublado,18.0,0,42.8,7,Alta demanda
2025-05-24,Sábado,5,2025,1,0,Cena,18,22,164,2140.0,Pollo Broaster,Pollos,Delivery,No,Nublado,18.0,0,64.8,7,Alta demanda
2025-05-24,Sábado,5,2025,1,0,Desayuno,7,11,64,819.0,Pollo Broaster,Pollos,Presencial,No,Nublado,18.0,0,28.4,2,Baja demanda
2025-05-25,Domingo,5,2025,1,0,Almuerzo,12,16,58,649.0,Salchipapa Clásica,Salchipapas,Presencial,No,Nublado,23.0,0,45.0,6,Baja demanda
2025-05-25,Domingo,5,2025,1,0,Cena,18,22,61,1132.4,Hamburguesa BBQ,Hamburguesas,Presencial,Sí,Nublado,23.0,0,54.7,9,Baja demanda
2025-05-25,Domingo,5,2025,1,0,Desayuno,7,11,53,576.85,Hamburguesa Clásica,Hamburguesas,Delivery,Sí,Nublado,23.0,0,19.0,3,Baja demanda
2025-05-26,Lunes,5,2025,0,0,Almuerzo,12,16,118,1378.0,Pollo Broaster,Pollos,Presencial,Sí,Nublado,21.0,0,34.8,5,Demanda moderada
2025-05-26,Lunes,5,2025,0,0,Cena,18,22,72,709.0,Gaseosa,Bebidas,Delivery,No,Nublado,21.0,0,59.5,4,Baja demanda
2025-05-26,Lunes,5,2025,0,0,Desayuno,7,11,26,436.0,Sándwich de Pollo,Sándwiches,Presencial,No,Nublado,21.0,0,18.8,3,Baja demanda
2025-05-27,Martes,5,2025,0,0,Almuerzo,12,16,105,1777.0,Pollo Broaster,Pollos,Delivery,No,Lluvioso,16.0,1,50.2,5,Demanda moderada
2025-05-27,Martes,5,2025,0,0,Cena,18,22,90,1346.0,Pollo Broaster,Pollos,Delivery,No,Lluvioso,16.0,1,68.5,6,Demanda moderada
2025-05-27,Martes,5,2025,0,0,Desayuno,7,11,41,341.0,Gaseosa,Bebidas,Presencial,No,Lluvioso,16.0,1,33.0,4,Baja demanda
2025-05-28,Miércoles,5,2025,0,0,Almuerzo,12,16,123,1377.0,Pollo Broaster,Pollos,Delivery,Sí,Lluvioso,17.0,1,48.2,4,Alta demanda
2025-05-28,Miércoles,5,2025,0,0,Cena,18,22,73,816.0,Gaseosa,Bebidas,Delivery,Sí,Lluvioso,17.0,1,70.3,8,Baja demanda
2025-05-28,Miércoles,5,2025,0,0,Desayuno,7,11,38,352.0,Gaseosa,Bebidas,Delivery,Sí,Lluvioso,17.0,1,31.7,2,Baja demanda
2025-05-29,Jueves,5,2025,0,0,Almuerzo,12,16,141,1470.0,Gaseosa,Bebidas,Delivery,Sí,Lluvioso,18.0,1,46.0,4,Alta demanda
2025-05-29,Jueves,5,2025,0,0,Cena,18,22,112,1460.0,Gaseosa,Bebidas,Web,Sí,Lluvioso,18.0,1,69.0,8,Demanda moderada
2025-05-29,Jueves,5,2025,0,0,Desayuno,7,11,49,417.5,Gaseosa,Bebidas,Delivery,Sí,Lluvioso,18.0,1,30.5,4,Baja demanda
2025-05-30,Viernes,5,2025,0,0,Almuerzo,12,16,137,1361.0,Gaseosa,Bebidas,Delivery,No,Nublado,23.0,0,35.8,5,Alta demanda
2025-05-30,Viernes,5,2025,0,0,Cena,18,22,102,1983.0,Alitas BBQ,Pollos,Delivery,No,Nublado,23.0,0,54.8,5,Demanda moderada
2025-05-30,Viernes,5,2025,0,0,Desayuno,7,11,29,250.0,Jugo Natural,Bebidas,Presencial,No,Nublado,23.0,0,18.0,4,Baja demanda
2025-05-31,Sábado,5,2025,1,0,Almuerzo,12,16,142,1632.8,Salchipapa Clásica,Salchipapas,Delivery,Sí,Nublado,20.0,0,44.0,7,Alta demanda
2025-05-31,Sábado,5,2025,1,0,Cena,18,22,92,754.0,Gaseosa,Bebidas,Presencial,No,Nublado,20.0,0,58.7,7,Demanda moderada
2025-05-31,Sábado,5,2025,1,0,Desayuno,7,11,43,288.7,Jugo Natural,Bebidas,Presencial,Sí,Nublado,20.0,0,23.7,4,Baja demanda
2025-06-01,Domingo,6,2025,1,0,Almuerzo,12,16,171,1764.0,Gaseosa,Bebidas,Presencial,No,Nublado,18.0,0,41.0,4,Alta demanda
2025-06-01,Domingo,6,2025,1,0,Cena,18,22,118,1607.0,Gaseosa,Bebidas,Delivery,No,Nublado,18.0,0,58.2,4,Demanda moderada
2025-06-01,Domingo,6,2025,1,0,Desayuno,7,11,63,631.6,Hamburguesa Clásica,Hamburguesas,Presencial,Sí,Nublado,18.0,0,27.4,5,Baja demanda
2025-06-02,Lunes,6,2025,0,0,Almuerzo,12,16,81,807.0,Gaseosa,Bebidas,Presencial,Sí,Nublado,20.0,0,35.8,7,Demanda moderada
2025-06-02,Lunes,6,2025,0,0,Cena,18,22,54,390.6,Gaseosa,Bebidas,Web,Sí,Nublado,20.0,0,57.3,8,Baja demanda
2025-06-02,Lunes,6,2025,0,0,Desayuno,7,11,35,403.0,Hamburguesa BBQ,Hamburguesas,Presencial,No,Nublado,20.0,0,17.2,4,Baja demanda
2025-06-03,Martes,6,2025,0,0,Almuerzo,12,16,130,1441.0,Salchipapa Clásica,Salchipapas,Delivery,Sí,Nublado,24.0,0,34.8,6,Alta demanda
2025-06-03,Martes,6,2025,0,0,Cena,18,22,81,607.0,Gaseosa,Bebidas,Presencial,Sí,Nublado,24.0,0,55.8,5,Demanda moderada
2025-06-03,Martes,6,2025,0,0,Desayuno,7,11,37,329.0,Gaseosa,Bebidas,Presencial,No,Nublado,24.0,0,15.2,3,Baja demanda
2025-06-04,Miércoles,6,2025,0,0,Almuerzo,12,16,102,1532.0,Pollo Broaster,Pollos,Presencial,No,Soleado,29.0,0,37.0,6,Demanda moderada
2025-06-04,Miércoles,6,2025,0,0,Cena,18,22,72,1338.0,Pollo Broaster,Pollos,Presencial,No,Soleado,29.0,0,54.3,6,Baja demanda
2025-06-04,Miércoles,6,2025,0,0,Desayuno,7,11,46,497.0,Cheeseburger,Hamburguesas,Presencial,No,Soleado,29.0,0,16.0,4,Baja demanda
2025-06-05,Jueves,6,2025,0,0,Almuerzo,12,16,97,1340.0,Hamburguesa Clásica,Hamburguesas,Presencial,No,Soleado,25.0,0,38.0,6,Demanda moderada
2025-06-05,Jueves,6,2025,0,0,Cena,18,22,89,1536.0,Salchipapa Especial,Salchipapas,Delivery,No,Soleado,25.0,0,54.5,8,Demanda moderada
2025-06-05,Jueves,6,2025,0,0,Desayuno,7,11,63,528.6,Hamburguesa BBQ,Hamburguesas,Presencial,Sí,Soleado,25.0,0,17.0,4,Baja demanda
2025-06-06,Viernes,6,2025,0,0,Almuerzo,12,16,159,2528.0,Salchipapa Especial,Salchipapas,Presencial,No,Lluvioso,22.0,1,52.3,7,Alta demanda
2025-06-06,Viernes,6,2025,0,0,Cena,18,22,148,2013.6,Gaseosa,Bebidas,Web,Sí,Lluvioso,22.0,1,68.4,7,Alta demanda
2025-06-06,Viernes,6,2025,0,0,Desayuno,7,11,68,846.0,Salchipapa Especial,Salchipapas,Delivery,No,Lluvioso,22.0,1,33.6,3,Baja demanda
2025-06-07,Sábado,6,2025,1,0,Almuerzo,12,16,110,1641.0,Pollo Broaster,Pollos,Presencial,No,Nublado,18.0,0,47.7,5,Demanda moderada
2025-06-07,Sábado,6,2025,1,0,Cena,18,22,107,1366.0,Gaseosa,Bebidas,Delivery,No,Nublado,18.0,0,54.2,6,Demanda moderada
2025-06-07,Sábado,6,2025,1,0,Desayuno,7,11,93,801.75,Gaseosa,Bebidas,Presencial,Sí,Nublado,18.0,0,29.3,4,Demanda moderada
2025-06-08,Domingo,6,2025,1,0,Almuerzo,12,16,125,1888.4,Jugo Natural,Bebidas,Presencial,Sí,Nublado,19.0,0,41.2,8,Alta demanda
2025-06-08,Domingo,6,2025,1,0,Cena,18,22,114,2130.0,Hamburguesa Clásica,Hamburguesas,Presencial,No,Nublado,19.0,0,63.0,8,Demanda moderada
2025-06-08,Domingo,6,2025,1,0,Desayuno,7,11,71,725.0,Gaseosa,Bebidas,Delivery,No,Nublado,19.0,0,22.8,4,Baja demanda
2025-06-09,Lunes,6,2025,0,0,Almuerzo,12,16,102,1288.0,Gaseosa,Bebidas,Presencial,No,Nublado,24.0,0,32.2,4,Demanda moderada
2025-06-09,Lunes,6,2025,0,0,Cena,18,22,56,1015.0,Salchipapa Especial,Salchipapas,Delivery,Sí,Nublado,24.0,0,54.5,6,Baja demanda
2025-06-09,Lunes,6,2025,0,0,Desayuno,7,11,24,240.0,Cheeseburger,Hamburguesas,Delivery,Sí,Nublado,24.0,0,21.3,4,Baja demanda
2025-06-10,Martes,6,2025,0,0,Almuerzo,12,16,102,1091.0,Gaseosa,Bebidas,Delivery,No,Soleado,24.0,0,40.2,7,Demanda moderada
2025-06-10,Martes,6,2025,0,0,Cena,18,22,45,930.0,Cheeseburger,Hamburguesas,Delivery,No,Soleado,24.0,0,53.3,4,Baja demanda
2025-06-10,Martes,6,2025,0,0,Desayuno,7,11,30,362.0,Hamburguesa Clásica,Hamburguesas,Presencial,No,Soleado,24.0,0,18.7,3,Baja demanda
2025-06-11,Miércoles,6,2025,0,0,Almuerzo,12,16,146,1282.8,Gaseosa,Bebidas,Presencial,Sí,Soleado,24.0,0,35.0,5,Alta demanda
2025-06-11,Miércoles,6,2025,0,0,Cena,18,22,124,1514.2,Gaseosa,Bebidas,Web,Sí,Soleado,24.0,0,52.8,6,Alta demanda
2025-06-11,Miércoles,6,2025,0,0,Desayuno,7,11,56,592.4,Cheeseburger,Hamburguesas,Presencial,Sí,Soleado,24.0,0,21.4,4,Baja demanda
2025-06-12,Jueves,6,2025,0,0,Almuerzo,12,16,151,1889.0,Gaseosa,Bebidas,Presencial,No,Nublado,18.0,0,36.2,4,Alta demanda
2025-06-12,Jueves,6,2025,0,0,Cena,18,22,136,2107.0,Hamburguesa Clásica,Hamburguesas,Delivery,No,Nublado,18.0,0,51.8,7,Alta demanda
2025-06-12,Jueves,6,2025,0,0,Desayuno,7,11,26,235.8,Jugo Natural,Bebidas,Presencial,Sí,Nublado,18.0,0,17.3,2,Baja demanda
2025-06-13,Viernes,6,2025,0,0,Almuerzo,12,16,197,2392.0,Pollo Broaster,Pollos,Presencial,No,Lluvioso,19.0,1,54.0,5,Demanda crítica
2025-06-13,Viernes,6,2025,0,0,Cena,18,22,139,2381.3,Pollo Broaster,Pollos,Delivery,Sí,Lluvioso,19.0,1,62.2,6,Alta demanda
2025-06-13,Viernes,6,2025,0,0,Desayuno,7,11,79,859.8,Pollo Broaster,Pollos,Delivery,Sí,Lluvioso,19.0,1,32.8,2,Baja demanda
2025-06-14,Sábado,6,2025,1,0,Almuerzo,12,16,162,2238.0,Pollo Broaster,Pollos,Presencial,Sí,Soleado,27.0,0,42.8,4,Alta demanda
2025-06-14,Sábado,6,2025,1,0,Cena,18,22,117,1992.0,Salchipapa Especial,Salchipapas,Delivery,No,Soleado,27.0,0,54.2,8,Demanda moderada
2025-06-14,Sábado,6,2025,1,0,Desayuno,7,11,48,295.0,Gaseosa,Bebidas,Presencial,No,Soleado,27.0,0,22.0,4,Baja demanda
2025-06-15,Domingo,6,2025,1,0,Almuerzo,12,16,187,2050.1,Pollo Broaster,Pollos,Web,Sí,Lluvioso,17.0,1,56.2,7,Demanda crítica
2025-06-15,Domingo,6,2025,1,0,Cena,18,22,128,2224.0,Salchipapa Especial,Salchipapas,Delivery,Sí,Lluvioso,17.0,1,78.0,8,Alta demanda
2025-06-15,Domingo,6,2025,1,0,Desayuno,7,11,46,371.55,Jugo Natural,Bebidas,Delivery,Sí,Lluvioso,17.0,1,42.7,2,Baja demanda
2025-06-16,Lunes,6,2025,0,0,Almuerzo,12,16,52,814.0,Alitas BBQ,Pollos,Web,No,Soleado,26.0,0,34.7,7,Baja demanda
2025-06-16,Lunes,6,2025,0,0,Cena,18,22,67,1015.0,Salchipapa Clásica,Salchipapas,Delivery,Sí,Soleado,26.0,0,54.5,5,Baja demanda
2025-06-16,Lunes,6,2025,0,0,Desayuno,7,11,32,360.0,Jugo Natural,Bebidas,Presencial,No,Soleado,26.0,0,17.0,2,Baja demanda
2025-06-17,Martes,6,2025,0,0,Almuerzo,12,16,102,1312.0,Pollo Broaster,Pollos,Delivery,Sí,Lluvioso,19.0,1,49.2,5,Demanda moderada
2025-06-17,Martes,6,2025,0,0,Cena,18,22,96,1291.8,Hamburguesa Clásica,Hamburguesas,Delivery,Sí,Lluvioso,19.0,1,68.0,6,Demanda moderada
2025-06-17,Martes,6,2025,0,0,Desayuno,7,11,38,492.0,Pollo Broaster,Pollos,Presencial,No,Lluvioso,19.0,1,32.5,2,Baja demanda
2025-06-18,Miércoles,6,2025,0,0,Almuerzo,12,16,130,1290.8,Gaseosa,Bebidas,Delivery,Sí,Nublado,20.0,0,39.0,6,Alta demanda
2025-06-18,Miércoles,6,2025,0,0,Cena,18,22,62,918.1,Salchipapa Especial,Salchipapas,Presencial,Sí,Nublado,20.0,0,47.0,8,Baja demanda
2025-06-18,Miércoles,6,2025,0,0,Desayuno,7,11,50,539.4,Pollo Broaster,Pollos,Delivery,Sí,Nublado,20.0,0,17.4,2,Baja demanda
2025-06-19,Jueves,6,2025,0,0,Almuerzo,12,16,99,1510.0,Salchipapa Especial,Salchipapas,Presencial,No,Nublado,18.0,0,33.5,7,Demanda moderada
2025-06-19,Jueves,6,2025,0,0,Cena,18,22,95,1383.4,Salchipapa Especial,Salchipapas,Web,Sí,Nublado,18.0,0,55.5,8,Demanda moderada
2025-06-19,Jueves,6,2025,0,0,Desayuno,7,11,64,486.5,Gaseosa,Bebidas,Presencial,Sí,Nublado,18.0,0,19.0,2,Baja demanda
2025-06-20,Viernes,6,2025,0,0,Almuerzo,12,16,179,2274.0,Pollo Broaster,Pollos,Presencial,Sí,Soleado,23.0,0,36.6,6,Alta demanda
2025-06-20,Viernes,6,2025,0,0,Cena,18,22,146,1674.0,Gaseosa,Bebidas,Delivery,No,Soleado,23.0,0,56.2,7,Alta demanda
2025-06-20,Viernes,6,2025,0,0,Desayuno,7,11,51,612.0,Hamburguesa Clásica,Hamburguesas,Presencial,Sí,Soleado,23.0,0,16.8,4,Baja demanda
2025-06-21,Sábado,6,2025,1,0,Almuerzo,12,16,92,1158.0,Hamburguesa Clásica,Hamburguesas,Presencial,No,Soleado,26.0,0,45.3,6,Demanda moderada
2025-06-21,Sábado,6,2025,1,0,Cena,18,22,192,2894.0,Pollo Broaster,Pollos,Delivery,Sí,Soleado,26.0,0,65.2,6,Demanda crítica
2025-06-21,Sábado,6,2025,1,0,Desayuno,7,11,72,668.6,Hamburguesa Clásica,Hamburguesas,Presencial,Sí,Soleado,26.0,0,28.2,5,Baja demanda
2025-06-22,Domingo,6,2025,1,0,Almuerzo,12,16,162,1990.0,Gaseosa,Bebidas,Presencial,No,Soleado,24.0,0,43.8,7,Alta demanda
2025-06-22,Domingo,6,2025,1,0,Cena,18,22,153,2049.4,Gaseosa,Bebidas,Delivery,Sí,Soleado,24.0,0,62.0,8,Alta demanda
2025-06-22,Domingo,6,2025,1,0,Desayuno,7,11,37,373.0,Jugo Natural,Bebidas,Presencial,No,Soleado,24.0,0,28.3,4,Baja demanda
2025-06-23,Lunes,6,2025,0,0,Almuerzo,12,16,117,1803.0,Pollo Broaster,Pollos,Presencial,No,Nublado,24.0,0,37.0,4,Demanda moderada
2025-06-23,Lunes,6,2025,0,0,Cena,18,22,92,1538.0,Pollo Broaster,Pollos,Delivery,No,Nublado,24.0,0,54.6,8,Demanda moderada
2025-06-23,Lunes,6,2025,0,0,Desayuno,7,11,49,381.0,Gaseosa,Bebidas,Presencial,No,Nublado,24.0,0,17.4,3,Baja demanda
2025-06-24,Martes,6,2025,0,0,Almuerzo,12,16,93,1225.0,Alitas BBQ,Pollos,Presencial,Sí,Nublado,21.0,0,36.0,7,Demanda moderada
2025-06-24,Martes,6,2025,0,0,Cena,18,22,64,948.0,Hamburguesa BBQ,Hamburguesas,Presencial,No,Nublado,21.0,0,48.5,4,Baja demanda
2025-06-24,Martes,6,2025,0,0,Desayuno,7,11,30,291.0,Jugo Natural,Bebidas,Presencial,No,Nublado,21.0,0,19.5,3,Baja demanda
2025-06-25,Miércoles,6,2025,0,0,Almuerzo,12,16,130,1830.0,Salchipapa Especial,Salchipapas,Delivery,No,Nublado,21.0,0,36.4,7,Alta demanda
2025-06-25,Miércoles,6,2025,0,0,Cena,18,22,57,1058.0,Salchipapa Especial,Salchipapas,Presencial,No,Nublado,21.0,0,50.7,6,Baja demanda
2025-06-25,Miércoles,6,2025,0,0,Desayuno,7,11,22,238.0,Cheeseburger,Hamburguesas,Presencial,No,Nublado,21.0,0,21.3,4,Baja demanda
2025-06-26,Jueves,6,2025,0,0,Almuerzo,12,16,102,1507.0,Alitas BBQ,Pollos,Presencial,No,Nublado,20.0,0,32.8,7,Demanda moderada
2025-06-26,Jueves,6,2025,0,0,Cena,18,22,106,1602.0,Hamburguesa BBQ,Hamburguesas,Web,No,Nublado,20.0,0,49.6,4,Demanda moderada
2025-06-26,Jueves,6,2025,0,0,Desayuno,7,11,48,308.0,Gaseosa,Bebidas,Presencial,Sí,Nublado,20.0,0,18.8,4,Baja demanda
2025-06-27,Viernes,6,2025,0,0,Almuerzo,12,16,124,1121.0,Gaseosa,Bebidas,Delivery,No,Lluvioso,17.0,1,51.7,7,Alta demanda
2025-06-27,Viernes,6,2025,0,0,Cena,18,22,127,1648.0,Gaseosa,Bebidas,Delivery,No,Lluvioso,17.0,1,72.5,7,Alta demanda
2025-06-27,Viernes,6,2025,0,0,Desayuno,7,11,43,349.0,Gaseosa,Bebidas,Presencial,Sí,Lluvioso,17.0,1,30.7,3,Baja demanda
2025-06-28,Sábado,6,2025,1,0,Almuerzo,12,16,176,2596.4,Gaseosa,Bebidas,Delivery,Sí,Soleado,27.0,0,47.2,4,Alta demanda
2025-06-28,Sábado,6,2025,1,0,Cena,18,22,215,2879.0,Gaseosa,Bebidas,Delivery,No,Soleado,27.0,0,58.7,8,Demanda crítica
2025-06-28,Sábado,6,2025,1,0,Desayuno,7,11,50,728.0,Jugo Natural,Bebidas,Presencial,No,Soleado,27.0,0,22.8,3,Baja demanda
2025-06-29,Domingo,6,2025,1,1,Almuerzo,12,16,239,2614.0,Gaseosa,Bebidas,Presencial,Sí,Nublado,24.0,0,46.6,5,Demanda crítica
2025-06-29,Domingo,6,2025,1,1,Cena,18,22,132,1790.0,Pollo Broaster,Pollos,Delivery,No,Nublado,24.0,0,59.0,8,Alta demanda
2025-06-29,Domingo,6,2025,1,1,Desayuno,7,11,76,881.7,Pollo Broaster,Pollos,Presencial,Sí,Nublado,24.0,0,29.8,5,Baja demanda
2025-06-30,Lunes,6,2025,0,0,Almuerzo,12,16,89,1532.0,Pollo Broaster,Pollos,Presencial,No,Nublado,20.0,0,33.5,4,Demanda moderada
2025-06-30,Lunes,6,2025,0,0,Cena,18,22,58,774.0,Hamburguesa Clásica,Hamburguesas,Delivery,Sí,Nublado,20.0,0,52.5,5,Baja demanda
2025-06-30,Lunes,6,2025,0,0,Desayuno,7,11,33,381.0,Cheeseburger,Hamburguesas,Presencial,Sí,Nublado,20.0,0,19.2,4,Baja demanda
